DOY2,HR2,PA,TA,RH,SW_IN,SW_OUT,LW_IN,LW_OUT,NETRAD,PPFD_IN,PPFD_OUT,WS,TS_1,TS_2,G_1,G_2
1,0.25,99.775,-11.297,87.1905,0,0.615665,259.8159,282.1538,-2.17785,0.0126365,-0.05203625,4.8008,0.217335,-0.088947,-5.671775,-4.99
1,0.75,99.7925,-11.51225,86.6695,0,0.662945,259.241575,277.598175,-1.793175,0.0136365,-0.0565285,5.58205,0.215595,-0.09195825,-5.586175,-4.9813
1,1.25,99.7725,-11.27375,86.05225,0,0.7611375,259.881875,278.35455,-2.26305,0.0113925,-0.048969,5.4961,0.2007825,-0.10139475,-5.602275,-4.987025
1,1.75,99.7,-11.236,85.917,0,0.616825,260.04385,280.533375,-5.665225,0.010673,-0.0514715,5.99155,0.1999975,-0.10418625,-5.517875,-5.103625
1,2.25,99.6875,-11.6399,86.5,0,0.6557775,260.381075,282.72995,-5.3446,0.01070125,-0.05001225,5.85225,0.2035,-0.09963275,-5.50015,-5.159
1,2.75,99.7225,-9.944575,85.9425,0,0.6230775,264.118175,278.13845,-2.111325,0.009405225,-0.05070575,5.640325,0.2068425,-0.098521,-5.631925,-5.3101
1,3.25,99.74,-11.51635,85.81725,0,0.61135,262.540475,275.826375,-2.94545,0.008845225,-0.05101175,5.6856,0.194455,-0.10511325,-5.74435,-5.477575
1,3.75,99.71,-11.21475,85.468,0,0.6664975,262.726775,280.38785,-3.106975,0.007157225,-0.04954375,6.2128,0.20317,-0.09186825,-5.851725,-5.44825
1,4.25,99.72,-11.85525,85.8955,0,0.67138,260.991,282.0944,-2.37515,0.0109835,-0.05122,5.7046,0.2060375,-0.0906955,-5.983575,-5.4281
1,4.75,99.6975,-12.27025,86.53275,0,0.6365825,260.18885,279.311625,-2.127475,0.01085025,-0.05079325,5.977675,0.20424,-0.093224,-6.05205,-5.415425
1,5.25,99.6975,-12.62325,86.2575,0,0.5986625,259.38675,280.0286,-2.511775,0.01313625,-0.05382825,5.9714,0.18427,-0.1063655,-6.015825,-5.405175
1,5.75,99.7175,-12.4795,86.42325,0,0.6208075,260.190975,276.343875,-2.273775,0.010215075,-0.05110225,5.9738,0.184425,-0.1004605,-5.97575,-5.400025
1,6.25,99.7225,-12.61975,86.56175,0,0.6182625,260.043875,273.127175,-0.5738325,0.0090873,-0.05126025,5.4778,0.187665,-0.09356,-5.9666,-5.388125
1,6.75,99.725,-12.49375,86.56025,0,0.61468,260.2922,270.90175,0.2303875,0.009040525,-0.052438,5.68,0.1919575,-0.092053,-5.94805,-5.356
1,7.25,99.7,-12.1215,86.79575,0,0.594195,261.495375,273.762075,-0.0162425,0.01106125,-0.0523375,6.16815,0.18789,-0.10043275,-5.92905,-5.358875
1,7.75,99.735,-12.2955,87.364,0,0.7735675,260.4442,277.436775,0.1993575,0.265485,0.1827725,5.95715,0.1868075,-0.102984,-5.899875,-5.35385
1,8.25,99.73,-12.22825,87.3425,3.077425,3.487975,261.087275,279.780625,-0.580245,8.115725,6.936375,6.2978,0.1999075,-0.093515,-5.8717,-5.352625
1,8.75,99.785,-12.1185,86.96525,31.10075,25.75025,261.729425,279.1952,1.0382125,52.223,46.92775,6.1513,0.200115,-0.09114975,-5.8606,-5.389675
1,9.25,99.8025,-11.7995,86.79525,83.85625,62.90925,263.68335,288.115775,4.73185,132.26,120.74,5.285225,0.19558,-0.094707,-5.845775,-5.3824
1,9.75,99.7675,-10.72225,86.57475,135.8225,112.19,265.303275,299.3721,9.157025,240.36,217.0175,5.7151,0.1981025,-0.0672065,-5.837175,-5.3392
1,10.25,99.7825,-9.382,85.98475,189.0175,150.6025,266.83635,307.045125,15.32335,371.9425,323.9025,5.86055,0.192985,-0.0689125,-5.834975,-5.24515
1,10.75,99.8075,-8.9862,85.107,238.915,183.52,273.112675,310.1711,20.64335,466.3475,405.675,5.40445,0.1910425,-0.0718605,-5.830375,-5.1743
1,11.25,99.85,-8.93665,85.05675,266.9975,205.895,277.3358,316.05945,23.944725,566.76,480.1675,5.658175,0.195555,-0.0655665,-5.826675,-5.17965
1,11.75,99.8725,-8.525025,84.15575,297.57,229.1225,278.1551,327.7283,27.499325,635.425,534.965,5.40275,0.191135,-0.06387525,-5.840075,-5.1787
1,12.25,99.835,-8.2094,83.244,303.2275,239.9275,278.6069,327.4794,29.655675,653.685,564.2625,5.80475,0.196205,-0.059652,-5.856825,-5.141775
1,12.75,99.8225,-8.136625,81.40425,352.4825,257.725,279.378725,329.66365,29.451375,708.59,611.5275,5.7217,0.207085,-0.028817075,-5.933175,-5.049525
1,13.25,99.8175,-8.191025,81.47975,328.98,243.775,278.6463,331.66725,22.079375,662.355,566.58,5.4353,0.199385,-0.05663625,-5.888775,-4.929275
1,13.75,99.835,-8.08085,81.72275,292.8475,228.5125,278.66015,328.139275,23.159075,640.6825,551.8075,6.0542,0.1981225,-0.072063,-5.850225,-4.8265
1,14.25,99.785,-7.792525,81.879,251,200.43,278.514075,332.26465,18.58385,553.375,466.9125,5.7109,0.19505,-0.07702475,-5.8548,-4.6447
1,14.75,99.74,-7.6334,82.09375,214.485,166.5225,279.226125,332.217675,9.22855,480.9925,384.845,5.866875,0.196645,-0.0744915,-5.838725,-4.582225
1,15.25,99.73,-7.50505,81.975,162.135,135.685,279.235875,327.464025,6.41865,358.4275,290.545,6.684325,0.1928025,-0.07713025,-5.814725,-4.62305
1,15.75,99.7625,-7.413525,82.329,104.685,87.69775,278.15305,321.3851,2.26985,219.0625,189.9425,5.838275,0.189505,-0.0821155,-5.713975,-4.6586
1,16.25,99.76,-7.929525,83.84725,55.42,45.14525,278.0525,316.396675,-3.716375,124.6025,101.8775,5.9365,0.1915425,-0.1297925,-5.600175,-4.6802
1,16.75,99.775,-7.948225,85.1025,18.66775,17.07175,276.61125,310.570675,-7.27045,48.07275,40.368,5.6736,0.1929275,-0.14721,-5.49695,-4.76375
1,17.25,99.7675,-8.40505,86.22475,2.1555,2.7115,275.659925,304.597925,-8.494,6.686725,5.642025,5.559325,0.1903075,-0.1446675,-5.3954,-4.806275
1,17.75,99.7825,-9.176325,86.214,0,0.81008,274.3757,302.444975,-6.0703,0.2382025,0.1207025,5.5699,0.2030125,-0.105455,-5.35725,-4.81745
1,18.25,99.7575,-9.66405,87.016,0,0.6343775,271.950475,302.78605,-4.802825,0.02029225,-0.05111425,5.7067,0.210015,-0.09182025,-5.30905,-4.820275
1,18.75,99.6975,-9.8647,87.49325,0,0.672505,270.8633,300.060725,-7.785825,0.01500975,-0.05139725,5.1391,0.2095675,-0.0886745,-5.315675,-4.88605
1,19.25,99.68,-9.875975,87.1095,0,0.6808275,270.259975,300.3243,-4.364025,0.015043,-0.0555155,5.561,0.2113175,-0.0916165,-5.3582,-4.9211
1,19.75,99.6475,-9.8145,87.442,0,0.68002,269.9069,299.212375,-5.213675,0.01281875,-0.05006375,5.6596,0.2140675,-0.09323225,-5.404675,-4.951
1,20.25,99.6525,-10.3393,87.296,0,0.675105,266.4746,294.9559,-3.7236,0.0153505,-0.05381125,5.46725,0.2118125,-0.083976,-5.4646,-4.9788
1,20.75,99.66,-10.444,86.695,0,0.61317,265.4019,290.0656,-3.4352,0.01462625,-0.05060125,5.44245,0.2127,-0.09981175,-5.522525,-5.022325
1,21.25,99.675,-9.9628,86.94175,0,0.729165,267.4703,293.095275,-4.27295,0.01214225,-0.0539245,5.342,0.2120675,-0.0863785,-5.5733,-5.024375
1,21.75,99.7075,-10.36425,86.64075,0,0.69063,266.6352,288.37635,-2.806675,0.01494425,-0.05351975,5.5133,0.20144,-0.10423375,-5.631075,-5.02015
1,22.25,99.705,-10.63275,86.59525,0,0.6928675,261.713175,289.38735,-2.228925,0.014967,-0.0552845,5.30545,0.2038125,-0.107655,-5.66635,-5.014275
1,22.75,99.7375,-10.486,86.75825,0,0.6430675,263.72505,291.14385,-2.8443,0.01517175,-0.0541035,5.34925,0.1986975,-0.109022,-5.658525,-5.009075
1,23.25,99.7575,-10.67825,87.07725,0,0.7088475,262.361175,291.81095,-1.9726,0.01184,-0.051123,5.56935,0.2055925,-0.0929705,-5.681575,-5.00385
1,23.75,99.77,-11.4215,86.78075,0,0.617855,259.16895,280.77285,-1.8568,0.0138525,-0.05299225,5.697625,0.2075325,-0.09450775,-5.694975,-4.9972
2,0.25,99.3925,-11.305,85.038,0,0.73419,264.218325,307.984125,-8.860175,0.01156175,-0.0473015,3.6607,-4.0682,-4.7449,-5.65775,-3.51415
2,0.75,99.3575,-11.4865,85.27275,0,0.83548,263.671425,305.77535,-7.0562,0.01413425,-0.046274,3.58715,-4.0626,-4.75485,-5.65155,-3.47835
2,1.25,99.3075,-10.816,84.90975,0,0.829725,264.582975,301.159625,-5.25645,0.01172475,-0.049574,4.1716,-4.07895,-4.7749,-5.64365,-3.4474
2,1.75,99.3225,-10.6395,85.5225,0,0.840155,263.0016,297.02805,-6.64285,0.01432525,-0.0440375,3.353,-4.08615,-4.76235,-5.63245,-3.42305
2,2.25,99.3475,-10.4975,86.09425,0,0.8090775,261.997125,300.326725,-7.22265,0.01305125,-0.045372,4.8729,-4.09145,-4.7886,-5.64075,-3.39685
2,2.75,99.38,-10.76425,86.26325,0,0.6380825,262.03765,299.732625,-7.2755,0.0115875,-0.042697,4.536825,-4.09345,-4.78285,-5.66855,-3.37635
2,3.25,99.35,-11.204,86.5845,0,0.7767775,260.9464,298.999875,-9.3313,0.01075175,-0.043873,4.89255,-4.09765,-4.7931,-5.70245,-3.37915
2,3.75,99.3575,-10.8635,85.85675,0,0.86428,262.5752,297.572475,-7.32535,0.01172275,-0.0414805,4.526875,-4.1131,-4.82035,-5.7457,-3.38775
2,4.25,99.355,-10.982,85.1675,0,0.81199,261.893075,294.24605,-7.2091,0.01289025,-0.0419845,4.637825,-4.1268,-4.84265,-5.79325,-3.39715
2,4.75,99.3775,-11.094,85.37,0,0.77683,261.971375,293.540975,-7.073275,0.011632,-0.0486805,4.7616,-4.1404,-4.8637,-5.79015,-3.41685
2,5.25,99.41,-11.31825,84.81425,0,0.8169825,261.776975,290.000525,-8.57305,0.00991795,-0.0455245,4.033,-4.1643,-4.87735,-5.78375,-3.4536
2,5.75,99.4425,-11.4005,84.9415,0,0.7741775,263.5645,291.930175,-6.11155,0.009598475,-0.047988,4.8139,-4.16845,-4.88425,-5.78935,-3.46225
2,6.25,99.4025,-11.4565,85.493,0,0.6735175,264.5569,292.444925,-6.399475,0.01422975,-0.045197,4.38335,-4.17545,-4.9005,-5.7933,-3.4651
2,6.75,99.3875,-11.32925,86.047,0.01954425,0.7026125,261.03195,289.4249,-3.53295,0.056289,-0.026864,4.4016,-4.18185,-4.91645,-5.8079,-3.46705
2,7.25,99.3725,-11.48425,85.29325,0.7519075,1.87565,261.740875,289.261075,-4.2098,2.393425,1.6831,3.8719,-4.18865,-4.9008,-5.82315,-3.486
2,7.75,99.385,-10.56375,85.73975,22.33425,19.47175,264.756775,289.17245,-3.898725,50.67775,25.86,4.1791,-4.2048,-4.91855,-5.8349,-3.5185
2,8.25,99.3825,-10.4085,85.95125,70.15475,57.82125,268.6426,295.0908,1.553575,161.24,119.92,4.9146,-4.21075,-4.90915,-5.84425,-3.5482
2,8.75,99.375,-10.10935,85.79675,137.625,116.4525,271.44725,300.9941,6.606875,327.845,243.63,4.869575,-4.20475,-4.88855,-5.85205,-3.5761
2,9.25,99.3575,-9.601975,85.431,215.125,185.8425,273.722675,310.3829,12.70375,492.765,383.215,4.69575,-4.19955,-4.84685,-5.8617,-3.59855
2,9.75,99.34,-9.052825,84.67225,287.815,238.395,277.230225,321.75865,17.0633,671.46,523.66,3.970325,-4.2032,-4.83405,-5.87755,-3.615
2,10.25,99.3975,-8.744925,83.97475,356.8875,282.28,277.88805,333.21485,22.00995,849.9725,655.36,4.2533,-4.2101,-4.855,-5.8848,-3.65575
2,10.75,99.44,-7.606425,83.49875,396.9325,319.175,280.15725,343.65765,26.0587,907.54,746.99,4.7053,-4.1935,-4.84085,-5.9027,-3.72405
2,11.25,99.4625,-7.25775,82.11825,452.4225,358.865,283.537975,348.3896,33.8134,1053.175,851.245,4.4482,-4.2091,-4.85525,-5.9106,-3.78885
2,11.75,99.43,-7.040625,82.427,491.9675,388.735,285.421125,349.769125,40.322125,1166.05,958.64,4.4091,-4.19965,-4.8265,-5.8966,-3.8521
2,12.25,99.3975,-6.671125,82.04275,495.06,389.2275,287.376925,357.812375,43.046025,1127.65,989.05,4.3628,-4.19545,-4.8157,-5.87575,-3.9125
2,12.75,99.4025,-6.2983,81.8725,514.1525,407.8925,287.43435,370.23415,46.884,1198.375,1013.35,4.48075,-4.18475,-4.80705,-5.8476,-3.9708
2,13.25,99.36,-5.938525,81.15725,519.235,407.48,289.785825,366.337975,47.90105,1233.575,996.235,4.521675,-4.17185,-4.7812,-5.81275,-3.98215
2,13.75,99.365,-5.9392,81.2935,503.8425,395.755,288.392675,367.269825,44.465,1163.725,957.845,4.6963,-4.16485,-4.78915,-5.7757,-3.9959
2,14.25,99.4025,-5.8271,80.01625,488.04,372.7575,287.356275,369.218,40.287825,1063.675,892.72,4.38035,-4.15825,-4.7658,-5.81865,-4.0097
2,14.75,99.435,-5.618275,79.35225,420.6725,332.5675,286.58945,377.952625,27.4985,934.865,784.345,4.538125,-4.14885,-4.7368,-5.87015,-4.01585
2,15.25,99.4275,-5.721925,80.09,360.29,290.075,286.714525,378.199,10.5021,791.4425,670.4225,4.4155,-4.208775,-4.732625,-5.922025,-4.008975
2,15.75,99.445,-6.121075,79.928,307.3475,245.3025,285.2369,365.46205,6.417375,670.52,548.2,4.5417,-4.18115,-4.6937,-5.9652,-3.9996
2,16.25,99.485,-6.19945,81.7195,220.115,185.13,284.580725,361.91065,-3.94155,480.8525,400.435,4.32685,-4.173425,-4.717775,-6.013025,-3.988925
2,16.75,99.5,-6.254275,82.06975,145.2525,125.79,278.086125,353.54545,-12.44565,320.025,254.515,4.6444,-4.17185,-4.77335,-6.05245,-4.07205
2,17.25,99.4975,-6.202325,83.094,70.08875,65.56325,276.4748,345.789725,-19.380975,157.42,118.51,4.0495,-4.158375,-4.818925,-6.02275,-4.101775
2,17.75,99.5,-6.423975,83.66825,18.13975,16.18775,270.33885,338.993625,-22.981775,43.60725,31.67975,3.7213,-4.16265,-4.844475,-5.955475,-4.062175
2,18.25,99.515,-6.9252,85.194,0.3766475,1.9336,269.95985,330.460675,-29.21895,2.1381,1.848725,4.0467,-4.163575,-4.85875,-5.902625,-4.02895
2,18.75,99.5,-7.44005,84.84175,0,0.871425,267.452925,332.721425,-28.995525,0.0309625,-0.02119675,4.165025,-4.147725,-4.86735,-5.854275,-3.983025
2,19.25,99.425,-8.246325,85.31075,0,0.9008175,266.5833,324.910025,-24.870625,0.0171975,-0.0449505,3.983275,-4.133625,-4.866325,-5.806375,-3.9282
2,19.75,99.405,-9.005825,85.064,0,0.87788,266.870875,322.221725,-21.959475,0.0237025,-0.0447345,4.11585,-4.121125,-4.862225,-5.7519,-3.875425
2,20.25,99.4075,-9.72085,85.575,0,0.86924,264.8881,319.87365,-23.56935,0.01493175,-0.04358675,4.26945,-4.1227,-4.86505,-5.69855,-3.827425
2,20.75,99.375,-9.89875,84.86725,0,0.88413,263.2151,319.009,-26.3648,0.012613,-0.04500975,3.7163,-4.111575,-4.845175,-5.64285,-3.781525
2,21.25,99.4075,-10.4501,84.76075,0,0.886065,263.303175,318.29405,-23.7335,0.016735,-0.0443625,3.1501,-4.0999,-4.85185,-5.5894,-3.731475
2,21.75,99.445,-10.762025,85.04825,0,0.900955,263.39985,318.348725,-24.7337,0.01446375,-0.04867125,2.954625,-4.114975,-4.8564,-5.5394,-3.6851
2,22.25,99.4175,-10.654875,86.329,0,0.8876575,263.876175,308.438325,-19.189225,0.0118445,-0.046507,3.3401,-4.135775,-4.8668,-5.490875,-3.64115
2,22.75,99.3975,-10.2925,86.32425,0,0.9371725,265.212925,311.843175,-17.414275,0.01763675,-0.05079775,3.1072,-4.120525,-4.85635,-5.44105,-3.59885
2,23.25,99.385,-10.22625,85.43925,0,0.89668,264.997275,309.18745,-17.42595,0.01638425,-0.0496765,3.38795,-4.10765,-4.85945,-5.4308,-3.557925
2,23.75,99.365,-10.5165,85.595,0,0.8588025,264.8373,304.042375,-10.844375,0.01038685,-0.04247325,3.594825,-4.117175,-4.846475,-5.432625,-3.523125
3,0.25,98.8975,0.1156105,93.56275,0,1.4135,309.981125,340.708075,-7.33805,0.0196205,-0.02760475,3.6766,-0.3612925,-0.384055,0.2159725,0.701835
3,0.75,98.88,-0.139750575,93.51225,0,1.40745,311.1722,343.142425,-4.106,0.0192815,-0.0259505,3.45375,-0.37106,-0.381075,0.1884275,0.6084175
3,1.25,98.87,0.1467525,93.22075,0,1.269725,310.728025,342.25175,-3.0428,0.017285,-0.0282955,4.05365,-0.3770225,-0.3843425,0.185355,0.66685
3,1.75,98.87,0.04647975,92.88825,0,1.289675,311.2644,341.17385,-2.3065,0.01512425,-0.0260765,3.9467,-0.3758875,-0.36996,0.1943025,0.6592275
3,2.25,98.9075,0.105941,92.901,0,1.33065,311.135925,337.26605,-3.0618,0.01587225,-0.02887,3.8802,-0.37256,-0.38719,0.192535,0.65376
3,2.75,98.91,-0.174215,92.58475,0,1.338425,310.707,344.675625,-2.759675,0.0136955,-0.029463,4.2252,-0.3663125,-0.38454,0.1906575,0.360175
3,3.25,98.95,-0.335995,92.057,0,1.3786,311.4683,346.22905,-2.81155,0.01557325,-0.02474225,4.0718,-0.3655025,-0.383735,0.18241,0.4258225
3,3.75,98.9775,-0.162285,92.47025,0,1.300475,311.96135,336.81795,-3.038875,0.01223025,-0.0261215,4.18,-0.380985,-0.39082,0.1797825,0.5795125
3,4.25,98.995,-0.1327775,91.609,0,1.47015,311.99325,339.887075,-3.01195,0.01637325,-0.02814625,4.1401,-0.3812125,-0.3824875,0.1763725,0.6265775
3,4.75,98.9475,-0.12512625,91.8765,0,1.237825,311.925675,336.02025,-3.618325,0.01554025,-0.02599425,4.1585,-0.3827825,-0.38954,0.18224,0.6217175
3,5.25,98.9025,-0.2327225,92.108,0,1.282475,311.491525,330.19945,-3.096975,0.0165715,-0.028155,4.25375,-0.379975,-0.3915375,0.1892575,0.708995
3,5.75,98.8625,-0.24918,92.1835,0,1.38755,310.622675,330.173025,-3.807725,0.064419,-0.01384525,4.204625,-0.3779175,-0.3843025,0.1611325,0.6171475
3,6.25,98.82,-0.26968,92.1555,0.461355,1.619375,310.8492,336.871525,-3.04945,3.5867,0.5243275,4.265075,-0.374725,-0.3846025,0.160575,0.6134225
3,6.75,98.84,-0.261205,92.8705,14.068,7.1446,311.629725,341.2316,-2.38295,37.528,10.91595,3.8285,-0.3840925,-0.3789625,0.1801775,0.609035
3,7.25,98.81,-0.159036,92.4705,53.75175,26.97525,312.40285,342.4457,0.5493175,121.8675,73.558,3.799575,-0.37861,-0.3585525,0.19128,0.60264
3,7.75,98.755,0.01746675,92.133,125.57,74.8945,313.147425,356.4759,13.67735,281.075,177.16,4.0682,-0.378075,-0.352775,0.20784,0.6650375
3,8.25,98.745,0.1802725,92.2915,207.3325,129.1225,314.425175,371.3355,37.7003,466.71,301.495,4.9998,-0.3851225,-0.3481875,0.79313,1.141925
3,8.75,98.745,0.5381425,92.086,298.7875,179.8725,315.6412,389.043375,85.736925,670.95,433.805,4.8507,-0.3689625,-0.3456575,1.46895,1.277225
3,9.25,98.73,0.816675,91.4555,372.985,225.7725,316.622125,394.065525,82.675225,851.53,571.595,5.1995,-0.3870675,-0.34922,1.478775,1.467875
3,9.75,98.7575,1.1088,90.2655,453.235,270.2975,316.882625,391.48555,102.253475,1033.9,742.945,5.4295,-0.37747,-0.3603025,1.555625,1.27305
3,10.25,98.81,1.435675,90.1825,500.095,304.8625,318.641325,396.645775,116.561325,1122.65,790.015,5.175,-0.3999425,-0.3686425,2.6068,1.611425
3,10.75,98.88,1.730925,88.42125,574.7625,358.2175,321.903875,415.77595,134.276525,1316.45,991.7225,5.768925,-0.38178,-0.356855,4.172125,1.82225
3,11.25,98.9175,2.02665,88.67475,638.5825,397.8675,323.116425,420.3207,152.504575,1413.85,1098.85,5.4444,-0.3852575,-0.3413375,5.863075,4.407725
3,11.75,98.9325,2.274525,87.84725,636.46,425.5325,323.5864,412.08685,160.754575,1417.825,1138.125,6.0563,-0.394145,-0.364695,6.4067,4.5212
3,12.25,98.9075,2.815925,85.7755,666.8625,444.005,324.651525,418.99465,152.4359,1500.775,1183.05,6.372175,-0.38165,-0.37171,5.2172,3.61665
3,12.75,98.8825,3.008925,85.43025,709.495,455.32,325.13395,425.525975,177.1041,1580.775,1191.85,6.0903,-0.358635,-0.369625,5.15465,4.2311
3,13.25,98.8975,2.62525,85.793,704.545,464.0925,324.28815,423.573825,167.497175,1584.15,1183.8,6.2477,-0.348905,-0.358865,2.35285,2.32215
3,13.75,98.92,2.900925,85.45925,668.6175,443.4375,323.8392,428.4232,153.2466,1489.925,1154.8,6.48535,-0.3561,-0.35743,2.2682,2.29295
3,14.25,98.905,3.034575,84.10025,622,415.86,323.925825,427.4518,141.183025,1395.825,1069.1,6.0441,-0.35457,-0.356405,2.3146,2.2639
3,14.75,98.965,3.2023,82.4675,578.2175,366.95,324.369825,428.367475,173.1425,1274.35,950.875,5.56465,-0.358425,-0.33422,2.29105,2.2352
3,15.25,98.97,3.127075,82.3115,514.13,333.325,323.9065,427.591375,179.650225,1158.725,830.085,5.2124,-0.359085,-0.342055,2.33535,2.20675
3,15.75,99.0125,3.190025,84.6895,449.1725,270.835,323.070925,423.991325,143.794325,975.9225,683.755,5.233475,-0.36798,-0.34613,2.8093,2.17755
3,16.25,98.99,2.88665,84.52875,350.565,223.105,319.6192,424.367075,98.594725,778.8175,547.395,5.3142,-0.36526,-0.345655,2.9885,2.14925
3,16.75,98.9725,2.626025,84.29425,298.5225,167.16,319.2213,421.435775,84.60865,625.485,394.395,5.0274,-0.37313,-0.35393,2.239,2.1215
3,17.25,98.97,2.272375,85.49025,199.0625,102.43,318.438425,420.176975,29.524425,418.1025,236.11,4.6586,-0.362745,-0.37028,1.9999,1.4641
3,17.75,98.9425,1.8408,86.4675,98.55025,51.745,317.7152,416.5171,-0.660825,216.475,115.32,4.1371,-0.355255,-0.362625,0.719585,1.0518
3,18.25,98.9175,1.630425,88.423,44.84575,17.1085,315.67565,408.7963,-9.2536,89.12275,42.962,4.04855,-0.35759,-0.379155,0.572095,0.86233
3,18.75,98.8975,1.301725,89.16925,7.2982,3.39605,314.989775,389.155975,-12.18945,19.85275,5.50935,3.793475,-0.36769,-0.388865,0.828555,0.53815
3,19.25,98.88,0.99814,89.426,0,1.38625,314.61095,379.54035,-11.382025,0.65813,0.095319,3.1297,-0.37413,-0.407135,0.437685,0.84946
3,19.75,98.8575,0.855815,90.92375,0,1.760325,314.610075,374.506625,-9.659375,0.02501325,-0.020326,2.97315,-0.3687,-0.3935,0.33894,0.84304
3,20.25,98.8475,0.6216,91.792,0,1.751025,313.817575,370.2708,-11.830875,0.01794975,-0.024622,3.523125,-0.36967,-0.376185,0.41505,0.83665
3,20.75,98.825,0.53213,92.147,0,1.5114,313.654075,363.470025,-7.776225,0.0199795,-0.023727,3.60875,-0.370825,-0.376755,0.37258,0.61499
3,21.25,98.8325,0.44708,92.549,0,1.45925,312.910075,356.6489,-7.32055,0.01942875,-0.025726,3.6552,-0.359765,-0.386115,0.28206,0.652125
3,21.75,98.835,0.4131475,91.99025,0,1.47795,312.2665,350.746875,-7.02675,0.0180995,-0.027503,3.71005,-0.360485,-0.37843,0.218875,0.681265
3,22.25,98.8325,0.3709475,92.39925,0,1.3575,312.49295,350.165,-8.7364,0.017285,-0.027523,3.867475,-0.35806,-0.35898,0.217555,0.70388
3,22.75,98.9,0.41718,92.09425,0,1.3731,311.7483,347.283075,-7.62475,0.015324,-0.0280405,3.699,-0.35948,-0.34544,0.21157,0.72225
3,23.25,98.9425,0.4043325,92.45675,0,1.4104,312.111275,348.537525,-7.621925,0.01796125,-0.025906,3.6575,-0.35753,-0.364305,0.22204,0.73704
3,23.75,98.9375,0.2180225,93.429,0,1.4359,311.8561,340.140875,-8.417825,0.01942675,-0.0255975,3.5941,-0.35767,-0.3652,0.21749,0.74863
4,0.25,98.575,5.899675,90.55325,0,1.9282,325.00405,402.094825,-39.696075,0.0230915,-0.02727625,3.1566,2.7094,3.2433,0.144775,0.3011275
4,0.75,98.555,5.347325,90.774,0,1.941125,324.74415,399.69485,-38.4866,0.0208325,-0.027518,3.2805,2.676375,3.137825,0.3054375,0.32919
4,1.25,98.5575,4.662225,91.38175,0,2.0786,325.840225,396.19785,-34.00135,0.02148525,-0.02497425,3.84915,2.632,3.0371,0.3120725,0.3501275
4,1.75,98.5625,4.563,92.03575,0,1.86715,323.5396,393.8785,-33.351925,0.026106,-0.02725325,3.50035,2.569825,2.9527,0.318095,0.357155
4,2.25,98.575,4.11445,93.24525,0,1.90895,322.7494,388.689825,-29.8596,0.0277815,-0.02728725,3.57675,2.525925,2.8948,0.323365,0.3787525
4,2.75,98.6,3.7356,93.49475,0,2.0747,321.943275,388.169475,-28.46005,0.02745675,-0.02524625,3.5596,2.485025,2.82695,0.466905,0.3674775
4,3.25,98.645,3.436625,93.29725,0,1.9023,321.3771,387.305175,-27.058875,0.02475625,-0.02797,3.328,2.43675,2.7621,0.3351625,0.3980275
4,3.75,98.675,3.384975,93.39,0,1.913475,319.64205,388.479525,-23.608,0.0238415,-0.03308275,3.4196,2.3829,2.702725,0.4732475,0.5325675
4,4.25,98.675,3.511275,93.55875,0,1.858,321.36145,381.514475,-20.437225,0.0250055,-0.03304125,3.49495,2.3301,2.649875,0.348805,0.5887575
4,4.75,98.6775,3.128875,93.663,0,1.81715,321.4436,379.3957,-19.553825,0.1507125,-0.023706,3.55895,2.276175,2.64005,0.4075725,0.5671325
4,5.25,98.67,3.127525,93.775,0.699675,2.209925,321.399875,375.550825,-16.683925,4.732775,0.341195,3.5727,2.229075,2.6176,0.48174,0.584885
4,5.75,98.685,3.028925,93.093,16.43425,5.0781,321.34585,379.07855,-9.760675,40.21575,3.6239,3.83695,2.1815,2.58905,0.7823075,0.58587
4,6.25,98.67,4.31775,91.742,60.06375,16.8925,326.837375,388.244375,0.9093275,133.42,15.8865,3.54245,2.11065,2.566325,2.48925,0.584535
4,6.75,98.6675,4.988175,90.8915,122.9125,29.39925,333.212575,402.58525,27.1658,271.1725,32.09025,3.7473,2.0734,2.540325,4.984825,1.732025
4,7.25,98.645,6.043075,84.82925,196.795,38.50625,342.755825,421.582225,82.20065,444.485,49.9785,4.00695,2.020775,2.493425,10.34075,4.56455
4,7.75,98.615,7.339925,82.44425,284.69,46.611,353.702725,439.523575,145.602425,635.185,71.47525,4.452,1.969425,2.45225,18.97075,10.75575
4,8.25,98.615,8.310425,80.01425,376.8075,63.52375,364.372175,450.631925,226.99495,853.1275,94.32075,5.13735,1.9029,2.435475,31.11675,19.5175
4,8.75,98.5775,9.28855,77.3925,452.1075,73.7405,369.895525,462.366025,289.59785,1023.575,110.4375,5.0779,1.851275,2.417025,40.07875,32.0785
4,9.25,98.585,9.210425,76.50675,521.53,76.77725,378.741875,470.797525,352.390975,1201.425,124.51,4.99275,1.814025,2.433575,54.2575,44.77975
4,9.75,98.5675,9.430725,73.2165,599.885,92.65,384.9227,473.505975,421.9434,1372.625,145.2025,4.8326,1.7848,2.468525,88.87225,63.03825
4,10.25,98.5475,10.32125,72.52625,662.5225,100.455,396.260375,482.6892,485.8935,1527.425,154.0325,5.03875,1.76135,2.600725,91.845,77.94575
4,10.75,98.6075,11.507,72.24075,712.2325,106.9,413.042375,491.031625,527.3111,1616.675,157.7275,5.40585,1.7772,2.719125,94.61875,87.5875
4,11.25,98.5975,12.4825,71.059,758.58,112.975,413.399375,490.3666,572.85575,1727.4,168.3725,5.4772,1.8076,2.851475,96.7565,89.5635
4,11.75,98.63,13.25925,71.0765,779.52,110.0225,415.543625,490.1048,599.1865,1779.65,171.705,5.5409,1.850575,3.141475,87.508,85.829
4,12.25,98.635,13.6205,70.722,794.615,106.775,423.46295,498.526625,610.849,1813.15,157.8575,5.64315,1.921525,3.48725,89.47775,88.57875
4,12.75,98.62,13.93475,68.4775,803.4525,106.94,425.77595,501.144275,621.81375,1819.05,152.7325,5.8839,2.019125,3.8436,93.38575,82.31575
4,13.25,98.615,14.259,68.75025,795.2525,105.365,426.532125,503.01585,614.58125,1803.175,151.875,5.44715,2.123025,4.1363,89.89125,77.829
4,13.75,98.615,14.43725,69.3775,772.275,102.73,428.072575,508.066525,598.602,1734.2,146.5725,5.5832,2.242425,4.2877,79.52375,64.669
4,14.25,98.6425,14.6135,68.2315,736.5875,87.68875,425.733925,508.111425,562.206,1654.1,128.245,5.87145,2.32525,4.3403,69.093,60.3585
4,14.75,98.6775,14.5335,67.33125,684.7825,83.3275,420.453775,497.106,513.399975,1522.85,119.7025,6.016175,2.530375,4.34355,64.83525,56.3355
4,15.25,98.6975,15.037,65.40525,631.705,84.54625,415.8136,503.49285,460.655375,1389.725,115.46,6.21995,2.629425,4.344175,60.11,49.0985
4,15.75,98.71,15.00075,63.3835,564.0225,77.334,411.110275,501.146925,395.211575,1230.05,103.9025,6.439425,2.702875,4.35075,52.45125,41.38875
4,16.25,98.69,14.91875,63.52675,482.6325,71.75575,406.33495,498.851825,317.405575,1046.8,93.22375,5.946575,2.750075,4.33055,42.68525,36.0335
4,16.75,98.68,15.07475,65.678,396.6125,55.87325,400.637775,496.57695,233.0407,855.7525,81.2875,5.607325,2.799825,4.30105,35.25575,27.30575
4,17.25,98.6575,14.918,67.0845,305.0375,42.849,393.703675,489.88855,143.31415,658.3175,62.5365,5.72935,2.851425,4.286575,26.25325,21.44775
4,17.75,98.6725,14.08425,71.12825,216.8475,36.41925,383.635125,488.72235,62.52555,463.9475,46.62975,5.371875,2.891625,4.310225,17.87475,16.45525
4,18.25,98.6225,13.25,71.652,133.08,26.4365,370.898075,486.4369,11.4918,257.885,31.5215,4.8945,2.9176,4.3236,12.8415,12.52575
4,18.75,98.62,12.3735,74.829,58.308,12.989,366.445375,468.207425,-19.4099,120.9675,13.532,3.998075,2.945575,4.34725,7.590375,6.7925
4,19.25,98.605,11.7875,78.13575,14.8975,3.375675,357.49405,451.78895,-44.291125,36.76475,3.1,3.7062,2.973,4.33555,2.29335,3.767625
4,19.75,98.5975,10.8165,80.998,0.243695,1.595325,349.7835,440.162125,-46.459,3.30505,0.2721475,3.3926,3.001375,4.329125,1.105775,0.80991
4,20.25,98.5675,9.797025,82.9695,0,1.573775,341.50055,433.41255,-51.227325,0.0962775,-0.010531,3.775925,3.03345,4.318125,0.5765075,0.6605625
4,20.75,98.5375,8.9722,85.231,0,1.633375,340.311075,422.1578,-50.4213,0.0224705,-0.0159715,3.254875,3.0544,4.296675,0.4359275,0.6018525
4,21.25,98.5275,8.39555,86.28525,0,1.892075,336.834825,421.10275,-50.953775,0.02487625,-0.0202435,3.255975,3.093675,4.263475,0.2546525,0.5892525
4,21.75,98.5175,8.038025,88.2985,0,1.8634,333.1461,419.369475,-47.70055,0.0218755,-0.02023925,3.543025,3.0969,4.209825,0.27119,0.3888525
4,22.25,98.5325,8.08125,87.63675,0,1.841975,332.058675,416.3943,-58.991975,0.02351425,-0.0207725,3.011575,3.106925,4.13065,0.10117575,0.17294825
4,22.75,98.56,7.4821,88.47875,0,1.9531,332.0726,411.941575,-52.772075,0.024079,-0.02390325,2.989925,3.08815,4.059025,0.277415,0.5266475
4,23.25,98.5475,6.630175,89.3385,0,2.03345,331.049575,411.061725,-44.955925,0.02526125,-0.02386825,2.869575,3.084875,4.001575,0.2849325,0.4509175
4,23.75,98.5575,6.844,90.77675,0,2.0857,330.045025,405.7349,-37.9935,0.0240555,-0.02781925,3.144,3.070825,3.926,0.450125,0.5277575
5,0.25,99.05,12.001,91.142,0,1.68295,358.0769,423.625,-11.1091,0.03477,-0.0319175,3.5609,10.4485,11.0095,-6.4458,-4.131
5,0.75,99.04,11.4725,92.7595,0,1.60715,356.42065,421.93615,-10.30945,0.0353755,-0.03054,3.460025,10.426,10.875,-5.8591,-3.7194
5,1.25,99.0475,11.124,93.05,0,1.7098,354.85875,413.7744,-15.44075,0.0349405,-0.0321755,3.3936,10.3915,10.7425,-5.78315,-4.125875
5,1.75,99.0525,10.843,93.5665,0,1.66745,353.3674,412.12585,-14.2705,0.0319595,-0.034134,3.6999,10.3605,10.64,-4.61205,-4.386375
5,2.25,99.0775,10.3475,92.7435,0,1.7258,351.319,411.76005,-15.57575,0.03876,-0.0319015,3.83385,10.327,10.5285,-4.7786,-4.042425
5,2.75,99.0975,10.17215,93.03,0,1.71165,348.78575,406.53375,-19.09625,0.0380485,-0.030716,3.2073,10.3,10.4335,-6.3919,-5.14725
5,3.25,99.0875,9.7999,93.6085,0,1.7932,349.1764,406.67745,-16.12385,0.0418665,-0.034489,3.1181,10.2775,10.3565,-6.90515,-5.2519
5,3.75,99.0975,9.80385,94.023,0,1.71885,347.4058,405.09575,-15.127,0.078541,-0.034098,2.9443,10.251,10.2975,-6.2772,-5.36855
5,4.25,99.13,9.4757,94.6615,0,1.84515,347.67815,405.1674,-12.8833,1.11935,0.0908725,3.34225,10.2095,10.232,-6.58445,-4.970825
5,4.75,99.1275,9.2929,94.8475,6.1141,3.26925,347.67105,404.06925,-8.07585,16.523,1.06315,3.468375,10.182,10.1605,-6.48945,-3.892175
5,5.25,99.13,9.18695,94.056,39.435,11.7205,349.5512,402.2,1.7638,74.7195,8.5253,3.675075,10.1595,10.121,-5.9313,-3.7971
5,5.75,99.08,9.5483,92.5485,94.235,23.772,355.9346,420.25435,16.97695,193.05,19.8725,3.782,10.121,10.073,-0.359525,-0.62593
5,6.25,99.0375,10.276,88.944,159.665,40.8175,359.9499,437.04145,48.18245,358.16,37.8835,4.0611,10.0725,9.99135,4.97445,2.51265
5,6.75,98.99,11.0925,86.931,244.995,57.305,366.9612,453.0217,94.6948,542.31,54.5075,4.3646,10.0211,9.9557,14.162,10.749
5,7.25,98.975,12.443,85.5865,316.36,65.848,375.12425,463.3568,162.0107,724.135,69.5725,4.6304,9.97945,9.91885,22.2675,22.532
5,7.75,98.9375,12.989,84.8825,393.885,69.049,378.9208,473.62575,224.817,915.41,83.4945,5.2586,9.9273,9.8372,31.977,33.648
5,8.25,98.945,13.182,83.9725,474.425,83.3955,386.79475,485.76505,297.92015,1113.5,100.6925,5.3695,9.87,9.76,44.8285,47.051
5,8.75,98.9325,13.9265,84.201,567.325,97.791,398.19525,493.32845,365.19135,1296.8,116.835,5.48155,9.82435,9.71165,53.7305,56.81
5,9.25,98.9375,15.0495,83.678,625.495,105.71,404.73745,499.2276,431.74095,1456.6,130.11,5.51075,9.79535,9.7328,57.8735,60.579
5,9.75,98.975,15.908,79.7745,704.74,117.26,412.85435,503.9941,488.1158,1610.15,142.4,5.79695,9.7691,9.84585,66.641,67.517
5,10.25,99.0225,16.6785,78.2525,753.24,125.175,419.65125,511.5607,538.4945,1741.4,152.15,5.9445,9.7233,10.066,76.3085,70.244
5,10.75,99.0325,16.912,75.5825,799.4825,130.53,423.476475,508.7665,591.6905,1847.85,167.48,5.9266,9.6853,10.2515,84.2095,75.814
5,11.25,99.045,17.146,76.43375,849.2975,133.855,428.260575,511.530975,626.062,1941.025,164.155,6.140075,9.652975,10.24125,86.1195,81.313
5,11.75,99.075,17.43425,77.74625,894.9175,136.3775,433.918975,510.7959,656.2925,2021.475,165.035,6.239575,9.62165,10.385,87.306,78.184
5,12.25,99.0875,17.7465,76.386,901.02,136.6,435.43705,518.17195,667.9645,2024.7,166.73,6.32795,9.569375,10.493,86.071,80.01
5,12.75,99.08,17.994,75.32875,903.545,134.025,436.875025,516.0858,666.66925,2037.55,161.0475,6.203825,9.6107,10.795,85.2465,77.61675
5,13.25,99.11,18.3415,75.107,888.83,131.48,436.708475,518.783475,649.82095,1979.05,154.44,5.9853,9.64645,11.18625,84.902,70.975
5,13.75,99.12,18.5405,74.96275,877.855,126.4075,437.35815,517.884375,630.11455,1939.8,147.9275,6.013925,9.695775,11.544,82.76975,66.2995
5,14.25,99.13,18.4035,74.7015,839.6075,126.275,435.103925,516.10685,607.4785,1842.975,142.685,6.05125,9.714525,11.61125,80.998,53.847
5,14.75,99.1275,18.3425,74.83975,796.0775,121.02,431.412575,518.427175,564.3446,1750.4,137.3075,6.07095,9.7816,11.62125,66.57175,54.0555
5,15.25,99.1075,18.37925,74.16075,732.39,112.7375,429.031375,514.008725,509.30455,1603.45,126.24,5.813675,9.84885,11.61275,54.287,48.598
5,15.75,99.1375,18.3805,73.4795,663.465,97.61775,425.6708,519.5544,447.4595,1460.025,112.3625,5.63465,9.91595,11.6075,49.3045,38.902
5,16.25,99.1675,18.4005,75.024,577.7375,88.26775,419.39805,515.8197,371.69875,1261.3,104.6,5.397575,9.98435,11.58825,40.889,35.3995
5,16.75,99.16,18.59225,74.89275,506.17,75.27375,414.942475,521.15385,306.975925,1075.2,90.05575,5.423275,10.061,11.63275,32.62525,29.7485
5,17.25,99.1575,18.2455,74.9155,425.0575,64.061,408.734675,511.510125,223.9431,906.8175,76.124,5.5107,10.13575,11.686,25.895,23.8415
5,17.75,99.17,17.9575,74.159,335.995,59.26625,404.96315,509.574875,169.2456,726.5275,62.3095,5.2894,10.20625,11.67,19.786,18.7665
5,18.25,99.1375,17.84825,75.23575,238.27,40.89625,399.3078,511.06565,81.685625,480.5225,44.9035,5.19875,10.273,11.7375,12.3835,12.8805
5,18.75,99.1075,17.109,77.54325,156.0475,30.06175,392.8447,503.24905,22.4951,308.09,29.40075,5.071025,10.32325,11.79375,9.814,9.7393
5,19.25,99.07,16.3035,79.57975,81.6335,17.425,386.739175,491.973975,-3.98335,128.7425,17.528,4.594475,10.378,11.7925,6.2778,5.98675
5,19.75,99.035,15.50775,80.32125,29.34775,8.462075,380.493025,478.888225,-15.317175,63.38025,6.121675,4.36205,10.4105,11.80425,2.06665,2.4685
5,20.25,99.0175,14.54675,82.0475,4.980025,2.15285,375.759775,461.64885,-21.323675,16.1755,1.03345,4.3545,10.43525,11.76375,-1.58505,-0.2243385
5,20.75,98.9775,14.1405,83.54025,0,1.360025,371.5895,445.6638,-27.84175,0.93361,0.08400725,4.325525,10.446,11.72975,-4.74985,-2.4789
5,21.25,98.9775,13.793,84.995,0,1.466775,369.8208,437.860125,-26.3541,0.0566055,-0.02130975,4.1293,10.47375,11.6905,-4.033425,-2.7916
5,21.75,98.99,13.09825,86.2765,0,1.63875,367.553025,437.38105,-31.85405,0.0365515,-0.02373475,4.0611,10.51125,11.631,-4.00105,-3.4311
5,22.25,99.0375,12.8395,87.21725,0,1.5077,366.77155,430.6257,-24.40985,0.03298225,-0.03014575,3.9054,10.517,11.55375,-5.136025,-3.2863
5,22.75,99.045,12.1785,89.0395,0,1.585675,364.4301,430.83725,-20.776525,0.03508125,-0.0349505,4.01485,10.50325,11.454,-5.58345,-3.15795
5,23.25,99.0375,12.12275,89.81,0,1.794675,362.83885,429.1063,-20.146875,0.03469175,-0.02761825,3.6547,10.49225,11.33375,-4.610575,-3.92245
5,23.75,99.0375,12.02475,90.5745,0,1.768475,360.73045,424.032,-17.7763,0.03710075,-0.0299535,3.85895,10.486,11.21975,-6.359425,-3.7018
6,0.25,99.24,15.95225,93.999,0,1.8452,387.6055,432.983875,-19.59165,0.05394825,-0.0313025,2.8408,16.0835,16.06675,-11.10725,-8.539675
6,0.75,99.2325,15.788,94.1485,0,1.95315,386.14545,433.4533,-19.598075,0.050182,-0.03265275,2.5779,16.02925,16.012,-10.19875,-9.00115
6,1.25,99.2425,15.182,94.3915,0,1.816225,385.45675,432.6717,-17.20845,0.0556955,-0.0345885,2.644425,15.91975,15.93525,-10.97675,-9.600675
6,1.75,99.19,15.24025,94.72375,0,1.9989,384.96355,431.8196,-15.133075,0.05361825,-0.03068825,2.6386,15.80825,15.87925,-11.541325,-9.16425
6,2.25,99.22,15.409,94.8135,0,1.90175,385.023575,429.751,-13.920025,0.05726125,-0.03373375,2.7627,15.74175,15.8325,-11.1395,-8.8402
6,2.75,99.215,15.00125,94.97675,0,1.9148,384.096325,424.58185,-13.8214,0.05291075,-0.03313275,2.8231,15.70475,15.7645,-9.9785,-7.9776
6,3.25,99.2325,15.0405,95.07325,0,1.855825,384.150975,421.473925,-12.349325,0.0647945,-0.03603025,2.72995,15.65925,15.66975,-9.1149,-7.796925
6,3.75,99.2475,14.92975,95.18375,0,1.847725,383.65,416.7314,-11.821275,0.397175,-0.01490475,2.3422,15.58575,15.62275,-9.839025,-8.01115
6,4.25,99.3075,14.5235,95.43475,1.82425,2.2506,382.402725,410.322875,-9.9757,6.326025,0.514345,2.494675,15.51725,15.59425,-10.66185,-7.66785
6,4.75,99.3325,14.43525,95.349,20.178,6.798,382.547,414.9136,-2.1914,44.61875,3.30725,2.42805,15.42625,15.526,-8.94645,-6.46525
6,5.25,99.3575,14.8975,94.996,60.166,18.134,384.26,419.3596,15.4429,132.6275,12.393,2.3965,15.33125,15.461,-7.0658,-3.8092
6,5.75,99.36,15.5025,94.29,119.66,30.766,387.9153,436.914,49.7119,276.4425,24.802,2.897225,15.239,15.382,-1.5227,-0.65404
6,6.25,99.3575,16.1885,91.113,187.84,48.559,392.6801,451.3578,84.3903,443.6075,37.783,3.043,15.13725,15.347,7.8117,6.6024
6,6.75,99.315,16.98725,88.97,262.95,56.218,399.773,467.4961,128.6947,613.67,48.438,3.363525,15.0855,15.315,16.649,15.45
6,7.25,99.2675,17.6975,86.28,339.58,69.132,404.1689,483.1181,182.2262,798.14,63.673,3.468,15.063,15.29,27.03,22.743
6,7.75,99.255,18.47975,85.78,422.63,77.881,412.3769,504.9209,242.727,993.7275,76.593,3.757,15.03425,15.218,42.262,32.764
6,8.25,99.2775,18.89775,84.138,508.12,87.725,418.492,519.3322,313.2326,1175.7,87.918,3.8943,15.00125,15.169,57.245,47.986
6,8.75,99.24,19.8995,84.07225,581.925,97.54275,425.183375,527.182475,371.716825,1360.525,99.383,4.074525,14.98775,15.1475,67.79925,63.3145
6,9.25,99.22,20.38075,82.69775,648.4525,105.2025,430.368875,533.40465,440.841975,1523.85,106.935,4.257625,14.977,15.14775,81.76075,72.729
6,9.75,99.2775,20.733,81.83725,721.4475,111.565,434.740225,537.0516,502.2008,1675.15,115.575,4.623575,14.947,15.16325,94.84325,86.981
6,10.25,99.315,21.41,78.721,766.35,122.61,443.5945,542.4651,545.7014,1791.7,123.785,4.62765,14.934,15.1405,112.935,92.3505
6,10.75,99.3375,21.59925,76.85025,819.305,129.3525,446.274175,538.1225,605.64305,1920.7,125.42,4.91465,15.002,15.3115,110.12,99.353
6,11.25,99.3675,22.06625,74.137,859.68,132.02,448.2157,535.8553,635.29,1991.075,126.87,4.9844,15.016,15.36425,107.61,102.82
6,11.75,99.345,22.4655,73.992,858.72,135.49,452.6635,539.0957,636.3499,2003.125,129.05,5.1332,15.12125,15.457,95.214,102.36
6,12.25,99.3075,22.724,72.74375,892.72,140.3125,454.283075,540.690225,661.36775,2093.45,131.07,4.8708,15.2645,15.656,93.422,96.939
6,12.75,99.3,22.839,72.58275,911.005,137.43,453.92755,543.020675,669.429,2099.75,129.1425,4.989525,15.42225,15.825,111.0375,84.079
6,13.25,99.3225,22.57875,71.967,879.6525,136.2025,455.205025,538.37395,647.937825,2011.85,123.7875,5.01015,15.584,15.899,98.49,86.445
6,13.75,99.345,22.809,71.0365,859.9,129.2775,454.77925,536.62415,618.3985,1975.425,118.0175,4.6971,15.75625,15.98075,89.4785,78.27225
6,14.25,99.3175,23.1325,70.62225,838.97,126.4225,454.1834,532.252475,620.43275,1927.575,119.0925,4.78825,15.906,16.15275,89.4175,64.39725
6,14.75,99.365,23.19575,70.01875,793.4475,119.44,453.08045,534.838125,565.44305,1819.35,112.6625,4.9296,16.05625,16.25125,84.583,56.564
6,15.25,99.385,23.677,70.135,736.6525,114.4475,452.49605,535.266075,514.095475,1665.075,106.5475,4.7821,16.18775,16.4095,78.32525,50.80125
6,15.75,99.3925,23.4485,70.046,677.7725,109.705,446.747,537.779875,456.788,1531.325,97.67,4.6197,16.24925,16.53825,63.76825,44.64025
6,16.25,99.415,23.4415,68.29025,620.735,108.8075,447.31485,542.959675,406.77355,1383,96.63725,4.6178,16.30675,16.57175,60.0415,38.24175
6,16.75,99.4325,23.63225,66.83125,541.695,95.15,444.4079,546.42415,336.4549,1205.175,84.5675,4.5079,16.356,16.57375,45.1115,31.70125
6,17.25,99.4375,23.6055,67.0695,462.385,83.84675,438.93345,541.468225,265.37015,1015.7,73.74125,4.480675,16.4195,16.50175,33.976,22.9585
6,17.75,99.4425,23.2185,69.591,371.7525,66.49925,433.470975,536.897775,185.41945,837.415,58.8355,4.369125,16.48575,16.5415,23.001,17.5055
6,18.25,99.41,22.2865,72.75125,283.7325,54.592,428.5791,528.44875,107.361,637.385,45.88075,3.83275,16.485,16.60825,14.628,11.9445
6,18.75,99.3575,21.87825,73.08425,204.695,45.98225,422.7895,514.327075,54.08575,461.595,35.30175,3.6776,16.484,16.66975,9.1415,7.4662
6,19.25,99.3,21.35325,75.658,129.3875,33.28575,417.4889,513.28155,9.1234,294.955,23.228,3.214325,16.4895,16.63525,2.2257,2.985925
6,19.75,99.2575,20.7535,79.04975,66.93775,21.43475,410.41515,504.348325,-11.1013,139.3425,11.92025,2.95185,16.53575,16.55775,-2.82415,-1.040535
6,20.25,99.27,19.7135,80.6545,20.83325,7.179875,403.22475,485.2601,-30.13395,49.133,3.472225,2.619525,16.5295,16.514,-6.0705,-4.6942
6,20.75,99.2775,18.218,83.201,1.62505,1.968,398.727675,470.7097,-26.1903,9.279325,0.56039,2.5457,16.50625,16.5655,-9.53575,-7.63285
6,21.25,99.2975,17.275,86.18375,0,1.63905,395.21675,458.835525,-23.950575,0.540095,0.00838595,2.70305,16.49625,16.6175,-11.75025,-8.349
6,21.75,99.305,17.0225,88.711,0,1.83875,393.574625,449.37325,-25.458675,0.07254875,-0.02289675,2.637775,16.466,16.5235,-12.31725,-8.6542
6,22.25,99.3275,16.93475,91.5365,0,1.88285,391.5129,449.524,-27.00455,0.05477925,-0.0244685,2.792175,16.44225,16.46325,-12.44025,-9.6648
6,22.75,99.2975,16.595,91.91075,0,1.84615,391.664175,442.970775,-26.264525,0.05667475,-0.0297025,2.73985,16.40375,16.364,-12.216,-8.709675
6,23.25,99.315,16.527,92.36775,0,1.824175,391.026075,441.58305,-25.055375,0.0556445,-0.03192575,2.749675,16.3585,16.2395,-11.2735,-8.729375
6,23.75,99.305,16.05575,93.27875,0,1.933825,388.727425,437.64125,-22.6269,0.0516005,-0.033374,2.793375,16.2905,16.20225,-10.97525,-8.099025
7,0.25,99.6475,17.754,94.0445,0,1.8673,396.7087,455.87575,-28.1365,0.05806325,-0.027889,2.52905,19.15275,18.7325,-11.3315,-7.5579
7,0.75,99.6775,17.32225,94.334,0,1.83625,396.85075,452.84905,-28.3827,0.051833,-0.0277445,2.6371,19.03875,18.565,-12.1095,-7.22445
7,1.25,99.69,17.258,94.5335,0,1.7976,395.8705,450.30925,-25.4687,0.05071775,-0.0310345,2.55695,18.94875,18.4435,-11.7685,-7.0083
7,1.75,99.7375,16.92425,94.655,0,1.86125,393.112,450.76155,-24.43255,0.05255825,-0.030729,2.3536,18.856,18.4045,-11.411,-7.17315
7,2.25,99.69,16.8535,94.8055,0,1.86035,392.41355,446.64405,-22.9024,0.0491385,-0.032995,2.68365,18.77,18.364,-11.1965,-7.1118
7,2.75,99.6275,16.568,95.34,0,1.79915,392.01485,443.37735,-20.7768,0.05509825,-0.0333715,2.53515,18.68275,18.335,-10.9625,-6.7584
7,3.25,99.5925,16.2725,94.61,0,1.7991,391.03945,443.31045,-18.63625,0.05377275,-0.0340015,2.46765,18.5905,18.2785,-10.9635,-6.30525
7,3.75,99.625,16.309,95.007,0,1.7865,389.57025,441.18,-19.1064,0.156845,-0.031483,2.25835,18.4975,18.244,-10.897,-6.6936
7,4.25,99.67,15.93325,95.0525,0.47184,1.99305,388.1003,441.1845,-15.1474,2.664025,0.24538,2.47,18.40325,18.167,-9.7759,-5.7453
7,4.75,99.695,15.74075,95.2435,11.1695,5.08575,388.6335,438.0736,-11.346,28.056,1.71065,2.58285,18.3205,18.0765,-8.93245,-5.17865
7,5.25,99.7175,16.18125,94.9265,41.96,13.2175,390.4214,441.20145,4.9037,102.4425,8.96685,2.55635,18.253,18.012,-6.7981,-3.6116
7,5.75,99.7375,16.872,93.2865,97.362,28.895,396.2555,448.9128,30.13935,230.4475,20.432,2.5737,18.2195,17.976,-5.01945,-1.66485
7,6.25,99.715,17.536,90.31,169.01,48.1695,399.1835,464.6349,62.2125,394.3725,32.935,2.8272,18.156,17.912,-0.95969,2.0453
7,6.75,99.64,18.40675,86.8215,240.365,64.335,406.391,485.63045,103.1484,585.3275,46.3115,3.24625,18.06775,17.847,5.39495,6.3459
7,7.25,99.5925,19.23,83.5055,316.37,74.679,413.06255,502.56105,152.98405,769.4025,59.3045,3.5932,18.00425,17.7545,14.5055,12.919
7,7.75,99.5825,20.245,81.9175,397.86,84.4195,421.2484,517.6307,211.898,952.6325,70.5525,3.65685,17.8955,17.6585,28.7365,19.599
7,8.25,99.575,21.08975,79.7205,472.45,95.588,427.82835,529.2644,265.4053,1120.25,82.04,3.9456,17.8525,17.622,29.6775,26.62
7,8.75,99.58,21.46875,79.3935,550.085,107.36,433.6344,538.07885,329.61515,1305.125,90.372,4.3386,17.811,17.697,37.7365,35.266
7,9.25,99.61,22.1425,77.135,622.345,119.06,439.24365,544.9729,402.87735,1468.075,99.0525,4.4665,17.8115,17.665,50.3975,41.864
7,9.75,99.6275,23.24525,75.983,691.935,128.405,446.7788,549.3808,458.46555,1635,106.815,4.4777,17.84775,17.7805,62.632,50.5515
7,10.25,99.6475,23.5415,72.61875,745.415,132.9675,449.286075,549.77775,509.63765,1768.45,111.63,4.3906,17.832,17.86325,68.03825,56.50175
7,10.75,99.645,24.007,72.76425,791.755,139.7975,453.631875,553.87715,555.9305,1870.175,117.005,4.57025,17.9385,18.0025,72.882,63.921
7,11.25,99.6475,24.49125,70.655,831.455,142.645,459.31415,556.973475,594.992575,1967.625,117.59,4.72695,18.0185,18.2345,72.48175,71.09125
7,11.75,99.7125,25.146,69.052,858.8,145.695,464.548475,557.634275,620.9502,2013.925,120.78,4.6763,18.099,18.377,75.3595,70.866
7,12.25,99.705,25.0195,69.38125,878.405,147.4375,465.3673,556.823075,632.325275,2054,119.48,4.6687,18.179,18.8045,65.165,70.066
7,12.75,99.6925,25.28025,66.96125,876.895,149.16,466.523625,553.690275,635.17825,2040.95,118.79,4.51615,18.3165,18.926,70.726,71.692
7,13.25,99.6875,25.68375,65.80375,871.8325,148.565,469.2393,557.136175,626.87075,2020.4,113.93,4.856375,18.4625,19.183,64.489,70.60375
7,13.75,99.66,25.80425,65.88325,859.8925,145.33,467.22285,559.575675,624.960075,1983.7,113.4675,4.61825,18.5515,19.40975,59.4735,63.05175
7,14.25,99.6775,26.0035,64.84,827.2875,142.6675,467.176225,559.1169,596.607475,1898.8,113.92,4.62235,18.6875,19.73825,57.02425,57.4955
7,14.75,99.6975,25.892,64.9485,793.42,140.235,465.23305,559.770575,558.50225,1814.6,107.6875,4.714125,18.88825,19.8765,54.24375,46.66475
7,15.25,99.67,25.84725,64.845,743.795,133.1525,463.04375,555.412675,509.760325,1683.275,105.995,4.69825,19.01925,19.90775,50.426,39.4425
7,15.75,99.675,26.17525,63.92475,681.0775,127.7725,460.654375,557.19,463.145375,1531.15,99.29275,4.731875,19.13475,19.878,47.3145,33.98675
7,16.25,99.68,26.1055,63.791,607.9425,117.2175,458.068075,559.484575,385.3069,1366.325,92.2295,4.51845,19.23675,19.7745,38.4985,29.5775
7,16.75,99.685,25.97275,64.40075,535.65,105.9575,453.770475,560.346825,312.77395,1201.2,84.037,4.363775,19.364,19.69175,27.574,22.518
7,17.25,99.6475,25.9395,64.5815,448.4775,93.85475,449.00635,563.0805,241.5065,1016.85,74.353,4.2716,19.465,19.62375,22.261,16.41175
7,17.75,99.6625,25.62775,64.54275,364.6825,80.183,445.661925,561.0943,174.649075,828.6725,63.127,3.943175,19.518,19.6185,16.847,13.1475
7,18.25,99.6575,25.38425,66.30525,285.3625,68.05125,440.573675,557.60145,107,649.1925,50.541,3.709225,19.55075,19.60125,12.5475,9.5103
7,18.75,99.6625,24.83175,68.209,205.4075,53.24675,434.91545,550.7693,43.3941,464.89,37.84375,3.246675,19.5665,19.52625,6.7995,6.811525
7,19.25,99.6825,24.15,70.25175,129.7575,38.85325,429.248675,541.8717,-5.321775,293.6675,23.853,2.663,19.58025,19.43775,2.435675,4.14475
7,19.75,99.715,23.00425,75.55475,65.87125,22.24375,421.290325,522.086975,-34.71595,140.03,12.0205,2.35105,19.57625,19.318,-2.87785,0.403675
7,20.25,99.7275,21.469,81.231,17.8755,6.771875,413.001675,499.53205,-49.78385,47.76975,2.921075,1.967125,19.554,19.2955,-7.1603,-3.089675
7,20.75,99.755,20.13175,86.385,0.8015525,1.70195,409.439175,485.52935,-59.309825,8.21815,0.4835325,1.965125,19.5525,19.23825,-9.16675,-5.632225
7,21.25,99.7675,19.664,89.083,0,1.542175,406.05745,468.6975,-52.407425,0.40285,-5.384625e-05,1.935875,19.5555,19.19575,-10.054425,-6.544
7,21.75,99.73,19.30325,90.274,0,1.814,402.44835,469.08275,-52.73985,0.0641335,-0.01141,2.1865,19.53025,19.1025,-11.199,-6.20515
7,22.25,99.7125,18.925,91.744,0,2.0165,400.4461,464.7975,-41.4686,0.063762,-0.019148,2.2545,19.49225,19.058,-10.4545,-6.32295
7,22.75,99.755,18.86475,92.295,0,2.02995,400.4642,463.84255,-33.5318,0.0647745,-0.0210365,2.41225,19.446,18.935,-9.9945,-6.81375
7,23.25,99.715,18.38975,93.1495,0,1.76205,398.68975,459.61385,-30.20265,0.06198925,-0.0202295,2.4342,19.36725,18.845,-10.15655,-7.3503
7,23.75,99.685,17.91575,93.438,0,1.893,398.7088,460.09385,-32.89035,0.04900025,-0.0237175,2.5489,19.2675,18.8105,-11.094,-7.07455
8,0.25,99.4775,16.98925,94.47625,0,1.696625,394.038475,449.824375,-22.629375,0.06131475,-0.028375,2.481775,18.946,18.6375,-8.3627,-7.201
8,0.75,99.4775,16.9215,93.97275,0,1.7238,393.972475,447.16865,-23.735275,0.057444,-0.02908675,2.6333,18.8755,18.613,-8.58625,-7.435675
8,1.25,99.4775,16.9985,94.171,0,1.58245,393.57035,442.6322,-21.5512,0.05252375,-0.02744275,2.1785,18.7485,18.566,-8.722475,-7.911925
8,1.75,99.47,16.3315,93.88375,0,1.526925,391.917075,440.9197,-20.158,0.057494,-0.032818,2.488075,18.674,18.5215,-8.2082,-8.2025
8,2.25,99.4575,16.08375,94.18725,0,1.6282,391.437425,436.946575,-17.9723,0.0542455,-0.03269375,2.4718,18.595,18.4875,-8.53115,-7.7976
8,2.75,99.48,15.76175,94.74425,0,1.655575,390.85905,433.9994,-17.576175,0.05350225,-0.035798,2.73335,18.5545,18.4235,-8.15295,-7.3155
8,3.25,99.5125,15.778,95.16575,0,1.59465,389.353225,430.498075,-16.3953,0.0561425,-0.0345915,2.413,18.5205,18.3695,-7.786675,-8.092825
8,3.75,99.555,15.8545,95.017,0,1.56695,390.8685,426.363975,-15.6673,0.0629755,-0.03166525,2.399,18.438,18.3045,-7.5919,-8.245625
8,4.25,99.5875,15.97275,95.0565,0,1.640925,393.50655,424.800475,-14.612025,0.0792935,-0.0330985,2.722325,18.3495,18.235,-7.562875,-7.70735
8,4.75,99.565,16.01625,95.24925,0,1.66365,392.2518,422.636775,-13.24085,1.01946,0.1050025,2.59235,18.281,18.187,-7.1897,-7.45635
8,5.25,99.5775,16.1655,95.4715,6.6506,2.8668,392.405075,422.41635,-8.475525,16.1445,1.049475,2.49645,18.193,18.1325,-7.6898,-6.475275
8,5.75,99.5875,16.18225,95.79775,31.426,11.66225,392.7193,422.2653,1.7744,71.23175,6.675575,2.740425,18.1185,18.0775,-6.5699,-5.8805
8,6.25,99.6125,16.44575,95.107,83.69375,30.0365,394.227275,437.767075,21.140075,185.2475,21.634,3.040775,18.0305,18.0315,-3.4352,-1.7634
8,6.75,99.6225,17.48,93.667,155.5125,45.852,401.17185,456.939125,62.8655,380.5075,39.372,3.3718,17.9565,17.9935,0.095736,1.526925
8,7.25,99.6175,18.2765,90.5735,228.365,59.5045,407.446525,480.420975,102.307975,542.43,56.20475,3.3966,17.8765,17.9745,5.368725,5.844375
8,7.75,99.6225,19.538,87.012,302.325,70.1155,419.0105,497.201875,147.952375,727.5775,73.81825,3.897275,17.824,17.9355,11.90475,13.533
8,8.25,99.5975,20.43225,82.54525,392.6325,83.77625,430.3243,515.421125,211.9387,925.5175,85.4765,4.06335,17.7665,17.863,19.2865,18.2845
8,8.75,99.5675,21.803,82.3195,471.8775,95.27725,439.4909,524.880125,281.179,1112.3,101.5425,4.024775,17.738,17.7675,26.30175,29.2505
8,9.25,99.575,22.91175,80.13975,540.475,104.2475,448.636475,539.575125,341.309475,1265.325,114.76,3.9835,17.73725,17.7015,35.357,38.436
8,9.75,99.5375,23.7945,80.78675,615.11,114.5225,459.53245,554.23425,403.839075,1440.9,128.885,4.12685,17.704,17.698,40.43075,42.9375
8,10.25,99.49,24.6305,75.3945,673.48,120.475,464.55795,563.442375,459.48125,1577.2,134.96,4.4154,17.725,17.7465,47.10825,54.77
8,10.75,99.4925,25.2445,72.177,715.8025,126.085,471.982725,566.10415,496.445425,1668.05,144.07,4.5336,17.73625,17.79525,51.68,70.584
8,11.25,99.48,25.8775,70.50775,764.8775,134.855,476.5612,572.03875,549.71175,1792.325,148.7775,4.6646,17.854,17.803,56.2115,69.79975
8,11.75,99.4525,26.322,68.70825,781.7,138.08,483.47175,573.424025,573.819025,1844.175,151.96,4.9683,18.0315,17.84025,59.53475,68.312
8,12.25,99.41,26.672,68.936,799.68,138.135,482.86805,572.4964,574.03735,1865.625,151.25,5.0306,18.056,17.979,57.459,69.44
8,12.75,99.415,27.13525,65.8565,800.3025,140.4325,484.22145,575.433475,586.7564,1859.8,149.12,5.159675,18.19075,18.14225,60.6225,76.7715
8,13.25,99.365,27.529,64.35725,787.35,135.3125,487.46305,575.254,567.7575,1821.25,146.9825,5.1314,18.36725,18.22975,56.93925,71.7945
8,13.75,99.3475,27.9215,64.06725,778.125,133.8675,488.037325,577.054925,569.41865,1807.65,147.225,4.7729,18.49875,18.29525,55.22575,60.415
8,14.25,99.4025,28.15475,62.7355,741.965,128.7775,491.3179,575.2125,533.460575,1697.3,143.2,4.7175,18.675,18.393,54.046,52.01075
8,14.75,99.41,28.254,62.1285,708.5475,124.525,484.49585,571.0223,501.19325,1591.825,133.1075,4.833025,18.84125,18.50875,51.77075,44.36175
8,15.25,99.48,28.4175,65.80775,658.025,118.5275,483.501575,571.2669,453.215475,1469.2,126.78,5.05395,18.9705,18.5415,43.203,41.88125
8,15.75,99.5225,28.22725,64.079,581.88,107.4625,482.077425,570.427775,398.04925,1307.45,117.8725,4.7343,19.0845,18.57675,38.54975,36.0715
8,16.25,99.5475,28.12425,63.06475,521.35,96.44175,477.4697,571.27995,327.3459,1156.475,107.375,4.69455,19.21625,18.64,36.79175,32.3845
8,16.75,99.545,27.8415,61.6005,445.42,86.3315,470.341125,567.72005,262.29015,991.4875,94.4585,4.8451,19.33075,18.69375,27.70375,25.6585
8,17.25,99.5575,27.2015,64.66125,366.28,71.8065,464.1972,567.1028,188.237875,809.1875,76.7145,4.6065,19.418,18.726,20.446,20.65375
8,17.75,99.5375,27.14675,66.56275,266.7575,57.512,455.967925,563.514775,106.7154,601.335,60.94775,4.11475,19.48275,18.74725,15.228,13.9725
8,18.25,99.48,26.43825,68.89075,187.4925,43.88075,446.958025,554.9247,39.6435,398.39,39.99425,3.925125,19.54875,18.776,10.85575,9.461125
8,18.75,99.4725,24.8915,71.8325,114.445,29.24925,437.32855,540.6801,-6.65775,227.455,23.66525,3.5886,19.595,18.80075,6.291625,5.334525
8,19.25,99.475,23.46325,78.8535,48.23925,13.85525,425.717,521.70825,-36.58185,105.6325,10.034675,2.7569,19.6255,18.7945,2.0259,0.7562825
8,19.75,99.4775,22.13475,83.0065,11.1755,3.1565,418.8625,500.33245,-45.14275,32.96675,2.21365,2.6662,19.6205,18.81925,-2.87685,-3.2859
8,20.25,99.465,20.923,86.23275,0,1.2955,411.7899,480.191525,-48.77155,3.26945,0.265195,2.9044,19.62375,18.83425,-5.212675,-6.4005
8,20.75,99.4475,19.566,89.9995,0,1.325675,409.045225,470.853375,-48.9889,0.1390675,-0.008369175,2.823125,19.57275,18.81975,-7.07075,-7.56375
8,21.25,99.475,19.059,91.94775,0,1.426475,405.810875,462.439,-43.602625,0.057759,-0.01857825,2.83465,19.50525,18.8355,-7.6695,-7.979475
8,21.75,99.475,18.6025,92.374,0,1.606625,402.750125,460.7843,-38.4328,0.057135,-0.01854075,3.007,19.405,18.8185,-8.4256,-7.948425
8,22.25,99.48,18.6785,93.2575,0,1.686725,401.237625,454.51835,-33.32855,0.06144725,-0.0210305,2.60305,19.28975,18.747,-8.4874,-8.41675
8,22.75,99.51,18.4635,93.321,0,1.775175,398.964,449.419625,-30.0688,0.06341975,-0.02429125,2.8149,19.189,18.759,-8.186625,-8.0597
8,23.25,99.5,17.8375,94.00675,0,1.708575,394.872,449.26455,-24.767825,0.06366875,-0.02299975,2.6718,19.10575,18.73325,-8.83715,-8.15485
8,23.75,99.51,17.27975,94.2565,0,1.77375,394.965725,446.9667,-22.5126,0.05606375,-0.026165,2.51855,19.02875,18.66725,-8.6613,-7.52085
9,0.25,98.9575,15.01475,92.3115,0,1.61655,378.977875,438.847925,-26.239475,0.06417525,-0.04245025,3.4371,15.965,16.20375,-8.3341,-7.2765
9,0.75,98.935,14.7145,93.398,0,1.555875,378.815775,438.1809,-28.236875,0.0620165,-0.04264825,3.0446,15.93275,16.115,-8.0998,-7.8074
9,1.25,98.925,14.58675,93.759,0,1.677625,379.5286,436.288075,-23.44475,0.061352,-0.03423975,3.079125,15.8965,16.029,-9.3785,-8.3647
9,1.75,98.955,14.09275,94.02225,0,1.70215,378.49705,433.3319,-22.37475,0.06273225,-0.03813625,2.99635,15.842,15.96525,-9.2429,-9.0913
9,2.25,98.9625,14.151,93.77725,0,1.705125,378.474325,431.110975,-21.173475,0.05633,-0.045212,2.94995,15.79075,15.92375,-9.0034,-9.0705
9,2.75,98.97,13.9845,93.6615,0,1.759975,375.5337,431.34805,-20.09155,0.062944,-0.0478645,2.6623,15.773,15.88525,-9.029,-9.7872
9,3.25,98.9775,13.78825,93.94,0,1.706725,374.0999,431.2494,-18.05195,0.05891175,-0.046591,2.8976,15.7495,15.847,-8.5227,-10.088
9,3.75,99.06,13.7755,94.232,0,1.538975,375.026225,428.427625,-17.795775,0.059401,-0.0501675,2.8314,15.72975,15.826,-8.3478,-9.3901
9,4.25,99.025,13.64025,94.62975,0,1.697275,373.803625,424.304625,-17.519875,0.0551665,-0.052101,2.9334,15.69,15.77225,-9.6242,-9.0205
9,4.75,98.995,13.69875,94.85825,0,1.628425,373.5066,422.246625,-16.684225,0.0525765,-0.04722625,2.78265,15.65,15.7265,-9.3416,-9.0034
9,5.25,99.0025,13.7015,95.03875,0,1.594625,373.21865,423.2926,-15.150275,0.2025225,-0.0427225,2.8521,15.6125,15.66475,-8.9974,-9.227
9,5.75,98.96,13.551,95.15725,1.588025,1.996625,373.373175,419.261275,-13.289425,5.7112,0.537235,2.9716,15.57375,15.56825,-8.794,-9.5107
9,6.25,98.9175,13.67,95.1855,21.06925,8.89265,373.8096,421.913525,-3.905825,52.25675,5.009925,3.359775,15.54475,15.478,-7.8889,-8.7748
9,6.75,98.8975,13.69525,94.53575,72.173,26.47925,378.911575,431.773775,14.776775,172.93,20.067,3.300325,15.50525,15.4085,-7.8777,-7.6401
9,7.25,98.88,14.517,93.1115,141.4325,39.51125,386.285825,450.4368,51.947825,333.29,38.04225,3.69625,15.44775,15.325,-3.7567,-2.5782
9,7.75,98.8575,15.98125,90.14675,217.5325,50.3895,394.89035,465.387025,94.6653,519.4475,59.3985,4.179425,15.409,15.24475,1.3205,1.0132
9,8.25,98.8475,16.972,86.769,292.3025,61.59325,404.294475,481.045075,148.42415,701.555,79.15875,4.5327,15.34825,15.1805,7.7576,7.1525
9,8.75,98.825,18.2775,82.89025,366.295,72.879,416.776575,499.606625,210.0831,884.895,100.555,5.08305,15.3075,15.14075,15.254,15.82
9,9.25,98.8325,19.479,75.99925,449.055,81.59725,429.670475,514.441075,274.998475,1064.45,119.245,5.3243,15.24875,15.112,24.40575,21.072
9,9.75,98.835,20.62325,72.5,507.12,91.71425,443.7736,525.333025,327.92995,1194.425,124.4225,5.58315,15.23175,15.128,29.908,24.29125
9,10.25,98.8325,21.88175,67.3,567.255,100.4875,453.284575,536.2098,379.61375,1334.225,136.535,5.66595,15.21525,15.2805,37.9785,33.34
9,10.75,98.9,22.9855,66.175,610.49,102.4875,461.0778,546.56215,411.86255,1434.175,139.29,5.6998,15.23475,15.3745,43.0345,35.946
9,11.25,98.9425,23.8295,67.7035,662.235,109.1375,470.79425,553.716775,460.01625,1546.675,147.1125,6.09685,15.19925,15.55725,49.773,47.898
9,11.75,98.9375,24.65775,66.93775,692.8025,114.1625,477.6521,558.581625,489.173625,1601.7,154.375,6.0754,15.22025,15.51125,55.766,54.482
9,12.25,98.9075,25.127,64.215,699.48,114.5,479.0192,561.5255,494.28405,1613.55,151.0775,5.97725,15.23975,15.60475,55.504,57.031
9,12.75,98.8875,25.625,62.569,703.24,112.74,485.61615,565.208,498.3554,1606.45,151.475,6.1627,15.26975,15.822,57.527,56.3215
9,13.25,98.87,26.08975,59.43875,689.575,111.5825,485.481125,566.7547,482.444375,1557.025,139.6175,6.027775,15.309,15.92025,54.127,58.155
9,13.75,98.87,26.54025,58.6855,654.7775,105.135,481.7959,563.994375,462.4597,1488.475,133.5975,6.13485,15.33425,16.08725,50.655,52.222
9,14.25,98.9075,26.83875,60.06,615.9725,101.46,483.1702,563.519125,436.343,1391.075,130.1225,6.247,15.35775,16.2255,45.13,45.147
9,14.75,98.91,27.20025,55.022,569.5225,94.76925,481.442225,563.0908,394.228975,1273.125,121.3375,6.08945,15.3685,16.32275,42.663,46.104
9,15.25,98.95,27.152,59.436,528.6475,87.24075,481.111125,562.417,344.562025,1176.425,110.7575,6.0403,15.4145,16.36,37.276,42.383
9,15.75,98.9775,27.078,60.7065,452.9925,78.39475,476.82015,559.2864,279.41925,996.7275,94.9475,6.089575,15.46775,16.3755,31.818,38.069
9,16.25,99,26.9015,58.4945,368.56,66.9945,467.676675,555.578875,210.111625,825.45,79.92025,5.4988,15.52,16.392,26.153,33.194
9,16.75,99.025,26.81375,60.3965,295.14,54.5095,459.01735,552.8209,143.982575,669.63,62.2555,5.38685,15.573,16.43225,19.664,23.923
9,17.25,99.02,25.9615,61.832,207.08,42.08125,449.756025,544.4521,65.06965,464.835,44.02175,4.9648,15.6285,16.50925,12.997,13.766
9,17.75,99.0175,24.88925,62.952,136.995,31.946,438.2488,533.279,13.110475,318.7125,28.9905,4.9802,15.6715,16.56775,8.6967,8.2949
9,18.25,98.9525,23.40025,66.0745,69.19375,17.20625,425.98645,519.77365,-18.79695,157.075,13.7545,4.151,15.70425,16.60425,4.6201,3.1646
9,18.75,98.885,21.45725,72.46,17.0865,4.779,415.391475,500.4804,-41.30805,47.517,3.801575,3.2977,15.74525,16.60275,0.46762,-0.63075
9,19.25,98.8575,20.39375,78.26225,0.24537,1.575875,404.724925,485.452275,-44.707825,5.4003,0.362695,3.19525,15.81425,16.61,-1.742,-4.007
9,19.75,98.7775,19.293,83.08375,0,1.48865,399.234225,473.3965,-41.2205,0.1550725,-0.006286875,3.5203,15.86275,16.602,-3.7889,-5.5098
9,20.25,98.7825,17.90825,85.3045,0,1.613025,395.56775,466.970825,-44.695775,0.0736165,-0.01781775,3.457,15.89225,16.573,-4.7416,-5.8301
9,20.75,98.79,17.02,86.66625,0,1.71445,392.769375,459.1924,-37.8346,0.0708215,-0.02712525,3.56285,15.90925,16.525,-6.419,-5.9563
9,21.25,98.7825,16.78,87.667,0,1.695575,391.3891,454.17775,-35.585625,0.06801,-0.02861825,3.537,15.915,16.47,-6.9705,-5.732
9,21.75,98.7925,16.543,86.7435,0,1.77,389.32045,453.785925,-36.778375,0.06281125,-0.032575,3.7071,15.92,16.4065,-8.0107,-6.2318
9,22.25,98.84,16.11425,88.7555,0,1.6496,385.421325,450.610925,-35.08145,0.06745175,-0.03525825,3.5672,15.91875,16.40625,-7.7098,-7.0028
9,22.75,98.88,15.7455,89.66325,0,1.694725,383.7715,447.53075,-28.21245,0.05816375,-0.03718925,3.3825,15.91825,16.40525,-8.3303,-7.5644
9,23.25,98.9175,15.526,90.54575,0,1.7649,382.50065,443.86865,-28.6344,0.06882025,-0.03479725,3.2697,15.908,16.36125,-7.9421,-7.9996
9,23.75,98.9325,15.443,91.3465,0,1.626875,381.53045,442.2429,-26.375,0.0625535,-0.04316425,3.294525,15.88825,16.2975,-8.234,-7.7729
10,0.25,98.5975,9.5933,92.3315,0,1.5152,352.9058,419.963275,-17.105725,0.06627275,-0.0864375,4.27525,11.78325,11.611,-8.3241,-7.91
10,0.75,98.5975,9.177925,92.243,0,1.56195,350.978125,415.291125,-14.65295,0.0682245,-0.0866455,3.996075,11.73,11.5595,-10.13745,-8.192225
10,1.25,98.585,8.928325,92.16825,0,1.675175,348.745775,415.658875,-14.205575,0.072166,-0.0850785,4.042925,11.671,11.504,-9.5589,-8.290825
10,1.75,98.58,8.576325,92.739,0,1.56035,347.57355,414.26115,-15.9394,0.0658145,-0.08445375,3.9284,11.59025,11.45,-9.752925,-8.798225
10,2.25,98.5975,8.040775,93.43425,0,1.634275,346.073575,410.2104,-14.362725,0.06728025,-0.087596,3.458725,11.50925,11.397,-10.27075,-9.620075
10,2.75,98.62,7.9577,93.19,0,1.676525,345.308925,405.26655,-14.245825,0.0656105,-0.083417,3.569625,11.4295,11.3385,-9.90495,-9.146475
10,3.25,98.6625,7.93315,93.02825,0,1.555725,344.892425,406.108075,-12.027075,0.06494025,-0.08969975,3.77065,11.357,11.257,-10.823325,-9.7185
10,3.75,98.6475,7.981875,93.274,0,1.5769,343.914325,407.134,-11.9726,0.060419,-0.09396425,3.61855,11.332,11.18,-10.751,-9.76375
10,4.25,98.655,7.38385,93.24125,0,1.756725,343.51395,403.263475,-11.492625,0.0514395,-0.09334825,3.5154,11.30525,11.107,-10.8715,-9.6975
10,4.75,98.6575,7.1369,93.665,0,1.630225,342.924,403.44475,-10.333025,0.058576,-0.097139,3.793625,11.2765,11.028,-10.90825,-9.106925
10,5.25,98.6375,7.00955,93.21675,0,1.592625,343.72645,400.441925,-8.840575,0.061603,-0.0951205,3.95875,11.239,10.948,-10.5435,-9.237675
10,5.75,98.6325,7.106325,93.8965,0,1.64095,344.049425,402.250775,-7.859325,0.081916,-0.096074,4.3232,11.20725,10.876,-10.9105,-9.070525
10,6.25,98.5975,7.088625,93.02125,0,1.6384,343.918625,400.5597,-8.58665,1.0181525,0.17053,4.3867,11.17375,10.7965,-10.51925,-9.103575
10,6.75,98.595,7.5208,93.699,8.458925,4.510325,343.721375,402.434475,-8.11625,23.834,2.81925,4.5402,11.1375,10.7255,-10.3905,-9.348825
10,7.25,98.57,7.3718,93.09,48.19775,17.831,347.31545,405.0574,0.642495,105.9975,16.863,4.437,11.08025,10.6575,-7.034125,-8.533425
10,7.75,98.565,8.789,92.71325,112.62,37.16075,353.814525,420.26095,27.54335,251.985,35.88375,4.74415,11.01,10.5935,4.005075,-6.460475
10,8.25,98.53,10.27725,90.65625,170.1725,48.24225,363.2438,436.115475,59.34945,392.44,52.87875,4.891525,10.9585,10.5195,12.1545,-3.548425
10,8.75,98.5275,11.4465,88.739,248.5175,59.08975,373.7652,449.195625,113.1183,585.915,73.6155,5.3974,10.89275,10.4525,24.08375,0.3071425
10,9.25,98.5175,12.3095,85.7435,326.59,65.74575,379.828975,464.299625,173.994925,737.66,89.56075,5.9471,10.86125,10.401,39.9665,5.9042
10,9.75,98.5025,13.07775,83.26375,386.82,75.0225,386.688875,475.85885,220.741425,897.5975,103.275,6.157225,10.82775,10.391,55.89975,13.2455
10,10.25,98.5075,13.7655,80.62575,432.7525,81.32925,392.599875,485.2175,262.491475,982.0825,114.28,6.1185,10.84,10.3645,55.77875,19.55575
10,10.75,98.55,14.577,80.431,483.4475,89.6945,397.784675,487.778875,303.705075,1095.85,121.67,6.42555,11.059,10.476,62.988,25.4645
10,11.25,98.54,15.57,79.488,515.915,95.9195,403.72525,495.2374,322.283,1167.6,125.14,6.54845,11.06,10.57425,52.8635,29.202
10,11.75,98.54,16.3365,77.459,538.4175,98.5875,405.957575,499.906425,333.100275,1220.45,126.31,6.5027,11.0085,10.6045,45.356,31.843
10,12.25,98.5325,17.147,75.6375,547.84,99.0195,410.5734,500.926,360.16785,1237.15,126.67,6.67025,11.148,10.738,48.256,29.224
10,12.75,98.53,17.5325,73.4915,540.25,97.292,413.4366,503.3817,348.598,1196.8,124.265,6.44775,11.187,10.8205,38.952,31.9315
10,13.25,98.52,18.246,73.0015,532.16,96.079,415.31215,505.80295,340.91915,1179.1,119.9,6.63165,11.30575,11.03525,36.089,33.986
10,13.75,98.52,17.4105,72.391,499.305,91.4705,415.77945,502.9055,311.7055,1100.6,115.735,6.63505,11.35625,11.171,39.9655,30.4895
10,14.25,98.5475,17.701,71.461,469.79,84.34,417.98385,509.0411,287.42555,1019.35,109.31,6.3985,11.40075,11.1425,40.6275,31.0185
10,14.75,98.56,18.556,70.6355,409.065,76.89,415.98015,507.6903,225.12905,899.455,101.1,6.5361,11.45275,11.2255,33.968,24.2995
10,15.25,98.595,18.38,70.3705,339.22,67.12,411.81875,501.7451,167.0868,743.58,84.5255,6.18545,11.5115,11.2785,26.8265,22.102
10,15.75,98.6275,18.9725,70.716,274.3275,56.5045,410.10825,497.439575,115.2021,596.38,68.6385,5.93415,11.5155,11.403,21.34675,19.26525
10,16.25,98.66,18.623,70.9445,191.64,43.651,403.81935,498.82495,59.013,429.115,50.4635,5.32575,11.54475,11.40775,12.99425,14.932
10,16.75,98.66,17.8405,73.453,119.17,31.5565,398.1524,485.91925,11.02855,265.9,34.03,4.8392,11.57825,11.3345,6.8736,9.15005
10,17.25,98.6275,16.688,75.049,49.8505,17.3195,388.71415,479.15245,-19.4323,112.585,17.083,4.72515,11.6295,11.355,-3.5183,4.79995
10,17.75,98.6375,15.3405,78.002,13.0365,3.76275,380.6517,463.4006,-24.16055,33.947,4.9817,4.20525,11.68025,11.3455,-4.89995,-0.64187
10,18.25,98.65,13.9545,80.285,0.35142,1.5974,375.57965,447.4885,-22.6516,2.7659,0.29144,3.95945,11.7105,11.338,-5.0011,-4.0128
10,18.75,98.6325,13.2955,81.5645,0,1.40995,371.86585,440.23515,-23.9001,0.11629,-0.0439235,4.1293,11.732,11.334,-5.52815,-4.50755
10,19.25,98.605,13.0875,84.3865,0,1.53645,368.8938,434.04215,-25.87975,0.076389,-0.067871,4.4716,11.75675,11.3355,-5.74235,-5.41275
10,19.75,98.5975,12.737,86.2095,0,1.5915,363.62745,433.6199,-31.32675,0.0780435,-0.0709985,4.4945,11.7715,11.3005,-7.39185,-6.2432
10,20.25,98.57,12.042,86.9265,0,1.67445,361.59135,431.26975,-25.73915,0.073688,-0.070171,4.5538,11.76675,11.2795,-7.78025,-7.01095
10,20.75,98.5375,11.898,87.1165,0,1.5207,361.70565,431.3013,-29.84285,0.0729975,-0.0804255,4.41775,11.7705,11.2715,-9.0959,-7.90885
10,21.25,98.535,11.0515,88.789,0,1.5476,360.816,426.1448,-27.00205,0.0708515,-0.074225,4.41365,11.7805,11.244,-9.26325,-8.3204
10,21.75,98.53,10.62,90.4605,0,1.5585,358.90105,422.60575,-22.62365,0.069557,-0.080051,4.3928,11.77875,11.224,-7.53135,-7.81835
10,22.25,98.5375,10.687,91.0975,0,1.7529,356.4802,421.8639,-21.20685,0.0695205,-0.0789555,4.31425,11.77675,11.208,-8.17645,-8.33885
10,22.75,98.5725,10.279,90.8225,0,1.51405,356.0721,421.1205,-19.4223,0.0645295,-0.0819975,4.16615,11.763,11.192,-6.78185,-7.74115
10,23.25,98.585,9.7979,91.8125,0,1.5813,352.4306,420.6008,-18.0915,0.071888,-0.0847115,4.3376,11.672,11.1555,-6.90125,-7.87655
10,23.75,98.5975,9.5197,92.2655,0,1.60985,351.66885,422.93005,-16.3268,0.0678725,-0.0825185,4.1268,11.55425,11.1145,-7.6125,-7.6861
11,0.25,99.09,1.378575,88.358,0,1.2896,313.997075,378.201025,-11.918025,0.04787525,-0.1132,4.76145,4.0372,4.526,-7.06255,-5.7566
11,0.75,99.105,1.4647,87.749,0,1.5266,313.212575,375.554475,-13.85645,0.0498705,-0.109345,4.92555,3.9792,4.4946,-7.34265,-5.31175
11,1.25,99.12,1.14565,88.829,0,1.4412,313.985675,373.810425,-11.768975,0.04330775,-0.10252,4.69875,3.91205,4.4716,-7.5446,-5.0219
11,1.75,99.1275,0.9698025,88.81125,0,1.3053,314.0753,372.95925,-11.5249,0.04615925,-0.116295,4.7506,3.8834,4.44825,-7.558,-5.13225
11,2.25,99.13,0.76272,89.49975,0,1.24595,313.6804,371.20605,-10.234525,0.0448515,-0.109475,4.9595,3.88295,4.42235,-7.37535,-5.48745
11,2.75,99.13,1.133,89.9205,0,1.311575,312.8813,370.08665,-11.101875,0.04337275,-0.118565,4.55005,3.7689,4.40105,-7.7927,-6.0619
11,3.25,99.1625,0.6873925,90.901,0,1.449125,311.95725,368.2124,-11.186975,0.0449965,-0.12344,4.591575,3.7134,4.3716,-7.59515,-6.214
11,3.75,99.1925,0.548485,90.7665,0,1.36975,311.998525,372.27175,-9.060725,0.04328,-0.12217,4.168575,3.6586,4.33785,-7.71585,-6.16155
11,4.25,99.17,0.451755,91.75225,0,1.324,312.0577,366.354475,-8.652,0.0419395,-0.12056,4.4729,3.6348,4.2842,-7.4278,-6.27395
11,4.75,99.22,0.3639575,91.53925,0,1.4039,311.935625,360.262375,-9.848325,0.0413265,-0.12595,4.5258,3.61155,4.22045,-7.6102,-6.2341
11,5.25,99.1825,0.337265,91.7435,0,1.384625,311.641575,366.585025,-8.690975,0.0389395,-0.12371,4.407975,3.6013,4.1916,-7.8457,-6.4263
11,5.75,99.1925,0.384515,91.59,0,1.557275,311.378375,373.155175,-10.615,0.03864575,-0.11875,4.1402,3.5936,4.15525,-8.0402,-6.85695
11,6.25,99.14,0.56654,90.9755,0,1.5301,311.456325,371.768525,-9.870625,0.045062,-0.12261,4.0755,3.5936,4.12455,-8.33895,-6.9512
11,6.75,99.11,0.4877275,91.249,0,1.465375,311.45255,367.2593,-9.60465,0.122365,-0.10963,4.1557,3.5838,4.0738,-8.80605,-6.9096
11,7.25,99.095,0.5423675,90.95775,0.4305125,1.72815,310.0992,370.050725,-10.386625,2.618475,0.388555,4.5171,3.57585,4.0061,-8.63185,-6.93045
11,7.75,99.065,0.40003,90.88375,13.23425,6.2904,311.6265,368.693275,-7.030825,30.291,4.58215,4.258475,3.58515,3.9064,-8.57685,-6.90335
11,8.25,99.02,0.409175,89.409,46.7065,21.72575,312.9143,374.753525,-0.398725,102.28,25.1465,4.4329,3.55495,3.8539,-6.6689,-6.32585
11,8.75,98.98,0.9417575,88.208,110.21,39.94325,313.7222,388.606025,16.560075,221.0225,53.025,4.39765,3.5584,3.83035,-1.8479,-5.37555
11,9.25,99.0025,1.717075,86.64725,158.09,48.0385,317.72365,399.8666,49.40215,349.64,67.051,4.8782,3.54795,3.77705,1.9433,-2.73195
11,9.75,99.0275,2.689325,85.07425,225.84,54.14525,325.880575,409.256675,84.866725,466.75,82.586,4.79105,3.5329,3.77705,3.92785,1.73615
11,10.25,99.0625,3.821,84.39575,268.94,63.316,333.866175,417.988825,131.913725,579.945,102.9185,5.285925,3.5302,3.73235,11.848,4.0618
11,10.75,99.09,5.076425,82.34175,301.585,70.327,339.153725,433.5935,159.4923,672.3125,127.3,5.7028,3.5231,3.7101,18.7715,7.0684
11,11.25,99.0825,6.0089,80.387,347.285,73.88525,345.8611,438.487,183.310425,744.4875,151.48,5.78955,3.51805,3.70025,33.5325,9.01685
11,11.75,99.0375,6.57995,81.3175,371.995,76.291,352.213925,448.99105,197.120025,791.6175,151.48,5.6919,3.6161,3.66425,40.76,7.4611
11,12.25,99.0575,7.59695,79.3435,383.4275,77.617,354.619775,452.86375,214.236575,822.09,127.125,5.70755,3.69875,3.67155,38.365,6.3376
11,12.75,99.055,8.17435,78.839,367.88,74.24875,358.271725,458.053375,207.270025,792.91,131.64,5.671725,3.833075,3.68545,19.927,12.993
11,13.25,99.06,8.832,78.017,349.8175,69.75175,359.86025,465.00915,192.3993,747.8575,98.80875,5.966375,3.9689,3.77465,17.32925,20.36325
11,13.75,99.0675,8.9254,78.194,317.755,61.075,359.08335,464.4913,149.9523,671.225,96.302,5.8811,3.8306,3.8432,29.98,21.214
11,14.25,99.0975,9.11945,77.681,264.315,55.188,356.0864,462.48995,113.6219,570.125,77.877,5.9774,3.859375,3.9055,29.2775,13.65925
11,14.75,99.135,9.182975,76.69325,216.66,49.1575,355.68645,460.98915,74.129675,460.27,68.956,6.1583,3.900075,3.9743,20.206,12.333
11,15.25,99.1275,9.1962,77.59725,156.715,39.0515,352.4169,451.3602,31.91525,332.875,52.4135,5.628525,4.142975,4.031925,10.08255,8.387975
11,15.75,99.1575,8.92125,77.26875,96.79575,27.5885,348.71725,449.407525,6.226225,209.58,40.1625,5.02035,4.3069,4.11645,2.640275,5.416025
11,16.25,99.16,8.35915,79.22725,40.927,16.498,343.65345,439.5118,-12.903575,87.58925,17.852,4.6239,4.35025,4.182725,0.150965,1.185225
11,16.75,99.1525,7.29895,80.36225,13.56075,4.173475,335.46255,426.4912,-22.94685,34.2465,4.0842,3.942375,4.371125,4.238375,-0.37389,-1.200675
11,17.25,99.155,6.562775,83.15675,0,1.35555,328.14545,409.45685,-24.700875,3.007125,0.389025,4.17885,4.379775,4.261025,-2.12085,-2.8395
11,17.75,99.095,5.148075,84.3965,0,1.23885,323.3558,400.47635,-25.091925,0.1586875,-0.079998,4.364075,4.4108,4.287675,-1.9381,-3.74615
11,18.25,99.0375,4.745075,84.802,0,1.1815,321.416575,399.5092,-21.82755,0.05521,-0.088806,4.7343,4.433525,4.3315,-2.280225,-3.21905
11,18.75,98.99,3.949075,85.43375,0,1.364825,318.455325,396.26105,-19.27555,0.0529985,-0.1066725,4.706675,4.467175,4.3429,-2.380475,-3.484525
11,19.25,99.005,3.927825,86.456,0,1.471775,318.032825,386.691775,-18.494175,0.05132075,-0.1065275,4.87355,4.483825,4.350025,-3.62025,-3.9787
11,19.75,99,3.981275,87.371,0,1.549725,318.191025,383.029275,-17.804375,0.04853225,-0.10089,5.0246,4.4394,4.334625,-4.859175,-4.489075
11,20.25,98.985,3.301125,87.995,0,1.4961,318.06585,385.18505,-17.030275,0.049679,-0.1047275,4.897225,4.2844,4.330725,-6.3719,-4.76985
11,20.75,99.0025,2.932525,88.02475,0,1.631075,315.604275,383.792575,-19.7984,0.04619875,-0.1085,5.35885,4.110125,4.3154,-5.40565,-5.1831
11,21.25,99.015,2.573375,88.5085,0,1.31125,316.478625,374.23605,-17.683425,0.0479545,-0.09686275,4.927825,4.019,4.306,-6.417375,-4.69825
11,21.75,99.035,2.52065,88.30075,0,1.276525,316.254525,380.5599,-15.5511,0.04353675,-0.10330125,4.890025,4.0038,4.3034,-6.171175,-5.12455
11,22.25,99.0775,1.928325,86.598,0,1.291225,314.903275,376.672275,-17.50375,0.04895125,-0.1078575,5.079375,3.984225,4.302225,-6.344525,-5.027025
11,22.75,99.0675,1.72145,86.901,0,1.014965,314.532225,377.75115,-15.691525,0.04457325,-0.1054875,5.083525,3.9876,4.291,-6.57175,-5.16775
11,23.25,99.0575,1.73385,87.94925,0,1.2981,314.25755,374.49445,-14.730725,0.04679525,-0.102085,5.066775,3.917675,4.27985,-7.22295,-5.394475
11,23.75,99.0875,1.261675,87.26525,0,1.15715,314.248375,374.6905,-16.851875,0.046373,-0.1087975,4.91935,3.874325,4.27655,-6.7785,-5.53355
12,0.25,99.29,-5.5929,87.374,0,1.1831,283.1816,311.8178,-12.0945,0.021574,-0.083141,4.8232,0.660865,0.216785,-12.237,-8.09605
12,0.75,99.24,-5.6287,87.29,0,1.0951,282.9686,316.1907,-8.9694,0.026265,-0.082558,4.85285,0.66053,0.21401,-11.993,-8.38995
12,1.25,99.23,-6.1589,87.06,0,1.1482,283.0445,325.7785,-10.056,0.018943,-0.0858615,5.4251,0.649525,0.20884,-12.724,-8.8384
12,1.75,99.28,-6.9027,87.46,0,1.2171,281.4214,326.3136,-10.2349,0.022244,-0.08374,6.1915,0.65362,0.19271,-13.573,-8.78575
12,2.25,99.26,-7.1332,87.653,0,1.2106,278.221,325.2749,-12.816,0.019275,-0.0879805,6.1198,0.650945,0.2011,-14.0575,-8.47385
12,2.75,99.25,-7.5135,87.867,0,1.2124,277.4526,320.7718,-7.627,0.025947,-0.092789,4.9364,0.65489,0.20746,-14.5685,-8.7328
12,3.25,99.21,-8.0161,88.263,0,1.1033,277.1573,311.1058,-9.8612,0.026267,-0.091707,5.4383,0.658025,0.22053,-14.76,-9.4748
12,3.75,99.23,-8.4812,88.455,0,1.1636,277.1253,307.1882,-8.3747,0.020613,-0.0929885,4.98055,0.65769,0.236465,-15.6365,-9.4767
12,4.25,99.28,-8.5071,88.234,0,1.0047,276.0112,308.1153,-8.9642,0.022674,-0.0901035,4.33555,0.660145,0.223155,-14.841,-8.791
12,4.75,99.23,-8.509,88.533,0,1.1514,276.2118,308.8615,-6.8606,0.013638,-0.087122,4.96455,0.65453,0.20607,-14.4785,-8.35665
12,5.25,99.31,-8.6537,88.782,0,1.1612,276.6663,308.3438,-6.1193,0.017953,-0.087946,4.192075,0.64102,0.201205,-14.2085,-8.3077
12,5.75,99.32,-8.7091,88.97,0,1.054,276.1047,308.395,-6.7418,0.015287,-0.0859815,4.681375,0.635225,0.19481,-13.923,-8.0926
12,6.25,99.28,-8.4618,88.21,0,1.0077,276.1065,297.7426,-9.6303,0.019283,-0.092078,5.422925,0.630365,0.193405,-13.486,-8.47805
12,6.75,99.28,-8.3822,89.034,0,1.1827,276.406,299.4529,-8.4673,0.01996,-0.0879535,5.41835,0.6353,0.1967,-13.2735,-8.4475
12,7.25,99.19,-8.2612,88.39,0,1.002,277.6051,304.1078,-7.2931,0.024278,-0.0843735,4.4033,0.621735,0.18301,-12.7375,-8.1141
12,7.75,99.12,-8.1886,88.009,0,1.3353,276.7539,299.2213,-6.9968,0.31891,0.199585,4.79155,0.62677,0.178075,-13.4345,-7.9894
12,8.25,99.24,-8.0377,87.919,4.9014,4.8081,277.5451,299.1278,-3.7792,12.242,5.97615,5.581125,0.62243,0.180815,-13.239,-7.936
12,8.75,99.23,-7.9825,87.59,27.551,25.276,278.2017,301.4082,-4.1527,52.896,37.6325,4.7023,0.62111,0.22356,-11.5855,-7.21235
12,9.25,99.26,-7.6318,87.1,76.771,68.212,278.445,305.1645,5.3531,127.48,113.3,3.886825,0.6205,0.249275,-11.3225,-6.60495
12,9.75,99.24,-7.626,87.095,126.65,106.06,281.1974,308.2371,12.8086,236.03,201.855,3.6109,0.622445,0.270545,-8.09375,-5.8148
12,10.25,99.2,-7.3879,86.306,168.69,139.29,283.848,312.1532,25.2183,330.75,292.145,4.11245,0.5897075,0.25854,-4.4978,-4.1112
12,10.75,99.22,-6.9765,85.44,213.49,167.39,285.1418,324.3889,28.5341,432.895,344.185,4.4692,0.58654,0.24305,-3.0663,-2.7462
12,11.25,99.16,-6.6013,84.485,247.5475,187.285,287.080825,327.340625,37.00745,508.105,416.19,4.7034,0.57464,0.240435,-0.8538725,-1.78365
12,11.75,99.12,-6.2704,83.7995,269.505,181.48,288.50885,336.5697,42.69865,552.3675,409.055,4.80095,0.575345,0.232945,-0.1437,-1.57555
12,12.25,99.13,-6.1045,83.09,282.7325,186.3625,289.5329,335.676125,40.04015,588.905,439.05,5.7377,0.5636925,0.22557,0.785946,-0.551175
12,12.75,99.12,-5.800375,82.64525,275.35,176.8925,290.3289,332.152675,36.178425,576.09,403.035,4.5307,0.55665,0.198075,0.90097,0.38367
12,13.25,99.09,-5.427,82.967,279.78,183.7525,291.41635,334.64545,35.498175,582.4775,415.75,4.818475,0.55225,0.18513,0.772265,0.532715
12,13.75,99.13,-5.39955,82.57525,248.96,168.6875,291.14325,333.3288,35.3334,523.0225,369.105,4.7153,0.5569225,0.19414,0.3394,0.31514
12,14.25,99.15,-5.4091,82.038,200.0025,138.6,290.9904,343.3257,20.80735,425.945,305.275,4.63635,0.5545825,0.18918,-0.811845,0.204405
12,14.75,99.17,-5.417875,81.50675,149.7925,96.96875,290.474175,351.59375,9.915075,327.7275,212.08,4.3055,0.5580175,0.195035,-4.2,-1.53476
12,15.25,99.18,-5.534175,82.492,97.9005,66.3535,290.09605,345.525225,0.8775,208.7875,139.63,4.8478,0.54143,0.165995,-6.42895,-3.5815
12,15.75,99.24,-5.412225,83.56875,53.7915,40.01875,289.0754,340.76705,-5.312325,114.625,79.399,4.669025,0.5385875,0.15635,-6.64695,-4.1569
12,16.25,99.29,-5.46615,84.0805,15.74875,12.55925,287.43275,335.031925,-14.217875,33.7835,22.931,4.5137,0.523245,0.13546,-7.50865,-5.27555
12,16.75,99.27,-5.6489,84.15175,0.9774225,2.1615,287.084175,329.7529,-14.923525,3.28615,2.17605,4.751,0.5263475,0.1383425,-9.11045,-6.3198
12,17.25,99.32,-5.79275,85.61675,0,1.0771,283.813225,328.632825,-17.7128,0.1633625,-0.0166065,4.004325,0.52684,0.145645,-9.69295,-7.00035
12,17.75,99.35,-5.8099,86.8045,0,1.124725,282.028575,330.333675,-15.6408,0.02509275,-0.0908995,3.9044,0.517,0.1440825,-11.121,-7.7872
12,18.25,99.31,-5.9135,86.77375,0,1.036225,281.096875,329.302925,-15.86125,0.025122,-0.093587,4.496925,0.51173,0.140986,-11.3045,-7.9198
12,18.75,99.26,-6.0146,85.97025,0,1.0475,280.953925,335.917,-12.186875,0.0259705,-0.091429,4.53355,0.498085,0.1476445,-11.478,-7.83415
12,19.25,99.2,-6.259425,85.71725,0,1.025825,280.119725,327.412575,-13.08195,0.02671725,-0.0894985,4.6366,0.505465,0.157987,-11.9975,-7.97345
12,19.75,99.17,-6.449975,86.4565,0,1.180125,282.39795,319.342425,-11.2378,0.02408525,-0.085551,4.8699,0.507145,0.161845,-12.124,-8.1808
12,20.25,99.17,-6.42725,86.5305,0,1.21075,279.8241,316.42635,-10.21,0.021194,-0.0859725,5.2031,0.4889675,0.160905,-11.755,-8.08655
12,20.75,99.15,-6.511,86.65125,0,1.157125,279.4619,312.6872,-11.2941,0.01894075,-0.0832085,4.76145,0.49686,0.166785,-13.095,-8.3817
12,21.25,99.19,-6.7696,86.587,0,1.0377,279.9313,309.52495,-11.183075,0.0200215,-0.0833725,5.355775,0.483855,0.1642,-13.255,-8.37185
12,21.75,99.25,-6.881875,86.53075,0,1.12675,280.258725,307.7165,-11.075775,0.02367625,-0.0860585,5.55025,0.476395,0.153127,-13.3085,-8.3401
12,22.25,99.24,-6.996975,86.25475,0,1.21455,280.233775,314.1491,-19.839475,0.01804375,-0.084801,4.9291,0.46253,0.14699,-13.298,-8.33055
12,22.75,99.21,-7.32085,87.20775,0,1.05565,280.366,315.4545,-14.6738,0.02168725,-0.090726,5.0057,0.4535825,0.142235,-13.5855,-8.5639
12,23.25,99.23,-7.42485,86.834,0,1.016075,280.7026,315.143075,-15.084175,0.02452375,-0.0854445,4.3553,0.447705,0.125174,-13.8395,-8.8921
12,23.75,99.26,-7.331475,86.87425,0,1.1107,280.9568,311.8584,-14.8288,0.025928,-0.0862335,4.0198,0.598535,0.208825,-11.86475,-8.80385
