DOY2,HR2,USTAR,TA_1_1_1,WS,FC,H,LE,RH,CO2,VPD,NETRAD,PPFD_IN,SW_IN,PPFD_OUT,SW_OUT,H2O_1_1_1
1,0.25,0.52725,-18.56875,3.02625,0.29875,-4.5355,0.0585,80.00725,387.86,0.26,-1.37925,0,-0.28375,0.4315,0.213,0.99225
1,0.75,0.51475,-18.7805,2.94475,0.36475,-3.1525,0.112,80.0595,387.81575,0.26,-2.911,0,-0.1425,0.42075,0.1775,1.03375
1,1.25,0.516,-18.988,2.94225,0.37275,-5.208,0.0845,80.02025,387.9495,0.2475,-4.4585,0,-0.19125,0.43325,0.17875,1.04625
1,1.75,0.533,-19.27325,2.9475,0.2715,-3.098,0.0525,80.17225,387.99575,0.24,-2.3495,0,-0.181,0.423,0.187,1.081
1,2.25,0.5425,-19.48975,2.98325,0.31525,-3.2765,0.0675,80.44625,387.91375,0.24,-2.19975,0,-0.075,0.42125,0.21075,1.097
1,2.75,0.5455,-19.81375,3.045,0.29375,-3.8525,0.0455,80.363,387.99175,0.24,-3.2425,0,-0.132,0.42,0.2245,1.101
1,3.25,0.5445,-19.79,2.961,0.25,-2.88275,0.0585,80.7575,387.91025,0.24,-1.90175,-0.483,0.086,0.41925,0.19025,1.057
1,3.75,0.52725,-19.65075,2.8765,0.33075,-2.052,0.104,80.78625,388.043,0.24,-2.1065,0.399,0.046,0.40575,0.24375,1.008
1,4.25,0.5315,-19.74825,2.8595,0.255,-1.931,0.082,81.1285,388.071,0.24,-2.19725,0.675,-0.02225,0.456,0.23625,0.9635
1,4.75,0.52,-19.79475,2.845,0.298,-4.142,0.088,81.27325,388.133,0.24,-2.259,0.45625,-0.01275,0.46275,0.23975,0.9485
1,5.25,0.4955,-19.6835,2.773,0.356,-4.87175,0.002,81.177,388.221,0.2375,-2.274,-0.0025,0.01075,0.4495,0.21625,0.966
1,5.75,0.514,-19.89125,2.837,0.273,-3.858,0.0555,81.27225,388.356,0.24,-2.27775,-0.77975,-0.01125,0.40825,0.2285,0.963
1,6.25,0.48,-19.89325,2.8605,0.333,-5.252,0.104,80.92125,388.415,0.2375,-2.51625,0.00925,-0.1285,0.42575,0.2275,0.953
1,6.75,0.4865,-19.9795,2.9575,0.368,-3.0925,0.1095,81.24325,388.553,0.24,-2.58425,-0.929,-0.1605,0.43775,0.2435,0.9415
1,7.25,0.506,-20.1055,2.973,0.32,-3.004,0.067,81.37975,388.413,0.24,-2.948,-0.6765,0.00425,0.41125,0.25275,0.93875
1,7.75,0.4905,-20.17075,2.9425,0.302,-4.78,0.081,81.4095,388.409,0.24,-2.3255,-1.3405,0.03475,0.40425,0.233,0.94075
1,8.25,0.51,-20.108,2.798,0.283,-3.812,0.072,81.36925,388.455,0.24,-2.11425,0.73575,0.07175,0.54075,0.3135,0.9445
1,8.75,0.497,-20.01875,2.914,0.276,-1.98625,0.04975,80.8805,388.697,0.24,-0.55425,7.168,3.91275,1.603,1.25925,0.9445
1,9.25,0.519,-19.772,2.9495,0.2835,-1.442,0.157,81.06875,388.735,0.24,7.00575,31.11825,26.87125,7.04675,5.53325,0.97475
1,9.75,0.5455,-19.49825,3.015,0.387,1.998,0.214,80.6815,388.599,0.2575,19.87825,85.59475,71.186,15.94975,11.12775,1.021
1,10.25,0.604,-19.12175,3.2345,0.515,15.717,0.38,80.51775,388.256,0.26,41.073,177.803,113.927,26.5025,17.3375,1.02875
1,10.75,0.66,-18.75775,3.6045,0.499,32.516,1.001,79.7585,388.163,0.27,66.3825,241.43275,154.544,34.19425,23.27625,1.016
1,11.25,0.662,-18.39325,3.4195,0.525,49.151,1.376,79.10625,387.935,0.2875,88.15875,295.0295,193.07925,41.904,33.61925,1.035
1,11.75,0.67,-18.011,3.314,0.563,65.315,1.895,79.25,387.836,0.325,98.7635,334.654,242.77775,48.6745,39.95025,1.1305
1,12.25,0.668,-17.2355,3.4955,0.555,72.114,2.632,79.31675,387.826,0.3375,111.04225,393.116,253.263,52.138,38.2565,1.202
1,12.75,0.7115,-16.86525,3.509,0.58,75.758,2.09,79.407,387.839,0.35,111.95025,375.7055,247.499,53.015,37.20725,1.18475
1,13.25,0.70425,-16.3485,3.6185,0.57,76.371,2.68,79.59,387.766,0.36,104.3225,385.954,232.78775,52.18375,36.965,1.207
1,13.75,0.75075,-16.14675,3.5965,0.675,70.19825,2.288,79.24675,387.753,0.3775,102.1095,362.62375,238.85175,47.12325,36.3395,1.185
1,14.25,0.7085,-16.178,3.66225,0.664,55.404,2.395,78.68875,387.67,0.38,83.30325,311.062,205.72,39.619,34.102,1.20875
1,14.75,0.71325,-16.22625,3.5405,0.511,45.698,1.99625,78.43425,387.638,0.3875,61.539,250.6745,170.21375,31.25525,30.33975,1.2295
1,15.25,0.69975,-16.12375,3.44525,0.481,25.76125,1.64525,78.151,387.634,0.3875,39.1055,181.393,132.22075,23.30325,26.1425,1.211
1,15.75,0.70875,-16.46325,3.41425,0.52,11.333,0.5635,79.24,387.672,0.4,17.80875,118.223,88.151,16.2715,18.3065,1.19
1,16.25,0.634,-16.6025,3.176,0.373,-1.145,0.385,79.723,387.713,0.3725,0.083,53.6215,34.66325,8.08575,7.11,1.202
1,16.75,0.55425,-16.9095,3.027,0.34,-1.334,0.143,80.0015,387.764,0.3275,-3.63575,18.7365,6.5425,2.656,1.213,1.20825
1,17.25,0.5585,-17.30675,3.2165,0.292,-3.2635,0.1205,79.9445,387.775,0.315,-5.679,4.77775,-0.25325,0.74025,0.052,1.153
1,17.75,0.5805,-17.5155,3.128,0.337,-3.404,0.066,79.829,387.87,0.3,-5.66275,3.68,-0.55,0.468,0.062,1.124
1,18.25,0.62225,-17.52675,3.2925,0.398,-5.874,0.112,79.809,387.80225,0.2875,-5.01775,4.086,-0.4455,0.48125,0.088,1.1485
1,18.75,0.6255,-17.58225,3.20775,0.349,-5.805,0.179,80.14175,387.82875,0.2875,-6.09875,4.505,-0.47675,0.4885,0.0705,1.11575
1,19.25,0.585,-17.65825,3.12725,0.365,-6.52325,0.042,79.8315,387.92025,0.2875,-5.108,3.39,-0.398,0.4885,0.08375,1.11575
1,19.75,0.60075,-17.52925,3.21175,0.42425,-4.6525,0.07025,79.9785,387.92375,0.27,-4.2385,3.36575,-0.362,0.4625,0.09125,1.113
1,20.25,0.58175,-17.652,3.195,0.469,-4.606,0.14675,79.82325,387.855,0.26,-3.21775,2.84375,-0.366,0.476,0.113,1.112
1,20.75,0.60275,-17.7685,3.1815,0.3635,-2.3875,0.1155,79.8255,388.0305,0.2675,-2.916,3.461,-0.168,0.4715,0.11725,1.113
1,21.25,0.5765,-17.862,3.19025,0.346,-4.4275,0.21325,79.9685,388.0355,0.26,-3.3495,2.2285,-0.256,0.41225,0.1505,1.111
1,21.75,0.57875,-18.29075,3.03125,0.31575,-5.8535,0.06575,79.54625,388.07025,0.2675,-2.70575,3.15425,-0.305,0.4375,0.11975,1.092
1,22.25,0.546,-18.36025,3.04225,0.30775,-6.492,0.09025,79.622,388.098,0.2675,-3.602,0,-0.07,0.47175,0.16975,1.054
1,22.75,0.5425,-18.52575,2.9985,0.29975,-4.90175,0.1075,79.70025,388.1235,0.26,-4.0945,0,-0.10475,0.4275,0.11525,1.037
1,23.25,0.53675,-18.8165,3.11275,0.31475,-4.157,0.089,79.559,388.11125,0.2575,-3.33725,0,-0.051,0.41425,0.15875,1.048
1,23.75,0.5055,-18.96075,3.005,0.285,-3.158,0.091,80.08825,387.915,0.2575,-4.1125,0,-0.141,0.43275,0.17575,1.061
2,0.25,0.4675,-13.69025,2.85975,0.3045,-3.198,0.206,84.203,396.11625,0.35,-14.088,1.133,-0.276,0.4935,0.00325,1.60325
2,0.75,0.449,-13.675,2.71775,0.2455,-3.2005,0.084,84.17825,396.2585,0.345,-12.494,1.761,-0.119,0.49,0.02,1.642
2,1.25,0.4465,-13.56825,2.707,0.2905,-2.9515,0.2935,83.799,396.28625,0.33,-10.8595,1.50075,-0.1815,0.46275,0.03975,1.6565
2,1.75,0.455,-13.365,2.7165,0.2985,-3.4605,0.2205,83.67575,396.313,0.31,-11.643,0.276,-0.1185,0.45975,0.0445,1.59675
2,2.25,0.4655,-13.317,2.8825,0.3355,-2.9225,0.1635,83.76175,396.3195,0.3075,-10.758,1.1515,-0.1395,0.511,0.058,1.554
2,2.75,0.4495,-13.418,2.72175,0.3085,-3.6545,0.1755,84.17475,396.3465,0.2975,-11.66075,0,-0.41,0.474,0.0855,1.4755
2,3.25,0.43375,-13.43675,2.77025,0.36625,-2.80375,0.3235,83.74025,396.33075,0.3075,-14.53525,2.5965,-0.4785,0.42575,0.1095,1.45475
2,3.75,0.455,-13.60475,2.816,0.252,-3.417,0.113,83.54225,396.375,0.29,-10.425,2.63,-0.37825,0.471,0.1595,1.39675
2,4.25,0.4415,-14.0305,2.6825,0.4305,-4.485,0.176,83.049,396.63,0.29,-7.788,2.15125,-0.139,0.41225,0.0895,1.401
2,4.75,0.4225,-14.03725,2.6525,0.2585,-1.423,0.2185,82.918,396.513,0.28,-9.6965,2.76425,-0.0445,0.4465,0.12975,1.415
2,5.25,0.436,-14.221,2.578,0.33,-2.072,0.241,83.166,396.486,0.28,-6.0415,2.73,-0.118,0.48075,0.1215,1.636
2,5.75,0.4185,-14.359,2.6255,0.2515,-2.162,0.2125,82.829,396.538,0.28,-5.917,2.9295,-0.0785,0.4455,0.1045,1.41775
2,6.25,0.4265,-14.72375,2.695,0.354,-3.244,0.0835,83.148,396.494,0.28,-6.769,2.0575,-0.20825,0.4685,0.1405,1.401
2,6.75,0.409,-14.99275,2.7035,0.282,-2.34925,0.11725,82.698,396.492,0.26,-4.7905,2.34125,-0.14375,0.43875,0.147,1.4335
2,7.25,0.399,-15.22325,2.668,0.361,-1.04775,0.14375,82.205,396.38475,0.26,-4.88,3.8075,0.1335,0.56575,0.21175,1.538
2,7.75,0.425,-15.5055,2.69275,0.404,-1.581,0.138,82.401,396.3915,0.25,-0.449,10.993,3.8595,1.15925,0.8105,1.42525
2,8.25,0.43375,-15.57575,2.6865,0.328,-0.257,0.21,82.785,396.405,0.26,7.44925,48.3135,31.49275,5.6865,5.6065,1.42225
2,8.75,0.462,-15.25175,2.804,0.3385,12.53775,0.7095,82.542,396.4375,0.26,37.35,144.1415,91.5455,13.877,11.65125,1.496
2,9.25,0.527,-15.23375,2.7025,0.524,33.556,1.268,82.466,397.0865,0.29,74.86975,257.78575,132.792,22.10175,16.71775,1.4505
2,9.75,0.573,-14.6975,2.9665,0.765,62.187,2.005,82.415,397.001,0.31,110.362,373.493,187.36,29.10725,24.63375,1.43425
2,10.25,0.577,-13.89625,3.106,0.7265,82.06475,3.28475,82.131,396.46375,0.36,152.65575,493.404,261.1035,35.337,33.04975,1.54425
2,10.75,0.60525,-12.95125,3.11275,0.541,120.912,3.593,82.349,396.42925,0.41,190.588,630.421,311.956,39.739,35.163,1.576
2,11.25,0.629,-11.908,3.1625,0.623,146.901,3.953,82.626,396.4295,0.44,222.09875,715.345,358.43775,49.04725,37.1175,1.673
2,11.75,0.6315,-11.27725,3.147,0.7085,166.18,5.3635,82.529,396.44675,0.5,247.75425,811.65075,393.7165,54.14775,41.7735,1.844
2,12.25,0.661,-10.69675,3.044,0.61775,203.12575,6.43175,80.563,396.499,0.56,253.90025,804.7665,403.437,51.78775,39.10675,1.9095
2,12.75,0.652,-10.31,3.129,0.598,194.19875,6.91425,80.292,396.512,0.65,261.27625,863.36675,408.438,52.85075,38.00825,2.00425
2,13.25,0.64725,-9.79425,3.277,0.6855,189.90875,7.761,79.567,396.48375,0.77,264.3265,824.59325,400.1435,53.11275,37.3335,2.04
2,13.75,0.685,-9.28925,3.157,0.7505,192.49975,7.49525,78.871,396.45375,0.88,239.5925,782.11875,381.07675,50.71275,36.66825,2.046
2,14.25,0.631,-8.9675,3.132,0.66725,175.18375,8.8855,78.697,396.4015,0.93,220.4185,734.2585,357.0185,45.534,34.62475,2.0305
2,14.75,0.644,-8.7675,3.304,0.785,144.23175,8.08675,77.798,396.373,0.93,193.808,654.97025,321.6535,39.99225,32.723,1.894
2,15.25,0.629,-8.81525,3.345,0.7795,111.89625,6.68675,77.991,396.299,0.93,146.3635,526.21875,265.96275,32.2265,30.923,1.9145
2,15.75,0.628,-8.51675,3.333,0.5775,84.6195,5.8315,77.6,396.18125,0.9,111.864,442.87425,215.55525,26.5575,27.2345,1.924
2,16.25,0.6145,-8.222,3.289,0.521,49.9755,4.307,79.026,396.1215,0.92,66.408,304.715,158.01425,19.3355,23.608,1.959
2,16.75,0.5885,-8.3635,3.001,0.542,20.229,2.615,79.568,396.11175,0.89,31.0705,185.90075,94.325,13.3555,17.50175,1.94525
2,17.25,0.531,-8.63075,2.794,0.3695,5.3235,1.3495,80.55375,396.0615,0.8575,-4.565,90.47025,41.873,7.2125,6.7385,1.947
2,17.75,0.49775,-9.09675,2.651,0.274,-4.772,0.45,81.5625,396.094,0.7875,-21.8535,28.155,10.611,2.52225,1.1535,1.91375
2,18.25,0.4075,-9.51675,2.6485,0.276,-2.17175,0.424,82.29225,396.1035,0.6875,-24.5285,9.67975,-0.351,0.646,-0.06525,1.96
2,18.75,0.42625,-10.0345,2.70025,0.322,-3.57,0.334,82.7195,396.094,0.66,-22.2765,7.47,-0.74075,0.5965,-0.11425,1.8945
2,19.25,0.41975,-10.9385,2.66625,0.324,-2.952,0.257,83.17625,396.038,0.6175,-28.48225,7.34875,-0.885,0.555,-0.10625,1.8425
2,19.75,0.407,-11.51925,2.6885,0.23375,-3.5775,0.0975,83.5905,396.0595,0.5375,-26.33725,8.12475,-0.44175,0.56675,-0.0655,1.8645
2,20.25,0.456,-11.57875,2.772,0.39525,-1.302,0.17075,83.7035,396.0015,0.52,-24.35125,7.53525,-0.60375,0.57525,0.01425,1.8515
2,20.75,0.45575,-11.79725,2.77175,0.395,-4.2715,0.292,84.24825,395.9835,0.4875,-21.55025,7.045,-0.54975,0.5455,-0.01025,1.762
2,21.25,0.4475,-12.197,2.7055,0.287,-4.197,0.2425,84.72725,396.008,0.4675,-26.62075,7.1055,-0.47275,0.4855,-0.0205,1.768
2,21.75,0.45475,-12.8185,2.6725,0.3315,-4.356,0.2605,85.0385,396.017,0.4625,-22.7895,4.551,-0.653,0.4985,0.02975,1.649
2,22.25,0.4675,-13.3445,2.88725,0.37325,-5.16825,0.38325,84.96975,396.079,0.43,-20.9625,1.303,-0.3345,0.5045,0.03025,1.61825
2,22.75,0.4685,-13.44775,2.8575,0.2945,-5.6575,0.23975,84.94125,396.19,0.42,-16.41875,1.44425,-0.35825,0.50175,0.01675,1.641
2,23.25,0.4475,-13.5845,2.853,0.37725,-3.76075,0.2355,84.191,396.2765,0.4075,-14.738,1.91575,-0.38775,0.498,0.02475,1.67275
2,23.75,0.4245,-13.4925,2.7535,0.3395,-4.98925,0.175,84.121,396.305,0.39,-17.00375,1.4805,-0.3465,0.47375,-0.00125,1.674
3,0.25,0.472,-5.988,2.998,0.376,-4.22475,0.2205,84.99,404.231,0.8475,-12.094,1.49425,-0.79775,0.82325,0.039,2.93725
3,0.75,0.47,-6.05375,2.987,0.411,-5.6705,0.3305,84.529,404.22475,0.8,-14.17,1.3215,-0.9255,0.80475,0.0905,2.935
3,1.25,0.46575,-6.27925,3.06275,0.4515,-3.035,0.31725,85.063,404.26925,0.7825,-9.223,2.06,-0.5925,0.76575,0.089,2.883
3,1.75,0.503,-6.3015,3.2515,0.5775,-3.082,0.197,85.26,404.37125,0.6475,-11.956,1.07975,-0.4945,0.86725,0.0845,2.82
3,2.25,0.4875,-6.7975,2.95325,0.4425,-1.351,0.079,85.52675,404.383,0.6,-11.136,1.17075,-0.4525,0.80225,0.13475,2.696
3,2.75,0.50575,-6.7585,3.1195,0.519,-2.52325,0.221,87.106,404.355,0.5475,-9.276,1.79325,-0.48275,0.7725,0.08675,2.7855
3,3.25,0.487,-6.80275,3.122,0.45225,-2.8835,0.2985,87.013,404.35775,0.59,-7.733,15.4495,-0.44925,0.73875,0.09925,2.732
3,3.75,0.4975,-6.873,3.0505,0.35575,-4.0395,0.24625,86.194,404.407,0.5975,-8.148,15.8645,-0.4835,0.78575,0.06025,2.68125
3,4.25,0.488,-7.03925,3.0085,0.48925,-3.4575,0.4555,85.986,404.4795,0.555,-5.069,16.072,-0.41225,0.733,0.132,2.645
3,4.75,0.521,-7.19225,3.0865,0.581,-2.867,0.2375,86.126,404.4845,0.545,-5.541,16.274,-0.294,0.759,0.08275,2.68625
3,5.25,0.507,-7.4755,3.07375,0.7,-4.11125,0.076,85.667,404.47475,0.53,-4.68,17.507,-0.3225,0.781,0.13075,2.7295
3,5.75,0.49725,-7.857,3.1895,0.706,-1.398,0.423,86.052,404.489,0.515,-5.684,18.224,-0.37475,0.83475,0.16525,2.71
3,6.25,0.496,-8.45025,3.1345,0.46125,-2.7505,0.26225,86.352,404.474,0.46,-4.421,19.90175,0.63475,1.07375,0.33,2.6195
3,6.75,0.5125,-8.613,3.093,0.6245,1.9865,0.53875,86.366,404.47275,0.4875,0.603,41.523,10.83925,3.071,1.8815,2.5605
3,7.25,0.5495,-8.6575,3.0285,0.69375,7.0435,0.91275,86.343,404.572,0.4875,15.337,116.79675,54.3515,8.70925,8.46825,2.47275
3,7.75,0.571,-8.56725,3.32,0.91875,28.1085,1.78125,86.144,404.72625,0.525,54.191,216.15125,106.71375,16.6915,14.14675,2.545
3,8.25,0.627,-8.65975,3.3655,1.0595,50.7575,3.215,85.971,404.61975,0.5675,104.083,389.1985,187.03275,25.401,27.57175,2.5665
3,8.75,0.6565,-8.2145,3.3155,0.98075,103.293,6.488,85.34,404.59,0.7125,152.459,561.36125,260.14075,33.99175,31.6965,2.6475
3,9.25,0.6835,-7.74525,3.3995,0.94975,127.165,5.5495,83.979,404.5305,0.8425,209.163,721.54725,338.78675,42.909,35.2715,2.757
3,9.75,0.70525,-6.93125,3.571,0.988,178.55275,8.373,80.941,404.42575,1.0225,273.154,891.56375,409.7145,50.519,38.52925,2.76975
3,10.25,0.739,-5.6905,3.6625,1.085,224.71025,10.999,78.731,404.41,1.1575,319.29725,1023.1125,478.59975,57.27575,41.51975,2.866
3,10.75,0.7135,-5.11725,3.5785,0.9035,247.043,12.009,76.768,404.4385,1.3775,362.2115,1136.738,525.25375,65.031,46.89225,2.86825
3,11.25,0.75025,-4.77375,3.7135,1.09475,285.268,14.65525,73.3035,404.46275,1.56,380.35325,1227.331,568.14825,70.90025,50.78925,2.947
3,11.75,0.7775,-4.10575,3.8005,1.242,300.482,16.919,72.2775,404.432,1.7975,393.63275,1270.96475,576.13725,75.2165,55.37325,2.994
3,12.25,0.803,-3.48925,3.9,1.29,335.584,20.94,69.6105,404.39225,1.9775,403.95675,1262.25975,585.495,77.3615,54.92425,3.10675
3,12.75,0.835,-2.67675,4.027,1.136,321.7705,21.823,68.33375,404.4135,2.12,407.6595,1285.21775,598.7855,77.9455,51.868,2.946
3,13.25,0.8435,-2.11925,4.073,1.212,330.0355,19.634,67.40075,404.40625,2.275,399.823,1266.3585,585.9905,75.00125,51.65725,2.894
3,13.75,0.858,-1.44175,4.0855,1.358,306.771,20.125,66.9145,404.4085,2.4225,400.894,1269.0885,592.4735,74.25025,50.208,2.8845
3,14.25,0.86625,-1.25575,4.20425,1.231,286.9545,18.044,65.901,404.4155,2.5575,378.548,1200.81625,565.02625,67.9395,46.6815,2.863
3,14.75,0.842,-0.833,3.9195,1.071,261.17125,16.778,65.9165,404.332,2.57,345.033,1097.47475,515.6455,60.7885,44.45075,2.93875
3,15.25,0.82625,-0.401,3.7595,1.026,231.938,13.618,65.817,404.23325,2.61,308.331,982.64575,467.672,49.704,39.584,2.965
3,15.75,0.78325,-0.334,3.91075,1.02975,190.314,13.04475,65.84,404.16675,2.6125,255.737,833.22325,407.5895,41.15775,36.342,2.992
3,16.25,0.827,-0.42025,4.034,1.018,150.90525,13.40725,66.35,404.15275,2.6575,195.377,689.69925,335.96475,33.09075,31.72175,3.084
3,16.75,0.77825,-0.32,3.85725,0.949,105.6,11.5745,66.6715,404.158,2.67,141.669,519.4415,258.13875,26.01575,27.9795,3.126
3,17.25,0.7565,-0.549,3.7225,0.998,59.57075,8.1385,68.135,404.20625,2.6375,77.482,381.50025,184.25675,20.24125,24.90975,3.1175
3,17.75,0.684,-0.82675,3.5225,0.869,27.2405,6.433,70.288,404.2325,2.5725,38.459,213.91325,108.914,13.5315,18.357,3.109
3,18.25,0.592,-1.18475,3.3765,0.53,5.09825,3.015,71.34675,404.2405,2.44,5.188,106.0755,54.76625,7.13825,11.3555,3.1305
3,18.75,0.566,-1.63325,3.0335,0.5255,-5.982,1.42375,73.80325,404.2635,2.2025,-16.78875,43.405,8.34475,2.721,1.42225,3.1785
3,19.25,0.5305,-2.08675,2.9445,0.329,-6.52675,0.643,75.03825,404.291,1.975,-18.393,21.0335,-0.484,1.008,-0.05425,3.27025
3,19.75,0.479,-2.335,2.9365,0.31475,-5.83575,0.41075,75.95225,404.33825,1.7275,-13.47175,20.51675,-1.335,0.9065,-0.07175,3.31625
3,20.25,0.4915,-2.69675,2.8285,0.44925,-7.01425,0.389,77.4985,404.37925,1.6375,-11.45625,20.046,-1.133,0.86325,-0.022,3.3345
3,20.75,0.5065,-3.0565,3.0145,0.38,-7.6905,0.3675,78.82875,404.405,1.495,-12.3285,19.90775,-1.064,0.83275,-0.0075,3.31225
3,21.25,0.484,-3.32575,2.915,0.57125,-8.4875,0.4215,80.077,404.3865,1.38,-15.26225,18.858,-1.47075,0.79625,0.028,3.30775
3,21.75,0.49775,-3.67825,2.97275,0.427,-6.644,0.278,80.825,404.259,1.335,-12.5865,19.6645,-1.085,0.773,0.02075,3.278
3,22.25,0.5125,-3.9815,2.9635,0.472,-10.884,0.259,80.8165,404.22475,1.195,-13.226,0,-1.14925,0.7975,0.01075,3.25325
3,22.75,0.47425,-4.1725,2.935,0.53,-5.825,0.348,81.41175,404.22775,1.0975,-13.93375,0.1345,-1.112,0.834,0.024,3.248
3,23.25,0.4915,-4.526,2.962,0.546,-6.394,0.3875,82.4215,404.24025,1.0375,-12.3365,0.045,-0.9335,0.83475,0.05925,3.15275
3,23.75,0.491,-4.5835,2.917,0.4555,-7.34025,0.40925,83.87325,404.2375,0.9475,-10.76475,0,-0.835,0.81575,0.0445,3.03025
4,0.25,0.539,3.9105,2.883,0.997,-8.257,1.926,80.1005,409.959,3.1775,-12.291,0,-0.75075,0.542,0.21375,4.472
4,0.75,0.525,3.66425,3.116,1.304,-7.57625,2.463,81.0875,409.96275,2.945,-11.726,0,-0.77575,0.591,0.25,4.503
4,1.25,0.542,3.629,2.91875,1.103,-7.183,1.949,81.732,409.95275,2.69,-12.59,0,-0.80575,0.518,0.293,4.61475
4,1.75,0.511,3.3025,2.8195,0.97675,-4.174,1.1365,82.91875,410.11725,2.58,-11.25375,0,-0.66025,0.554,0.2255,4.619
4,2.25,0.50725,2.72,2.905,1.19525,-6.67675,2.3625,86,410.08375,2.48,-10.933,0,-0.66825,0.516,0.14825,4.619
4,2.75,0.503,2.50025,2.94975,1.054,-7.5035,1.806,85.941,410.0005,2.08,-10.596,0,-0.79475,0.581,0.12775,4.60125
4,3.25,0.52225,2.32825,2.973,1.1215,-6.9935,1.4195,85.933,410.09925,1.9425,-9.456,10.4685,-0.6015,0.606,0.25725,4.601
4,3.75,0.51625,2.01525,3.03,1.059,-5.35275,1.12975,85.959,410.25025,1.9125,-7.93,11.68,-0.52475,0.554,0.249,4.72
4,4.25,0.50175,1.8895,2.968,1.40475,-5.714,2.00175,87,410.20275,1.8175,-8.307,14.0925,-0.551,0.59,0.274,4.643
4,4.75,0.555,1.83925,2.95,1.214,-6.997,1.55625,87.752,410.30925,1.72,-10.3575,15.15375,-0.372,0.692,0.29325,4.5795
4,5.25,0.55675,1.7385,3.138,1.03075,-6.0515,1.1585,88,410.3735,1.6725,-7.7925,20.8675,2.841,0.981,0.70075,4.57125
4,5.75,0.587,1.872,3.222,1.0565,-1.7785,2.09075,88,410.4255,1.68,0.233,46.88825,20.9055,2.92,2.91775,4.5335
4,6.25,0.616,1.7915,3.301,0.9665,8.935,2.77575,87.9915,410.59325,1.6975,20.25675,126.778,56.0295,7.572,8.28025,4.511
4,6.75,0.65,1.84275,3.427,1.2625,24.25,4.348,86.877,410.74425,1.8225,46.836,234.82825,108.574,13.111,13.62575,4.487
4,7.25,0.668,2.3735,3.5465,1.1325,53.268,6.42575,85.286,410.471,2.015,97.066,398.691,180.98075,21.457,24.21775,4.586
4,7.75,0.724,3.3265,3.7075,1.34975,98.25725,9.34825,84.373,410.50975,2.3625,148.38625,565.7035,261.5705,28.428,29.841,4.6805
4,8.25,0.769,3.83825,3.7745,1.437,135.9445,13.039,82.706,410.35675,2.685,207.902,713.86,324.91875,34.893,32.83475,4.803
4,8.75,0.77325,4.2705,3.8605,1.21725,188.09775,15.55225,80.6605,409.767,3.11,270.565,889.27925,403.7845,42.297,36.48375,4.895
4,9.25,0.779,4.8565,3.92725,1.128,226.713,18.53575,79.014,409.50575,3.6225,325.511,1048.961,477.86575,49.575,39.18575,4.7745
4,9.75,0.836,5.61,4.19425,1.051,285.928,19.574,78.1505,409.29275,4.245,388.256,1207.575,543.91775,57.612,43.91575,4.7785
4,10.25,0.828,6.22375,4.00225,1.074,292.242,25.131,76.14,409.47525,5.04,434.398,1322.7055,601.01425,61.826,47.049,4.74
4,10.75,0.822,7.0865,3.93325,0.753,333.303,27.23,74.0715,409.33625,5.4675,464.2215,1416.29775,649.35325,69.979,51.68825,4.7115
4,11.25,0.828,8.4515,4.0595,0.824,364.74075,34.719,72.4495,409.49225,5.8325,514.196,1526.16575,700.9335,75.107,55.64025,4.7005
4,11.75,0.862,8.954,3.96,1.158,385.40375,34.436,70,409.3815,6.2975,530.697,1613.7565,738.87125,81.799,62.7975,4.7585
4,12.25,0.86625,9.777,4.031,0.947,381.49925,36.20225,67.03775,409.1615,6.79,558.9815,1623.09675,746.14575,83.702,60.431,4.88025
4,12.75,0.85225,10.56775,3.9305,1.174,416.55875,36.834,66.556,408.91575,7.64,566.348,1627.11925,753.94025,85.416,59.60325,4.8385
4,13.25,0.903,11.10675,4.0995,0.982,403.26,37.903,64.2235,408.844,8.2375,570.406,1633.45275,756.576,85.187,58.8335,4.706
4,13.75,0.931,11.58175,4.2635,0.63325,377.324,33.708,63.92425,408.827,8.7125,533.808,1584.60625,732.14825,84.316,57.32425,4.6535
4,14.25,0.905,11.4895,4.16125,0.938,347.5,32.1705,59.73575,408.7975,9.08,515.043,1508.9925,700.9235,78.635,55.82525,4.7835
4,14.75,0.888,12.00525,4.17075,0.847,311.631,29.80825,59.1175,408.8155,9.03,463.136,1367.732,632.701,66.633,49.55,4.56
4,15.25,0.9145,12.0305,4.38575,1.058,302.3245,30.29625,58.41375,408.81725,9.075,423.488,1290.29225,596.7925,54.753,47.095,4.644
4,15.75,0.9005,12.16725,4.2345,0.917,259.756,28.139,56.96475,408.8245,9.4425,376.382,1157.48075,536.6615,46.427,42.80275,4.7315
4,16.25,0.891,12.335,4.2925,1.17475,222.928,24.9615,57.49675,408.7335,9.4275,325.606,1000.963,474.75,37.13075,36.104,4.74725
4,16.75,0.82575,12.19,4.19275,0.918,171.648,19.366,62.137,408.74525,8.99,262.7705,828.479,391.109,30.74875,32.13,4.7655
4,17.25,0.809,11.75525,4.023,0.778,124.835,19.029,62.333,408.873,8.57,200.482,673.46375,323.783,25.973,27.8685,4.8865
4,17.75,0.75125,11.64125,3.9545,0.848,81.299,16.164,63,408.78,8.4075,138.914,499.41325,243.1475,20.577,24.30775,4.71
4,18.25,0.758,11.217,3.807,0.679,44.3495,10.10275,62,408.88525,8.125,73.024,329.48325,169.06125,14.75,22.34425,4.8205
4,18.75,0.69925,10.52125,3.703,0.78075,15.2075,7.4775,65,409.01875,7.175,30.322,197.37675,100.15475,9.807,15.736,4.7495
4,19.25,0.716,9.46425,3.5615,0.97525,-2.711,6.63825,67.75,409.27175,6.4375,-2.697,83.92925,40.89375,4.755,8.46625,4.806
4,19.75,0.6085,8.645,3.261,1.057,-4.21975,3.244,68.75,409.432,5.9575,-15.217,28.199,7.3305,1.636,0.90225,4.69975
4,20.25,0.572,7.756,3.03675,0.72,-7.079,3.217,70,409.60475,5.5525,-25.6955,16.271,-0.8725,0.779,0.04225,4.6805
4,20.75,0.56825,7.273,3.061,1,-6.881,2.77025,72,409.6625,5.235,-17.808,16.993,-1.67825,0.695,0.06825,4.7735
4,21.25,0.579,6.5795,3.134,0.928,-9.1225,2.729,74.536,409.80925,4.445,-19.552,16.737,-1.37975,0.671,0.17,4.615
4,21.75,0.554,6.1865,3.066,0.98125,-6.4735,2.388,76.083,409.939,4.0575,-15.413,17.441,-1.306,0.662,0.142,4.619
4,22.25,0.5455,5.29275,2.92925,1.165,-6.9435,2.63,77.5625,410.0635,3.8575,-13.602,0,-1.003,0.651,0.15475,4.563
4,22.75,0.52,4.77225,2.886,0.986,-7.249,1.64,78.6775,410.18375,3.6775,-12.924,0,-1.04075,0.673,0.18825,4.52525
4,23.25,0.511,4.61175,3.061,0.868,-5.981,1.928,78.724,410.0865,3.555,-14.1485,0,-1.0785,0.639,0.25575,4.452
4,23.75,0.534,4.19725,2.9345,1.09775,-6.353,2.096,79.6725,410.03175,3.355,-13.573,0,-0.828,0.625,0.26975,4.479
5,0.25,0.48375,12.63825,2.94375,1.51575,-12.8115,3.06825,74.145,412.20975,6.2075,-27.6195,0,-2.7455,0.2225,0.146,7.375
5,0.75,0.49275,12.042,3.065,1.5635,-6.964,2.16325,76.811,412.53225,5.4225,-24.632,0,-2.305,0.22625,0.2065,7.348
5,1.25,0.51475,11.215,3.18575,1.4105,-11.64675,2.96875,80.01,412.866,4.735,-22.901,0,-2.05675,0.23925,0.30425,7.316
5,1.75,0.4785,10.77075,3.004,1.39025,-6.756,2.36975,82.052,412.75075,4.4875,-23.2755,0,-1.949,0.2485,0.3255,7.237
5,2.25,0.4515,10.5335,3.02625,1.34175,-10.16075,2.13875,83.929,412.78275,4.22,-20.4235,0,-1.48575,0.2635,0.28675,7.206
5,2.75,0.45625,9.99675,2.8715,1.31,-8.506,1.61025,85.308,412.8865,3.96,-14.735,0,-1.215,0.3295,0.21125,7.073
5,3.25,0.489,9.39875,2.98075,1.30375,-6.4375,1.611,86.363,413.1385,3.8925,-13.8875,11.456,-1.05575,0.32125,0.25075,6.718
5,3.75,0.4535,9.16375,2.9425,1.269,-5.4105,1.63525,87.92,413.2765,3.5325,-12.36475,11.439,-0.67725,0.408,0.34175,6.728
5,4.25,0.472,8.60575,2.9795,1.4655,-6.8215,1.02025,87.726,413.3465,3.46,-10.949,16.831,2.911,0.7475,0.9235,6.772
5,4.75,0.4905,8.7255,3.11025,1.15775,-4.682,2.09175,87.109,413.13975,3.41,-2.428,46.818,20.4435,2.14825,4.15475,6.831
5,5.25,0.5025,8.57975,2.9595,1.16225,-4.29125,2.95175,89.58075,412.919,3.365,10.858,120.6445,53.09325,5.918,11.80575,6.626
5,5.75,0.5475,8.78775,3.019,1.24375,14.22175,5.67475,86.289,412.7605,3.66,40.57125,228.488,99.6895,10.5495,19.82425,6.608
5,6.25,0.56425,9.16525,3.0585,1.01425,36.9545,9.016,85.948,412.431,3.7525,88.946,374.07425,160.08175,16.42025,25.31425,6.56
5,6.75,0.61,9.36225,3.15025,0.81275,78.818,17.76325,84,411.60375,3.9525,144.006,525.65425,233.14875,22.01975,27.62925,6.784
5,7.25,0.643,9.912,3.2715,0.33425,115.04275,21.56875,82.84925,410.9675,4.86,209.804,705.27675,312.287,28.23975,30.2665,6.925
5,7.75,0.6535,11.1555,3.287,0.224,170.576,31.7815,81.092,410.60325,5.6775,274.414,883.71725,398.07525,35.03275,33.2625,6.925
5,8.25,0.6625,12.32,3.34,0.1445,211.33575,39.124,79.035,409.9885,6.49,341.45875,1068.562,476.76225,40.442,37.3795,7.235
5,8.75,0.7385,14.0435,3.589,-0.208,257.683,47.57925,73.01125,409.13575,8.18,394.16075,1226.425,543.067,44.69625,40.8935,7.362
5,9.25,0.748,15.095,3.75325,-0.62275,280.666,53.316,69.2425,408.9065,9.1175,447.06925,1358.36925,608.415,46.18025,43.15,7.006
5,9.75,0.7835,16.359,3.808,-0.6915,325.8885,74.3085,65.026,409.01,10.34,517.56025,1520.12675,677.50775,48.10425,45.77175,7.051
5,10.25,0.81675,16.83975,4.056,-1.4395,365.519,80.1895,64.2075,408.93525,11.6725,556.106,1618.939,728.9185,52.7095,48.40625,7.259
5,10.75,0.856,17.30875,4.045,-1.47625,394.53,80.56175,60.7325,408.86175,12.14,601.698,1724.75275,778.14475,55.5935,51.2205,6.916
5,11.25,0.88125,17.97425,4.166,-1.372,420.828,91.006,56.15125,408.95125,12.1025,619.75775,1784.172,807.46525,58.07225,53.34025,6.53
5,11.75,0.8695,18.5925,4.113,-1.35525,402.642,99.611,55.40425,408.4745,13.355,639.663,1822.56125,820.51475,61.84475,57.86025,6.346
5,12.25,0.8775,19.44475,4.24925,-2.203,433.31,100.03525,53.919,407.6675,14.36,652.48725,1849.242,844.9995,64.65725,57.16775,6.57
5,12.75,0.84975,20.23625,4.04325,-1.6505,430.74,99.541,51.301,407.996,15.2125,647.612,1831.99925,833.8645,62.9205,55.2245,6.572
5,13.25,0.9,20.66575,4.13675,-1.572,419.25525,101.565,47.92325,408.474,16.1725,644.252,1819.1015,831.9875,63.54625,54.56575,6.3775
5,13.75,0.88,20.92525,4.35825,-2.053,404.29075,96.224,46.318,408.374,16.7275,624.67325,1771.811,806.68475,63.01925,54.063,6.34125
5,14.25,0.88075,21.47,4.3135,-1.70975,399.681,92.804,44.87225,408.3535,16.1875,595.1555,1703.32625,781.35075,60.9775,51.921,6.663
5,14.75,0.91025,21.29075,4.252,-1.63975,359.477,79.735,45.6525,408.2085,16.6925,563.34875,1610.45425,745.946,54.4525,49.3995,6.629
5,15.25,0.9545,21.38175,4.267,-1.559,315.146,79.308,45.039,408.30125,16.45,515.3255,1493.03725,686.19925,47.226,47.6995,6.552
5,15.75,0.952,21.903,4.365,-1.23325,307.238,77.33625,44.829,408.34725,15.755,460.745,1371.5895,637.39625,41.9525,44.1605,6.77575
5,16.25,0.9115,21.98525,4.401,-1.47525,273.7255,59.562,45.385,408.2,16.03,415.0645,1236.1885,573.97775,38.07075,40.91375,6.87575
5,16.75,0.905,21.736,4.357,-0.722,232.933,59.781,44.52025,408.249,15.87,349.4895,1063.369,499.535,34.47,36.331,6.87225
5,17.25,0.86525,21.19325,4.075,-0.316,173.002,57.639,45.7925,408.214,15.755,280.41875,894.792,420.18675,29.54425,31.58675,7.1895
5,17.75,0.86675,20.807,4.161,-0.137,128.70225,45.809,49.548,407.921,15.7325,215.012,726.1845,340.40925,24.43975,28.341,7.44175
5,18.25,0.7725,19.8315,3.9505,0.04725,86.74475,43.2975,51.534,407.37175,15.1,150.159,568.173,268.4425,19.3545,24.48,7.4575
5,18.75,0.784,18.931,3.887,0.35,44.9215,32.5555,55.308,407.1955,14.355,100.9175,408.6475,202.791,15.7405,21.868,7.51475
5,19.25,0.7375,18.2945,3.712,0.35625,15.138,28.4245,56.594,407.226,13.745,48.3565,266.826,134.19,11.491,17.809,7.57125
5,19.75,0.655,17.5485,3.38825,0.8005,-5.2275,15.973,59.832,407.6575,12.685,5.89975,133.4435,67.3175,5.966,10.648,7.687
5,20.25,0.577,16.9295,3.166,0.96975,-6.972,12.1735,59.984,407.93,11.84,-15.2855,57.8125,27.1305,2.6925,4.8405,7.764
5,20.75,0.5215,15.934,2.9185,1.32925,-8.1845,7.589,64.274,408.89175,11.13,-24.2165,21.81,3.4725,0.7605,0.6675,7.857
5,21.25,0.459,15.432,2.979,1.528,-7.486,7.194,65.334,409.9995,10.21,-23.01425,10.2695,-2.055,0.1195,0.0245,7.79
5,21.75,0.51,15.336,3.092,1.465,-4.6305,5.83125,67.147,410.70575,9.31,-25.29175,9.0425,-2.424,0.073,0.056,7.773
5,22.25,0.493,15.086,3.05025,1.603,-7.2405,4.53325,68.441,411.12075,8.805,-26.544,0,-2.415,0.151,0.1325,7.928
5,22.75,0.4765,14.729,3.11825,1.5575,-10.232,4.28725,70.474,411.52425,7.81,-20.99775,0,-2.3305,0.141,0.1325,7.823
5,23.25,0.513,14.094,3.08875,1.71375,-8.3355,3.9025,71.387,411.63425,7.255,-26.5795,0,-2.1815,0.157,0.103,7.747
5,23.75,0.493,13.7935,3.03775,1.4805,-10.0435,2.94225,72.546,411.73075,6.74,-22.92275,0,-1.944,0.175,0.149,7.813
6,0.25,0.4,17.019,2.907,2.5375,-10.07075,3.1905,82.6265,387.3725,7.08,-29.807,2.11775,-1.8445,-0.067,0.148,10.924
6,0.75,0.40625,16.2225,2.9695,2.60625,-10.175,2.142,83.8445,388.07,6.33,-27.698,0.15725,-1.62575,-0.06225,0.10525,10.8235
6,1.25,0.3875,15.61425,2.9835,2.28725,-9.3135,2.45175,84.878,389.3545,5.8975,-22.591,0,-1.60575,-0.0725,0.12125,10.64375
6,1.75,0.4245,15.32425,2.902,2.25075,-9.14925,1.989,86.60825,390.10575,5.46,-26.388,0,-1.59375,-0.0625,0.12625,10.844
6,2.25,0.445,14.87475,2.944,2.3475,-7.657,1.771,87,390.868,5.14,-25.531,0,-1.222,-0.01875,0.114,10.6375
6,2.75,0.42625,14.19075,2.889,2.46175,-8.473,2.68025,88.0165,391.84175,4.48,-17.948,0,-1.2815,-0.0375,0.1475,10.2805
6,3.25,0.44275,13.913,2.9455,2.5255,-8.04025,1.93625,89.6315,391.17375,4.4275,-18.328,6.567,-1.40275,-0.01,0.18325,10.3095
6,3.75,0.43925,13.3605,2.917,2.57225,-6.6335,1.61475,90.1165,392.984,3.86,-15.191,10.05,0.69625,0.22425,0.84825,10.37525
6,4.25,0.464,12.87475,2.992,1.95675,-5.409,1.342,91.5975,394.877,3.4575,-12.42,31.095,13.09475,1.58325,3.377,10.112
6,4.75,0.44675,12.6095,2.9665,1.6625,-5.6695,2.2835,91.56825,393.364,3.5,1.224,103.56275,44.32125,5.2095,10.01875,9.9925
6,5.25,0.4995,12.69575,2.978,1.742,3.17275,5.6705,91.476,393.706,3.56,28.165,212.00925,88.47075,9.80525,19.85625,10.0485
6,5.75,0.5565,13.479,2.977,1.0535,20.53275,9.7285,89.841,392.671,3.8325,78.918,351.29725,146.338,14.76825,23.79275,10.1675
6,6.25,0.56,14.868,3.0925,-0.002,49.4895,19.0185,87.785,390.176,4.645,132.89025,518.4915,216.3515,20.226,25.99725,10.5215
6,6.75,0.598,16.57925,3.1535,-0.9625,64.906,30.3875,84.682,388.1035,5.7625,191.26625,685.825,291.0735,25.2065,26.9455,10.80925
6,7.25,0.6355,18.0995,3.338,-2.2585,104.4085,46.1175,83.055,386.003,7.3625,249.7295,861.05325,362.79975,29.8525,29.21275,10.6715
6,7.75,0.666,19.20025,3.39025,-3.26675,143.4895,62.925,80.356,384.5305,8.945,308.826,1033.5355,443.5905,35.1245,31.7885,10.737
6,8.25,0.6885,20.20425,3.5265,-4.0665,185.3835,75.02025,76.633,383.253,10.7225,369.61075,1190.384,509.46025,38.37525,34.723,10.792
6,8.75,0.725,21.6405,3.62625,-4.187,224.92225,99.609,75.712,381.7735,12.72,435.22525,1352.63975,582.54375,41.78775,38.831,10.48225
6,9.25,0.731,22.51125,3.759,-4.9215,270.99375,100.20675,73.949,381.2255,13.8825,492.4425,1482.723,645.953,44.2905,41.0695,10.24875
6,9.75,0.772,23.321,3.75225,-5.05575,306.29725,113.3575,71.812,381.204,15.0825,549.24775,1611.66025,706.99375,45.84875,44.1055,10.24075
6,10.25,0.79,24.0685,3.878,-5.76525,337.982,117.7135,67.83675,380.9005,16.035,589.499,1706.4835,751.88025,48.8125,45.13625,9.98975
6,10.75,0.772,24.1875,3.668,-4.8935,350.05125,128.6135,64.151,380.5555,17.0475,628.422,1803.14625,794.77375,51.66525,48.28575,10.13725
6,11.25,0.805,24.37125,3.83975,-5.288,381.64175,135.0275,62.337,380.1775,18.18,655.256,1867.983,821.91425,54.4085,50.1575,10.20075
6,11.75,0.841,24.35525,4.049,-5.435,386.057,142.0075,62.58,380.1465,18.2625,671.907,1894.8855,843.901,56.40025,55.395,10.372
6,12.25,0.87625,24.60925,3.98275,-4.586,394.874,141.3735,60.91775,380.2105,19.6025,690.585,1937.79675,860.245,59.9095,53.492,10.4675
6,12.75,0.85125,25.01025,4.10225,-4.671,428.411,152.0945,57.63225,380.1115,20.4675,693.77625,1932.55225,863.219,59.67725,52.27475,10.3885
6,13.25,0.84075,25.51775,3.911,-4.2615,401.966,137.252,54.0925,380.2675,21.88,685.896,1914.96925,854.88975,59.061,50.929,10.463
6,13.75,0.83425,26.41525,4.163,-4.2395,382.544,130.525,53.938,380.222,22.2775,663.373,1849.87125,827.987,57.70675,51.0235,10.608
6,14.25,0.841,26.049,3.97525,-4.0595,374.257,137.7775,52.52225,380.224,22.93,641.4535,1798.814,806.737,55.405,49.749,10.449
6,14.75,0.851,26.416,4.043,-3.34725,325.844,120.9265,51.9045,380.0655,23.15,596.9415,1671.182,754.505,50.177,47.639,9.94975
6,15.25,0.8295,26.805,3.986,-2.8865,317.07175,117.547,50.6795,379.6925,23.34,562.4355,1572.723,713.494,46.399,46.231,10.02675
6,15.75,0.802,26.014,3.9095,-2.9155,272.6235,104.28,50.87075,379.795,23.56,502.43375,1448.921,640.716,41.043,42.36,9.934
6,16.25,0.81225,26.387,3.979,-2.72225,246.946,99.605,52.3905,379.587,23.58,444.05475,1316.299,587.053,38.448,41.205,9.82025
6,16.75,0.775,26.272,3.854,-1.91175,212.41975,91.106,52.929,379.594,23.45,401.092,1190.537,539.341,35.551,38.342,9.888
6,17.25,0.79425,25.7,3.80075,-1.45075,185.6875,81.59475,54.9305,379.4865,22.7475,337.723,1029.8425,468.24125,31.3265,33.843,9.95875
6,17.75,0.7455,25.16575,3.855,-0.92575,129.6365,72.2145,54.812,379.37075,22.005,274.051,880.13,403.657,27.2495,30.557,10.061
6,18.25,0.70625,24.74275,3.77425,-0.2445,86.6195,61.25,59.34125,379.361,21.585,204.9055,691.301,317.655,22.872,24.71825,10.2275
6,18.75,0.696,24.1775,3.711,0.4335,51.804,50.5645,60.72725,379.316,21.24,144.927,535.94375,242.418,19.837,21.5385,10.2915
6,19.25,0.671,23.599,3.82775,0.483,23.363,44.242,60.409,379.1815,20.4,92.4485,389.617,178.62,15.709,20.022,10.6115
6,19.75,0.644,22.963,3.54325,0.817,6.9115,31.5765,62.213,379.5275,19.29,41.951,204.619,118.931,11.275,16.853,10.6655
6,20.25,0.557,22.336,3.4055,1.424,-4.8715,19.535,64.445,380.3925,18.12,2.8815,113.344,61.341,5.623,11.174,10.7735
6,20.75,0.491,21.725,3.06,1.4395,-7.256,10.8755,68.468,381.0845,16.04,-22.4205,64.134,22.831,2.086,5.057,10.709
6,21.25,0.44775,21.183,2.8425,2.0465,-5.4755,7.126,73.0475,381.965,13.54,-27.91325,23.843,2.252,0.46,0.493,10.627
6,21.75,0.452,20.08575,2.7525,2.243,-6.25,4.82075,74.594,383.23375,11.67,-35.53,11.236,-2.206,-0.0235,-0.07975,10.768
6,22.25,0.409,19.5765,2.9445,2.33925,-9.9365,4.87775,76.7645,383.851,10.6525,-41.681,2.121,-2.3365,-0.07875,-0.08325,10.8465
6,22.75,0.395,18.821,2.96125,2.6435,-9.72225,3.8855,78.633,385.3025,9.555,-37.087,2.8335,-2.52475,-0.0545,-0.05,11.0385
6,23.25,0.41,18.28825,3.0145,2.897,-10.197,3.157,81.0995,386.0555,8.7475,-32.452,3.38425,-2.35425,-0.05125,0.04925,11.1435
6,23.75,0.426,17.53325,2.95,2.8635,-10.91925,3.52975,82.0125,386.65375,7.5225,-28.852,0.399,-2.14825,-0.05475,0.07625,11.071
7,0.25,0.414,21.297,2.969,3.348,-10.354,4.244,87.26,382.665,9.3475,-17.4305,2.54975,-1.4195,-0.099,0.1365,15.00225
7,0.75,0.371,20.6445,2.917,3.273,-9.826,4.712,88.0975,383.6845,8.52,-18.781,3.3455,-1.3055,-0.0815,0.103,14.84975
7,1.25,0.38925,20.325,2.97975,4.1565,-14.5555,3.48825,89.07725,384.7585,7.925,-16.1575,0.345,-1.4685,-0.0805,0.1465,14.6805
7,1.75,0.3825,20.025,3.00675,3.68025,-10.58,2.7325,88.9695,384.9795,6.75,-17.555,1.419,-1.25,-0.064,0.1675,14.905
7,2.25,0.404,19.688,3.0675,3.66325,-10.359,2.49175,89.2945,386.537,6.485,-13.596,0.791,-1.0145,-0.055,0.0995,14.934
7,2.75,0.405,19.4245,2.99625,4.204,-10.2255,2.27775,90.25575,388.6295,6.0175,-14.3635,1.371,-1.04,-0.0725,0.166,14.60925
7,3.25,0.4275,19.308,2.921,3.7485,-9.4345,1.3985,90.88675,389.4735,5.765,-16.9875,12.3605,-1.256,-0.0475,0.1475,14.489
7,3.75,0.4175,19.048,2.914,3.63,-8.2505,0.905,91.706,390.7735,5.36,-16.058,13.2735,-0.751,0.0115,0.18,14.463
7,4.25,0.419,18.5565,2.992,3.7315,-5.41025,1.2205,92.1035,393.10175,5.115,-14.963,22.46975,3.9725,0.4885,0.9815,14.43525
7,4.75,0.41,18.403,2.893,3.27825,-4.5755,1.74675,92.3635,394.374,4.58,-3.4845,62.227,22.6915,1.9955,3.437,14.32475
7,5.25,0.4185,18.6915,2.794,2.6045,-4.16825,2.417,92.7595,394.09975,4.8,17.144,141.2225,55.987,5.839,11.21,14.249
7,5.75,0.432,18.9695,2.7945,3.026,-0.17325,7.1325,91.774,393.94,4.93,51.09,256.6915,102.666,10.1825,19.654,14.47
7,6.25,0.464,19.4165,2.8415,1.835,17.1,21.32975,90.1015,390.32275,5.655,98.275,402.016,165.043,15.761,22.9865,14.90075
7,6.75,0.4895,20.476,2.7585,0.9605,45.539,34.19475,88.3005,385.794,6.405,153.4895,563.9485,228.4175,20.771,24.5305,15.429
7,7.25,0.523,21.243,2.9345,0.1885,73.72375,48.451,86.53125,381.71775,7.275,212.1365,718.7005,304.723,25.372,26.0475,15.9605
7,7.75,0.5665,22.381,2.964,-1.65425,102.9965,67.5555,85.2185,377.829,8.7,268.2845,891.9285,376.5645,30.2085,27.918,15.92675
7,8.25,0.625,23.6275,3.1905,-2.22825,143.91175,83.88425,83.1735,375.34975,10.045,332.4185,1057.1895,450.349,34.642,32.181,15.9015
7,8.75,0.639,24.602,3.3385,-4.11675,179.059,117.705,80.6075,373.093,12.15,402.645,1246.6735,536.9155,38.488,35.7945,15.63
7,9.25,0.6885,25.8055,3.3155,-4.146,216.41275,125.374,80.497,371.585,14.71,452.6135,1384.616,596.1445,41.7055,37.7745,15.4855
7,9.75,0.715,26.5935,3.524,-4.15475,266.405,140.56525,78.0355,370.655,16.475,505.632,1509.2215,651.316,43.6585,39.689,15.475
7,10.25,0.78,27.4265,3.617,-5.213,278.539,159.0945,75.188,370.42975,18.065,548.4215,1626.537,703.2185,45.6975,41.5945,15.258
7,10.75,0.772,28.012,3.543,-4.771,310.55225,178.8475,70.5945,369.656,19.87,586.672,1728.1845,746.1435,49.0005,44.309,15.104
7,11.25,0.8135,28.632,3.684,-4.76725,329.55125,174.68725,66.7575,369.1375,22.06,608.8845,1765.644,768.6785,51.422,47.311,14.7585
7,11.75,0.7895,29.7555,3.6275,-4.43775,339.60125,171.022,68.9335,368.6215,23.065,620.765,1789.17225,791.112,53.265,50.2325,14.49275
7,12.25,0.812,30.4245,3.7355,-4.372,366.93875,190.6245,65.404,368.62825,25.1975,626.679,1776.544,794.04,55.428,50.4585,14.373
7,12.75,0.84,30.727,3.6765,-4.47875,368.65675,193.2525,64.593,368.35925,25.39,644.0795,1824.5275,806.636,56.957,49.441,14.55425
7,13.25,0.858,31.3685,3.826,-3.661,355.9785,184.7525,62.1205,368.28025,27.325,649,1817.179,815.8305,56.371,48.9105,14.42875
7,13.75,0.8415,31.4045,3.7665,-3.23525,349.40375,181.032,61.2215,367.78325,27.98,619.0925,1760.934,794.574,55.239,48.219,14.0855
7,14.25,0.8065,31.6005,3.6985,-3.02325,361.8615,177.68,62.8205,367.64725,28.09,585.855,1666.9795,751.9065,51.921,46.5755,13.99125
7,14.75,0.8035,31.819,3.8455,-2.391,316.079,171.97,61.177,367.504,29.395,559.275,1597.837,711.278,48.3965,45.0115,14.12525
7,15.25,0.8185,31.1135,3.787,-2.195,305.95375,153.781,57.786,367.91775,29.96,529.216,1532.074,685.1905,45.233,44.977,14.238
7,15.75,0.8175,31.08,3.741,-1.16975,275.4095,147.5815,62.1045,368.1575,29.365,486.234,1390.517,643.504,39.7715,40.359,14.795
7,16.25,0.7545,31.066,3.6085,-1.617,229.24525,124.01825,63.2685,367.75375,29.005,426.3065,1254.9465,562.269,36.367,38.028,14.44875
7,16.75,0.7825,30.906,3.744,-0.891,188.964,117.9335,62.2825,367.696,27.625,378.225,1114.772,503.482,33.266,35.0555,14.359
7,17.25,0.749,30.745,3.535,-0.724,161.68275,104.384,64.537,367.414,28.58,319.092,979.847,439.955,30.2695,32.3405,14.252
7,17.75,0.7035,30.3005,3.462,0.20925,119.503,94.116,67.27075,367.40375,27.8775,256.376,822.099,372.5715,25.568,27.9905,14.33425
7,18.25,0.6665,29.88575,3.4625,0.25675,80.8685,74.2005,68.461,367.519,27.01,202.91275,685.6855,313.884,21.72925,24.1075,14.9
7,18.75,0.654,29.4725,3.22625,1.3825,47.2805,66.777,69.171,367.573,25.0675,146.53075,534.37225,245.46875,18.64125,20.5595,14.832
7,19.25,0.573,28.81975,3.101,1.38875,18,46.33775,72.60975,368.197,22.9,84.668,380.7035,169.12925,14.35775,17.367,15.189
7,19.75,0.51275,27.9725,2.96175,1.638,1.0245,29.496,72.7685,368.341,21.505,31.849,212.8985,103.186,9.318,13.916,15.4205
7,20.25,0.49825,26.9975,2.5755,2.137,-6.295,17.135,74.642,369.18975,19.705,-2.3355,101.7225,49.572,4.2875,7.765,15.3835
7,20.75,0.42,25.7805,2.595,2.524,-5.086,11.95525,78.873,370.56175,17.585,-17.865,55.27825,15.344,1.476,2.7695,15.303
7,21.25,0.37175,24.7045,2.585,2.8895,-4.943,8.8985,80.684,372.22375,16.11,-26.9375,25.865,0.173,0.254,0.109,15.2975
7,21.75,0.3695,24.0465,2.698,2.785,-5.199,6.1735,83.1705,373.559,14.15,-25.172,17.3495,-2.0515,-0.086,-0.074,15.0685
7,22.25,0.376,23.262,2.9545,3.1525,-8.5505,7.4475,83.9615,375.0215,12.48,-24.5175,1.748,-2.57,-0.106,-0.0265,14.87475
7,22.75,0.3975,22.5275,2.965,3.107,-6.5385,5.73825,85.762,377.0235,11.53,-22.6315,2.147,-2.1235,-0.099,0.011,15.236
7,23.25,0.408,22.0465,2.9505,3.31425,-7.66225,5.70825,86.8455,378.32275,10.89,-20.1295,2.52,-1.7525,-0.091,0.034,15.345
7,23.75,0.3665,21.9175,2.9155,3.33275,-7.845,5.171,86.686,380.1375,9.8,-18.762,1.3665,-1.495,-0.091,0.136,15.31875
8,0.25,0.385,20.61825,2.728,3.821,-10.01025,2.12525,91.5555,384.863,5.59,-17.0225,3.095,-1.6215,-0.082,0.1535,14.73225
8,0.75,0.382,20.13575,2.6595,4.135,-9.4115,2.3055,91.675,386.1255,5.0725,-15.2875,1.542,-1.362,-0.0675,0.18,14.722
8,1.25,0.3825,19.4545,2.798,4.1605,-8.97025,1.264,92.334,387.265,4.5775,-11.917,2.7965,-1.1345,-0.029,0.1655,14.764
8,1.75,0.4085,18.64675,2.762,3.754,-11.54025,1.5575,93.218,389.784,4.105,-12.576,3.064,-0.9315,-0.0815,0.2285,14.537
8,2.25,0.41425,18.90225,2.738,3.86225,-10.406,2.59025,94.14425,388.8325,4.255,-11.969,2.405,-0.8735,-0.0575,0.253,14.5035
8,2.75,0.382,18.42575,2.667,3.59,-8.73575,2.3,94.596,390.194,3.7075,-11.107,0,-0.9645,-0.0495,0.2705,14.412
8,3.25,0.40375,18.05925,2.677,3.4905,-10.145,1.0095,95.3625,391.8745,3.385,-10.232,10.16,-0.797,-0.0645,0.2105,14.38175
8,3.75,0.406,17.7775,2.734,3.878,-10.87625,1.062,95.131,393.2715,3.27,-9.2335,9.8045,-0.8055,-0.061,0.2765,14.242
8,4.25,0.411,17.3,2.737,3.7715,-11.042,0.167,94.8835,393.107,3.0225,-8.894,10.714,-0.7175,-0.036,0.238,14.15
8,4.75,0.415,16.985,2.64,4.204,-8.5065,0.603,94.9955,395.1345,2.82,-7.0005,11.70125,0.055,0.0755,0.4295,14.13425
8,5.25,0.411,16.7975,2.695,3.859,-10.6105,2.017,95.6455,395.25,2.655,-2.65,27.46875,9.1765,0.73,1.616,14.188
8,5.75,0.423,16.424,2.654,3.666,-7.68775,2.083,95.754,394.3245,2.745,7.5155,77.8765,33.8325,3.209,5.5805,14.318
8,6.25,0.454,16.661,2.645,3.628,-4.07,8.5855,95.5405,395.377,2.9525,33.0935,185.9775,76.854,8.3275,10.257,14.46
8,6.75,0.49,17.34375,2.80175,3.20225,18.68925,15.7705,95.247,390.8155,3.3825,76.828,330.9745,136.9205,14.663,18.2395,14.6165
8,7.25,0.5455,18.37025,2.946,2.316,34.765,29.89075,93.832,386.6615,3.7475,132.3505,511.343,220.928,21.621,24.395,14.9885
8,7.75,0.56225,19.55175,3.0605,0.88975,64.81475,39.838,91.4675,381.6535,4.505,196.7655,673.1,285.2215,25.8655,25.681,15.12775
8,8.25,0.5915,20.78325,3.12425,-1.7985,104.617,58.24,89.9575,378.0485,5.76,252.8405,843.4945,360.6985,30.2825,27.8725,15.41325
8,8.75,0.6725,21.13625,3.2925,-2.5615,138.098,77.4,86.749,374.3605,7.155,310.079,1011.217,427.8465,34.2015,30.711,15.101
8,9.25,0.685,21.537,3.5005,-2.4235,153.956,99.2,83.2715,371.97,8.7925,367.507,1164.9135,502.735,38.0105,32.678,14.934
8,9.75,0.71975,22.54625,3.696,-3.8385,187.79425,112.9775,82.188,371.008,10.2525,403.0945,1239.085,548.268,39.581,35.163,15.02775
8,10.25,0.773,23.34875,3.7745,-3.91425,198.933,117.23725,79.92025,369.513,11.4125,443.17825,1344.5365,595.71275,40.51475,36.41375,14.7165
8,10.75,0.805,23.9285,3.91575,-4.702,233.2445,123.97625,77.89675,368.795,13.31,481.99125,1459.9785,643.5305,43.746,41.10025,14.61975
8,11.25,0.785,24.5905,3.96675,-4.60375,266.3675,140.4555,76.803,368.172,14.5175,523.80025,1531.9735,683.54925,46.104,44.106,14.7035
8,11.75,0.786,25.21025,3.92225,-4.2595,276.042,142.97,74.3105,367.9595,14.8125,526.13425,1537.12,685.3415,48.487,46.8525,14.73775
8,12.25,0.832,25.5775,4.0875,-5.30025,285.365,164.58075,74.12,367.483,15.5625,539.954,1569.008,703.549,51.534,46.118,14.8515
8,12.75,0.843,26.6765,3.92725,-4.973,293.5065,164.617,71.164,366.852,15.855,565.152,1631.931,722.808,51.751,45.272,14.873
8,13.25,0.829,26.78025,3.994,-4.377,282.402,157.18,68.854,367.044,17.415,541.35425,1556.79175,704.2205,50.5325,43.683,14.928
8,13.75,0.824,27.11,4.05,-3.8805,293.5155,166.983,68.12875,366.704,18.6375,540.983,1563.15225,701.349,50.74825,42.63475,14.817
8,14.25,0.836,27.369,3.909,-3.731,268.9365,153.884,66.14225,366.6455,18.855,504.206,1443.62575,648.47375,47.6415,41.516,14.6105
8,14.75,0.82325,27.79175,4.07475,-3.42575,252.1195,139.774,64.152,366.5605,19.965,472.691,1382.6085,622.5115,42.8845,40.849,14.702
8,15.25,0.858,28.26825,4.126,-3.241,239.46725,140.117,64.99,366.461,19.755,424.504,1261.9555,567.4565,37.5275,37.0205,14.7095
8,15.75,0.807,28.8325,3.72,-2.2075,198.2855,126.821,66.3635,366.434,20.1,388.802,1167.7895,522.3855,34.6505,35.1545,14.6295
8,16.25,0.774,29.13825,3.732,-1.414,166.16175,112.84975,68.5295,366.866,20.5925,339.381,1034.2575,468.2715,30.988,31.6545,14.867
8,16.75,0.774,28.703,3.762,-0.7035,135.69325,99.456,69.593,366.8375,20.955,293.248,909.221,410.667,27.559,28.207,14.90825
8,17.25,0.72,28.284,3.573,-0.361,91.895,86.489,71.257,366.996,20.6675,205.52,701.388,316.741,22.0835,24.128,14.99425
8,17.75,0.70125,27.85475,3.448,0.2155,55.004,74.1025,71.681,366.9345,19.895,146.0115,535.9235,237.845,17.04,20.93,15.4195
8,18.25,0.70075,27.609,3.4615,0.7415,21.336,54.559,73.14,367.029,18.42,100.002,394.782,173.423,13.084,18.817,15.3805
8,18.75,0.62625,27.0085,3.138,1.534,2.768,38.969,74.0935,367.3885,16.8875,47.992,253.853,111.038,8.7275,14.1975,15.627
8,19.25,0.53,26.243,2.804,1.952,-5.562,25.648,77.1395,368.0175,15.28,14.244,138.588,59.737,4.9265,8.6305,15.5415
8,19.75,0.4515,25.3635,2.61,2.528,-5.342,15.1395,78.8235,368.6545,14.145,-6.2205,74.748,24.1315,2.1075,3.0645,15.464
8,20.25,0.408,24.73675,2.6185,3.067,-6.87,12.0735,81.721,370.0915,12.6275,-16.09,33.1195,3.6015,0.473,0.7635,15.2805
8,20.75,0.402,23.67775,2.667,2.788,-7.09975,6.975,84.78825,371.8535,11.23,-16.63375,18.296,-0.70075,-0.024,0.01875,15.243
8,21.25,0.3865,22.83275,2.7205,3.01025,-8.141,6.193,86.971,373.6965,9.6425,-18.1575,17.85325,-1.72425,-0.118,0.116,15.359
8,21.75,0.404,22.0875,2.743,3.6755,-7.9975,5.4995,88.89175,375.809,8.675,-17.426,18.529,-1.5405,-0.098,0.19675,15.1935
8,22.25,0.376,21.42025,2.8535,3.165,-9.1745,4.791,90.0465,378.3495,8.05,-19.848,0.8745,-1.62675,-0.0775,0.15075,15.0165
8,22.75,0.3955,21.20025,2.8415,3.568,-7.71525,3.8605,90.58375,380.0645,7.2525,-16.8575,2.37225,-1.54275,-0.101,0.23175,14.977
8,23.25,0.4055,20.83,2.8405,3.7805,-10.70025,3.6895,90.202,381.5825,7.135,-16.796,2.002,-1.77575,-0.09125,0.1975,14.8215
8,23.75,0.379,20.12775,2.792,3.62125,-8.735,2.329,91.413,383.6885,6.015,-16.582,0.96275,-1.61875,-0.07625,0.155,14.8515
9,0.25,0.4485,14.1435,2.84025,2.552,-7.54275,1.73275,95.411,384.4005,2.475,-10.953,0,-0.636,0.036,0.345,11.75175
9,0.75,0.43325,14.13375,2.94275,2.442,-6.554,1.935,95.166,385.359,2.485,-9.837,0,-0.688,0.065,0.294,11.779
9,1.25,0.425,13.9625,2.81125,3.057,-8.206,1.3305,95.684,386.63,2.235,-8.182,0,-0.496,0.07,0.298,11.72775
9,1.75,0.431,13.58375,2.7275,2.919,-8.94025,0.63675,96.162,387.4375,2.245,-7.133,0,-0.535,0.07,0.34,11.98
9,2.25,0.45275,13.41175,2.86575,2.63975,-8.19825,1.218,96.075,388.0455,2.095,-6.592,0,-0.43,0.055,0.343,11.53025
9,2.75,0.4355,13.36025,2.834,2.6795,-7.498,1.153,96.631,388.569,1.835,-6.601,0,-0.551,0.073,0.394,11.619
9,3.25,0.44325,12.9915,2.79675,2.75275,-6.618,0.81225,96.552,389.557,1.67,-6.666,2.7315,-0.454,0.086,0.346,11.09625
9,3.75,0.459,12.88025,2.657,2.642,-6.68175,1.46225,96.65,390.34,1.56,-5.769,3.5075,-0.386,0.115,0.29,11.0565
9,4.25,0.43,12.693,2.825,2.43275,-7.57275,2.4465,96.776,390.772,1.46,-6.2345,2.405,-0.37875,0.10475,0.31125,11.164
9,4.75,0.4265,12.8515,2.7785,2.634,-8.77675,0.748,97.04325,390.9735,1.24,-4.88975,0.492,-0.2845,0.0765,0.35675,11.117
9,5.25,0.431,12.6185,2.654,2.7185,-8.771,1.538,97.3005,391.3865,1.315,-4.61925,2.4285,-0.1645,0.06975,0.416,10.9945
9,5.75,0.4495,12.40175,2.6235,2.678,-7.2145,1.7635,97.41,392.0685,1.255,-4.24625,5.44575,0.76975,0.234,0.65575,11.3115
9,6.25,0.4215,12.48675,2.625,2.65625,-6.92375,1.6665,97.52,393.2895,1.26,0.6665,28.152,10.8495,1.07025,1.626,11.347
9,6.75,0.45025,12.716,2.67175,2.5655,-7.4465,2.57725,97.3055,394.186,1.34,15.596,90.112,41.25675,4.00875,6.77225,11.557
9,7.25,0.445,13.0165,2.765,2.284,-2.085,5.41325,97.035,393.8115,1.465,40.999,193.9415,83.34775,10.545,10.9095,11.45575
9,7.75,0.52825,13.40575,2.77125,1.253,10.8465,12.607,96.87375,392.2995,1.775,85.8725,336.01375,148.436,17.36625,16.242,11.835
9,8.25,0.5855,13.48475,2.884,0.58475,35.685,24.325,96.69975,387.3645,2.095,129.382,483.4385,217.6625,22.177,22.3135,12.137
9,8.75,0.593,14.3855,3.1335,-0.501,48.25875,31.8225,95.501,384.5645,2.645,175.978,601.7025,276.0115,25.724,22.654,12.2945
9,9.25,0.648,15.5325,3.265,-1.52275,98.972,58.996,93.5445,381.8045,3.4,243.6875,779.0905,352.189,31.6705,27.698,12.20825
9,9.75,0.6765,16.446,3.4005,-3.0015,112.27,61.24175,91.011,379.9585,4.275,278.9475,898.21,403.5665,33.202,27.9055,12.1265
9,10.25,0.698,16.9635,3.348,-2.79775,136.625,73.25025,90.609,378.565,5.14,324.63725,1004.777,454.826,34.9505,30.467,12.0745
9,10.75,0.723,17.4805,3.54275,-3.62725,170.838,91.353,86.932,377.44,6.165,350.63025,1085.90625,502.3495,37.983,33.16325,12.245
9,11.25,0.72525,18.037,3.7835,-5.1325,178.982,92.10175,86.35275,376.586,7.3625,370.992,1162.428,522.705,40.725,38.61,12.22575
9,11.75,0.778,18.4995,3.873,-4.975,210.17,108.416,84.92175,375.763,8.28,412.575,1229.905,562.715,44.769,39.993,12.329
9,12.25,0.803,18.868,3.705,-4.551,219.352,104.356,82.38,375.23275,8.6825,418.2,1225.946,567.884,44.571,37.567,12.169
9,12.75,0.814,18.6735,3.9155,-4.846,199.371,109.834,82.634,374.28325,8.815,402.01225,1211.23925,560.315,43.21325,36.592,12.346
9,13.25,0.817,19.1465,4.003,-4.61375,187.749,108.00775,82.9355,374.41175,9.7475,397.888,1182.384,542.24775,42.567,34.91275,11.67275
9,13.75,0.802,19.7665,3.907,-4.03,183.4925,98.193,82.0085,374.13975,10.14,377.05575,1128.961,527.5815,40.895,34.0135,11.86
9,14.25,0.794,19.917,3.9025,-3.572,175.9715,99.055,82.43,374.10775,10.225,360.0935,1063.433,496.928,36.6865,30.9035,11.764
9,14.75,0.761,19.7175,3.739,-2.748,158.90675,88.177,80.938,373.883,10.625,315.547,963.7675,453.831,31.7375,31.5475,11.45025
9,15.25,0.781,19.7695,3.826,-3.214,133.61275,91.668,79.764,373.705,10.56,288.348,853.6945,418.93,28.46,28.447,11.368
9,15.75,0.7545,20.124,3.743,-2.381,97.7855,81.245,81.1125,373.84725,10.8175,235.8165,726.57,350.8045,24.657,25.1675,11.267
9,16.25,0.731,20.045,3.629,-1.753,68.4535,68.30525,82.45725,373.786,10.13,169.6765,586.8645,273.8465,19.9165,22.272,11.63775
9,16.75,0.702,19.834,3.589,-0.89325,41.1805,58.2575,83.87575,374.1305,9.785,134.0025,485.4955,226.1085,15.6675,18.6845,11.97875
9,17.25,0.6535,19.923,3.2825,-0.229,13.983,42.94225,86.1,374.415,9.745,88.579,355.16575,163.4705,11.93875,16.8505,12.138
9,17.75,0.607,19.23225,3.2095,0.458,-3.74475,32.729,87.692,374.596,9.04,40.637,223.596,100.607,7.7595,12.9945,12.22
9,18.25,0.5265,19.0385,2.982,0.9975,-8.58925,19.07775,86.671,374.994,8.595,10.8835,117.14,47.5145,3.79325,6.45175,12.12275
9,18.75,0.50275,18.17825,2.91525,1.62525,-6.5535,11.957,87.223,375.752,7.385,-6.41875,56.97675,17.9965,1.597,2.52075,12.18725
9,19.25,0.449,17.484,2.828,2.01225,-8.58,8.016,89.495,376.793,6.61,-12.6025,24.453,0.84675,0.255,0.32875,11.91475
9,19.75,0.457,17.20075,2.7825,2.08275,-7.5005,5.2175,90.996,377.80525,5.955,-12.35525,12.277,-0.97625,0.01375,0.0895,11.8305
9,20.25,0.44,16.57025,2.8555,2.54775,-7.982,5.35875,91.5265,378.9395,5.48,-13.83375,8.593,-1.22425,0.0085,0.1,11.73775
9,20.75,0.418,16.20525,2.876,2.55925,-11.531,4.456,91.317,379.58925,5.1075,-13.1875,8.98925,-1.19,-0.012,0.16325,11.6625
9,21.25,0.4535,15.9255,2.924,2.5505,-9.277,5.373,92.0255,380.82125,4.9225,-13.6845,9.7375,-1.1545,0.0295,0.22525,11.8035
9,21.75,0.4545,15.68425,2.9085,2.4465,-10.21125,3.36575,92.872,381.28775,4.83,-12.74125,8.223,-1.12425,0.04425,0.25475,11.83425
9,22.25,0.467,15.193,2.9335,2.385,-7.143,2.716,93.628,381.64025,3.9675,-13.94825,0,-1.004,0.004,0.286,11.682
9,22.75,0.4605,14.85825,2.9025,2.468,-7.545,3.142,93.9235,382.3775,3.64,-12.72525,0,-0.92875,0.01875,0.2285,11.551
9,23.25,0.45025,14.48975,2.8705,2.665,-7.5435,1.616,94.481,383.51325,3.3575,-11.33575,0,-0.85675,0.01525,0.24075,11.288
9,23.75,0.43675,14.18775,2.88025,2.603,-7.78175,1.617,94.946,384.023,3.0575,-10.38625,0,-0.8315,0.05,0.28525,11.445
10,0.25,0.48,5.448,2.879,1.44975,-6.951,1.0025,93.224,383.74375,1.76,-9.62075,0,-0.69625,0.52275,0.20125,6.617
10,0.75,0.4765,5.2425,2.94025,1.356,-6.1415,0.9145,93.391,384.138,1.69,-8.94425,0,-0.644,0.55325,0.25075,6.498
10,1.25,0.481,5.25125,2.7855,1.4155,-7.785,2.08175,93.916,384.873,1.65,-9.08625,0.261,-0.574,0.577,0.25525,6.41825
10,1.75,0.47675,5.08625,2.8125,1.458,-7.376,1.523,94.105,385.56175,1.51,-9.4105,1.6365,-0.574,0.5825,0.254,6.41325
10,2.25,0.4855,5.17525,2.866,1.257,-4.84325,1.75,93.88,386.2375,1.46,-7.998,1.51325,-0.574,0.57025,0.2395,6.42075
10,2.75,0.487,5.212,2.91025,1.441,-6.071,2.40725,94.096,386.56875,1.38,-8.6135,0.108,-0.613,0.57775,0.21575,6.4565
10,3.25,0.487,4.717,2.8745,1.44775,-7.3445,2.13,94.63175,386.782,1.2975,-7.382,9.6465,-0.54,0.559,0.222,6.5115
10,3.75,0.4665,4.781,2.856,1.4965,-5.65675,1.2785,95.042,387.009,1.1875,-7.35,8.78025,-0.46,0.558,0.198,6.5025
10,4.25,0.452,4.5625,2.84525,1.38425,-4.842,0.94925,95.4335,387.56075,1.185,-7.1695,9.116,-0.4525,0.52025,0.21,6.529
10,4.75,0.4795,4.504,2.72625,1.4685,-5.669,1.55825,95.74,387.6265,1.145,-6.62575,8.7595,-0.3865,0.62025,0.2045,6.478
10,5.25,0.511,4.115,2.897,1.47325,-7.3495,1.1805,95.822,386.969,0.9975,-6.535,8.792,-0.367,0.587,0.234,6.40025
10,5.75,0.504,3.958,2.866,1.271,-5.77175,1.1545,95.92025,387.384,0.95,-6.15,9.821,-0.465,0.64,0.224,6.381
10,6.25,0.50225,4.058,2.93725,1.647,-5.53475,0.812,95.728,387.97525,0.97,-6.90175,9.569,-0.35775,0.55425,0.26125,6.443
10,6.75,0.487,3.864,2.841,1.36375,-6.51,1.11375,96.103,387.69775,0.955,-6.21075,14.65925,1.3335,0.8015,0.50175,6.46875
10,7.25,0.494,3.8375,2.949,1.391,-6.26375,1.1185,96.514,388.13525,0.96,-0.753,37.74875,16.6185,1.929,1.749,6.438
10,7.75,0.52675,3.97125,2.9605,1.121,-3.89925,1.73,96.209,387.5325,0.99,16.32175,106.32175,46.71275,6.362,5.51425,6.49025
10,8.25,0.571,4.6225,3.0995,1.12525,7.4895,4.82975,95.6705,386.1025,0.995,44.01575,217.933,106.991,13.215,11.888,6.64
10,8.75,0.606,4.78275,3.0995,1.023,26.6505,8.208,94.8365,385.8535,1.14,83.267,322.82075,150.13025,19.9285,15.12725,6.94475
10,9.25,0.6255,5.198,3.1885,1.01775,44.9655,12.181,93.7145,385.809,1.5825,133.752,476.376,224.245,25.502,23.515,7.201
10,9.75,0.673,6.31,3.4225,0.84725,73.051,18.992,92.221,384.338,2.1575,172.057,611.514,281.767,30.519,24.72,7.112
10,10.25,0.707,7.889,3.564,0.60375,97.2825,25.853,90.877,383.615,2.58,205.4555,651.01225,305.84725,31.80525,26.0995,6.956
10,10.75,0.714,8.61275,3.452,0.694,126.501,28.908,88.853,382.815,2.99,218.93575,731.5355,341.39825,35.605,26.8935,7.128
10,11.25,0.7345,9.02,3.594,0.279,142.08025,35.765,86.105,382.28575,3.305,230.071,741.577,355.416,38.149,30.848,7.20175
10,11.75,0.737,9.528,3.6745,0.3685,147.761,39.211,83.2515,382.1295,3.39,247.823,825.424,388.248,40.834,31.915,7.195
10,12.25,0.7675,9.92,3.741,0.4055,159.85875,42.00975,81.584,381.818,3.7,283.35525,872.24875,411.56925,42.10875,31.91875,6.956
10,12.75,0.792,10.209,3.78075,0.32,167.0705,41.74175,80.896,381.74,4.0825,287.163,909.306,422.47,41.362,31.404,7.055
10,13.25,0.75,10.2585,3.709,0.071,145.5165,46.9665,80.8925,381.765,4.255,253.88,825.1975,387.4945,39.4575,30.188,6.74625
10,13.75,0.75,10.525,3.7695,0.21975,132.616,42.5935,78.8015,381.814,4.32,240.0605,812.789,372.3245,35.9995,27.402,6.7785
10,14.25,0.76725,10.567,3.611,0.434,116.69825,36.899,81.701,381.75975,4.505,195.07,655.561,310.54,31.769,26.429,6.81475
10,14.75,0.709,11.03575,3.6435,0.6205,96.58925,32.134,83.923,381.49425,4.725,173.4455,579.1045,272.1805,26.343,23.685,6.945
10,15.25,0.711,10.9025,3.447,0.42475,77.642,30.98825,85.0155,381.34,4.76,145.054,536.9445,247.7285,20.96075,23.61925,6.9975
10,15.75,0.6845,11.28,3.557,0.297,40.303,27.752,83.622,381.201,4.85,97.268,383.83475,173.0835,17.09975,18.259,7.09825
10,16.25,0.6375,10.64025,3.2395,0.46875,17.0905,21.76725,84.78925,381.1135,4.49,60.7805,279.80425,143.77525,12.28575,17.5565,7.1355
10,16.75,0.636,10.2255,3.22275,0.923,3.6975,15.976,85.3205,381.602,4.21,24.9335,181.137,81.631,7.4285,10.705,7.137
10,17.25,0.5815,9.81875,3.044,0.961,-3.4675,10.916,87.766,381.42075,3.86,-1.056,76.3865,31.906,2.9965,3.88575,6.9205
10,17.75,0.524,9.422,2.9865,1.162,-4.646,5.191,89.10925,381.376,3.505,-10.254,23.299,6.176,0.974,0.548,6.8405
10,18.25,0.5085,8.835,2.91,1.36225,-4.796,4.054,88.68925,381.9695,3.195,-12.616,10.3465,-0.626,0.49,0.115,6.90375
10,18.75,0.505,8.749,2.9465,1.4425,-6.66625,3.042,88.5165,382.14,3.0525,-12.0685,8.8175,-0.7845,0.428,0.1295,6.918
10,19.25,0.499,8.0745,2.9805,1.317,-7.477,2.8625,89.54275,382.05725,2.85,-11.65,7.763,-0.688,0.482,0.16575,6.887
10,19.75,0.50375,7.3515,2.86925,1.61375,-7.976,2.32125,89.36375,382.02775,2.5375,-11.5025,8.0505,-0.8255,0.46475,0.1525,6.85725
10,20.25,0.525,6.539,2.9625,1.58,-6.64325,3.062,89.412,382.26775,2.4975,-10.068,7.12775,-0.68775,0.45825,0.1755,6.805
10,20.75,0.52875,5.956,2.97625,1.51175,-6.836,3.41025,91.57225,383.3665,2.4125,-11.0525,7.81,-0.6735,0.49325,0.155,6.83125
10,21.25,0.52125,5.46475,2.96,1.6375,-5.47325,2.816,91.717,383.525,2.12,-12.63075,7.933,-0.708,0.48275,0.20225,6.72675
10,21.75,0.4995,5.21,3.024,1.82925,-6.66725,3.19425,91.29975,383.30175,2.02,-10.69075,8.0805,-0.62225,0.532,0.22125,6.64
10,22.25,0.4895,5.27625,2.9645,1.644,-5.1345,2.58,92.214,383.59925,1.875,-9.84,0.47,-0.65,0.54575,0.163,6.6
10,22.75,0.45975,4.974,2.89,1.245,-6.44325,1.686,92.40425,384.181,1.74,-9.793,0.83525,-0.56875,0.48475,0.20475,6.511
10,23.25,0.466,5.0135,2.7645,1.299,-8.056,1.281,92.79025,384.30825,1.71,-9.451,0.131,-0.56075,0.52375,0.191,6.534
10,23.75,0.46525,5.01875,2.74,1.31525,-8.54775,1.94825,92.8875,384.715,1.7225,-8.60575,0,-0.6295,0.55475,0.20975,6.49
11,0.25,0.47925,-0.67175,2.7025,0.78075,-6.37325,0.34675,93.73525,385.387,0.485,-2.92725,3.139,-0.31125,0.6475,0.259,3.93
11,0.75,0.5025,-0.817,2.885,0.684,-4.722,0.77175,93.934,385.38425,0.47,-3.27925,4.4765,-0.29075,0.65125,0.23475,3.979
11,1.25,0.48125,-0.98,2.7595,0.72,-6.29275,0.42775,94.00025,385.28275,0.46,-3.4015,4.492,-0.377,0.62775,0.26125,3.925
11,1.75,0.468,-1.1045,2.822,0.816,-6.237,0.1605,94.17225,385.632,0.45,-2.94675,4.43225,-0.35425,0.6445,0.33825,3.908
11,2.25,0.4835,-1.312,2.7395,0.74775,-4.7205,0.429,94.1015,385.81375,0.43,-2.865,3.514,-0.357,0.64725,0.3095,3.86075
11,2.75,0.48675,-1.53275,2.67525,0.63375,-4.55825,0.4695,93.77725,385.812,0.4425,-3.1055,4.315,-0.32575,0.62425,0.2625,3.92
11,3.25,0.481,-1.7935,2.727,0.85075,-3.313,0.452,93.77775,385.953,0.4325,-2.1405,11.1505,-0.25175,0.59375,0.21825,3.8995
11,3.75,0.495,-1.826,2.794,0.7645,-3.943,0.449,94.2285,386.12425,0.44,-2.13625,11.301,-0.17575,0.65125,0.23525,3.906
11,4.25,0.535,-2.0005,2.693,0.538,-4.74,0.31725,94.338,386.18375,0.4225,-2.18525,11.076,-0.21275,0.64875,0.24575,3.922
11,4.75,0.441,-2.08825,2.756,0.845,-4.203,0.5005,94.35825,386.654,0.385,-2.0865,11.216,-0.17125,0.629,0.2915,3.8935
11,5.25,0.512,-2.63325,2.771,0.93025,-5.137,0.4845,94.30175,386.40675,0.3825,-2.1515,10.7375,-0.1405,0.64775,0.21175,3.835
11,5.75,0.47,-2.76125,2.752,0.79575,-3.953,0.3155,94.401,386.54775,0.37,-1.99175,10.1765,-0.2165,0.654,0.25075,3.763
11,6.25,0.4615,-2.81,2.529,0.944,-6.2175,0.42475,94.3765,386.69825,0.3675,-1.4915,11.5175,-0.16275,0.66075,0.29825,3.723
11,6.75,0.458,-2.859,2.62825,0.8835,-3.35625,0.38675,94.339,386.537,0.345,-1.9795,10.955,-0.16275,0.67975,0.35275,3.637
11,7.25,0.44,-2.928,2.6555,0.693,-4.877,0.4005,94.4535,386.55,0.3325,-1.896,11.962,-0.09975,0.684,0.448,3.6395
11,7.75,0.48525,-2.9885,2.75925,0.8805,-5.193,0.415,94.7365,386.84475,0.325,-1.1375,17.43725,0.9245,0.97375,0.71425,3.5935
11,8.25,0.462,-2.935,2.6265,0.62825,-3.59025,0.52375,94.8885,387.11925,0.3525,3.41475,38.13625,12.986,2.97325,2.3975,3.635
11,8.75,0.489,-2.6745,2.75375,0.636,-2.00525,0.78425,94.8975,387.1415,0.3525,13.71525,88.2105,36.5695,7.608,6.89975,3.64075
11,9.25,0.54925,-2.3845,2.83825,0.769,2.263,1.817,94.908,386.74775,0.38,34.20575,169.9105,71.165,14.483,11.2075,3.705
11,9.75,0.572,-2.0315,2.846,0.799,12.338,3.0975,94.5695,386.76975,0.44,52.4965,245.1745,112.184,21.145,15.435,3.8205
11,10.25,0.603,-1.425,2.954,0.973,33.025,4.25,94.3945,386.4425,0.5,78.81625,337.726,163.706,27.009,22.869,4.016
11,10.75,0.592,-0.907,3.013,1.01775,45.3535,5.86725,93.46175,386.0575,0.58,94.882,402.04225,196.588,35.188,28.1215,4.1335
11,11.25,0.635,-0.786,3.14225,0.9085,56.953,8.397,92.7055,385.7855,0.71,120.232,482.066,218.425,40.478,33.129,4.1995
11,11.75,0.6355,-0.5435,3.2405,1.12175,70.124,8.80425,91.251,385.42725,0.85,136.6475,513.8805,244.499,38.845,31.058,4.21325
11,12.25,0.6435,-0.1815,3.359,1.1485,72.0965,11.0015,90.32075,385.14175,0.9725,144.129,536.55875,251.5285,41.55925,29.463,4.26
11,12.75,0.6685,-0.01125,3.271,1.18375,76.8575,10.30425,89.1,384.679,1.105,139.234,530.523,262.2425,40.0645,29.07475,4.256
11,13.25,0.6745,0.20425,3.284,0.851,70.632,11.0435,89.392,384.6345,1.2275,132.116,494.922,246.24925,35.803,29.141,4.282
11,13.75,0.64175,0.5275,3.332,1.186,55.40775,9.622,88.5605,384.62525,1.305,107.673,431.689,215.248,29.5855,26.827,4.1335
11,14.25,0.64075,0.618,3.2825,0.91375,45.71525,7.6785,88.301,384.63025,1.345,83.217,386.233,190.1065,23.9145,24.7265,4.14875
11,14.75,0.597,0.522,3.1225,0.88225,29.2335,6.067,89.0505,384.44975,1.3975,55.582,275.67575,140.0915,17.714,21.27775,4.2435
11,15.25,0.59075,0.3435,3.035,0.67475,14.5,5.23625,89.25575,384.294,1.28,27.894,201.494,97.66275,12.571,15.74275,4.31925
11,15.75,0.557,0.30925,2.993,0.71025,2.597,2.52525,88.66275,384.398,1.3625,12.435,116.61575,55.118,7.981,9.15925,4.3215
11,16.25,0.5535,0.14275,2.861,0.78825,-2.534,1.833,89.65,384.45475,1.2925,1.512,51.976,21.11675,3.48725,2.519,4.39675
11,16.75,0.503,0.03025,2.742,0.77425,-4.914,0.84425,90.3245,384.60775,1.175,-3.232,21.398,1.817,1.37275,0.50725,4.40125
11,17.25,0.476,-0.12325,2.682,0.74425,-6.063,0.97,90.44975,384.75675,1.1175,-3.339,12.368,-0.2745,0.6775,0.1255,4.365
11,17.75,0.502,-0.17275,2.728,0.809,-6.505,0.812,90.3255,385.1465,1.01,-3.492,11.42,-0.3645,0.647,0.1075,4.318
11,18.25,0.46,-0.19425,2.768,0.637,-5.508,0.48825,90.702,385.1965,1.015,-2.692,11.67475,-0.4455,0.65625,0.127,4.32425
11,18.75,0.461,-0.42925,2.655,0.703,-4.9,0.68475,91.33775,385.2725,0.91,-3.79,12.1445,-0.403,0.64625,0.1435,4.236
11,19.25,0.5035,-0.46425,2.82,0.47,-6.02425,0.8415,91.61875,385.323,0.9025,-2.821,11.863,-0.368,0.64325,0.16825,4.1815
11,19.75,0.503,-0.47225,2.76175,0.88475,-5.95175,0.611,92.17825,385.445,0.86,-2.629,11.926,-0.349,0.6465,0.1535,4.14375
11,20.25,0.491,-0.5165,2.851,0.658,-5.315,0.3965,92.42375,385.5925,0.8225,-2.453,12.109,-0.381,0.6235,0.147,4.046
11,20.75,0.484,-0.5575,2.738,0.861,-5.356,0.61375,92.48725,386.03575,0.75,-2.062,11.798,-0.35325,0.6405,0.162,3.928
11,21.25,0.476,-0.697,2.76,0.773,-4.935,0.245,92.66,385.921,0.65,-2.081,12.744,-0.29625,0.68725,0.1905,3.8315
11,21.75,0.487,-0.72775,2.707,0.596,-5.653,0.24325,92.8315,385.9375,0.595,-2.632,11.77125,-0.32775,0.65875,0.18475,3.7895
11,22.25,0.501,-0.6675,2.641,0.973,-6.047,0.3315,93.0165,385.947,0.565,-2.863,3.385,-0.326,0.659,0.18625,3.84275
11,22.75,0.45225,-0.734,2.5945,0.6505,-8.15075,0.278,92.973,386.014,0.525,-2.656,3.3905,-0.2865,0.6755,0.29775,3.805
11,23.25,0.47175,-0.843,2.63875,0.803,-5.37325,0.6695,93.08225,386.1455,0.5,-2.643,2.49075,-0.26075,0.6645,0.22125,3.825
11,23.75,0.48125,-0.93525,2.696,0.686,-6.942,0.17075,93.53,385.464,0.4575,-2.569,3.675,-0.22275,0.644,0.24,3.83525
12,0.25,0.446,-10.482,2.699,0.475,-5.67,0.03275,90.136,387.96,0.28,-0.87425,0.0145,-0.1295,0.6925,0.234,2.307
12,0.75,0.471,-10.34,2.75,0.483,-4.757,0.2495,89.992,388.034,0.27,-0.7175,0,-0.199,0.6695,0.266,2.2715
12,1.25,0.48,-10.4365,2.845,0.511,-3.98925,0.247,89.696,388.055,0.27,-0.70375,0.2585,-0.16475,0.643,0.2415,2.2
12,1.75,0.483,-10.4365,2.813,0.482,-5.87875,0.0845,89.2725,388.0495,0.265,-0.71975,1.54375,-0.063,0.6635,0.272,2.1275
12,2.25,0.489,-10.6125,2.874,0.6,-5.5505,0.111,89.241,388.125,0.26,-0.72125,1.455,-0.135,0.6275,0.287,2.146
12,2.75,0.495,-10.643,2.848,0.482,-4.299,0.112,89.631,388.1835,0.265,-0.71925,1.41175,-0.1275,0.6435,0.3155,2.042
12,3.25,0.475,-10.71,2.794,0.461,-4.318,0.14075,89.4435,388.21975,0.26,-0.3315,11.2505,-0.0585,0.597,0.307,2.0805
12,3.75,0.503,-10.616,2.843,0.3935,-5.734,0.233,89.752,388.224,0.26,-0.38975,9.913,0.0055,0.679,0.2775,2.07625
12,4.25,0.5285,-10.4005,2.891,0.459,-6.2555,0.08325,89.5685,388.2005,0.26,-0.55,10.66075,-0.10375,0.6485,0.3,2.119
12,4.75,0.493,-10.8695,2.9415,0.49525,-5.67825,0.146,89.41,388.2185,0.255,-0.46225,10.959,-0.09725,0.676,0.2885,2.0935
12,5.25,0.512,-10.802,2.832,0.5885,-6.1135,0.21075,89.043,388.215,0.26,-0.659,10.69575,-0.14325,0.645,0.341,2.149
12,5.75,0.507,-10.8975,2.8535,0.4585,-3.631,0.2245,89,388.2255,0.26,-0.238,9.674,-0.13975,0.6825,0.3055,2.204
12,6.25,0.5005,-11.295,2.8135,0.4975,-3.501,0.1135,88.713,388.4315,0.26,0.04325,11.6075,-0.16625,0.636,0.3585,2.1815
12,6.75,0.478,-11.4865,2.83625,0.459,-5.12125,0.098,89.1215,388.307,0.26,-0.04175,10.8325,-0.13225,0.658,0.2935,2.1565
12,7.25,0.527,-11.8085,2.9075,0.54775,-4.479,0.15925,89.2385,388.248,0.255,-0.50125,11.533,-0.0865,0.67,0.354,2.09
12,7.75,0.526,-12.1065,2.954,0.4585,-2.459,0.30725,89.15,388.1855,0.255,-0.795,9.2685,-0.1485,0.6665,0.382,2.069
12,8.25,0.521,-12.003,2.989,0.58875,-3.25725,0.1655,89.012,388.3775,0.25,-0.34275,11.662,-0.08475,0.7295,0.404,2.002
12,8.75,0.532,-12.063,2.891,0.307,-2.608,0.211,89.1645,388.29575,0.25,-0.032,15.9665,2.37825,1.384,1.0455,1.9045
12,9.25,0.505,-12.2285,2.86175,0.432,-1.9035,0.258,88.844,388.2345,0.25,5.3765,34.5675,26.445,5.177,5.736,1.91
12,9.75,0.54025,-12.033,2.8805,0.538,0.66625,0.31625,88.8615,388.26,0.26,18.06025,79.418,76.72125,13.3765,11.3945,1.986
12,10.25,0.56225,-11.817,3.009,0.6225,6.633,0.48475,88.8445,388.602,0.26,38.84125,145.118,115.65575,24.332,16.541,2.02925
12,10.75,0.6,-12.027,3.209,0.84,16.1495,0.9585,88.7495,388.62825,0.28,63.27225,204.3115,155.7495,31.985,23.1985,1.91575
12,11.25,0.659,-12.032,3.25075,0.7325,28.7005,1.661,88.882,388.19725,0.3,83.19325,279.592,186.40525,37.527,36.331,1.9285
12,11.75,0.608,-11.339,3.22825,0.76075,41.742,1.662,88.925,388.05675,0.33,90.325,317.092,214.22525,41.236,38.584,2.003
12,12.25,0.63,-10.72,3.06475,0.833,43.67675,2.13075,88.844,387.87725,0.34,98.04525,332.085,220.48925,45.087,36.847,2.17625
12,12.75,0.633,-10.091,2.992,0.688,45.3065,2.3015,88.718,387.69275,0.37,100.6195,350.456,220.916,43.948,37.279,2.144
12,13.25,0.62925,-9.743,3.136,0.714,37.895,1.8535,88.576,387.414,0.38,93.308,349.476,214.82575,40.959,34.836,2.24675
12,13.75,0.636,-9.548,3.188,0.66,34.44125,1.89225,88.71225,387.28375,0.39,78.0715,316.51825,194.721,34.815,32.10325,2.30325
12,14.25,0.572,-9.22625,3.17,0.59,23.4425,1.2535,88.64175,387.33675,0.39,65.7555,256.99,165.923,28.5415,26.8885,2.35125
12,14.75,0.552,-9.34725,2.987,0.609,10.243,1.3155,88.67375,387.20925,0.41,37.542,183.8155,128.249,19.903,22.613,2.3685
12,15.25,0.567,-9.35,3.033,0.547,2.387,0.5215,88.45575,387.39125,0.41,19.174,103.3425,74.788,12.213,16.822,2.328
12,15.75,0.558,-9.41825,3.014,0.67,-2.62275,0.32975,88.766,387.4125,0.39,3.602,43.3645,29.35,5.083,7.2845,2.376
12,16.25,0.515,-9.3895,3.045,0.472,-4.162,0.243,88.67725,387.4965,0.37,-1.0955,17.63475,0.869,1.46075,0.40625,2.31825
12,16.75,0.534,-9.76775,3.031,0.359,-5.49025,0.08,89.10725,387.39925,0.3475,-2.0655,12.21325,-0.478,0.7645,0.08975,2.432
12,17.25,0.558,-9.84675,3.223,0.433,-6.90875,0.04,89.03875,387.6315,0.3375,-2.2885,11.997,-0.399,0.6625,0.126,2.28275
12,17.75,0.56,-9.94425,3.262,0.452,-4.8,0.1255,89.09975,387.4805,0.3275,-2.07,12.165,-0.387,0.6675,0.165,2.2935
12,18.25,0.561,-9.87675,3.185,0.484,-8.1975,0.20075,89.32975,387.48775,0.32,-1.606,12.531,-0.284,0.64,0.1705,2.438
12,18.75,0.536,-9.8795,3.124,0.458,-8.268,0.096,89.1295,387.58775,0.3175,-1.618,13.762,-0.3095,0.67375,0.13775,2.317
12,19.25,0.547,-9.72725,3.164,0.575,-5.604,0.0585,89.3295,387.5575,0.3175,-1.4825,12.01925,-0.4135,0.72225,0.173,2.354
12,19.75,0.543,-9.43125,3.147,0.54,-5.68075,0.059,89.452,387.5045,0.3175,-1.5125,12.53625,-0.21175,0.6775,0.20975,2.3695
12,20.25,0.585,-9.5125,3.184,0.668,-6.778,0.1315,89.5835,387.47375,0.32,-0.9995,11.91,-0.12875,0.651,0.22475,2.38
12,20.75,0.524,-9.6545,3.084,0.527,-5.162,0.30575,89.60475,387.499,0.31,-0.6985,12.3815,-0.08325,0.66575,0.21075,2.393
12,21.25,0.52,-9.89275,2.987,0.55,-6.04375,0.1345,89.7405,387.58475,0.31,-0.99,12.27,-0.255,0.697,0.217,2.3645
12,21.75,0.52,-10.0345,2.912,0.455,-6.2445,0.085,89.76475,387.68975,0.31,-0.7035,11.309,-0.15125,0.67725,0.21475,2.348
12,22.25,0.506,-10.05925,2.975,0.543,-6.08,0.312,89.63425,387.8105,0.3,-1.4185,0.73575,-0.184,0.638,0.17125,2.3155
12,22.75,0.53,-10.28225,2.849,0.657,-6.648,0.131,89.683,387.8435,0.29,-1.1285,0.499,-0.22475,0.668,0.2585,2.34575
12,23.25,0.48825,-10.38425,2.85975,0.507,-6.43925,0.12625,89.50375,387.7535,0.2875,-0.888,0.3725,-0.13575,0.688,0.25725,2.3525
12,23.75,0.48925,-10.479,2.868,0.474,-4.589,0.0925,89.83275,387.7945,0.28,-0.906,0.8815,-0.16725,0.67875,0.3055,2.3475
