DOY2,HR2,CO2,FC,H2O,H,LE,PA,RH,T_SONIC,TA,VPD,TS_1_2_1,TS_2_2_1,USTAR,WS,G_1_2_1,G_2_2_1
1,0.25,663.98864,2.7887036404,10.235994,18.3175,18.3,94.554022,62.3838385,22.292834,20.156,20.135,20.95875,21.29125,0.5493791025,3.258552977575,0,0
1,0.75,662.4136175,1.189958619375,10.09859425,10.56,6.425,94.5271055,62.34393475,21.58683625,19.64575,19.805,20.722,21.182,0.6418165175,3.758612696975,0,0
1,1.25,665.8049575,1.21201811975,10.158283,10.9255,5.286,94.52791925,66.088335,21.161382,19.07575,19.2,20.475,21.07,0.60570486,3.6528725496,0,0
1,1.75,667.12472,1.6973865068,10.215627,9.65399999999999,8.29724999999999,94.515328,67.957633,20.966766,18.907,18.88,20.2875,20.96375,0.55311244,3.420230279,0,0
1,2.25,668.293025,1.3234123805,9.99856275,12.385,7.99299999999999,94.500365,68.1866425,20.6398625,18.525,18.65,20.1595,20.8525,0.58500554,3.5287087198,0,0
1,2.75,666.8943,1.380624238,10.042976,13.6875,7.57,94.501606,67.42174,20.377372,18.382,18.64,20.0165,20.729,0.599630895,3.4122498387,0,0
1,3.25,666.60192,1.5731966322,10.014025,13.375,7.41099999999999,94.499608,69.103836,20.087634,18.042,17.68,19.83925,20.5995,0.5883604,3.57715828285,0,0
1,3.75,668.74384,1.2722231052,10.0749184,15.07,8.039,94.494132,68.967966,20.306918,18.064,17.14,19.65675,20.45225,0.5836458375,3.50512965385,0,0
1,4.25,668.87516,1.2763435994,10.0666148,8.21199999999999,9.10099999999999,94.482734,70.603498,20.036192,17.69,16.44,19.59025,20.3365,0.5763114975,3.747019958225,0,0
1,4.75,667.6535,1.124299735375,9.716593875,21.31,6.20999999999999,94.45351875,68.36282875,20.28083,18.0775,16.325,19.608,20.258,0.60031721,3.346164186825,0,0
1,5.25,666.289,2.012688916,9.69444075,10.267,9.87749999999999,94.45023625,70.057175,20.14572625,18.025,15.5375,19.61325,20.20925,0.62617728,3.8036526066,0,0
1,5.75,670.2071925,1.242259888625,9.51467365,11.5575,6.568,94.454455,74.026577,19.59303475,16.9985,14.905,18.509,19.284,0.675092265,3.9579976026,0,0
1,6.25,666.685185,1.04243470105,9.5190077,16.53,6.05625,94.4608105,74.3779335,19.444705,17.11,14.45,18.47675,19.2625,0.612859405,3.77318235855,0,0
1,6.75,668.347245,1.8097372435,9.0795769,8.36699999999998,9.18250000000001,94.481075,74.74030675,18.96529175,16.91,16.315,16.13,17.0125,0.6377025575,3.587804795425,0,0
1,7.25,667.37455,1.6221309758,9.1079201,18.355,13.42,94.49648,75.283432,18.563911,16.636,16.24,16.2205,17.048,0.625035,3.7210746245,0,0
1,7.75,668.9215575,1.777121685625,9.679589125,17.525,10.93975,94.52474525,79.65932,18.6288325,16.63175,16.0225,15.6478333333333,16.5578333333333,0.58568061,3.3211105565,0,0
1,8.25,673.3505325,1.37296759622499,9.516823975,9.06875,16.47,94.55181025,79.19845825,18.18180125,16.1935,15.51,15.0751666666667,16.0676666666667,0.5847780375,3.40518823125,0,0
1,8.75,669.73289,1.7459271484,9.3463073,12.075,16.2175,94.574483,77.552403,17.854544,16.109,15.3,14.5025,15.5775,0.61186016,3.6067860188,0,0
1,9.25,668.698855,2.02728648095,9.8836733,35.65,27.115,94.6088635,75.156275,18.659929,17.257,16.36,15.715,16.455,0.621672675,3.4639934172,0,0
1,9.75,668.96205,2.60843366049999,10.1161983,79.3625,33.08,94.632687,71.30262,19.942227,18.501,17.37,16.1455,16.53875,0.6077055425,3.88577526605,0,0
1,10.25,677.02522,3.6918806355,12.72557,131,44.55,94.64894,70.77354,21.54031,20.016,19.6625,16.887,16.546,0.6246412,3.62011159535,1.95075,0
1,10.75,664.357595,1.627705092625,12.564802,177.25,45.68,94.667526,66.00181,22.74801625,21.3115,22.3,18.02,16.96,0.64269895,3.5249179464,13.9525,1.607
1,11.25,656.87153,1.58307193539999,12.537969,223.95,73.8125,94.66729625,61.357825,25.175352,23.51375,25.74,21.0435,19.338,0.60701163,3.2480225285,23.423,6.721325
1,11.75,654.065225,0.7259665191,11.5324925,254.125,74.5875,94.6628525,59.25005,26.45747575,24.915,29.15,22.629,20.383,0.5913028075,3.960276064875,29.8635,11.51
1,12.25,653.5159,0.680480324224999,11.842615,265.325,81.0974999999999,94.6454525,57.79725,28.0289755,26.5825,30.95,23.783,21.113,0.633021779999999,4.11457225435,30.85,16.5655
1,12.75,648.81795,0.915574919299998,11.06762,282.8,86.9199999999999,94.5960875,53.932625,29.13469775,27.545,33.225,25.962,22.088,0.632739525,4.470775217325,36.138,24.3955
1,13.25,648.237775,1.73834777475,10.7394575,296.6,100.275,94.5312175,53.60355,29.911381,28.3675,35.775,26.749,22.784,0.628156455,4.722042693875,50.493,36.4335
1,13.75,649.478025,2.37614292025,10.599095,303,92.3625,94.4744175,49.728725,30.2988675,28.8375,37.3,27.336,23.193,0.64768135,4.99881331475,74.4185,36.0315
1,14.25,649.05945,1.27448463875,10.31673,295.3,89.725,94.441585,51.0696,30.4778575,29.08,37.425,28.255,23.637,0.67082405,4.93651806025,86.28,35.3705
1,14.75,645.606525,1.2318172265,10.2286575,307.025,94.3125,94.4164725,48.5193,30.8389075,29.1075,37.85,29.379,23.629,0.651210325,4.56572358175,94.875,33.3805
1,15.25,648.64865,1.7112541925,10.56454,301.5,94.6499999999999,94.4085025,50.121825,30.6985225,29.255,38.525,30.095,23.946,0.70367225,4.59630049975,89.96,33.219
1,15.75,644.60305,0.9203900765,10.3219275,260.1,74.3125,94.393685,48.8978,30.7686375,29.125,39.1,30.225,24.338,0.623788725,4.4289216345,74.801,32.6345
1,16.25,643.845675,1.23871569375,10.141964,229.5,61.1925,94.3931825,47.03085,30.586065,29.265,39.2,29.625,24.449,0.65741655,5.136993794,48.4465,29.712
1,16.75,647.718955,1.027441417525,9.73969915,188.7,61.11,94.389625,44.4804275,30.59509325,29.126,39.2975,28.972,24.48925,0.587194575,4.61059621525,37.6705,28.788
1,17.25,645.17116,0.704583708374999,10.1684165,150.3,49.76,94.39513525,47.7732525,30.54499725,29.05875,39.5125,28.41825,24.4455,0.602715825,4.69817962375,39.657,28.788
1,17.75,646.17697,0.8973453373,10.153527,92.06,40.5449999999999,94.405038,48.84657,30.258198,28.544,38.26,27.6395,24.3035,0.617890177499999,4.6563527614,41.9585,26.6765
1,18.25,647.342265,0.8460198153,10.442589,52.49,26.79,94.42569775,50.4546925,29.527586,27.88275,35.8625,26.3355,24.01675,0.6000792975,4.3190559815,30.85125,23.79175
1,18.75,648.90618,0.8891911556,10.0072062,47.5375,13.32,94.440644,41.54668,28.729388,26.448,33.64,25.344,23.734,0.525616622499999,3.584020679075,16.5205,18.022
1,19.25,650.3650825,1.023369065025,10.141109,26.55,9.69425000000001,94.4549165,41.9582805,28.0317595,25.61325,31.3,24.53275,23.4265,0.462344334999999,3.1157008076,4.2925,10.84
1,19.75,651.262495,1.022743493125,10.05993425,27.095,12.251,94.48275325,44.9424075,26.9843255,24.6885,27.8,23.83675,23.11125,0.5150101075,3.440430325075,0,6.4658
1,20.25,653.71991,1.02730611065,10.11459245,43.0200000000001,12.4425,94.49908,47.37088,26.263051,23.944,26.2,23.336,22.848,0.558224739999999,3.38717603105,0,3.707125
1,20.75,654.231145,0.993422950650001,10.1332896,22.9325,5.998,94.506868,48.5212025,25.5782355,23.4195,24.535,22.882,22.589,0.4881702475,3.232896846,0,1.526775
1,21.25,654.760565,1.0111179069,10.802079,47.4899999999999,10.155,94.5102935,54.8001445,24.889016,22.6565,23.36,22.421,22.342,0.515402809999999,3.4517556496,0,0
1,21.75,656.216005,1.33518683835,10.600114,31.8875,10.5,94.5203865,57.040595,24.4294565,22.207,22.765,22.012,22.081,0.57272586,3.755657777875,0,0
1,22.25,656.83717,1.1304513183,10.6056135,30.3399999999999,9.32,94.536084,58.527085,24.1879415,22.078,21.545,21.79,21.885,0.5218114675,3.001707471425,0,0
1,22.75,659.709515,1.50248474195,10.4934265,30.3725,9.05199999999998,94.5498325,59.48031,22.9376915,20.942,21.045,21.592,21.718,0.516898627499999,3.145670484075,0,0
1,23.25,662.259215,1.09932882525,10.4065665,26.035,10.796,94.569228,62.624335,22.4265455,20.351,19.69,21.328,21.562,0.483351002499999,3.203314927925,0,0
1,23.75,663.4398925,2.442705685775,10.28438625,28.6949999999998,9.3065,94.5690615,62.23585,22.54813325,20.314,19.555,21.13125,21.4275,0.5412318275,3.5611760364,0,0
2,0.25,662.579255,1.5744811546,10.515912,7.995,17.5275,94.366672,75.2303005,24.246085,22.221,24.915,16.81025,18.3495,0.55471677,3.5793868499,0,0
2,0.75,665.12172,1.2987569168,10.71581,10.79075,10.6,94.415998,75.236944,24.693812,22.775,25.42,16.61575,18.1185,0.545040375,3.5483737242,0,0
2,1.25,665.60262,2.221145434,10.7023935,18.08,9.23099999999987,94.4082075,74.1562755,23.284054,21.53,23.455,16.1295,17.76325,0.52402996,3.2490303425,0,0
2,1.75,669.02846,2.19064002125,10.656701,11.98,25.37,94.403258,74.561359,22.31472,20.58825,22.045,15.89825,17.4565,0.5076573,3.17323822125,0,0
2,2.25,667.1121,0.97062689935,10.507689,9.805,11.035,94.3982605,74.332336,21.759318,19.8835,21.23,15.59675,17.1475,0.52029465,3.3880102815,0,0
2,2.75,668.46082,1.16754582415,10.7767625,12.44,16.9225,94.4034955,74.7461345,21.833832,19.96575,20.86,15.23625,16.878,0.61065392,3.66279650375,0,0
2,3.25,669.88817,1.40946569405,10.866201,9.05,24.205,94.3890495,73.24393475,21.460998,19.657,20.205,14.92625,16.62775,0.57768266,3.81565797225,0,0
2,3.75,672.1182925,1.1989202595,10.87334175,6.98599999999998,23.9574999999999,94.36937075,71.37202,21.313936,19.4435,18.8,14.7745,16.4175,0.5785658525,3.693506894,0,0
2,4.25,669.3383,1.500736726,11.453225,10.0575,17.24,94.35762,74.27459625,20.72240875,18.942,18.7275,14.6485,16.283,0.58699721,3.7106930636,0,0
2,4.75,670.08635,1.942552314,11.17279,16.93,22.0875,94.346325,75.1950655,20.2839365,18.539,18.385,14.459,16.141,0.666870115,4.281039322625,0,0
2,5.25,669.91235,1.3810661405,11.10393,19.8599999999999,18,94.33406,77.30229225,19.32413675,17.656,17.43,14.231,15.98,0.701201745,4.352692624475,0,0
2,5.75,669.7130175,1.99143738452499,11.08501,15.235,32.2449999999999,94.33545675,75.833785,19.56497675,17.6735,16.9,13.9695,15.7895,0.71411953,4.358354351125,0,0
2,6.25,670.59325,1.3015986935,11.121935,21.36,18.59,94.34838,77.6426794999999,19.32985,17.52825,18.035,13.6495,15.598,0.703317609999999,4.409935719575,0,0
2,6.75,669.5543,1.4160913425,10.90843075,9.48625000000002,18.695,94.358545,78.6609549999999,19.3206125,17.685,17.92,13.3765,15.41975,0.59335756,3.6969713314,0,0
2,7.25,673.6208,1.715655791,10.7744555,9.3075,14.42,94.369545,78.6251282499999,18.6410065,17.08,16.225,13.18275,15.25675,0.58682657,3.9512573859,0,0
2,7.75,674.176995,1.26643133455,10.6791145,11.605,17.68,94.3830525,79.0858725,18.4486285,16.68,16.08,13.051,15.113,0.6007101125,3.724263224675,0,0
2,8.25,670.2039,1.268114071275,11.289044,17.4874999999999,13.15,94.39891,86.850494,18.43536375,17.095,16.375,12.9125,14.9375,0.60666935,3.654726345975,0,0
2,8.75,672.9886,3.0301410785,10.98259,29.2,42.4,94.410645,79.6852535,19.1210605,17.707,16.62,13.087,14.815,0.64882088,3.89704388165,0,0
2,9.25,672.06728,3.2338244295,11.017322,83.0375,42.8624999999999,94.4323885,75.96833375,20.820163,19.487,18.35,14.055,14.967,0.62143462,3.3966942255,-11.29975,-12.41075
2,9.75,673.2182875,2.997345598725,11.22876025,129.55,57.84,94.44755625,72.87743675,22.5618185,21.054,21.755,15.28325,15.602,0.6069129225,3.91299261764999,-2.71260000000003,-6.49120000000001
2,10.25,670.047515,2.136333459125,10.8451795,167.8,68.85,94.4691795,69.79816525,24.844992,23.222,25.6075,16.73225,16.134,0.6170313,3.89468604524999,4.891875,0.0123500000000001
2,10.75,665.9575925,1.282377559225,10.74975075,221.675,93.3949999999999,94.48227075,61.8410555,26.95465875,25.382,29.4475,17.8495,17.22925,0.63748336,4.60227447489999,15.698,2.246025
2,11.25,662.9386,1.9396941495,11.0110325,251.75,91.3125,94.5082425,57.79141,28.62034525,27.482,33.65,20.18775,18.58825,0.6846487475,4.82909040239999,26.3355,6.53435
2,11.75,660.355025,2.0355021895,10.8048375,268,92.1249999999999,94.5157625,55.307175,29.94409375,28.788,38.325,22.743,20.02075,0.6912435975,5.5641807949,38.603,11.84975
2,12.25,657.64692,1.094239995525,10.86730775,299.25,100.015,94.496786,53.45668,31.16737625,29.896,41.72,25.15925,21.1905,0.64345298,5.1728416145,49.545,18.19
2,12.75,655.13208,1.4370778238,10.730774,362,107.9375,94.461386,51.914436,32.082545,31.066,44.42,27.944,22.65825,0.78435986,5.46045779575,42.279,28.482
2,13.25,653.271145,3.89242729999997,10.243935,356.225,108.45,94.4429935,50.968048,32.4992495,31.46525,45.22,28.03,22.56,0.8136256125,5.66885044055,74.995,39.27325
2,13.75,649.518,1.44546842,9.52078702499999,363,131.6,94.407928,47.18574,33.21992,32.36125,47.66,28.972,23.5,0.83914716,5.87504656775,100.735,43.94175
2,14.25,647.46926,0.921681531149999,9.852304,375.2,108.6,94.36605,46.15986,33.324535,32.22375,48.08,30.934,23.722,0.85196566,6.033723957375,113.5875,49.30475
2,14.75,647.31612,1.258902115,9.50608625,381.6,93.0124999999999,94.3291575,49.0100375,33.817426,32.782,49.62,31.10025,23.6345,0.798848,5.91625613875,113.0825,48.41925
2,15.25,645.589545,1.069544477075,9.4438045,359,112.9,94.29922225,51.738882,34.150071,33.256,50.6225,31.82675,24.08225,0.87680152,6.613455092,99.6225,47.62025
2,15.75,644.6744275,0.9151300865,9.388879825,336.375,112.9,94.2636805,46.7279525,34.88117,33.77,52.3725,32.2695,23.9315,0.870483095,6.534473791875,74.8985,42.269
2,16.25,647.1781225,0.7985938868,9.945640725,308.9,92.08,94.24008575,45.93072725,34.96710375,33.97,52.93,31.838,23.762,0.8659011275,6.195157999625,56.054,43.6195
2,16.75,651.27673,2.77554117597497,9.663917625,270.4,98.4949999999999,94.233653,43.929412,35.347445,34.2875,53.82,31.004,23.708,0.8689723675,5.5042933145,51.4925,57.94925
2,17.25,652.20334,1.2235957968,9.067863,214.8,73.63,94.231654,47.30932,35.53441125,34.3825,54.44,30.098,23.682,0.78501566,6.190872861,57.37375,55.07
2,17.75,647.49804,0.882111831425,9.00892254999999,159.4,75.2575,94.23714,46.28776,35.4902625,34.0545,54.36,28.6915,23.725,0.7962852825,5.6492561765,53.40425,49.031
2,18.25,647.6067575,0.807536019025,9.3079665,111,49.35,94.2471805,50.7831725,35.1822095,33.3925,52.3925,27.2295,23.5425,0.75919848,5.267276457,35.7285,39.21275
2,18.75,647.66027,1.30577822955,9.3649715,52.6425,33.9,94.24646325,48.322545,34.25491175,32.54875,49.325,25.771,23.3395,0.72627744,4.836454455,18.714,29.6975
2,19.25,649.273865,0.973477356,9.39511075,25.98,30.33,94.25557,50.655795,33.17823175,31.32625,46.815,24.191,22.815,0.598831100000001,4.3320484778,4.59085,18.933
2,19.75,651.14237,1.237518179075,10.575855,18.48,14.29,94.258669,56.95020075,31.89626275,30.041,43.4025,22.7675,22.186,0.492100760000001,4.4272344084,-2.81545000000001,9.32049999999999
2,20.25,652.2248525,1.90368398975,10.05363025,25.0999999999999,20.545,94.27051,57.676725,30.788052,28.934,40.375,21.52875,21.5775,0.51282284,3.77850669019999,-6.02255000000001,3.98805
2,20.75,653.008825,1.2696379635,9.87924775,15.165,19.63,94.2787625,59.6338125,28.994284,27.314,35.975,20.6025,21.005,0.51011758,3.83602085935,-7.6534,0.450999999999999
2,21.25,654.23577,1.30269398805,9.4570753,32.3375,14.65,94.28587675,61.026207,28.34852625,26.23725,33.0525,19.853,20.51,0.60821142,4.3485345169,-5.51200000000005,-0.796250000000007
2,21.75,656.3691725,2.52458170357496,10.0259939,19.315,12.22,94.2932895,62.80778825,28.6984255,26.47925,33.6125,19.232,20.039,0.61312908,4.7591094024,-6.01900000000005,-2.09755000000002
2,22.25,658.1559825,1.44452254617499,9.698950475,27.32,29.86,94.306792,63.9470262499999,28.0546975,26.02575,32.0925,18.82,19.642,0.60831622,4.12765696465,-6.37650000000006,-2.50965000000002
2,22.75,661.274,1.12656491985,9.8714841,25.465,10.08975,94.32625125,65.8855194999999,27.0185255,25.203,31.065,18.283,19.365,0.58768448,3.6230724522,-6.64300000000006,-2.55320000000002
2,23.25,659.75097,1.7338051073,10.0406187,8.4185,9.69475,94.340104,70.281275,26.78877,24.9825,29.84,17.681,19.022,0.55809094,3.33951630869999,0,0
2,23.75,661.84862,1.781922353,10.289309,4.53125,15.225,94.350769,73.223614,25.800325,23.85,27.27,17.191,18.678,0.5983961,3.9784065303,0,0
3,0.25,656.2007,1.6738018465,11.081191,28.64,7.94000000000002,94.249405,61.20834,24.96986,22.85,27.25,21.2405,22.88275,0.67331889,4.442980467475,-15.211,-10.35
3,0.75,656.128075,1.430849489275,11.1857875,18,8.02,94.226118,62.97078675,24.81181025,22.51625,25.8875,20.413,22.48825,0.6626432,4.3310837525,-15.4015,-11.60475
3,1.25,656.49045,1.0751964345,10.9688625,14.0625,9.63699999999998,94.229035,61.425345,24.28709,22.12,25.55,19.995,22.1215,0.6166978,3.92013117,-15.833,-12.18675
3,1.75,659.34575,1.0261857265,11.34789,13.06,7.19000000000001,94.223325,66.465035,23.863995,21.555,24.05,19.6645,21.72825,0.56933565,3.546941228,-17.57925,-13.424
3,2.25,659.7771,1.4139435105,10.804445,16.94,6.6275,94.204065,63.64971,23.478835,21.29,23.35,19.286,21.32725,0.60257,3.725217851,-18.55625,-14.7075
3,2.75,659.91765,1.2837317875,10.87316,14.985,10.635,94.18579,65.186,22.713985,20.51,21.85,18.91875,21.02375,0.6424676,3.7363317645,-18.636,-15.3425
3,3.25,658.7335,1.325129401,11.120335,14.8725,7.63074999999999,94.16845,66.64108,22.40439,19.8,21.05,18.559,20.779,0.6366153,3.604911745,-18.466,-15.92
3,3.75,659.0190925,1.2909504003,10.4145365,11.36,6.68999999999997,94.1568675,65.7101125,21.79984975,19.50925,20.915,18.20025,20.52125,0.6199367,3.700759725,-18.3845,-15.95525
3,4.25,660.972145,1.14301643895,10.8804975,10.172,4.8495,94.13457725,66.71282,22.227731,19.25,21.5925,17.8305,20.2315,0.64734025,4.003257279,-18.23575,-16.231
3,4.75,661.4675125,1.306858573625,10.87839075,11.57,5.9735,94.122667,66.9809,21.5161345,19.4255,20.21,17.48875,19.94625,0.6411053,4.117821107,-18.4435,-16.401
3,5.25,661.93271,1.7670229379,10.8162135,28.37,9.85825,94.11188825,67.7313925,21.62753875,19.322,20.8525,17.18575,19.66325,0.66646795,4.097173067,-18.72925,-15.822
3,5.75,662.9863825,1.087578986,10.99386125,28.1,6.052,94.12370875,69.9046625,21.02741325,19.08825,20.02,17.09525,19.40575,0.62901485,3.738524072,-19.26075,-15.3305
3,6.25,659.7526525,2.31139422407498,10.92715975,32.89,9.7235,94.14441675,70.654845,20.98068375,18.683,19.7525,16.68025,19.15375,0.6103079,3.759242621,-19.19775,-16.4975
3,6.75,660.063705,0.82039472665,11.041495,15.72,4.58299999999999,94.16577775,71.1169,20.7078815,18.3935,19.81,16.30175,18.9095,0.64594825,4.0307816715,-18.1455,-16.68375
3,7.25,661.2498,1.628965012375,11.15864325,18.2125,17.1275,94.1986395,71.9699575,20.35054725,17.97075,18.9925,16.1625,18.663,0.6058437,3.655640511,-16.8105,-16.1795
3,7.75,663.9593275,1.520945893625,10.97569,10.72,10.4125,94.21257075,66.29318,20.02674925,18.08275,18.82,16.38025,18.472,0.6167378,3.749622059,-16.2745,-16.6615
3,8.25,663.345605,1.13563612545,11.24244,39.69,12.5,94.220124,66.943405,19.41149675,17.8235,18.72,16.6955,18.554,0.6183957275,3.808898878,-14.204,-16.74825
3,8.75,663.1715575,1.462644601925,11.4525645,87.0525,18.5075,94.24825225,65.69159,20.81024,19.3425,20.335,17.2885,19.32575,0.6541252,3.912810893,-10.36925,-14.54275
3,9.25,661.82562,1.251917306425,11.675646,125.75,25.815,94.27448875,64.6877345,22.346717,20.9605,23.7,18.29175,20.582,0.6342599,3.8061718185,-5.65525000000001,-10.0465
3,9.75,657.514625,1.410123598825,11.63534625,179.525,41.7625,94.30468825,63.72149025,24.001179,22.64625,26.3525,20.6455,21.84725,0.6899139,4.323567512,-2.024425,-4.918
3,10.25,654.4831,0.913075376049997,10.86162275,248.325,50.4775,94.32172275,52.763638,25.9473395,24.62,29.2925,22.738,23.36575,0.6633338,4.577390676,5.410875,0.914749999999998
3,10.75,652.16571,1.60943804785,9.81926,297.6,60.2475,94.34075775,49.32001,27.88285775,26.6835,32.6675,23.97575,24.6845,0.65600655,4.822440076,16.0825,6.179025
3,11.25,649.158965,0.8207420004,9.900525975,310,64.8875,94.3450315,47.4431175,29.51477525,28.206,36.705,26.19825,24.999,0.67091375,4.9881422465,22.20575,10.4965
3,11.75,648.3695275,0.787720451799995,9.57406645,326.525,91.5724999999999,94.3303215,44.56643725,30.66601475,29.53525,40.105,29.355,25.24225,0.67890305,5.401645595,41.24025,14.19
3,12.25,647.2012625,1.04568613275,10.0579847,387.05,75.825,94.31183225,44.7789185,31.6062275,30.46775,42.62,32.48075,26.23575,0.67200075,5.3374860405,54.89875,23.284
3,12.75,643.45479,0.647812610825,9.80218879999999,398.675,99.7975,94.304107,45.95438875,32.2944405,30.9725,44.525,35.23675,28.05175,0.7197414,5.948733961,60.25225,28.66275
3,13.25,640.8390575,1.489530141125,10.02808945,399.675,93.96,94.28646075,45.19541325,32.772771,31.41425,45.5625,37.7635,29.68275,0.71539665,5.9414185195,68.875,35.541
3,13.75,638.4926925,1.62350826754999,9.89273395,419.25,84.25,94.26629225,43.3514474999999,33.10490625,31.82075,46.62,40.035,30.7445,0.7846607,6.436790996,100.68,42.6425
3,14.25,637.7810125,0.220832732324999,9.4520246,427.775,95.325,94.2411495,39.5629004999999,33.39868225,32.20975,48.24,41.5585,30.54875,0.7767663,6.2955885885,122.6925,53.35425
3,14.75,637.7125925,0.344830988774999,9.220809,410.2,97.92,94.21318925,39.1483642499999,33.64900075,32.7155,49.0575,42.34425,30.494,0.7881402,6.1695427145,122.65,66.53075
3,15.25,637.41816,0.404912303049999,8.400791125,421.55,79.26,94.1722885,38.226294,34.2218375,33.17475,50.655,42.18125,31.033,0.82725508,6.493329012,101.4525,70.11075
3,15.75,639.355115,0.909190850349999,8.068033625,395.4,77.3925,94.142237,37.2084125,34.351895,32.83525,50.72,40.85875,31.3905,0.8152103275,6.2316127885,91.6325,62.7905
3,16.25,636.5893,0.245340702599999,9.65217719999999,362.95,63.02,94.1187755,43.112157,34.478346,32.9525,50.955,38.11125,31.08275,0.82948048,6.6489877755,88.8,62.18875
3,16.75,636.798295,0.8423155746,10.1352814,323.65,58.795,94.097906,43.5468055,34.619227,33.2025,51.695,37.848,31.055,0.830316115,6.5703389935,82.345,72.1755
3,17.25,638.1287,0.6159671591,10.164902825,268,48.465,94.0915495,42.631305,34.7029635,33.445,51.275,36.547,30.34075,0.834180595,6.124030906,73.8095,76.1985
3,17.75,640.056245,0.347619660349999,9.43099679999999,221.85,42.05,94.1059685,43.1599575,34.74939925,33.438,51.62,35.29275,29.823,0.7685543575,6.017323008,67.5935,69.03375
3,18.25,641.583565,0.951115793199998,8.5157388,161.55,32.2525,94.122546,36.8548055,34.421679,33.0265,50.905,33.74675,29.63625,0.795442225,5.9691171715,44.00425,61.23075
3,18.75,641.8481525,1.58247253795,8.8878342,104.985,30.85,94.13710375,39.7502195,33.9070135,32.2825,49.29,32.1805,29.10975,0.73945074,5.567043328,23.08475,49.72975
3,19.25,642.635735,2.32813672077499,10.024068625,48.2,19.1325,94.1526445,44.3403687499999,32.85455025,30.98975,45.8675,30.5445,28.4655,0.6546527,4.8883164675,10.64325,34.055
3,19.75,644.048865,1.311278229825,9.760903025,13.765,22.525,94.1640935,42.613612,31.72595475,29.59575,42.8675,28.77575,27.77775,0.65030395,4.6451484555,0.361274999999998,20.16525
3,20.25,644.423825,1.75901063025,11.402108,11.88225,13.7825,94.17681275,50.6451475,30.8819685,28.765,40.6675,27.36375,27.071,0.5774321,4.6172845615,-6.25465,10.30675
3,20.75,646.9162075,1.65180880212499,11.2688435,11.2025,24.725,94.192553,53.0894225,30.04035975,27.9625,38.1675,26.1915,26.41525,0.6067099,4.9973278055,-8.3275,3.487725
3,21.25,647.112525,1.383605207075,11.119356,52.3999999999998,25.275,94.2006465,55.9022825,28.874701,26.7205,35.315,25.1935,25.81175,0.59630565,4.437505302,-10.7905,-0.744750000000002
3,21.75,650.21993,1.8711763406,10.3108325,38.3775,18.4099999999998,94.2142455,54.014255,28.36321525,26.0535,33.365,24.35025,25.245,0.6453939875,4.113438357,-12.72025,-3.183175
3,22.25,650.5918025,1.341615443025,11.137414,40.925,26.4649999999999,94.22545825,58.443613,27.47328925,24.971,31.7525,23.6315,24.72825,0.62758975,3.9950249575,-13.71625,-5.98335
3,22.75,651.44095,1.4553677192,11.127217,24.695,24.325,94.2401635,60.84280875,26.77877675,24.43525,29.815,22.99275,24.23825,0.5970702,3.725863102,-14.189,-8.6775
3,23.25,652.1302125,1.582739324775,10.66601325,33.38,13.6625,94.24506225,60.91090875,26.06297525,23.8155,28.31,22.38725,23.76275,0.5621809,3.619344747,-14.9635,-9.676
3,23.75,653.87603,1.286930258525,10.8514735,23.375,7.33549999999995,94.25164725,62.27700075,25.73477875,23.3005,27.6725,21.80725,23.305,0.6053345,4.3534003075,-15.8175,-9.91
4,0.25,630.4481525,1.26083292215,10.75845625,15.33,6.29099999999999,94.0899415,53.629265,28.141532,25.65775,32.33,25.034,26.57675,0.481977325,3.23115766175,-21.06575,-11.88825
4,0.75,632.4492425,1.340200856925,11.39658775,18.83,7.8,94.09338625,56.42414,27.34921225,25.06775,30.7575,26.6775,26.765,0.496956875,3.2563328775,-19.28,-12.41
4,1.25,634.97974,1.1729406895,11.470419,32.5375,10.3345,94.083077,58.3174,26.453091,24.019,29.71,24.35925,25.74375,0.473385385,3.274173942,-22.026,-14.21075
4,1.75,633.909545,1.004328728525,11.79686025,29.35,13.65,94.067044,60.95116,25.66884475,23.39825,27.7275,24.00275,25.3865,0.52406645,3.41543236925,-22.88275,-15.4725
4,2.25,637.61738,1.0939275089,11.950513,23.1625,5.04099999999997,94.052086,60.44516,25.117784,22.812,26.68,23.7085,25.053,0.4674478125,3.34340342765,-22.9465,-16.1905
4,2.75,636.72255,1.3363850069,12.050369,26.7125,7.38399999999999,94.047736,60.02198,24.861222,22.465,25.37,23.36675,24.81375,0.460276347499999,3.510574371125,-22.857,-16.6695
4,3.25,637.1038,1.225844183025,12.09091625,35.11,3.782,94.03944075,61.1549675,24.8465495,22.56125,25.0475,23.055,24.5555,0.5257888,3.3408530035,-22.35275,-16.82675
4,3.75,637.77298,1.3281961037,12.248518,19.2399999999998,11.845,94.024899,61.88876,23.696646,21.451,23.36,22.73125,24.31,0.509507655,3.257315885625,-22.7565,-17.3685
4,4.25,638.28589,0.8025964143,12.257094,12.51,3.61875,94.023452,63.06626,23.33969,21.155,23.45,22.5505,24.06825,0.519561279999999,3.0510882072,-22.32,-17.51425
4,4.75,637.9736625,1.52766196695,12.20243675,27.92,7.538,94.030058,63.1290425,22.93913875,20.63275,21.8275,22.21225,23.83675,0.5473664,3.25138419925,-22.62175,-18.357
4,5.25,636.88186,1.413353068,12.427393,26.1375,8.136,94.033324,63.1091,22.571566,20.4,21.29,21.8255,23.5505,0.480785247499999,3.4654114045,-23.96025,-18.93925
4,5.75,641.57735,0.989233254299998,12.179645,29.6799999999999,11.395,94.023102,64.94827,22.681908,20.605,21.26,21.6865,23.304,0.5368080225,3.58730215025,-22.531,-19.195
4,6.25,645.1035775,1.070268829775,11.978153,21.8199999999999,12.95,94.0200185,67.2245175,21.626259,19.6325,20.0825,21.47625,23.13,0.56774285,3.75116180475,-22.53375,-19.73
4,6.75,639.82115,0.820285841799999,11.833558,16.06,3.41,94.028234,67.85312,22.220187,20.33,20.07,21.258,22.9095,0.518929184999999,3.360815420775,-21.8855,-20.17875
4,7.25,640.48193,0.911938755,11.80981,25.18,6.31250000000002,94.043816,66.76853,21.871672,20.07,19.94,21.141,22.718,0.5409780675,3.42517722845,-21.8315,-20.331
4,7.75,644.5874125,2.91716224674999,11.99802675,36.29,9.13999999999998,94.08167325,67.3683925,22.56540475,21.2385,20.855,21.29775,22.6425,0.580551375,3.6776628555,-20.22575,-19.20625
4,8.25,641.42934,1.2039759024,12.357069,114.45,27.2,94.122979,65.84544,23.888348,22.862,23.23,21.67525,22.961,0.5837107825,3.639250243525,-16.364,-16.872
4,8.75,639.57682,1.8584970322,12.547605,127.35,23.2875,94.147757,70.63198,25.619589,24.22,26.69,22.6765,23.7165,0.5755673075,4.085134735925,-10.14475,-13.2545
4,9.25,641.231675,1.3916880482,12.21521775,195.3,27.43,94.17410525,59.6428524999999,27.68433925,25.853,30.965,24.1485,25.03525,0.561544175,3.95149639125,-3.72347500000001,-6.558975
4,9.75,637.67014,1.7082319016,11.421289,267.45,57.6725,94.188091,56.85489,30.036564,28.059,36.01,26.46,26.1255,0.57127265,4.09835304435,1.08867499999999,3.2761
4,10.25,634.15509,0.8787735234,11.218264,275.45,73.05,94.188633,52.37492,31.796758,30.107,40.79,28.9115,27.3495,0.5255773425,4.802903419275,9.59314999999998,14.42425
4,10.75,628.941435,1.36718382105,11.057687,328.3,65.58,94.2074625,47.5549724999999,32.90313425,30.852,43.8275,30.7785,28.37825,0.568268975,5.04732145425,21.84475,23.04825
4,11.25,628.32573,0.8802762232,11.563417,378.3,50.675,94.203646,45.3763,33.628887,31.691,46.68,32.5105,29.04625,0.6196195325,5.34568787675,34.81825,24.6975
4,11.75,626.6821,0.5782226599,10.982755,401.2,49.1074999999999,94.198626,42.96168,34.667093,32.506,48.97,33.95125,29.1245,0.70781325,5.47370670044999,37.98175,26.2625
4,12.25,625.481725,0.548387030374999,10.49929125,422.9,61.705,94.1696245,39.5079625,34.90722425,33.372,51.295,36.80825,29.699,0.678011325,5.37311332775,52.85225,33.95375
4,12.75,623.57557,-0.0236228509000002,10.2478125,442.725,50.2775,94.14113,38.09005,35.390278,33.568,53.06,40.25975,30.3515,0.722043335,6.029722780925,55.8375,35.2785
4,13.25,622.08538,0.163914901399999,9.8652552,480.75,53.7,94.110039,37.45479,35.994133,34.101,53.64,43.51,31.74,0.7680820025,6.367164672625,66.815,41.2175
4,13.75,621.349995,0.0594809840499992,9.99337497499999,474.65,48.11,94.06997775,36.053105,36.41582525,34.36175,54.6425,45.79875,33.02975,0.71939105,6.251480153,104.555,52.8215
4,14.25,620.14986,0.200370267899999,10.0523075,462.95,62.5074999999999,94.04168,33.91775,36.654109,34.69,56.15,46.67275,34.33375,0.7706496775,6.7228324013,120.5875,60.6025
4,14.75,618.2092,0.1000737191,10.364534,483.05,54.095,94.01315,32.68844,36.936148,35.108,56.7,45.1035,35.1155,0.855917935,7.0316586506,123.455,62.37775
4,15.25,617.878845,0.206540069174999,9.88499912499999,449.1,56.6799999999999,93.98960625,31.8194575,37.016613,35.4575,58.3375,43.79625,36.22,0.812405525,6.95797763325,121.465,63.43875
4,15.75,616.5403475,0.21314878615,9.7922588,421.275,38.7875,93.965685,30.964935,37.075471,35.6745,57.93,42.341,36.751,0.779165275,6.9218698085,119.055,70.04925
4,16.25,616.02089,-0.0569879817,10.090398,397.5,37.7275,93.937011,30.303563,37.39826,35.784,58.84,40.35425,36.59575,0.8371439275,7.1091585056,111.855,73.68125
4,16.75,615.7407725,0.127179051774999,9.690178375,344.275,34.05,93.90215575,30.2349325,37.2281105,35.88225,59.8,39.4205,35.985,0.819678875,6.767279761,95.975,76.7345
4,17.25,615.2865375,0.132027676899996,9.614606425,305.925,30.75,93.8719045,29.742742,37.17391375,36.058,59.7275,37.94075,35.6695,0.795492825,6.86107090225,72.35725,72.2375
4,17.75,615.48173,0.34056728,10.526594,241.5,25.3625,93.872704,30.685651,37.103226,35.802,59.31,36.68025,35.585,0.738141144999999,6.4334283288,52.556,65.18925
4,18.25,614.91639,0.606939273049999,10.62593625,201,23.65,93.86281375,34.412395,36.9921475,35.57525,59.4,35.68475,35.0405,0.7321702,6.3309040655,49.32725,56.93075
4,18.75,615.146675,0.9054032624,11.2204305,152.225,16.12,93.871004,38.2335325,36.744831,35.39775,58.3,34.282,34.396,0.6907003,6.00068031925,36.39875,45.0925
4,19.25,616.08379,1.226507789475,10.9853665,87.6549999999999,17.6,93.886324,39.75498,36.3402165,35.072,57.5375,32.93025,33.417,0.69147355,5.91538960275,19.838,31.222
4,19.75,618.584245,1.53500366235,11.1128625,37.6649999999999,12.19,93.8957495,43.0584825,35.4433355,33.348,53.2475,31.67575,32.44075,0.628821625,5.04109878025,4.13332499999999,19.7065
4,20.25,621.3911725,1.580616781525,10.83231975,22.3575,34.13,93.92122925,42.951805,34.197056,31.92475,49.5375,30.49025,31.52625,0.561048675,4.76015254775,-4.86707500000001,10.72875
4,20.75,623.26219,1.359374369425,11.04499275,12.63,24.0329999999999,93.93664675,41.0323324999999,33.24663725,30.88725,46.83,29.4675,30.709,0.541325725,4.642628926,-10.564,4.419375
4,21.25,625.158625,1.07303406175,11.157845,23.23,8.12875,93.979995,44.283725,32.9449575,30.5225,45.3,28.51925,29.97175,0.55561868,4.045368075625,-13.99675,-0.234600000000003
4,21.75,626.4760275,1.06421239825,11.33170625,14.56,10.95,94.0340155,46.0531775,32.20686625,29.7125,42.9275,27.66725,29.29175,0.5162694,3.518563069,-16.464,-3.790925
4,22.25,627.1969925,1.085157831875,11.2788405,28,23.21,94.05785825,46.8811875,31.29700725,28.5975,40.255,27.05275,28.65175,0.4808472,3.62491051825,-18.34025,-6.759275
4,22.75,627.932675,1.13356146575,11.5444925,54.51,10.0929999999999,94.073915,49.10455,30.6206075,28.195,37.075,26.3515,28.069,0.4114272925,3.11708434945,-19.44825,-8.255
4,23.25,628.59572,1.148600477475,11.82645,37.8125,21.4825,94.08675225,50.89991,29.617477,27.13175,35.7775,25.789,27.5425,0.490008225,3.56583996925,-20.10475,-9.7485
4,23.75,629.494395,1.518526667675,11.42308375,46.62,6.79525000000001,94.08941125,52.29607,28.9890415,26.61775,34.0925,25.3905,27.04325,0.447473125,3.52316586425,-20.67625,-10.70725
5,0.25,637.61044,2.3567291983,12.10755675,43.9,38.74,94.014243,39.9734649999999,30.874197,28.14525,38.015,29.36525,32.02725,0.415874809999999,2.963414811125,-23.42375,-14.605
5,0.75,637.99896,1.76684744559999,12.27102075,31.5799999999999,15.4,93.9945765,41.2105674999999,30.06038075,27.64025,36.72,28.87175,31.5205,0.42136733,3.08474554215,-25.19875,-15.8225
5,1.25,638.249265,0.970585961325,12.25785175,16.3,4.84699999999999,93.9835765,42.3991249999999,29.84867475,27.40225,36.02,28.38175,31.04375,0.497567245,3.007364765675,-24.965,-16.85875
5,1.75,644.06905,1.32810813655,12.1043485,40.4775,8.78,93.9495995,42.3752124999999,29.5798945,27.29475,34.6525,27.9385,30.58375,0.5067440625,3.427619993925,-24.4625,-18.42875
5,2.25,646.110555,1.147792639775,12.18767875,28.47,9.76399999999996,93.9398505,44.0932725,29.15221125,26.309,34.405,27.49525,30.1605,0.5274774025,3.4144382227,-23.65625,-18.815
5,2.75,647.3172975,1.0476582065,12.4964375,13.13,4.88,93.90467675,46.3751599999999,29.1231975,26.3645,32.4475,27.062,29.755,0.54901783,3.698485854975,-23.7175,-19.00375
5,3.25,647.4084525,1.09966208485,13.0418255,18.47,8.67,93.89070175,49.933375,28.19691525,25.69325,31.6025,26.62425,29.35175,0.5694786975,3.3540986191,-24.0925,-19.4
5,3.75,648.196685,1.1184046961,13.0913705,25.45,15.74,93.89928375,51.4609275,28.4881255,25.89425,30.155,26.1975,28.94625,0.505731545,3.0892520853,-24.375,-19.8075
5,4.25,650.76395,1.410274092425,13.355453,20.6599999999999,18.62,93.904479,52.0295125,28.60793275,25.96425,30.41,25.79625,28.564,0.385876072499999,3.05434894735,-24.83,-20.29375
5,4.75,650.962465,0.850938141675,12.8859555,16.54,15.908,93.91000125,55.4711225,27.73717075,25.21425,27.9225,25.41725,28.19175,0.444986229999999,2.92025073635,-25.5725,-20.92
5,5.25,652.6404475,0.8790171681,12.554014,19.4,7.13225,93.9056915,57.5019625,26.366322,24.44325,27.5225,25.05275,27.83175,0.5155874775,2.964349006475,-27.0025,-21.3775
5,5.75,653.1868525,0.964485083825,12.44734575,12.725,13.52,93.9059675,57.508325,25.920845,23.701,27.125,24.71175,27.49625,0.4706036075,2.832531252025,-27.9775,-22.15
5,6.25,653.5761775,1.1380159348,12.526181,9.14649999999999,10.522,93.92306975,55.8007175,25.243485,23.24875,27.3025,24.38625,27.1775,0.4999894725,2.848971063425,-28.16875,-23.08
5,6.75,654.03572,0.849313536449998,12.508297,13.57,25.4875,93.947796,56.78374,25.4714345,23.0985,26.715,24.135,26.86975,0.418451929999999,2.915142154575,-27.48,-23.29125
5,7.25,656.709585,1.26810952662499,13.463291,26.9625,10.64,93.980778,57.3298875,25.8877395,24.35875,25.9325,24.21825,26.67975,0.437646117499999,2.696710702,-23.62375,-22.81625
5,7.75,657.001095,2.1835710891,14.043676,79.325,15.99,94.01489275,53.3305375,26.32566275,24.69825,27.8,25.0215,26.95625,0.52002128,3.04361580165,-20.01125,-19.4275
5,8.25,650.8597275,2.41765662297499,14.074445,113.5,22.9275,94.0363445,53.2108325,28.24301425,26.6,31.84,26.5,27.79,0.502820817499999,3.593461026675,-15.002,-15.419
5,8.75,648.36314,2.667100108,13.961428,168.25,49.08,94.054227,48.7873175,30.0420795,28.324,37.63,28.112,28.996,0.614279869999999,4.355728257075,-8.34470000000001,-9.868
5,9.25,640.480275,1.89820326805,13.78812125,225.125,50.275,94.04886125,43.0912925,31.51381625,30.13075,42.05,30.212,30.37,0.6165030775,4.26482550314999,-1.8645,1.58559999999999
5,9.75,639.54341,2.2789343861,12.76359425,253.1,49.2424999999999,94.07101675,37.6601175,32.899915,31.4285,45.855,33.032,31.614,0.6435217375,4.632356952525,3.91349999999999,13.279
5,10.25,637.2480225,1.307051544725,11.7910025,305.05,58.8525,94.081004,34.872065,34.2387185,32.63925,50.02,36.284,33.1,0.5838436975,4.706176889225,6.94789999999998,23.609
5,10.75,635.3387225,1.55329138689999,11.01464275,338.4,87.0150000000001,94.08212475,31.923775,36.16258825,34.203,54.025,38.688,34.412,0.71432991,5.1233920155,11.352,29.33
5,11.25,633.81228,1.083157940575,10.76482275,373.05,72.6400000000002,94.08017925,30.17013,36.62344575,34.523,56.4175,41.034,35.218,0.667473884999999,5.073140576775,29.906,28.436
5,11.75,632.763215,0.821409339175001,10.46477825,406.65,93.4999999999998,94.0703495,29.339865,37.36575425,35.38025,59.705,43.476,36.142,0.717725245,5.15110845589999,45.785,25.6875
5,12.25,631.39327,1.416518538225,10.2619725,469.1,89.2775000000001,94.0519935,28.289525,38.07766175,36.02325,61.765,45.808,37.244,0.78133783,5.629519860925,52.57375,44.98125
5,12.75,631.288555,1.281469351875,9.9772804,453.9,62.075,94.025367,27.8860125,38.53230425,36.3655,64.425,48.558,37.912,0.7594958175,6.43886811545,59.83375,50.7325
5,13.25,630.708845,1.0536806954,9.90874589999999,474.1,77.88,93.996785,25.60794,38.9867855,37.0025,66.0825,50.626,39.248,0.719352505,6.0248472798,82,52.065
5,13.75,628.8186775,1.239050847975,9.8791012,493.2,67.1125,93.96836175,24.8945875,39.36163075,37.28375,67.43,52.268,40.772,0.774772795,6.32809997145,94.675,61.62875
5,14.25,627.23252,1.0375428239,9.972487375,490.125,64.895,93.9363345,24.8116375,39.820701,37.7055,68.66,53.594,41.26,0.7467503825,6.05001930015,123.35,75.67125
5,14.75,626.5518925,0.480238840799999,10.5964075,464.25,47.2925,93.90886775,23.352525,40.05741475,38.0605,71.205,53.1,42.678,0.7858977625,6.0444681035,130.9625,79.22
5,15.25,625.7762375,0.765058029599999,10.590029,433.5,57.5,93.88925225,24.4450675,40.205327,38.562,71.9825,51.33,43.364,0.82238419,6.5141375275,132.425,79.96
5,15.75,626.1684125,1.64087245255001,10.6185925,440.65,65.1,93.86624275,23.7963625,40.19281725,38.52375,71.5975,48.378,43.29,0.7743386025,6.54818170085,127.8625,78.96125
5,16.25,625.9933125,0.673612715475002,9.43505605,408.2,35.7375,93.84035075,22.140795,40.4813375,38.9355,73.375,46.422,43.366,0.78643692,6.461308758875,121.85,83.675
5,16.75,625.62886,0.442090454875,10.204184,374.1,42.48,93.820733,22.65912,40.596309,39.0725,72.97,44.952,43.566,0.78266669,6.73370791805,104.275,81.55
5,17.25,625.21044,1.3208869715,10.770509,309.5,56.9,93.805794,25.55649,40.5424225,38.9835,72.83,43.432,43.396,0.81512236,6.73729327975,72.49375,70.43875
5,17.75,625.231525,0.771295904049997,10.0210544,281.3,43.37,93.7943905,24.09138,40.490552,38.8015,72.465,42.294,42.988,0.801451685,6.35585789435,62.23625,56.39625
5,18.25,625.43958,0.651056231,9.967647175,214.3,37.75,93.790288,24.06275,40.34965175,38.55125,72.02,40.64,42.528,0.78578733,6.42259631665,53.29875,47.81625
5,18.75,625.753205,1.25999047085,10.46952125,175.075,30.97,93.79992625,25.952685,40.306086,38.38425,71.9375,39.296,41.808,0.7674746075,6.523555247075,33.71,38.4775
5,19.25,626.08764,1.50934881265,10.647718,114.6,39.1,93.81398075,24.7726975,39.711462,37.64525,69.5675,38.108,40.63,0.769467155,5.778964974325,14.30875,26.78125
5,19.75,626.8055875,1.809118536575,10.821319,67.94,21.25,93.8191215,28.1077175,38.90475475,36.662,66.03,36.984,39.322,0.692008375,5.398810994975,0.58775,17.8175
5,20.25,628.448975,1.82297580785,11.404096,31.26,19.63,93.8268915,30.09528,38.014336,35.4125,61.545,35.836,38.164,0.668604805,5.2381268932,-8.75875,9.70875
5,20.75,629.91149,1.639635578125,11.311577,16.49,12.4375,93.849227,31.466605,37.05299775,34.36025,56.865,34.744,37.114,0.639291867499998,4.7368430792,-14.08125,3.29725
5,21.25,630.628425,1.33553343395,11.5015075,29.295,20.57,93.886103,32.18537,35.976649,33.38075,54.9075,33.812,36.202,0.5761543775,4.48279054877499,-17.5725,-1.6025
5,21.75,631.6976225,1.1392215372,12.1477845,46.5925,21.0775,93.95342475,33.1715175,35.31149875,32.71425,52.905,32.974,35.394,0.588786154999999,3.796784086,-19.25875,-5.1065
5,22.25,633.6610975,1.485684089925,12.1722175,74.2999999999998,13.29,93.99784225,33.4208999999999,34.38755725,31.7445,49.7025,32.142,34.668,0.50055026,3.41092610775,-20.87125,-7.38275
5,22.75,635.5079825,1.05008246967499,12.48699275,49.48,20.0225,94.0090675,34.7863299999999,33.349054,30.36,43.67,31.366,34.006,0.5258346,3.5863873421,-21.85375,-9.53625
5,23.25,636.11827,1.48478884372499,12.00121175,50.8299999999999,36.4425000000001,93.9938675,37.1433549999999,32.51517975,29.638,43.405,30.694,33.388,0.4024580375,3.32442303575,-22.44375,-11.28875
5,23.75,637.4387475,1.40230142425,12.22157775,30.7,15.6500000000002,94.0145785,39.1489799999999,31.6243165,29.03925,41.1275,30.046,32.79,0.417785724999999,3.0694809527,-23.28125,-12.66875
6,0.25,669.0438,4.393580898,23.77889,35.0825,39.6275000000001,93.96928,58.3358,35.48692875,32.0225,47.6,36.99875,36.89875,0.503095,3.869688438125,-14.1495,-12.5215
6,0.75,666.4568,5.714283959,23.69468,42.84,81.0149999999998,93.97346,61.7071,34.8991175,31.18,47,36.5075,36.415,0.5099746,4.089970245875,-15.018,-13.6225
6,1.25,663.0158825,3.875434175,23.623827,23.225,37.4274999999999,93.95816625,62.9155037499999,34.42149875,30.849,45.9675,36.035,35.9125,0.5346793225,3.74584864025,-14.9765,-14.7185
6,1.75,643.1262,3.14681731175,25.53921,23.93,26.335,93.98626,64.8692,34.076904,30.513,43.7,35.585,35.4325,0.4695563,4.1565818915,-14.69,-15.39875
6,2.25,685.9200825,5.736692289,26.058097,44.75,40.8375,93.97600375,65.01759,33.790193,30.301,42.9475,35.17625,34.97625,0.509693669999999,3.1913586345,-14.7225,-15.4275
6,2.75,671.7789075,3.187626024925,25.20214825,21.03,19.4399999999999,93.95605375,64.4555625,33.340841,29.79,40.4575,34.7925,34.52125,0.463507355,3.7753832363,-15.07125,-16.045
6,3.25,665.72047,6.81243593345001,26.6556945,30.115,21.875,93.932164,65.562179,32.638895,29.305,40.875,34.42625,34.08625,0.437342305,3.5607626649,-15.2525,-16.58
6,3.75,670.50363,4.95130897549999,26.235357,30.73,23.3325,93.91995,63.966789,32.23053375,29.22875,40.35,34.1,33.648,0.498264639999999,3.42298064325,-15.509,-17.1755
6,4.25,656.9413625,3.474464387125,26.58462125,23.685,9.39149999999998,93.9025875,67.664675,32.03604125,29.085,34.3375,33.7795,33.242,0.4788459375,3.080876953875,-16.0795,-17.695
6,4.75,657.7202875,4.422294395125,26.2655725,26.1,19.6125,93.91884125,68.212045,31.8982775,28.62125,34.9875,33.472,32.8525,0.4428807875,3.518687080625,-16.3605,-17.993
6,5.25,667.39885,4.007220521625,25.4541275,17.1175,23.44,93.95660125,70.10554375,31.73829125,28.3575,34.5125,33.2135,32.473,0.4021737,3.115019394375,-16.2055,-18.4805
6,5.75,669.215825,2.7547674235,25.06288375,24.335,17.525,93.99110375,68.8444625,31.58691,28.47875,31.425,32.9075,32.1105,0.396966275,3.078600846375,-16.403,-18.8985
6,6.25,662.7106,2.89055923325,25.16704875,11.2,14.435,94.000685,72.058475,31.27732125,28.53125,31.6875,32.6185,31.833,0.34322865,3.096375864625,-16.6525,-18.9005
6,6.75,690.34075,2.199838454875,25.4470525,10.6735,15.495,94.0178525,72.14125,31.1947,27.57,31.4375,32.353,31.585,0.319101775,2.844438258375,-16.5135,-18.652
6,7.25,677.19656,5.62591532249999,26.515056,49.5175,33.1124999999999,94.041012,70.361993,30.944228,28.378,31.7,32.194,31.4955,0.31153315,2.9176086793,-14.852,-17.9655
6,7.75,678.31889,4.5207924179,26.265639,79.51,42.1,94.049671,65.953278,31.66428625,28.91375,35.24,32.341,32.04,0.38616797,3.501760203,-11.893,-14.786
6,8.25,673.52703,5.66769701205,25.920709,134.85,78.7749999999997,94.0789555,63.0535335,32.90732875,29.895,38.67,33.001,33.16,0.460711095,3.560836209875,-7.662375,-11.3935
6,8.75,661.43815,5.04481716012499,26.13760975,218.2,45.945,94.0751645,60.61206875,33.758895,31.22875,43.325,34.0155,34.299,0.4865170075,3.75800545675,-1.66745,-4.773825
6,9.25,650.05796,4.04834820744999,26.1412415,254.4,56.575,94.062963,56.823675,35.2175125,32.5975,47.325,35.237,35.8705,0.491046575,4.299145131625,3.329825,3.444175
6,9.75,645.77271,6.0205402873,25.915618,275,94.8274999999999,94.043932,53.37217,35.88009875,33.905,50.81,37.23,38.1485,0.52802527,4.863470415375,7.913075,15.89125
6,10.25,637.46619,4.33235544725,25.820038,326.425,100.8975,94.031534,51.1236325,37.70910375,35.30875,55.765,39.964,40.5665,0.57477961,4.99741617725,13.08825,26.1735
6,10.75,632.53808,3.2888903425,25.144654,354,113.8,94.024386,48.20797,38.8245925,36.23625,60.12,42.581,42.76,0.592944505,5.227419674875,16.628,29.73525
6,11.25,629.194645,5.77219081169999,24.69992,382.65,121.175,94.013808,44.4124965,39.39988125,37.095,63.245,44.491,44.838,0.644259075,5.03092769075,23.24275,30.4025
6,11.75,627.492815,4.2413340242,24.4891195,412.25,151.6,94.004642,42.066515,40.10750375,37.6125,66.05,46.8805,46.912,0.60110402,5.24625720225,45.2465,27.82725
6,12.25,626.10934,4.22005819304999,23.967861,421.125,147.1,93.99729,41.279854,40.4054625,38.415,68.6,49.1735,49.1755,0.68029867,5.82678143775,56.03125,39.5025
6,12.75,625.17405,2.69300085889999,24.1783905,426.15,100.16,93.98137,38.5315735,41.11532625,38.95375,71.1,51.661,51.072,0.64512865,5.59824323675,58.24675,54.0685
6,13.25,625.453765,4.06801694539999,23.796745,471.975,101.1675,93.967585,36.930049,41.60121875,39.375,74.14,53.912,52.7805,0.69211073,5.7027103015,78.5965,49.31575
6,13.75,624.251595,4.18316736875,22.6116165,461.15,94.695,93.9394355,35.1691255,41.9336975,39.71125,75.34,55.809,54.24,0.75195952,5.716448741,90.9,61.0775
6,14.25,622.846795,5.23499497125,21.923276,440,120.6,93.9042535,33.7160465,42.524655,40.37125,77.015,57.1115,55.3865,0.69691246,6.32941435175,115.63,68.167
6,14.75,622.30674,2.61014128295,21.55345175,434.225,145.25,93.8853675,33.2874455,42.25254625,40.205,75.915,56.5975,55.4165,0.69240892,5.854999113,119.56,78.12725
6,15.25,621.823675,2.7707766495,21.624288,447.15,68.58,93.84746,30.5925285,42.6834,40.14125,77,55.517,54.127,0.744780825,5.8946593925,121.7625,87.7325
6,15.75,621.46509,2.09071305284999,21.395254,415.15,81.3125,93.8200265,30.62383,42.93101625,40.3925,76.71,53.421,51.696,0.785082875,6.091368947375,120.725,85.865
6,16.25,621.245345,2.1267505776,20.910363,377.4,68.0975,93.7932575,32.599286,43.08573125,40.345,77.25,50.8235,50.0445,0.826136525,6.009573493625,115.4875,93.05
6,16.75,620.420455,1.81158937304999,19.8469065,350.675,69.62,93.777857,32.16681,43.37172125,40.60875,77.71,49.7255,48.593,0.675255855,6.377104441875,103.295,94.465
6,17.25,619.336665,4.31434579019999,20.63596,317.2,67.45,93.7612175,31.3087335,43.7923575,40.715,78.06,48.788,48.2515,0.71310451,5.897899154,81.0325,77.5375
6,17.75,619.63075,5.44787385955,20.822895,259.25,48.65,93.743205,30.5078395,43.91050625,41.0325,77.81,47.568,47.4995,0.71590601,5.821991609125,65.65525,59.05875
6,18.25,622.15787,5.71469377884999,20.0664595,211.25,89.2174999999999,93.7376005,33.45669,43.74582,40.81,77.46,46.7445,47.1405,0.707293035,5.79520885675,51.61325,44.84275
6,18.75,623.73945,4.2731432964,20.9086435,169.9,148.599999999999,93.736987,39.65335,43.65179625,40.70375,76.81,46.3175,46.4615,0.73151502,5.62468118475,31.96025,36.91925
6,19.25,624.292405,3.637334921,20.573071,119.225,63.8175,93.7389815,49.420225,43.405405,40.43,75.84,45.4135,45.3775,0.71304027,5.567234618,13.98225,27.46025
6,19.75,644.4163125,4.31145256044999,21.61312125,66.2025,147.705,93.75835625,48.8105425,43.053315,39.83125,73.9075,44.0965,44.1445,0.6676605725,5.460197074375,6.04285,20.2975
6,20.25,630.982875,5.58345839634999,23.562847,48.505,94.87,93.7777475,56.5886625,42.07464375,38.50625,69.74,42.9255,42.958,0.687458875,5.06906131825,-0.280799999999993,13.07425
6,20.75,631.5694225,4.1454905508,22.904456,22.2,154.5,93.8144585,55.0247725,41.2343725,37.495,65.7275,41.8335,41.8945,0.620260704999999,4.82141931075,-4.89642499999999,6.2197
6,21.25,628.7214475,7.13300119494992,25.7388095,31.4699999999999,32.585,93.83359275,59.2855574999999,40.11938875,36.605,64.8025,40.8505,40.97,0.59148723,4.556695622125,-7.77342499999999,1.044725
6,21.75,658.1830025,6.41732490679999,24.98672475,31.4775,28.5124999999999,93.9131275,56.9586674999999,39.64113625,36.25,62.34,40.036,40.162,0.73815428,6.095207834875,-9.57925,-2.4703
6,22.25,670.741095,5.97708706607499,24.3300765,35.05,29.8799999999999,93.9070545,60.15909,39.17875375,35.7175,58.7625,39.2875,39.4475,0.545284852499999,4.3971826285,-10.85675,-4.9397
6,22.75,665.854775,8.12268344357495,24.59964375,46.0525,38.42,93.9378105,58.489635,38.6307925,34.28625,54.845,38.614,38.81,0.541929304999999,4.19314644975,-11.34325,-7.58175
6,23.25,660.37842,8.09841092857491,25.12971625,47.81,63.2024999999998,93.9690215,57.5865,37.5003625,33.32875,52.61,37.987,38.222,0.538090327499999,4.05725690525,-12.38525,-9.66975
6,23.75,667.8924275,4.9401348385,24.345447,28.78,132.1625,93.969267,60.36832,36.39322,32.705,48.42,37.4845,37.68,0.712193915,4.592984449375,-13.483,-11.351
7,0.25,720.89837,19.3304110135,37.738066,21.9125,179.9175,94.192657,91.086024,36.90662275,32.84,51.5125,35.92325,37.4055,0.50245445,3.856691101875,0,0
7,0.75,716.041215,23.98708988175,36.656541,35.3325,149.75,94.193313,89.2143415,36.65652,33.13,49.74,35.592,37.07,0.5313602825,4.3866204902,0,0
7,1.25,746.400225,30.642782489,38.78044375,34.1299999999998,161.1,94.1722825,92.51330625,36.363677,32.63375,47.4,35.19675,36.707,0.6510596,3.96719865525,0,0
7,1.75,758.396385,28.99060388075,39.069552,29.1699999999999,90.3449999999998,94.1658065,93.3024765,36.152546,32.504,47.98,34.91275,36.4335,0.5582318,3.503293160525,0,0
7,2.25,764.22176,45.736737508,38.2812365,27.24,202.45,94.165608,95.278571,35.70493325,31.801,45.435,34.62275,36.06975,0.608443125,4.1870033984,0,0
7,2.75,760.6990875,16.29311672,37.49031875,19.6375,92.8624999999999,94.17114375,93.08126625,33.99767425,30.743,42.2625,34.20125,35.79675,0.624225504999999,4.56538297502499,0,0
7,3.25,754.915515,22.075472732,37.3271875,19.95,126.25,94.1588105,92.75985,33.26403975,30.421,42.02,33.78525,35.532,0.57562925,4.002862368875,0,0
7,3.75,762.15294,20.809950004,37.971458,14.33,130.8,94.149904,94.006212,32.48889525,29.77125,39.92,33.41425,35.26325,0.53522972,4.0478954318,0,0
7,4.25,763.83504,16.678904484,38.068702,15.2,103.8,94.15478,96.344726,32.17784625,29.452,38.78,33.15575,34.96625,0.471691389999999,3.3771589183,0,0
7,4.75,770.252545,13.890869781,39.262135,27.02,179.812499999999,94.1618655,95.227605,32.105878,29.114,39.095,32.78925,34.68575,0.38241575,3.1522016123,0,0
7,5.25,802.79786,14.2435376,39.2200975,15.31,177.925,94.15587,98.1601535,31.84814475,29.16125,37.5,32.38625,34.43175,0.3365305,2.6599846622,0,0
7,5.75,807.278845,18.6953565945,37.8742285,22.5075,73.7599999999999,94.16925625,97.3190315,31.879043,28.74,36.775,32.06175,34.124,0.3796037375,3.274222486275,0,0
7,6.25,785.3568225,31.3229272875,37.95614075,7.87725,82.6,94.17856475,97.0599765,31.5863635,28.666,36.4375,31.7805,33.844,0.437410155,2.8863782979,0,0
7,6.75,779.0560325,15.072402396,39.2832495,12.595,72.935,94.1956065,95.187187,31.707536,28.2485,35.5175,31.58175,33.3095,0.3866173475,2.843516037475,0,0
7,7.25,799.079555,13.2680987575,38.1356745,17.235,88.9,94.2247,94.001513,31.756612,28.254,35.9,31.55175,33.12125,0.404294925,2.56902954055,0,0
7,7.75,763.1011,27.8390156045,37.40488375,65.9175,125,94.25110375,92.672635,33.292194,29.24625,37.95,31.888,33.122,0.3997365175,3.30674749025,0,0
7,8.25,753.50024,11.34887531,38.024002,94.6,158.6,94.278249,92.158884,34.788547,30.08675,40.2175,33.104,33.602,0.42564926,3.208975299,0,0
7,8.75,727.930815,12.98810682925,37.0737615,148.075,229.625,94.283248,88.6605115,36.046402,31.06,43.1,34.196,34.594,0.43529998,3.090879144,0,0
7,9.25,716.39324,8.86088274074998,37.1772365,169.65,237.25,94.2939595,84.8036985,36.990308,31.37,48.785,36.182,35.9,0.426512995,3.1018458675,3.69635,8.605
7,9.75,675.98677,8.84071457124995,36.532463,205,357.25,94.293646,81.73734,37.84731,32.363,53.8099999999999,38.438,37.03,0.462311,3.4233775625,8.58,24.47575
7,10.25,644.5638625,5.79413122152499,36.85518125,260.45,362.5,94.30317375,81.66033625,38.836692,33.526,57.25,40.97,38.484,0.4806052425,3.523322322,13.94475,31.08975
7,10.75,641.90043,7.710983051,36.630719,283,401.4,94.323386,80.817638,39.382725,34.36875,59.1,43.516,40.026,0.46356522,3.77390387615,14.31,28.664
7,11.25,641.34348,7.819390424575,35.9762525,307.025,445.75,94.3335055,74.960676,39.88301775,35.215,62.695,45.286,41.548,0.432271625,3.845773383125,17.8855,30.31025
7,11.75,637.978875,6.564152687,35.77816375,342.1,447.9,94.3252625,72.9425875,40.461655,37.9825,64.425,47.57825,43.63625,0.4557328,3.623588997375,43.41575,23.11025
7,12.25,637.62942,6.708800236,35.633212,343.325,583.075,94.309591,70.087105,41.236335,38.4855,66.7299999999999,49.77875,45.78075,0.475294695,3.659012091,57.3405,49.6755
7,12.75,630.99305,5.934526537,35.07062625,365.175,533.5,94.28994125,72.2163025,41.28826675,39.01625,68.85,52.07,47.544,0.459883625,3.6952540738,54.606,53.858
7,13.25,628.7121,6.003810054,34.34776,399.475,511.9,94.2794075,68.9498025,41.89440025,39.415,70.8625,53.53775,49.17575,0.485739725,3.6590256378,73.152,51.068
7,13.75,627.86235,6.581205650975,35.3953045,392,556,94.265067,69.690487,41.907471,38.39,72.725,55.2695,50.63475,0.5636177,4.1065206158,83.57,64.573
7,14.25,627.293625,8.623888999,33.5234925,416,541.8,94.24282,68.1719825,42.72402675,39.571,72,56.83425,51.6505,0.558798325,4.0044193522,100.85,75.89725
7,14.75,625.4150125,7.551706485375,34.8271975,408.125,532.275,94.2158125,70.90235625,42.971086,39.9805,72.9,56.705,51.2085,0.552730775,4.3797338198,113.26,89.7425
7,15.25,627.022825,7.3254762794,35.268033,369.65,571.4,94.184115,68.7930775,42.703491,40.01625,72.695,55.82025,49.575,0.53107377,4.0115759591,118.88,89.78
7,15.75,628.952825,7.667293126,35.090888,357.1,469.2,94.16106,68.839411,42.991369,40.226,74.03,53.854,48.573,0.557568165,4.412477588825,112.18,88.4499999999999
7,16.25,628.44195,6.156517172175,35.0382025,311.975,487.05,94.12666125,65.9183125,42.807,39.9815,71.46,51.7105,48.7435,0.6571709,4.666983959925,119.4125,109.1125
7,16.75,688.63695,6.14438395124999,36.11522625,281.225,453.4,94.09155,67.474,42.978415,40.1025,71.4,50.186,48.614,0.74349985,4.387475618375,104.9,102.25
7,17.25,626.544,6.145298490325,35.92310125,273.975,422.55,94.08941875,70.202085,43.121344,39.896,73.01,48.59475,47.72175,0.59647765,4.367290871925,75.7525,84.14375
7,17.75,650.8623625,5.991911044,36.04426875,238.55,338.45,94.0848175,71.20543625,43.032742,40.51,73.07,47.55025,46.52225,0.707341075,4.86333091915,56.855,52.81375
7,18.25,629.80848,5.659814473225,36.026962,177.225,373.9,94.084208,71.732564,42.85991625,40.4155,73.5725,46.484,46.118,0.753776045,5.2735799786,41.175,38.83775
7,18.75,632.62018,8.306313866,37.080364,143,325.425,94.071336,72.625353,42.7536035,39.367,72.0325,45.248,45.498,0.726039207499999,4.8114025722,27.035,31.78
7,19.25,652.9736075,9.786690322,34.5989215,219.1,165.35,94.068055,73.64192575,42.2158725,38.945,68.925,43.9725,44.41575,0.70266457,5.0408477002,18.2995,23.094
7,19.75,660.16736,29.5348672970001,36.7900525,66.645,343.9,94.07949325,73.7019,41.415435,38.18425,67.18,42.91675,44.1955,0.75964089,5.738199264,9.9985,16.6155
7,20.25,688.9413625,16.345183359,37.87717625,58.6949999999997,257.450000000001,94.08261875,79.363935,41.0726475,37.483,65.6875,41.998,42.547,0.792832124999999,5.0831820896,3.11155,11.397
7,20.75,674.880565,22.78133294,37.4738035,41.66,147.125,94.081994,83.011025,40.4047275,36.563,63.54,40.9225,41.774,0.673216425,5.2372765666,0,5.93875
7,21.25,682.41703,26.09081218425,39.083248,29.425,213.05,94.103791,81.802259,39.62373725,35.51025,58.42,39.90725,41.006,0.591013,4.900208745875,0,1.1745
7,21.75,723.25901,21.1669626054999,39.5640095,33.0799999999999,173.475,94.1356865,85.864018,38.87738025,34.53525,54.475,39.12075,40.3,0.66641422,5.209579752625,0,0
7,22.25,684.5703,42.3757634625,38.570162,79.4400000000001,162.9,94.16548475,90.406589,38.63216,35.176,53.01,38.48975,39.54175,0.612979125,4.062514627875,0,0
7,22.75,698.921105,65.8949019335,38.8136425,27.8700000000001,127.5,94.17618625,97.486385,37.5136315,34.57375,50.2925,37.8435,38.839,0.55695173,4.12522627975,0,0
7,23.25,712.0548125,29.25472171,39.150847,28.085,163.475,94.1861425,90.632189,37.0550155,33.6465,48.6,37.1595,38.30675,0.61692565,4.434112697,0,0
7,23.75,708.68548,19.65004836,38.509295,43.7675,470.9,94.190292,91.57699,36.868808,33.45,50.935,36.4885,37.831,0.59343065,4.41085916895,0,0
8,0.25,702.293755,15.4584188135,38.1983765,21.9775,95.1999999999999,94.164044,89.1575735,34.2765135,30.16325,31.55,32.408,32.1185,0.666222184999998,4.0436309468,-8.453,-7.19975
8,0.75,706.21257,25.104698399,37.016611,34.64,372.875,94.1818255,88.64473275,33.849627,29.55825,28.105,32.60625,32.19,0.48434625,3.6409223135,-8.79585000000001,-7.07485
8,1.25,709.72084,21.044045728,38.269485,15.28,108.475,94.159512,91.221085,33.432837,29.1705,27.915,32.2375,31.9235,0.471438705,3.0537910829,-9.4247,-7.29775
8,1.75,723.57237,27.773735774,37.998098,20.655,174.725,94.1382555,90.321675,33.360882,29.102,27.21,31.8785,31.6775,0.50490665,2.9260797709,-9.2878,-7.62215
8,2.25,735.3801275,23.4489676672499,37.879324,13.3325,148.95,94.08981625,90.44632225,33.175639,28.8285,26.28,31.543,31.4385,0.386641915,3.21888570135,-9.7815,-7.89625
8,2.75,734.940025,19.1224479955,37.65660725,15.3,89.575,94.0995475,92.9523849999999,32.576395,28.1185,25.385,31.245,31.206,0.39154806,2.37608875795,-10.1485,-8.8795
8,3.25,737.89799,33.4157296979997,38.023523,20.3625,222.699999999999,94.090565,91.5354675,32.2385745,27.7595,23.4725,30.933,30.9935,0.42391188,2.857859420625,-10.0145,-9.049
8,3.75,743.8323925,29.67392280575,36.71466975,26.32,88.0375000000001,94.0987615,90.57172625,31.985051,27.64925,23.02,30.6375,30.7775,0.42474825,2.679216029,-9.97275,-9.41350000000001
8,4.25,738.28945,23.210821954,36.20534475,36.28,147,94.10119675,90.5506825,31.94134925,27.67175,22.305,30.3855,30.565,0.49361995,3.1967674185,-9.71050000000001,-9.99175000000001
8,4.75,758.33308,14.99481085125,36.2695735,12.45,107.15,94.10198425,89.250653,31.91672225,27.37375,20.81,30.1535,30.379,0.41038295,2.99289448,-10.0335,-10.54975
8,5.25,749.22759,20.50328127125,36.31374125,18.425,41.1,94.1141015,90.3315,31.52128925,27.28575,20.625,29.942,30.2,0.42280215,3.173228504,-10.40375,-10.083
8,5.75,760.07375,14.72577359425,35.85293475,12.075,66.2875,94.13213825,90.69416,31.13396275,26.96725,19.84,29.72,30.0345,0.37419245,2.7743466595,-10.68975,-10.00875
8,6.25,772.39231,19.5932186035,36.02122825,13.855,107.92,94.15832675,90.958,30.646056,26.3205,20.0775,29.535,29.8625,0.36509955,2.3938444235,-11.19875,-10.139
8,6.75,791.6604025,16.379242994,36.7144705,16.2725,50.74,94.1876905,91.49893,30.0232465,25.8305,19.195,29.372,29.69,0.3844982,2.380511391,-11.73,-10.81325
8,7.25,786.725725,14.3380732315,36.01686625,11.5575,72.4200000000001,94.19932725,91.25763,29.86707525,25.78125,18.83,29.2985,29.5565,0.3741246,2.2662851185,-11.93975,-11.07075
8,7.75,778.52385,15.47957398075,37.305675,33.2,145.625,94.21265,90.81245,30.283835,26.305,19.5,29.365,29.48625,0.420565895,2.2390609275,-11,-10.82
8,8.25,729.5381,17.71659743975,37.99083,64.8,167.275,94.231625,90.40629,30.77568,27.145,20.105,29.56,29.55625,0.4640036175,2.378883855125,-7.631,-9.62
8,8.75,720.5459,7.061956712,36.666,98.45,218,94.24706,88.337505,31.883505,28.31,21.405,29.81625,29.655,0.47553581,2.601013398625,-4.757,-5.299
8,9.25,701.6444,3.6209840065,37.020015,118,292.6,94.245005,86.86759,32.81596,29.265,23.65,30.2125,30.18625,0.4463937475,2.60041072765,-0.58,-0.996
8,9.75,690.96115,0.450901145725004,37.30451,194.5,329,94.26453,86.57445,34.073955,30.185,27.815,30.8625,30.64375,0.49046529,2.919629284825,2.304,0.955
8,10.25,657.2821,3.511822771475,36.74126,223.5,379,94.271515,84.2657,34.93716,31.26,30.8,31.47625,31.45875,0.4920504975,3.1561576611,7.097,4.067
8,10.75,627.75835,-3.0564345485,36.294305,236.5,426.225,94.263625,83.347865,35.912975,32.37,34.7525,32.15625,32.23125,0.4937886975,2.90162304755,10.56,6.429
8,11.25,615.29835,0.686971623,35.57884,291.5,566,94.243675,81.405185,36.91893,33.545,38.55,33.81,32.88875,0.41613945,3.2647267215,22.93,10.41
8,11.75,617.3093,-1.9723230065,35.31778,302.525,587,94.244165,79.0421,37.78373,34.52,42.9,34.995,33.245,0.45403335,3.1798114025,27.03,13.12
8,12.25,613.02725,-2.0771863645,35.054855,308.725,579.4,94.23623,78.09925,38.42569,35.255,47.65,37.36,33.6175,0.4235464,3.1301331715,28.74,18.29
8,12.75,608.50795,-1.3122124025,35.116975,336.5,635.075,94.21802,73.55455,38.83495,35.895,50.65,39.62875,34.11875,0.4614121,3.2314436615,29.32,20.42
8,13.25,603.79795,-0.213526109,35.103375,353.25,591.575,94.18025,71.59445,39.49919,36.48,53.2,42.895,34.9775,0.443391,3.3917162245,38.81,24.24
8,13.75,602.6733,0.5268986015,34.95026,360.2,609.275,94.148385,71.86965,40.07978,37.01,54.6,47.14625,35.61,0.4665567,3.4375789305,60.8,27.24
8,14.25,601.4496,-0.0986552515,35.024385,367.1,637.55,94.107345,69.8299,40.598285,37.61,56.6,50.3425,36.54,0.45193235,3.483979755,84.3,31.59
8,14.75,599.3762,1.713000377,35.373925,363.5,665,94.096015,70.516025,41.075335,38.275,59.1,51.3325,36.9525,0.49173235,3.559036687,121.7,34.93
8,15.25,601.7662,0.7694184925,35.253005,345,593.6,94.047385,69.08174,41.533465,38.52,61.4,51.54625,37.62125,0.4980925,3.490327856,120.7,35.68
8,15.75,595.7412,2.7154106135,34.903215,345.5,561.125,93.996935,67.73725,41.76621,38.62,62.65,51.51125,38.3075,0.5589771,3.389102995,134.2,43.7
8,16.25,599.31175,2.03082980542501,35.49567,313.5,510.975,93.971315,69.5319,42.06714,38.81,63.5,50.2225,38.58375,0.64120415,3.6233450395,129.4,50.81
8,16.75,609.0874,1.440456357,35.59625,269,533.4,93.961095,68.7648,42.15795,38.985,64.3,48.8125,38.50875,0.59811815,4.4096825055,106.8,62.65
8,17.25,607.40415,2.4370378645,35.56756,218,457,93.96054,69.62745,42.105795,39.205,64.4,45.62625,38.0275,0.64333895,3.662060644,67.83,58.56
8,17.75,604.606,19.2501843922501,35.548555,173.65,387.25,93.94485,72.606765,42.05563,39.14,62.8,43.98375,37.6925,0.65892495,4.1567990455,43.03,51.33
8,18.25,624.434,1.753089753975,35.72119,136,323,93.926025,75.818235,41.70054,38.91,62.25,42.24,37.23625,0.6195565,4.0185272325,49.32,43.81
8,18.75,614.5658,11.894348828,36.02882,90.6075,224.125,93.933105,79.984435,41.389395,38.605,62.11,40.67875,36.76125,0.7292593,4.325097805,40.5405,30.12075
8,19.25,617.33425,8.215561300175,37.155685,44.0400000000001,189.8,93.95359,79.96738,40.73436,37.78,59.3,39.3875,36.36375,0.66267125,4.718322323,21.47,20.411
8,19.75,626.0222625,8.848839299675,37.81960875,21.05,184,93.959598,81.5986175,40.00086,36.705,54.705,38.27125,35.9125,0.59695944,4.6926474345,11.4705,14.855
8,20.25,635.94628,25.1100386205001,37.47335825,49.5499999999999,172.125,93.97969325,84.9787175,38.99575,35.39,50.2275,37.12375,35.44625,0.65367785,4.11854021,4.41329999999999,10.30425
8,20.75,645.6012375,27.15249890625,37.48323425,49.7875,168,94.01139525,83.3832725,38.11313,34.1,44.5,35.88125,34.965,0.847350805000001,5.4273430565,0.606499999999995,6.2813
8,21.25,662.7059225,28.5118172299998,37.21006725,52.335,168,94.10780425,86.6356525,37.3429,33.545,42.875,35.08625,34.4,0.78064197,4.68970407,-2.18425000000001,3.0934
8,21.75,697.2408725,32.222395508,37.787673,46.5,376.65,94.1209115,86.257687,36.9759695,32.875,41.1,34.5025,33.7775,0.69449998,4.022612292225,-4.17915000000002,0.903374999999991
8,22.25,724.0919675,43.6318592,37.98593125,68.4725,211.7,94.143694,87.797987,36.4689755,32.335,41.1525,33.98875,33.4175,0.593072989999999,4.5838584686,-5.08337500000001,-0.72270000000001
8,22.75,700.12625,21.2383071387499,38.53611,25.9,158.4,94.118975,89.36885,35.79862175,31.61,37.6525,33.515,33.085,0.5973654975,3.93469643695,-5.547,-2.74247500000001
8,23.25,705.95705,17.5900020435,38.72454,38.805,159.5,94.17326,87.72425,35.62739,31.415,33.55,33.135,32.7425,0.592307,3.666466676,-7.4784,-4.2759
8,23.75,708.7032425,23.0641620044999,37.7421625,42.8849999999999,185.2,94.19154325,89.909183,34.857805,30.625,32.535,32.77375,32.42,0.818875620000001,4.438039885,-7.9906,-6.428825
9,0.25,665.989115,12.70827715275,36.227795,27.7925,214.4,94.1646445,94.8292615,33.25955975,29.18425,35.5,29.68475,31.401,0.44963834,3.043250077,-11.191,-7.4331
9,0.75,684.17627,8.12024903257499,36.650396,21.24,66.575,94.153052,94.9942565,33.15995225,29.2,34.9,29.357,30.508,0.510413435,3.1565236865,-11.685,-7.9092
9,1.25,676.59649,28.953222128,36.670771,21.0074999999999,123.825,94.131051,90.356849,32.5844265,28.74575,32.6975,29.044,30.28975,0.478983995,2.621964352375,-11.074,-7.8975
9,1.75,712.84287,24.3717650525,37.275539,15.9049999999999,65.715,94.113391,95.052527,32.2619,28.152,29.7975,28.80575,30.131,0.51616629,2.97728697485,-11.757,-9.017
9,2.25,688.067765,9.83992307755,36.875989,32.7,57.2199999999999,94.104469,93.9475335,31.56822325,27.55325,29.6825,28.52625,29.98875,0.563961825,3.18339155165,-12.299,-9.386
9,2.75,682.36982,11.88894746,37.3847285,36.6274999999999,48.2875,94.110233,95.019754,31.38498025,27.493,30.68,28.25975,29.84,0.542513375,3.09037075585,-12.155,-10.04
9,3.25,679.95069,9.23931306925,36.830373,46.5299999999999,46.545,94.0841045,94.358127,31.64775075,27.29175,29.63,28.07925,29.6765,0.4426922,2.90508827355,-12.344,-10.19
9,3.75,695.53444,11.302855489,37.1760875,16.705,58.28,94.0831365,94.441103,31.02661975,26.83325,29.515,27.8775,29.523,0.358477305,2.77755484975,-12.634,-10.792
9,4.25,694.49391,10.32549077415,37.0848505,29.675,55.8374999999995,94.0740205,93.5332995,30.69248875,26.427,28.84,27.67225,29.3595,0.35179483,2.139639452975,-12.757,-10.878
9,4.75,705.352725,15.0158162735,37.399565,38.9,66.9799999999999,94.072926,94.767552,30.5425805,26.30625,26.78,27.46175,29.18425,0.35619659,2.1844022169,-13.118,-10.699
9,5.25,714.227325,10.8094142091,37.221487,19.7,41.37,94.072845,93.953706,30.40822425,25.94775,25.08,27.2795,28.999,0.397665945,2.4704839751,-13.385,-10.909
9,5.75,701.554955,18.182991749,37.0590845,22.4,57.775,94.0850765,94.824772,30.06534125,25.91025,25.1,27.05775,28.7825,0.490905735,2.58594001535,-13.299,-11.326
9,6.25,696.66981,16.217703467,37.0568525,15.9825,51.9175,94.0985895,94.6522435,29.91074,25.586,25.53,26.82125,28.57425,0.363957565,2.18860378425,-13.371,-11.915
9,6.75,691.08371,6.21571986785,37.2301385,15.93,81.4475000000001,94.116713,94.0910775,29.59212,25.6255,22.765,26.5865,28.366,0.341138095,2.093253508775,-13.544,-12.181
9,7.25,719.6574,7.44981711285,37.079385,21.5775,43.1825,94.1290315,93.710074,29.70225025,25.4335,22.81,26.36525,28.176,0.27826774,1.829701331075,-13.947,-12.43
9,7.75,727.345255,10.361247749,37.228678,26.5,68.575,94.15522,93.3757065,30.08126875,26.4165,23.515,26.34825,28.02775,0.358716845,1.97224484805,-13.244,-11.8
9,8.25,691.83502,8.0139806655,37.889021,61.8875,101.065,94.188848,92.9418515,30.75234275,27.16,25.885,26.6715,28.04125,0.480217815,2.316713036375,-11.272,-10.762
9,8.75,671.60979,10.17168328535,37.881267,126.6,201.2,94.210318,89.827238,31.59718975,27.9885,25.595,27.0275,28.44475,0.42471355,1.95356730205,-7.789,-7.6803
9,9.25,662.801405,4.26060655105,37.976,160.95,222.2,94.212298,86.5347175,32.72145925,29.16925,30.48,27.4905,29.20475,0.4884159,2.730171268025,-3.7648,-4.0777
9,9.75,648.932505,-0.89690247075,37.016433,185.75,242.9,94.234774,83.9012275,33.9509795,30.61625,37.18,28.029,29.71825,0.45858207,2.6252079438,-0.003,-0.8626
9,10.25,643.17395,0.071899457,36.824856,262.85,334.7,94.253099,79.736376,35.03168475,32.415,43.795,28.439,30.72525,0.425490995,2.981327998125,7.7736,2.8414
9,10.75,628.4102,-0.3602388127,37.1390665,296.7,366,94.269295,75.244892,36.5429395,34.30375,50.985,29.21875,31.27575,0.47746345,3.64136016545,17.96,5.988
9,11.25,618.99798,-0.3001242878,37.27641,326.65,364,94.2884435,71.469821,38.11866475,35.654,55.41,30.2755,31.6005,0.518756915,4.007959727775,26.413,8.41
9,11.75,615.81461,0.151267806350001,36.672714,338.9,387.35,94.291873,67.3181025,38.94989825,36.5865,58.88,31.995,32.15625,0.519881965,3.83047244145,47.135,12.207
9,12.25,611.37807,-0.35470181895,36.3067455,376.55,520.8,94.290351,68.3258835,39.40371725,36.92425,60.19,34.23125,33.47525,0.5551781,4.215726641775,58.454,22.354
9,12.75,607.26645,0.320315142425,36.60372525,380.8,435.675,94.25249075,65.23993375,39.778112,37.16925,62.5325,37.8275,34.64675,0.5861058225,4.0902357196,60.877,23.642
9,13.25,606.686835,0.586759202925,35.989986,414.35,496.125,94.22314675,64.3354545,40.51838075,37.7775,63.9475,40.88325,36.17175,0.5625234075,3.89333020935,77.213,29.877
9,13.75,606.16636,1.24195667355,35.925921,415.175,476.3,94.2159,63.4773755,40.86732825,37.91925,65.085,43.011,36.20725,0.5879960675,4.0577514162,100.2,40.212
9,14.25,604.264395,0.918031796849999,35.866646,400.8,483.4,94.1825715,65.9704075,41.361134,38.42625,66.985,45.3075,36.3755,0.59596,4.3761887278,114.71,49.056
9,14.75,602.857495,0.92330847365,35.91269575,393.5,474.35,94.1392875,64.5637075,41.69507175,38.5485,67.3925,44.414,36.46175,0.5949744225,4.407274714775,106.43,53.245
9,15.25,607.2804175,0.733982976000001,36.154427,381.7,415.35,94.094281,60.3605965,41.90660275,39.074,68.4,43.257,36.69525,0.6156586,4.5492722344,102.64,49.893
9,15.75,607.13697,1.07459383855,35.83757675,354.75,407.7,94.05142675,67.2953655,42.073686,39.18875,69.625,42.04775,37.172,0.610378955,4.2541786234,96.2,46.785
9,16.25,602.1989225,1.31197165635,35.592435,334.575,381.925,94.0189305,68.87984125,42.23428225,39.18125,70.735,40.6975,37.1155,0.6197825975,4.46417593465,86.2625,47.588
9,16.75,603.219505,3.0361255748,35.4394425,283.975,388.575,93.9995865,68.5207285,42.2242,39.145,69.795,40.224,36.9065,0.59716588,4.493058754775,73.308,58.91375
9,17.25,609.7275225,2.72913650844999,35.910496,221.925,293.75,94.006428,70.481026,42.030956,39.118,68.9875,38.836,36.472,0.56885466,4.5135345047,55.968,63.012
9,17.75,626.2588075,1.57658893,37.5446885,188.9,320.7,94.0345495,69.33072325,41.4360395,38.709,67.4975,37.754,36.066,0.6207279825,4.3487668039,37.242,59.33
9,18.25,603.9015325,3.068407453725,37.7443935,137.85,182.4,94.00683725,79.10900725,41.334072,38.2275,66.4725,36.844,35.732,0.8746757525,4.72241326595,31.401,54.1
9,18.75,607.0736,2.856360251,37.49143,67.0375,181.85,94.04333,83.787,40.456292,37.561,64.3,35.988,35.38,0.8309957,4.5889693289,23.237,40.532
9,19.25,611.34516,5.99165389307499,37.61922375,54.8099999999999,127.625,94.02220025,79.3109705,39.614387,36.4175,59.685,35.096,35.014,0.6762161575,4.30278929575,12.252,25.392
9,19.75,621.7557425,7.9714911625,38.22940725,43,66.74,94.02592675,85.28874875,38.2722905,34.668,54.1975,34.126,34.608,0.5030887325,3.6967279077,4.94989999999999,14.827
9,20.25,623.7962225,10.45219059725,38.8261865,28.7599999999999,79.6399999999999,94.0555555,88.907665,37.260413,33.468,52.3875,33.266,34.15,0.5166715475,3.2297332715,-0.6546,7.1642
9,20.75,625.4757175,6.293304014725,38.685492,25,52.5,94.1009695,87.67404375,36.5954855,33.394,50.2,32.694,33.672,0.5001158675,3.19269271905,-4.1694,2.7074
9,21.25,628.974775,6.939415953325,36.9862315,21.6,76.425,94.14087825,89.78363275,36.080808,32.1935,46.8,32.394,33.236,0.457420065,3.01261799095,-5.5371,-0.347500000000001
9,21.75,630.4489425,8.949966631375,37.94477725,29.8874999999999,81.36,94.1324165,88.4446015,35.465683,31.506,43.36,32.064,32.868,0.551496315,3.5264055402,-7.00280000000001,-2.59
9,22.25,638.6337375,21.6193572869999,37.22640475,41.8249999999999,87.0099999999996,94.13124875,92.049982,34.6082365,30.629,40.5325,31.648,32.548,0.632102117499999,3.49429462655,-9.008,-4.3026
9,22.75,647.95874,11.99950724475,37.3065655,54.6500000000001,93.08,94.14174175,93.5219794999999,34.1525995,30.3745,39.805,31.198,32.282,0.567298705,3.19476512535,-9.894,-5.1146
9,23.25,645.64579,19.50909967175,36.808391,20.3675,85.87,94.170801,87.321721,33.77752,29.899,38.1,30.912,32.07,0.4861224725,3.6838231384,-10.92,-5.8276
9,23.75,643.7721525,9.156923389,36.51541475,22.6874999999999,96.0650000000001,94.177757,89.59144275,33.563996,29.69,36.9,30.65,31.838,0.5589265,2.83510248795,-10.912,-6.0895
10,0.25,649.33708,4.5694979744,23.892614,20.6149999999999,37.4025,94.173762,70.74312,30.625094,27.802,32.2375,29.416,30.468,0.4857046525,3.186550654525,-11.2175,-8.7285
10,0.75,653.19723,3.91661589645,23.7808505,43.45,50.4799999999999,94.167012,70.904284,30.460735,27.4385,30.515,29.134,30.192,0.4637464375,3.3981561155,-11.57625,-9.02875
10,1.25,653.3644375,3.85594573425,23.29789,43.3000000000001,41.7625,94.15606875,71.908115,29.8832225,26.96875,29.975,28.88125,29.90875,0.362478625,2.88670218375,-12.93625,-9.88875
10,1.75,657.85184,5.76823486577499,23.132115,25.2,37.9875,94.154825,71.710998,29.466772,26.466,29.46,28.4885,29.6405,0.368050655,2.7389768463,-12.0645,-9.83399999999999
10,2.25,659.47411,5.917262277125,23.736113,21.965,45.305,94.15667,73.427043,28.94644,26.001,28.38,28.177,29.362,0.407858845,2.57751571195,-12.48,-10.0695
10,2.75,657.50908,3.43543374479999,23.9836,28.7025,42.2599999999999,94.149114,73.797775,28.475945,25.609,27.52,27.8655,29.0945,0.3696997,2.77664994435,-12.575,-10.3305
10,3.25,655.85357,3.7565599015,24.23044025,26.6,36.525,94.14144,75.39145625,27.89785025,25.73175,28.0975,27.57725,28.848,0.47275859,2.8025823983,-11.4755,-9.54449999999999
10,3.75,660.24295,6.40556832075,23.938225,13.54,53.25,94.13303,77.5346175,28.03845,25.2925,27.225,27.33,28.61,0.544032449999999,2.852599872575,-11.25975,-9.54375000000001
10,4.25,659.9729,3.78363148275,23.6850975,31.46,25.565,94.1240075,79.639025,27.8035325,24.9875,28.85,27.19,28.38,0.5838046,3.38322922494999,-10.623,-9.38750000000002
10,4.75,660.2343,4.68907104025,23.6964925,23.765,37.7775,94.1205,79.9461925,27.7145925,24.7475,28.85,27.08,28.2,0.596291055,3.170517582525,-10.242,-9.22800000000002
10,5.25,660.7846525,2.7201866091,23.5238805,28.15,31.96,94.13754625,77.733838,27.6511355,24.65725,25.9325,27.0745,28.099,0.5904653,3.2630128263,-10.04,-9.00800000000002
10,5.75,665.5555475,2.880216952975,23.46841525,21.1,75.2399999999997,94.15411075,78.6475325,27.16675075,24.51725,25.1725,27.01375,27.98975,0.573770909999998,3.3775999643,-10.134,-8.95900000000002
10,6.25,660.9009575,5.325932834975,23.879132,28.035,39.88,94.175326,80.5545895,26.9092795,23.972,24.9325,26.90675,27.86125,0.50935537,2.7348031369,-10.149,-8.68600000000002
10,6.75,662.07436,3.1239088446,23.54643,27.61,23.6925,94.195076,80.528498,26.325236,23.172,23.54,26.8355,27.7755,0.471000709999999,3.101232070575,-10.17575,-8.77250000000001
10,7.25,663.4405375,4.678769196875,23.600565,20.43,46.8199999999998,94.2148025,81.8559375,26.1919675,23.53375,23.9125,26.81375,27.7725,0.54385518,3.0007440798,-10.164,-8.96400000000001
10,7.75,661.9831375,4.826539980875,22.96750875,20.385,41.03,94.23457125,81.52873125,26.03905,23.55375,23.675,26.60375,27.6375,0.43530666,2.949655418,-10.618,-9.73400000000001
10,8.25,658.9362,5.40856145425,23.24554,43.5,67.465,94.25731375,79.9953825,26.88961875,24.2675,25.5375,26.58375,27.51625,0.533277,3.2579688228,-10.05,-9.27
10,8.75,654.580685,2.489142260025,24.44812725,90.8974999999999,113.375,94.2921875,73.2498635,28.478612,26.2345,28.8725,26.58625,27.30725,0.563567452499999,3.041316195525,-7.70625,-8.24325
10,9.25,650.0181,4.78378523219999,25.070956,148.675,114.825,94.31864,71.07665,30.171194,27.748,31.98,26.8535,28.2975,0.583526722499999,3.258876813075,-3.93645000000001,-5.616825
10,9.75,644.5747275,2.19351773692499,25.49645525,165.625,144.65,94.33926575,66.48801225,31.253669,28.68625,36.115,27.6295,29.4325,0.565350165,3.33034308635,1.7031,-1.38225
10,10.25,641.00319,1.8031049568,25.3311795,231.625,199.925,94.35812325,67.85148,32.727134,30.54175,40.615,28.83975,29.87425,0.54204326,3.6347442398,11.20625,1.8461
10,10.75,636.1141175,1.40205609695,25.87348025,277.25,207.75,94.3638815,64.67342475,34.2927945,32.325,45.4575,29.90075,30.059,0.50164892,3.881179477925,19.04825,3.851075
10,11.25,634.46905,1.421058507625,24.95234025,293.875,251.4,94.36037975,59.10721725,35.50832675,33.7415,50.4725,31.33625,30.39725,0.5512465675,4.273891858225,35.57925,7.478225
10,11.75,632.5935875,1.5011294562,23.7841965,314.725,206.5,94.341822,56.1920135,36.194703,34.52875,54.0025,32.68625,31.737,0.611161585,4.79004805305,50.5535,16.562
10,12.25,629.37846,1.10550189169999,25.84806225,363.475,217.75,94.3191475,58.3280367499999,36.96742025,35.32475,56.46,34.40375,33.2205,0.61930502,4.874716615075,44.978,20.386
10,12.75,629.9310025,2.63744391319999,23.43494175,360,235.35,94.29205,54.7917724999999,37.48617025,35.86125,57.9325,37.23225,34.36175,0.59963043,4.8559083178,55.97,33.45375
10,13.25,624.6163775,1.4093330458,22.14437425,370.75,255.775,94.25113175,48.95608,38.056255,36.02075,59.6325,40.15825,35.30475,0.64031183,5.322921139725,90.015,42.734
10,13.75,624.951405,2.1876947628,21.01804675,376.875,262.7,94.20502375,48.4626075,38.2426035,36.54875,61.3175,42.00875,35.2845,0.6268473475,5.045166613525,114.0625,46.08325
10,14.25,624.958775,2.58304277832499,20.5561225,372.2,272.7,94.15849875,49.267325,38.41146675,36.56475,62.0875,43.40925,35.43575,0.6347081425,4.81807168765,121.9025,47.11125
10,14.75,622.686215,2.2157567166,19.7306465,346.025,240.7,94.1191625,46.4714325,38.80364075,36.9455,62.6325,43.473,35.51075,0.669451007499999,5.0243072794,118.545,44.87825
10,15.25,622.1746225,1.1768557186,20.00914025,325.15,213,94.09298775,47.39823875,38.994086,37.07925,63.6575,41.99525,35.27775,0.6723613275,5.62729937187499,82.175,38.92875
10,15.75,621.93154,1.2123324658,20.425068,302.3,228.4,94.077864,44.319592,39.095632,37.33875,64.46,41.6195,35.317,0.6581006,5.80429028785,68.5095,41.54225
10,16.25,622.1012075,2.1804055388,20.98703925,270.4,177.25,94.0647705,49.503135,39.00184,37.35,64.26,41.12975,35.3245,0.7390918625,6.0332178243,64.8005,54.646
10,16.75,621.30185,1.97660713035,20.514473,245.1,182.625,94.0560525,56.1256349999999,38.9663165,37.331,64,40.482,35.472,0.664556024999999,5.7535707177,62.064,61.821
10,17.25,620.819775,1.870009702,20.651807,186.55,167.3,94.0518065,57.2581049999998,39.0720865,37.2215,64.195,39.082,35.328,0.66763082,5.25095950354999,57.0385,56.5015
10,17.75,621.9283025,4.16146161745001,20.4341355,127.675,107,94.04893875,54.0076375,38.66546775,36.993,62.715,37.99,35.09075,0.6357015175,5.0187838011,36.243,50.16
10,18.25,622.27569,2.592558043475,21.9287695,79.445,80.075,94.05944325,60.116695,38.400161,36.77575,61.62,36.806,34.914,0.5921260225,5.068298602525,18.92125,39.271
10,18.75,623.717725,7.33291357899987,22.9823665,35.6125,123.559999999999,94.0706065,58.1945249999999,37.83620325,35.6775,57.4,35.783,34.5895,0.540962014999999,4.4551579755,7.746725,27.4515
10,19.25,626.24647,5.38058158605,22.8853825,35.2,78.4849999999998,94.083747,59.6881149999999,36.5701455,33.81625,53.575,34.82025,34.18075,0.467574425,4.0610221035,1.3439,16.26075
10,19.75,627.76092,3.21380152984999,22.835624,14.43,76.6325000000001,94.101945,59.7282849999999,35.49103425,32.821,49.58,33.83475,33.72,0.424270425,3.803682629175,-3.46954999999999,8.8035
10,20.25,630.716395,12.0478349525,23.064243,42.97,94.6649999999998,94.1270745,59.5744999999999,34.88681025,32.034,46.93,32.98875,33.25275,0.49117364,3.10859937145,-6.0899,3.820675
10,20.75,633.878385,3.26657363894999,23.2139295,26.42,40.815,94.1437085,59.8839864999999,34.4850925,31.71675,44.41,32.33625,32.81,0.440065165,3.226050858575,-8.16075,0.070900000000005
10,21.25,636.322,6.20251151804999,23.1154985,30.535,55.6649999999998,94.161719,62.126268,33.73424625,30.935,42.675,31.828,32.3915,0.468690185,3.149247033175,-9.8045,-2.593325
10,21.75,640.3167275,3.51834013555,23.54266475,36.8200000000001,51.65,94.19500775,66.07246,33.19621775,30.36275,39.9775,31.37225,32.03725,0.4175356475,3.7349150426,-9.45124999999999,-4.523225
10,22.25,643.535505,3.59368443314998,24.629381,38.1875,43.2925,94.21956,65.5536295,32.4067205,29.7,38.6575,30.98,31.692,0.459009935,3.20294391475,-8.965,-4.77199999999999
10,22.75,643.825205,4.0590618531,23.40824425,36.46,32.8125,94.227961,64.848108,31.6653265,28.8805,37.38,30.578,31.344,0.465613764999999,3.165013174925,-9.3475,-5.73475
10,23.25,647.6976375,3.7369241778,23.441074,40.0950000000001,38.4,94.23831925,65.75110175,31.326871,28.6625,35.5575,30.168,31.008,0.4908358,3.24702763635,-10.1145,-6.968425
10,23.75,650.012955,3.5557728508,23.362623,28.34,43.11,94.23630925,67.43661025,31.1317645,28.394,34.315,29.756,30.696,0.473247014999999,3.118066049575,-11.0755,-7.8872
11,0.25,645.64124,2.3526727738,15.171584,17.385,18.6,94.433136,68.19496,27.498616,25.22825,26.58,24.208,24.94575,0.5796496375,3.37932260505,-14.1275,-9.25445000000001
11,0.75,646.221225,1.865858523125,15.550855,34.3225,8.06899999999996,94.42542,72.2694625,27.2998425,25.0625,26.6,24.0605,24.8165,0.620682525,3.62609735725,-14.2675,-9.1705
11,1.25,646.90094,2.305099403,15.361334,42.7499999999999,25.12,94.407798,70.814,26.2435415,24.058,25.72,23.75625,24.57125,0.60182334,3.57536007365,-14.0815,-9.82150000000001
11,1.75,651.18286,2.1751872758,15.405896,20.98,30.0599999999999,94.396546,69.49294,25.510593,23.3105,25,23.4525,24.36375,0.63360056,3.795543363075,-13.70925,-10.263
11,2.25,657.546445,1.902132715,15.6475835,18.4675,11.975,94.3897665,70.652275,24.656147,22.5375,24.25,23.238,24.19675,0.606348955,3.45587804785,-13.1495,-10.50475
11,2.75,658.7492325,2.390808173075,15.68822325,16.1525,12.06,94.37925475,71.2991775,23.922076,21.628,23.5375,23.098,24.006,0.6050879225,3.5484504767,-14.288,-10.395
11,3.25,649.6415225,2.34483424942499,15.71055125,16.075,15.3774999999999,94.3790975,72.508545,23.7573385,21.3945,22.455,22.865,23.8725,0.652003745,3.5644731762,-14.449,-10.901
11,3.75,649.65795,2.054104651,16.2050975,22.46,10.285,94.3813125,74.09365,23.813862,21.50625,20.75,22.59,23.685,0.5434863675,3.6695583852,-14.71125,-11.59125
11,4.25,649.72978,1.486061817,16.62973,27.53,16.8125,94.373994,75.6986,23.35183175,20.846,20.4,22.3265,23.49625,0.54587772,3.6312757909,-15.308,-12.036
11,4.75,650.93532,1.733983637,17.002204,18.55,27.6225,94.374938,75.48786,23.53108075,21.108,20.5825,22.14075,23.3025,0.55546722,3.412634154525,-15.31,-12.69
11,5.25,657.141555,1.4415220222,16.848776,25.23,8.85675000000001,94.37334175,76.863195,23.40031175,21.148,21.76,21.90975,23.12425,0.57120714,3.67292123425,-15.244,-12.714
11,5.75,657.8375225,3.2581432468,16.190557,24.81,11.312,94.3804755,77.69771,23.0120845,20.864,21.62,21.6705,22.9405,0.56710628,3.6987612813,-15.14,-13.074
11,6.25,657.8994175,2.5289991106,15.535199,22.22,13.66,94.39139325,77.1377325,23.36571275,21.03,22.64,21.50025,22.774,0.55048128,3.61482148835,-15.244,-13.42
11,6.75,658.12542,2.314165949725,16.246512,26.685,13.91,94.405508,79.263,22.1985935,20.3735,19.7825,21.275,22.62,0.639409165,3.6649182347,-15.59,-13.88225
11,7.25,660.189605,2.05793050735,16.91956425,28.9,20.6175,94.4225845,80.7700825,22.17132875,20.0345,19.8125,21.09025,22.4495,0.620157015,3.3929591656,-15.421,-13.7125
11,7.75,659.705225,2.386772055625,14.986506,36.525,13.8875,94.463071,81.42838,22.184925,19.99575,20.48,20.971,22.2765,0.6376510625,3.470450698,-16.31425,-14.15825
11,8.25,658.10963,3.31315329275,15.249753,30.7,16.445,94.51149825,81.9330025,22.410825,20.6965,20.135,21.014,22.126,0.567652225,3.712528538,-16.254,-15.0115
11,8.75,658.06441,2.929960085875,15.4404775,66.7,33.88,94.541919,81.868105,23.75642,22.5705,22.075,21.30975,22.11075,0.660918475,3.881964333,-13.77025,-14.3805
11,9.25,652.7151175,1.6427275813,14.64468775,113.41,32.875,94.56954575,73.648885,25.284301,24.0695,25.3175,21.99,22.456,0.602747895,3.7438264269,-8.2745,-10.022
11,9.75,647.93157,1.30723219395,14.4758945,157.15,43.965,94.598485,68.3579499999999,27.6009795,25.975,30.495,23.224,22.968,0.600720645,3.7693774831,0.392800000000001,-2.4046
11,10.25,644.378885,1.3141348924,14.35685525,196.55,71.06,94.61410325,67.2856775,29.357954,27.54525,33.63,24.2685,24.13625,0.5556182375,3.394900408425,12.54775,0.319424999999999
11,10.75,639.89702,1.1518507649,14.669222,240.8,78.55,94.619023,67.48423,30.712304,29.062,37.65,26.2685,25.9525,0.579774,3.5361702191,23.749,3.5779
11,11.25,635.73332,0.9716736737,14.198594,263.9,82.5375,94.603553,63.49377,31.909742,30.21475,40.34,28.328,26.99,0.65107113,4.378582324675,34.93225,6.97185
11,11.75,633.5826,0.696861642799999,13.965431,283.925,66.3725,94.598827,66.14017,33.399612,31.643,43.3,30.77325,27.2075,0.69088282,4.7655525387,40.09,12.726
11,12.25,630.1258,2.492322947,14.027227,313.2,101.0575,94.570142,62.9205,33.736003,32.017,44.79,33.4075,27.6265,0.69077965,4.9335468948,38.691,21.562
11,12.75,628.61846,1.84336688424999,13.81475375,333.65,89.6199999999999,94.5306715,60.973155,34.3889175,32.79625,46.9275,34.5175,28.03,0.68936542,5.283849805875,57.9075,29.00875
11,13.25,626.7167625,1.78915826459999,13.48946325,334.125,112.7,94.479143,56.0698074999999,34.74832375,33.28125,48.2375,35.535,28.845,0.6464379975,5.039221431,82.775,35.74
11,13.75,626.2358125,2.319288887875,13.3206835,331.625,102.375,94.44345625,53.1642975,34.92022375,33.72,48.8475,36.7225,29.08,0.6678742325,4.907594912,95.3,36.765
11,14.25,625.92154,2.29400751007499,13.2168215,343.475,107.1,94.41319975,50.8235875,35.23010125,33.76125,49.5275,37.1725,28.8825,0.77227284,5.390655765875,98.8,33.99125
11,14.75,630.1876575,1.3424704276,12.97335925,304.975,67.7875,94.38547025,50.5536799999999,35.740999,34.21375,49.875,38.24,29.12,0.70878046,4.8520164283,96.2375,37.3925
11,15.25,624.31355,1.48839491605,12.5707915,275.925,108.65,94.3771745,48.2862524999999,35.7271875,34.18,50.9275,37.72,29.2325,0.75097118,5.05228771425,78.12875,32.38
11,15.75,624.253725,1.32505816155,12.584345,268.825,68.235,94.35792225,48.4372599999999,35.77123375,34.0725,51.1275,36.335,29.3475,0.76435938,4.858418217125,53.92,32.24625
11,16.25,629.0096375,1.2646978994,12.5530155,234.025,82.875,94.354123,48.1982124999999,35.88390375,34.32375,51.455,35.0975,29.3675,0.7361459375,4.80221037625,42.66625,35.9175
11,16.75,635.348315,1.1660479728,12.4278335,187.375,67.65,94.34839275,46.2746424999999,35.992715,34.36625,51.4375,33.95,29.215,0.75385107,5.0348278825,42.92875,38.9775
11,17.25,637.1463675,0.949419198649998,13.40992375,125.275,37.5325,94.359717,46.7791474999999,35.85196125,34.06375,50.785,33.01,29.09,0.702461735,5.101211079125,43.21375,37.51
11,17.75,633.95898,0.958225516999999,13.999992,61,54.6,94.364245,53.8305,35.559402,33.614,49.58,32.00625,28.961,0.67532363,4.4200212748,33.733,32.758
11,18.25,630.3650625,1.9067319852,14.7095195,28.2599999999999,30.0025,94.36648375,55.5054725,34.890387,32.54,46.5825,30.9465,28.7335,0.65813583,3.7819911598,18.082,24.399
11,18.75,632.757675,1.552496141725,15.21840175,49.0925,14.28,94.38290925,57.2801375,33.583356,31.195,43.185,29.86675,28.31475,0.616709254999999,3.6235929092,5.7965,15.82
11,19.25,633.338625,2.1530542705,15.0413375,24.26,14.47,94.394915,58.127325,32.03876875,29.69625,40.45,28.94,27.855,0.6620988825,4.0441956616,-1.6641,8.431
11,19.75,634.338425,1.824141023,14.715075,32.05,14.585,94.42015,59.2393,31.01288,28.795,37.7,28.13,27.4125,0.5969445925,3.4314895233,-6.5239,4.4145
11,20.25,635.881875,1.83563051225,14.6207225,24.5075,14.27,94.4270225,62.645525,30.57220125,27.92,36.275,27.4575,27.01,0.587079679999999,3.4924478313,-9.727,1.2538
11,20.75,635.80277,1.456941132675,14.506404,26.06,16.0049999999998,94.43330875,67.1239399999999,29.846525,27.54,34.14,27.0115,26.6955,0.48668584,3.51862906235,-10.45625,-0.835075
11,21.25,636.07684,1.905824165225,14.7835805,29.7875,60.3299999999997,94.440821,67.7957649999999,29.515876,26.941,32.84,26.5205,26.4265,0.4743188,3.350808832275,-10.892,-3.040675
11,21.75,638.95136,1.7044056775,14.829127,43,14.605,94.461711,68.80692,28.26359125,25.9605,30.91,26.112,26.206,0.47225602,3.3748033765,-12.2835,-4.7638
11,22.25,641.6405,2.1316377052,15.175875,39.82,10.559,94.467804,69.83443,27.78688475,25.52075,30.63,25.69,25.94,0.58543099,3.67086959565,-13.2985,-5.6266
11,22.75,642.67921,2.4825813991,15.073646,27.965,23.425,94.467151,69.8849,27.7975235,25.156,28.6,25.228,25.662,0.5570835775,3.78236617935,-13.311,-6.6687
11,23.25,643.2167,1.7257502334,14.937246,24.4999999999999,10.317,94.470659,68.87408,27.79526925,25.47425,28.81,24.844,25.382,0.580966165,3.97640593035,-13.2895,-7.8485
11,23.75,644.98416,1.1804808542,15.64246,20.75,11.84625,94.466456,68.20214,27.56493975,25.302,26.92,24.549,25.172,0.6637232525,3.6051185386,-13.655,-8.714
12,0.25,671.9222875,1.939466530625,13.80773375,32.7374999999999,17.8,94.56408875,85.70826125,20.7222065,18.3,19.2625,20.505,20.065,0.659565714999999,3.93750376995,0,0
12,0.75,673.694045,3.6309417715,14.1608745,16.66,28.1824999999999,94.5644525,90.508366,20.52053825,18.46375,19.96,20.44425,20.0665,0.639439925,3.878070758,0,0
12,1.25,670.972,3.44918638560001,14.516184,38.675,19,94.564736,90.50424225,20.63469625,18.0555,19.19,20.873,20.115,0.653342815,3.8806238128,0,0
12,1.75,672.5812075,2.25509977,14.411114,18.4775,17.785,94.53517925,89.61298,20.224695,18.023,17.58,21.132,20.1,0.68136367,3.879223028,0,0
12,2.25,674.3091625,4.070535958,14.5140025,19.6999999999999,14.5975,94.52299125,91.62169,19.4713235,17.552,17.3,21.301,20.099,0.6535159625,3.9176566239,0,0
12,2.75,673.4148075,4.57962976055001,14.74230475,24.805,23.5975,94.52848175,92.119108,19.3950885,17.3555,16.94,19.216,19.63875,0.6078013,3.991069872,0,0
12,3.25,675.74503,2.1877438048,14.338843,24.52,22.2625,94.5287345,91.18265,19.2880895,16.886,16.5,19.25275,19.61875,0.6986169525,4.242646379,0,0
12,3.75,672.462115,2.619400901475,14.9533305,21.13,21.0875,94.501355,92.75733275,18.8151775,16.37925,16.605,19.273,19.59225,0.673981235,4.0683407158,0,0
12,4.25,672.921175,1.941303755125,15.371457,12.8775,12.7675,94.4902375,92.578254,18.6050895,16.35875,16.065,19.216,19.55575,0.6969204575,4.2423333838,0,0
12,4.75,674.248845,2.187352843,15.026143,35.7374999999999,19.545,94.48538525,92.4522035,19.12252125,16.80025,16.745,19.18225,19.51575,0.66381995,4.447056819,0,0
12,5.25,677.4086625,4.477677889,14.870495,18.9,19.3,94.4880875,92.50003075,19.01032,16.86925,16.8,18.96975,19.4285,0.66900305,4.0715283607,0,0
12,5.75,675.69232,2.6389572788,14.50285375,14.52,28.9075,94.502185,91.525485,19.089464,17.165,15.43,18.7135,19.2875,0.615847255,4.0656456196,0,0
12,6.25,674.707585,4.70763538020001,14.7789315,23.1,32.98,94.5198625,93.96997,18.61345425,16.3295,15,18.48425,19.136,0.6404273475,4.274305755075,0,0
12,6.75,678.17268,2.8050588115,14.8233225,18.1675,21.955,94.54981,93.22501225,18.66814875,16.5445,14.945,18.342,19.019,0.56307119,3.88559894625,0,0
12,7.25,679.99022,2.3203092075,14.8398875,15.4475,20.4,94.568042,93.769794,18.72926125,16.3235,16.36,18.27,18.88,0.660438955,3.6407266766,0,0
12,7.75,677.9825,1.8735241126,14.76881625,15.55,18.89,94.574799,90.25658,18.596341,16.308,15.46,17.5175,18.42,0.6200622625,3.872842240125,0,0
12,8.25,680.133475,1.471198535125,14.85232375,18.505,16.8375,94.58730125,93.84028,18.308422,16.297,15.275,17.765,18.485,0.551376505,3.61560550585,0,0
12,8.75,679.88765,2.5748060985,14.568652,31.99,24.095,94.612503,92.9826725,18.67413375,16.25075,15.325,17.49125,18.1175,0.56104282,3.5855609035,0,0
12,9.25,676.44031,2.3359337108,14.368802,52.57,33.5575,94.667577,95.96247175,19.276676,17.71,17.0925,18.793,18.3235,0.58672208,3.444053316,-7.807,-8.4975
12,9.75,678.51481,6.25854172802502,14.7381625,107.85,49.96,94.67633775,93.78700675,20.27029,18.4225,18.56,18.632,18.049,0.5817697675,3.37754318025,-5.40925000000002,-7.26775
12,10.25,669.4548625,4.269538728725,14.7697495,149.5,62.27,94.6995505,87.6324175,22.2754825,19.61125,20.415,19.02875,18.2125,0.59708894,3.614595457525,4.89147499999999,-4.00915
12,10.75,665.83882,2.2508353926,14.821569,189.375,75.2499999999999,94.6996495,88.76742,23.71119175,21.73625,23.905,19.168,18.252,0.607912895,3.895469471075,14.22625,-0.936225000000002
12,11.25,660.91253,5.75130773062499,15.023141,225.4,105.3975,94.6951415,84.038325,25.299354,23.783,27.7325,21.14275,18.50475,0.65320215,4.33719245139999,21.2019999999999,2.52829999999999
12,11.75,661.103625,4.49586580525,14.5189025,265.825,92.2,94.669895,82.41185,26.7182,25.07,30.55,23.0815,19.00625,0.616622925,4.86037217375,29.4825,7.34625
12,12.25,659.19115,2.664452981125,13.7140035,308.475,118,94.64550225,73.19175175,28.330868,26.6345,33.6375,24.87675,19.69675,0.683541117499999,4.998507997,36.0679999999999,13.26
12,12.75,656.977075,2.81171262675,13.69591725,322.5,134.2,94.606835,69.8973700000001,29.67440475,28.182,36.3375,25.374,20.48325,0.783191125,5.196312333625,49.61575,29.337
12,13.25,653.86598,3.46603525399998,13.64260875,329.575,138.1,94.55467875,71.454123,30.3419775,29.05,37.16,25.945,20.87,0.81040713,5.101091054,62.2925,37.1875
12,13.75,652.715875,2.601319798,13.5934295,304.75,119,94.50069625,67.7728,30.951118,29.6075,38.525,27.013,21.569,0.7991623825,5.108926375,76.9399999999999,29.908
12,14.25,652.0632725,3.9975400622,13.04787,319.1,129,94.45795,66.499675,31.29051025,30.0885,39.35,27.42825,21.76075,0.785162775,5.608104850175,93.5824999999999,27.12475
12,14.75,651.0062,1.9556273464,12.5588775,313,134.55,94.413457,62.49515,31.71302,30.43,40.51,28.5625,21.5425,0.81153383,5.46287221125,89.475,26.2375
12,15.25,649.391375,3.4141651465,12.22563725,290.25,104.275,94.3982825,62.203665,31.760506,30.4545,40.6,28.58,21.422,0.765707,5.440803613,77.218,27.066
12,15.75,646.6718,2.6929855693,12.212703,279.925,102.325,94.3657,64.30417,31.78432925,30.399,40.9,28.099,21.417,0.82273319,5.207214337975,52.6735,25.61375
12,16.25,645.788375,1.74166328495,12.99440325,220.325,85.8824999999998,94.36057725,63.132783,31.835145,30.28,41.5,27.6525,21.4575,0.783029095,5.353773647,39.6725,25.22
12,16.75,646.28733,1.85730834325,12.597425,168.8,78.0549999999998,94.366852,65.66957725,31.853782,30.113,41.345,26.784,21.505,0.75805316,4.934735157825,36.20725,23.81725
12,17.25,646.572725,1.9088582985,12.8491905,122.25,78.6999999999997,94.3784,63.612075,31.754832,30.043,40.925,25.8675,21.453,0.702877075,4.7004450076,38.752,23.718
12,17.75,647.5202,1.70818989325,12.922157,63.6675,57.55,94.3820025,67.872165,31.3457725,29.57,40.025,24.9025,21.355,0.6598444,4.69654990285,37.499,21.0315
12,18.25,649.46438,1.71807969455,13.244741,19.66,39.315,94.391742,67.272295,30.31687,28.31825,37.7475,23.6905,21.11975,0.571026855,4.7137072738,22.5359999999999,17.278
12,18.75,650.7603625,1.379123991775,14.2143275,18.64,17.92,94.410497,69.7613475,29.162905,26.50475,34.73,22.353,20.7655,0.569457025,4.15703279925,8.2045,11.6525
12,19.25,655.4438725,1.28116115015,13.7129585,27.925,23.44,94.40885825,70.261405,28.026055,25.771,32.6375,22.03275,20.3565,0.583796795,4.39838713675,-0.71925,6.28425
12,19.75,659.49705,1.6738714739,13.623616,25.6425,30.24,94.4490975,73.03493,26.5428075,24.09,29.3825,21.77,19.9525,0.627086795,4.4137372065,-5.507725,2.99835
12,20.25,656.35506,1.81714082205,13.6588555,30.6625,14.08,94.43041825,74.1891,25.150067,22.74525,26.27,21.777,19.7685,0.526362335,3.98210476255,-6.8105,0.411399999999999
12,20.75,658.4542675,1.635125800625,13.2442565,30.68,24.58,94.45787975,77.08773975,24.711978,21.74625,25.13,21.0275,19.70725,0.51748721,3.53058029909999,-8.358,-1.9046
12,21.25,662.3747625,2.93518280640001,13.29165,27.0599999999999,18.26,94.48103125,75.349302,23.85387,21.577,23.38,20.448,19.671,0.57834112,3.1031387612,-9.003,-2.69347500000001
12,21.75,664.41601,3.04672523814999,13.378649,31.8050000000001,25.1325,94.49571475,77.923525,22.987648,20.7725,22.335,20.06625,19.66625,0.55326098,3.5182800415,-9.2825,-3.990125
12,22.25,664.23078,2.95612934755,13.50401875,32.6574999999999,21.1,94.5031555,79.14362975,22.168075,19.5015,20.8375,19.699,19.672,0.59330342,3.714439315125,-8.10275,-4.007375
12,22.75,666.0477625,1.687565109125,13.56079175,12.4,21.02,94.514255,79.692515,21.9408855,19.164,20.85,19.432,19.654,0.610400522499999,3.7255654772,-7.94239999999999,-4.36299999999999
12,23.25,672.58579,1.25803192255,13.600599,34.325,14.08,94.539405,81.346951,20.98588125,18.6805,19.4725,19.32475,19.66125,0.61559435,3.884471794675,-9.51175000000001,-4.66985000000001
12,23.75,669.5277225,1.446552584675,14.08482375,10.25375,20.7,94.55297725,85.966095,19.986766,17.714,18.325,19.69625,19.5025,0.608474704999999,4.040432827075,0,0
