DOY2,HR2,USTAR_1_2_1,WS_1_2_1,FC_1_2_1,H_1_2_1,LE_1_2_1
1,0.25,0.022825,0.500275,-0.411425,-63.94095,-2.730575
1,0.75,0.04,0.4942,-2.18765,-67.18805,-7.3958
1,1.25,0.0288,0.466,-0.6822,-71.905,-7.1866
1,1.75,0.0252,0.4122,-1.0896,-73.0032,-7.8998
1,2.25,0.02825,0.45725,-0.638,-64.55325,-12.17225
1,2.75,0.031,0.4382,-0.7528,-50.1316,-4.652
1,3.25,0.0338,0.552625,-0.72365,-60.4009,-5.584175
1,3.75,0.051575,0.5455,-0.81515,-67.736775,-11.87485
1,4.25,0.0453,0.5008,-0.8544,-59.6923,-8.73525
1,4.75,0.0287,0.4774,-0.8179,-52.6678,-7.9301
1,5.25,0.053075,0.609725,-1.148025,-50.155075,-6.912475
1,5.75,0.028,0.503875,-0.97975,-58.579375,-11.484625
1,6.25,0.0311,0.6059,-1.6016,-55.7538,-5.0399
1,6.75,0.0386,0.680225,-1.424125,-52.610425,-6.3241
1,7.25,0.0443,0.44985,-1.064925,-51.953375,-9.260925
1,7.75,0.0406,0.3932,-1.625,-53.4344,-5.9215
1,8.25,0.0269,0.293,-2.793,-42.6261,-0.0517
1,8.75,0.051,0.349125,-4.66275,-27.582375,-0.310875
1,9.25,0.0559,0.478,-5.866125,-43.349325,-0.3136
1,9.75,0.111,0.64825,-7.85875,-43.13375,3.213875
1,10.25,0.1725,0.75625,-9.396,-37.00125,8.413
1,10.75,0.2269,0.6575,-10.0308,-8.126625,10.842425
1,11.25,0.2825,0.8355,-12.1942,8.915125,11.52
1,11.75,0.32275,1.00275,-13.1225,11.5184,20.95375
1,12.25,0.254225,0.773375,-13.81025,11.868725,27.22065
1,12.75,0.239225,0.8418,-15.32475,8.2029,25.49165
1,13.25,0.2293,0.8844,-14.2631,4.5149,20.7127
1,13.75,0.2678,0.6784,-15.10775,7.4308,25.3387
1,14.25,0.253,0.6632,-14.199275,8.514,12.9751
1,14.75,0.29675,1.00275,-13.18725,5.87325,28.60125
1,15.25,0.291375,0.94425,-13.6612,-9.577125,30.03985
1,15.75,0.15555,0.7218,-13.50135,-16.8225,17.42595
1,16.25,0.0977,0.46865,-11.93655,-41.07275,10.2954
1,16.75,0.082825,0.597425,-12.37545,-55.21585,7.60885
1,17.25,0.0326,0.4785,-9.29845,-71.107025,-0.10405
1,17.75,0.05365,0.626325,-7.763425,-64.196475,-1.0173
1,18.25,0.0375,0.4508,-5.5311,-80.1857,-1.2288
1,18.75,0.03655,0.565975,-2.294925,-60.4366,-2.57845
1,19.25,0.02775,0.354975,-0.503,-63.860275,-0.563275
1,19.75,0.03965,0.4411,-0.274175,-74.56595,-1.273125
1,20.25,0.025625,0.49645,-0.261675,-62.427125,-3.701825
1,20.75,0.033,0.4443,-0.59755,-71.239675,-5.854075
1,21.25,0.0351,0.5718,-0.51225,-66.194125,-3.25715
1,21.75,0.032,0.3824,-0.2207,-63.99,-2.6516
1,22.25,0.0479,0.5189,-0.2758,-55.3644,-4.7234
1,22.75,0.0662,0.4854,-0.1869,-70.1741,-2.2881
1,23.25,0.04055,0.630625,-0.399925,-63.62575,-5.693925
1,23.75,0.0312,0.5028,-0.6735,-70.1622,-6.2532
2,0.25,0.054,0.4315,-0.865375,-67.364625,-12.76875
2,0.75,0.039975,0.445675,-0.175225,-69.713225,-18.025825
2,1.25,0.0368,0.5224,-0.63915,-72.0058,-18.2684
2,1.75,0.0506,0.458,-0.2436,-74.318,-12.022
2,2.25,0.05775,0.5346,-0.7955,-88.05005,-8.90645
2,2.75,0.0196,0.5002,-0.5844,-74.7056,-8.414
2,3.25,0.042,0.5308,-0.339875,-56.0888,-9.526
2,3.75,0.047725,0.43845,-0.305925,-64.561075,-12.9175
2,4.25,0.038,0.397,-0.347,-67.5887,-8.21215
2,4.75,0.032625,0.485375,-0.417025,-60.627275,-11.886275
2,5.25,0.0396,0.4763,-0.561675,-62.361125,-12.724675
2,5.75,0.04065,0.478025,-1.088725,-66.810675,-10.349125
2,6.25,0.0656,0.5042,-1.0082,-71.342,-16.5802
2,6.75,0.04,0.43825,-0.884125,-69.39785,-9.55675
2,7.25,0.027825,0.586525,-1.4222,-63.64325,-7.819375
2,7.75,0.0509,0.48405,-3.3629,-35.294,-4.574
2,8.25,0.07055,0.397875,-6.6366,-50.319025,-3.091
2,8.75,0.06475,0.5785,-10.54425,-20.9755,-2.70625
2,9.25,0.074075,0.684725,-11.8722,-12.752875,-2.63375
2,9.75,0.10075,0.6065,-15.0895,-4.4865,0.473
2,10.25,0.16875,0.63475,-15.633175,-2.535,3.39225
2,10.75,0.2914,0.7046,-15.3382,10.4642,13.326475
2,11.25,0.265275,0.736,-16.465225,4.98365000000001,16.156325
2,11.75,0.18445,0.68175,-16.7382,43.7201,32.40935
2,12.25,0.204625,0.623875,-17.197375,55.191125,39.40475
2,12.75,0.193125,0.896375,-17.317625,36.267625,46.285
2,13.25,0.2582,0.7032,-16.935,38.9632,54.4368
2,13.75,0.224825,0.79725,-16.006925,9.387225,44.6031
2,14.25,0.2102,0.804175,-16.62215,13.1487,57.0828
2,14.75,0.24495,0.77615,-16.08315,-8.92579999999999,53.82505
2,15.25,0.2145,0.77475,-14.363125,-8.36675,40.77125
2,15.75,0.17925,0.61005,-13.8919,-8.90585,16.1029
2,16.25,0.151775,0.52925,-11.9338,-9.703925,28.3004
2,16.75,0.092175,0.544075,-9.750125,-24.52325,21.49855
2,17.25,0.12565,0.69485,-8.10435,-51.8269,15.05215
2,17.75,0.0912,0.777625,-6.770575,-65.07215,5.9533
2,18.25,0.0466,0.7079,-4.42275,-67.31195,-1.7843
2,18.75,0.0389,0.53805,-2.09325,-65.08725,-5.0275
2,19.25,0.0349,0.6256,-0.69995,-67.6094,-12.2239
2,19.75,0.03585,0.396,-0.153175,-70.055275,-13.91095
2,20.25,0.028475,0.38135,-0.28545,-66.45745,-23.240425
2,20.75,0.025475,0.3268,-0.40005,-75.292425,-9.353
2,21.25,0.027,0.38595,-0.68725,-78.019575,-12.6182
2,21.75,0.02575,0.5207,-0.4473,-67.97395,-9.30675
2,22.25,0.020975,0.498125,-0.23615,-59.553375,-19.84715
2,22.75,0.03985,0.5098,-0.4556,-63.48125,-22.2971
2,23.25,0.02275,0.5135,-0.33825,-66.176625,-11.350125
2,23.75,0.031375,0.571125,-0.149625,-67.186375,-9.897125
3,0.25,0.03355,0.57155,-1.194,-77.15365,-8.725
3,0.75,0.037,0.457,-0.388,-84.505,-8.45865
3,1.25,0.053,0.524,-0.188175,-74.283,-8.5548
3,1.75,0.05795,0.466275,-0.1305,-71.49325,-10.7817
3,2.25,0.0407,0.47295,-0.071,-78.13855,-6.024875
3,2.75,0.04355,0.47485,-1.1458,-63.53015,-7.00335
3,3.25,0.0455,0.47675,-0.6244,-63.977125,-8.3738
3,3.75,0.0348,0.5699,-0.4546,-66.2184,-8.08665
3,4.25,0.047875,0.574625,-0.596925,-71.92475,-11.905925
3,4.75,0.0426,0.5484,-1.801775,-63.1074,-5.407025
3,5.25,0.039,0.42775,-0.264675,-67.699,-5.78415
3,5.75,0.0329,0.5148,-0.580125,-70.5649,-6.168425
3,6.25,0.0431,0.598,-0.634875,-95.96,-5.728375
3,6.75,0.04175,0.502725,-1.215875,-76.415425,-10.274375
3,7.25,0.0506,0.569675,-4.507175,-43.414025,-3.452325
3,7.75,0.084675,0.448425,-7.9306,-18.663825,-3.839
3,8.25,0.1343,0.4897,-10.5803,-0.8369,-1.3235
3,8.75,0.16385,0.506725,-13.302275,8.82655,9.63815
3,9.25,0.2552,0.70185,-17.88635,2.05395,22.872
3,9.75,0.210875,0.871375,-16.1405,15.925125,30.524375
3,10.25,0.216675,0.768425,-17.0929,0.306575000000001,45.8914
3,10.75,0.1636,0.84905,-19.00875,31.9589,43.77135
3,11.25,0.31,0.972,-19.782975,42.998,33.838425
3,11.75,0.27375,0.99075,-17.263825,15.7575,46.80525
3,12.25,0.20535,0.95535,-19.2904,6.3336,46.538
3,12.75,0.2853,1.0971,-17.6349,20.3979,48.35875
3,13.25,0.241825,1.0346,-18.5304,8.03415,44.6303
3,13.75,0.1938,1.0153,-16.77675,-2.62765,66.4388
3,14.25,0.308275,1.004725,-15.221625,3.17795,65.031
3,14.75,0.299,0.774,-14.644,-2.826,52.5
3,15.25,0.233875,0.96565,-14.040325,12.1259,59.77045
3,15.75,0.2441,0.90055,-14.3393,-14.544,38.00655
3,16.25,0.2643,0.8175,-10.97945,-21.6635,41.2074
3,16.75,0.1666,0.7435,-10.278375,-29.0265,35.915175
3,17.25,0.1936,0.8327,-7.8103,-45.7362,26.60665
3,17.75,0.1077,0.7161,-4.79335,-55.6729,14.2088
3,18.25,0.060075,0.471925,-1.69725,-67.28115,1.28885
3,18.75,0.029825,0.497225,-0.336,-82.540575,-1.7631
3,19.25,0.0411,0.492475,-0.049775,-80.789925,-1.6939
3,19.75,0.0645,0.5586,-0.04405,-63.81205,-5.337425
3,20.25,0.04915,0.634,-0.545,-90.0639,-3.781
3,20.75,0.046,0.578,-0.814,-79.63775,-5.209
3,21.25,0.034075,0.558,-0.470575,-80.365225,-6.10565
3,21.75,0.0312,0.44345,-0.53,-74.426575,-6.308
3,22.25,0.03115,0.5087,-0.1325,-79.84375,-10.63045
3,22.75,0.028925,0.553925,-2.2589,-79.3479,-7.8377
3,23.25,0.035025,0.632925,-0.550225,-78.77845,-15.5127
3,23.75,0.04685,0.6916,-0.262575,-75.27535,-9.6911
4,0.25,0.090175,0.7712,-0.424825,-69.594375,-8.9719
4,0.75,0.0597,0.60205,-0.55195,-62.1585,-10.24025
4,1.25,0.050425,0.54815,-0.0104,-57.904775,-9.3618
4,1.75,0.041625,0.467025,-0.929075,-60.775775,-10.57815
4,2.25,0.04275,0.491875,-0.189,-52.46325,-18.2091
4,2.75,0.03275,0.5385,-1.0032,-47.65335,-18.22875
4,3.25,0.0357,0.446525,-0.7239,-55.5079,-14.343425
4,3.75,0.027625,0.359875,-1.795125,-59.467375,-23.140375
4,4.25,0.0241,0.4295,-1.5923,-50.6707,-14.77845
4,4.75,0.0259,0.4099,-0.4747,-44.0862,-13.5389
4,5.25,0.0308,0.4902,-0.7964,-51.5108,-20.9292
4,5.75,0.0366,0.5054,-0.867,-54.9936,-11.676
4,6.25,0.054,0.5,-1.118375,-55.632,-14.887625
4,6.75,0.0387,0.2485,-4.089325,-51.663,-15.4098
4,7.25,0.065725,0.36995,-6.9368,-43.861075,-4.9595
4,7.75,0.104,0.4504,-9.91865,-22.9562,-6.178125
4,8.25,0.1506,0.5742,-11.9216,-6.3044,6.6512
4,8.75,0.2151,0.638,-14.3314,10.1919,27.2397
4,9.25,0.2249,0.6411,-15.8063,13.30485,39.81315
4,9.75,0.275825,0.781275,-16.319,33.230625,53.3808
4,10.25,0.289675,0.9261,-17.4958,26.328075,80.000475
4,10.75,0.290775,0.875875,-17.113325,31.362225,80.62785
4,11.25,0.306075,0.86065,-17.14455,42.188175,98.846
4,11.75,0.2962,0.94415,-17.75865,19.57625,102.03265
4,12.25,0.2848,1.0298,-16.7218,-1.4069,88.0576
4,12.75,0.3541,1.2551,-16.0665,16.5562,97.122
4,13.25,0.328675,1.1046,-15.570025,28.2072,88.594575
4,13.75,0.3345,1.24075,-14.64695,6.01055,67.31835
4,14.25,0.320125,1.205,-14.65125,22.4185,93.39075
4,14.75,0.365375,1.15625,-13.489,16.781375,83.401
4,15.25,0.27485,1.0012,-12.5245,10.7106,75.07075
4,15.75,0.2955,1.070125,-12.947375,10.5935,94.131
4,16.25,0.34145,1.0437,-12.1087,0.526075,75.126025
4,16.75,0.30325,1.0082,-9.6415,-12.292,40.86995
4,17.25,0.252575,0.865525,-8.64345,-30.55345,49.6049
4,17.75,0.2085,0.6788,-7.16515,-40.32725,20.6416
4,18.25,0.098,0.619,-4.959,-53.485,17.873
4,18.75,0.039,0.585,-2.389,-64.039,-6.068
4,19.25,0.0352,0.55715,-0.203075,-55.634725,-19.856525
4,19.75,0.0491,0.69255,-0.21455,-59.8743,-26.87705
4,20.25,0.0644,0.72735,-0.58875,-60.56765,-9.75145
4,20.75,0.0415,0.65985,-0.38395,-65.52145,-15.5199
4,21.25,0.033175,0.53765,-0.122075,-72.81195,-17.52655
4,21.75,0.0472,0.54805,-1.0181,-61.1211,-14.38785
4,22.25,0.06165,0.7701,-0.9144,-79.97305,-11.54395
4,22.75,0.045025,0.586925,0.045675,-62.611175,-8.85925
4,23.25,0.066025,0.6385,-0.055825,-71.5731,-9.0044
4,23.75,0.047,0.755,-0.597,-70.158,-9.396
5,0.25,0.028825,0.5574,-0.057225,-57.33145,-10.9547
5,0.75,0.048825,0.534,0.100775,-52.2848,-11.216225
5,1.25,0.060125,0.609875,-0.0889,-49.67205,-10.985875
5,1.75,0.04165,0.678725,-0.1214,-70.194625,-11.238225
5,2.25,0.05065,0.560825,0.17345,-50.00225,-10.962875
5,2.75,0.037,0.47755,-0.11585,-45.32965,-14.4418
5,3.25,0.033125,0.3749,-2.477975,-46.368775,-10.932675
5,3.75,0.033475,0.46255,-0.158675,-58.675625,-10.6645
5,4.25,0.0331,0.4341,-0.01045,-50.7359,-16.681525
5,4.75,0.0308,0.309,-0.6194,-44.106,-11.2062
5,5.25,0.024325,0.2916,-0.1499,-43.2595,-14.175675
5,5.75,0.0287,0.3551,-0.5035,-50.7689,-12.6549
5,6.25,0.0406,0.3646,-1.8704,-41.2392,-10.8634
5,6.75,0.0974,0.4332,-7.4758,-18.675,-10.4978
5,7.25,0.13675,0.49975,-7.4845,0.877,5.893
5,7.75,0.1478,0.507475,-10.076925,0.296675000000001,17.95945
5,8.25,0.257,0.7334,-13.81635,13.67805,25.77535
5,8.75,0.197375,0.785625,-16.825125,25.054625,41.427125
5,9.25,0.245525,0.861725,-16.775825,36.928875,65.248725
5,9.75,0.1733,0.7756,-18.4184,29.4046,74.2485
5,10.25,0.2554,0.8107,-18.8577,31.6373,80.0196
5,10.75,0.2054,0.74,-18.6311,59.2567,74.777825
5,11.25,0.2732,1.0768,-20.7354,26.832,81.0638
5,11.75,0.342375,1.0825,-19.097375,37.41325,75.940125
5,12.25,0.3073,1.01625,-17.32525,64.1637,60.164
5,12.75,0.294575,1.229525,-15.133175,47.963825,47.4951
5,13.25,0.22525,1.0055,-16.7875,49.4045,90.56325
5,13.75,0.32285,1.1257,-15.55155,36.947925,79.616725
5,14.25,0.2785,0.988525,-15.2083,41.83925,80.530925
5,14.75,0.25355,1.00275,-14.800475,30.93985,92.261225
5,15.25,0.25925,0.968975,-13.9319,-2.58665,54.535825
5,15.75,0.212125,0.967625,-13.02925,9.27225,62.346125
5,16.25,0.1886,0.9145,-11.10515,-13.09775,31.6875
5,16.75,0.2309,0.81485,-9.546225,-7.98095,54.2648
5,17.25,0.2266,0.635,-7.5998,-18.7536,23.996
5,17.75,0.18075,0.559825,-6.033975,-33.96115,13.648725
5,18.25,0.08835,0.500525,-3.22275,-35.407875,-11.0471
5,18.75,0.036825,0.568225,-1.14985,-42.692725,-12.03285
5,19.25,0.0328,0.5715,0.00825,-53.725,-7.66365
5,19.75,0.0394,0.49635,-0.07695,-53.0855,-24.31495
5,20.25,0.031875,0.626,-0.467625,-54.27275,-21.662125
5,20.75,0.03475,0.440625,-0.185,-49.015,-14.17125
5,21.25,0.04325,0.50125,-0.318375,-47.161875,-9.651875
5,21.75,0.051375,0.441375,-1.31975,-66.311375,-11.293
5,22.25,0.050125,0.534625,-0.9345,-60.78425,-11.531375
5,22.75,0.03255,0.4786,-2.417875,-59.526925,-11.43745
5,23.25,0.041,0.424075,-1.258525,-47.226725,-10.248775
5,23.75,0.0304,0.5612,-0.1096,-49.831,-11.4182
6,0.25,0.0248,0.3842,-0.1022,-35.1908,-16.2438
6,0.75,0.043175,0.51755,-0.75835,-32.447075,-16.83255
6,1.25,0.0258,0.5024,-1.2438,-35.3422,-20.2484
6,1.75,0.0336,0.5436,-0.6532,-35.4574,-13.7384
6,2.25,0.04105,0.57965,0.1801,-36.63075,-9.227
6,2.75,0.03365,0.493275,-2.63435,-28.9057,-8.780725
6,3.25,0.0258,0.4002,0.27445,-47.545,-11.607
6,3.75,0.0274,0.4096,0.2082,-50.053,-11.8844
6,4.25,0.031375,0.4373,-0.705175,-52.943475,-12.929125
6,4.75,0.0262,0.2994,-0.293,-48.218,-13.7318
6,5.25,0.03025,0.3955,-0.05675,-45.639,-16.02825
6,5.75,0.0503,0.407625,0.204825,-39.352525,-12.575125
6,6.25,0.0524,0.4249,-2.4419,-17.264,-5.0898
6,6.75,0.0792,0.3961,-5.1808,-4.3226,-0.2508
6,7.25,0.14465,0.4281,-7.85435,3.59035,6.4689
6,7.75,0.1879,0.5485,-12.7879,11.9271,21.3778
6,8.25,0.14065,0.54305,-13.061625,15.95945,36.0399
6,8.75,0.28235,0.684475,-15.703925,32.50575,90.312175
6,9.25,0.32895,0.99115,-16.97355,52.4767,94.97325
6,9.75,0.28585,0.8582,-16.03565,55.6987,109.69905
6,10.25,0.2037,0.92585,-16.5954,69.3941,101.38445
6,10.75,0.3196,0.8049,-16.2981,63.96225,153.69265
6,11.25,0.3181,1.0588,-15.837625,44.0764,137.038875
6,11.75,0.294275,1.125275,-14.531125,71.83065,138.54455
6,12.25,0.3625,1.182675,-14.831525,48.7903,152.004925
6,12.75,0.325725,1.17105,-14.892325,36.642225,137.727975
6,13.25,0.298525,1.24715,-12.00815,59.70845,128.256525
6,13.75,0.36435,1.265975,-14.269475,23.97705,117.155
6,14.25,0.236625,0.85075,-11.2445,-9.31475,81.53825
6,14.75,0.20915,0.648,-11.2421,16.6738,135.09775
6,15.25,0.30975,0.96095,-9.8522,21.88375,83.0386
6,15.75,0.34795,0.93865,-8.75295,14.1795,81.35555
6,16.25,0.310625,0.73575,-9.503,3.138375,76.223875
6,16.75,0.15525,0.51965,-8.1982,-1.94355,67.4796
6,17.25,0.153,0.55385,-7.1482,-20.56025,41.17275
6,17.75,0.1134,0.30285,-5.08585,-31.265,44.6644
6,18.25,0.0887,0.5404,-3.52075,-32.7513,11.35065
6,18.75,0.054075,0.5568,-1.283025,-36.762975,1.507375
6,19.25,0.04385,0.3967,-0.26195,-38.1128,-9.50909999999999
6,19.75,0.0408,0.3925,-0.0708499999999998,-40.573525,-23.79405
6,20.25,0.0249,0.524875,-2.67135,-48.4968,-24.8663
6,20.75,0.03225,0.48675,-0.18855,-36.09375,-14.9605
6,21.25,0.03125,0.31075,-0.14575,-52.309,-3.16225
6,21.75,0.038775,0.31795,0.08935,-38.874925,-13.554
6,22.25,0.04175,0.51775,-13.71725,-54.762,-20.21275
6,22.75,0.03175,0.523,-0.0995,-38.7515,-8.3255
6,23.25,0.051,0.4177,0.0761000000000001,-42.2837,-12.9678
6,23.75,0.0527,0.4194,-0.00209999999999997,-34.7349,-29.2475
7,0.25,0.039075,0.393675,-0.427,-26.850975,-5.074525
7,0.75,0.029175,0.461075,-0.12835,-26.4999,-14.081075
7,1.25,0.032725,0.3916,-0.10195,-28.857275,-9.43565
7,1.75,0.019875,0.3785,-0.022025,-24.639025,-8.8591
7,2.25,0.03325,0.50225,-0.34,-24.80925,-8.637
7,2.75,0.0295,0.334,-0.0535,-27.19075,-7.643
7,3.25,0.035175,0.426775,-0.0514,-27.88555,-13.220475
7,3.75,0.0226,0.4072,-0.618,-32.9276,-16.5118
7,4.25,0.014,0.4488,-1.119,-38.0186,-8.1836
7,4.75,0.033,0.3664,-0.7426,-37.338,-9.1624
7,5.25,0.027,0.325,-0.4822,-36.2396,-9.772
7,5.75,0.02985,0.366575,-0.357375,-33.032475,-8.9415
7,6.25,0.060225,0.383775,-0.540525,-21.96765,-3.5613
7,6.75,0.0768,0.413,-3.8754,-9.0778,6.3844
7,7.25,0.121,0.4052,-5.0132,5.7252,20.3676
7,7.75,0.1488,0.5462,-10.1884,17.9722,-6.7786
7,8.25,0.206975,0.666625,-11.413775,34.22715,39.4164
7,8.75,0.2146,0.8196,-13.7316,39.25,50.96
7,9.25,0.200025,0.660775,-15.412225,43.318775,49.65775
7,9.75,0.1812,0.707,-16.1836,57.6446,77.961
7,10.25,0.2854,0.9864,-17.6992,59.9056,102.559
7,10.75,0.3046,1.0918,-17.299,73.6188,118.754
7,11.25,0.322325,0.99145,-18.629625,76.656925,122.57265
7,11.75,0.22255,0.835125,-17.9961,58.974,128.536
7,12.25,0.2825,1.104975,-16.650025,55.15415,120.19765
7,12.75,0.278375,1.1317,-15.126875,-13.9819,109.39075
7,13.25,0.314475,1.166125,-14.43525,30.985225,88.77035
7,13.75,0.4596,1.3806,-12.9598,46.39,100.9882
7,14.25,0.3218,1.0512,-14.0074,19.3294,121.242
7,14.75,0.2861,1.0381,-13.46805,7.24005,73.662625
7,15.25,0.14735,0.539,-12.625625,-21.506875,58.1195
7,15.75,0.1862,0.8374,-11.7394,-15.5834,46.6844
7,16.25,0.171525,0.805125,-10.10885,-12.258925,35.595325
7,16.75,0.1902,0.6592,-10.8534,-30.2058,33.587
7,17.25,0.091,0.4624,-6.0106,-18.625,28.4352
7,17.75,0.1094,0.3968,-5.2392,-30.3086,46.806
7,18.25,0.1684,0.7404,-2.8828,-37.1848,9.9008
7,18.75,0.08365,0.643725,-1.55925,-46.929475,-5.656025
7,19.25,0.110575,0.698975,0.099875,-47.316375,-22.5373
7,19.75,0.09475,0.729,0.48575,-45.87825,-42.099
7,20.25,0.0515,0.68375,0.23375,-43.87575,-20.977
7,20.75,0.10145,0.736975,0.5471,-43.8618,-6.4029
7,21.25,0.058075,0.529,0.277075,-34.4899,-3.14315
7,21.75,0.07975,0.59525,-0.33775,-33.1635,-5.06175
7,22.25,0.05,0.73775,0.12775,-34.16925,-7.57925
7,22.75,0.076975,0.556675,-0.02545,-39.52675,-3.6823
7,23.25,0.05225,0.542,-0.60525,-35.737,-3.6625
7,23.75,0.060975,0.52005,-0.229325,-36.197425,-8.645025
8,0.25,0.022225,0.304675,-0.26345,-47.91185,-10.2982
8,0.75,0.032,0.33975,-0.62505,-34.3325,-8.79625
8,1.25,0.03055,0.38995,-0.790075,-39.212825,-12.12255
8,1.75,0.0284,0.3091,-1.0783,-41.5129,-10.9921
8,2.25,0.027,0.3258,-1.0117,-44.0935,-11.6202
8,2.75,0.032925,0.315525,-2.365775,-52.949725,-14.92875
8,3.25,0.02875,0.3522,0.06865,-42.8477,-19.6425
8,3.75,0.02325,0.3855,-0.13875,-43.752625,-16.157125
8,4.25,0.0253,0.330875,-1.5943,-47.496975,-12.693275
8,4.75,0.0313,0.3941,-0.63415,-62.9008,-21.1294
8,5.25,0.021925,0.355,-0.77225,-46.511375,-11.39585
8,5.75,0.030325,0.323,-0.6011,-33.247425,-13.8636
8,6.25,0.02815,0.31445,-0.9351,-53.0741,-13.85735
8,6.75,0.051,0.31125,-2.05135,-32.09625,-6.185
8,7.25,0.06225,0.34625,-6.467025,-13.01825,-2.4485
8,7.75,0.10155,0.3889,-9.228275,0.178775000000001,5.5915
8,8.25,0.137325,0.386875,-11.551,3.09625,14.60745
8,8.75,0.1521,0.498125,-14.335475,8.72405,30.700475
8,9.25,0.1092,0.556,-14.4502,14.3374,31.5054
8,9.75,0.169375,0.4873,-16.8756,17.479325,38.0364
8,10.25,0.175,0.494125,-17.49875,40.793125,57.5385
8,10.75,0.193225,0.937475,-16.650025,33.455675,65.24185
8,11.25,0.18495,0.8163,-16.1141,23.9811,114.0988
8,11.75,0.2547,0.7945,-18.0027,66.5255,48.7499
8,12.25,0.2016,0.6659,-14.58735,63.251,51.56345
8,12.75,0.199,0.830375,-17.525225,64.453025,68.129575
8,13.25,0.1928,0.904,-14.2821,50.3389,73.3707
8,13.75,0.1654,0.6778,-15.6718,15.1332,54.1904
8,14.25,0.2212,0.7686,-14.9048,10.6844,66.262
8,14.75,0.1698,0.8956,-13.8216,13.7486,54.978
8,15.25,0.2569,0.9124,-13.0828,13.5539,61.8058
8,15.75,0.288125,0.91375,-13.156375,19.4345,91.887
8,16.25,0.303,1.050925,-11.329125,4.2926,57.475375
8,16.75,0.21125,0.7202,-10.201275,-12.624625,24.085
8,17.25,0.17685,0.694325,-10.5428,-24.35,12.546675
8,17.75,0.0818,0.54825,-5.76215,-21.77345,0.627150000000013
8,18.25,0.1199,0.587,-2.86655,-38.4346,10.663525
8,18.75,0.0632,0.5493,-1.2657,-34.7941,-1.085
8,19.25,0.0522,0.5633,-0.1775,-31.2422,-5.1698
8,19.75,0.052,0.389125,-0.058,-39.541625,-14.448375
8,20.25,0.031,0.40475,-0.10725,-27.137625,-23.6915
8,20.75,0.0363,0.47705,-0.95495,-34.2164,-8.08595
8,21.25,0.026175,0.3878,0.0415999999999999,-46.776725,-31.129025
8,21.75,0.0522,0.4952,-1.4132,-37.4436,-9.6876
8,22.25,0.0468,0.4015,-0.0205,-35.000075,-11.919775
8,22.75,0.052175,0.44545,0.0517999999999999,-34.193375,-9.4262
8,23.25,0.05535,0.379025,0.138125,-39.48385,-10.664225
8,23.75,0.0374,0.3838,-0.3718,-45.0048,-9.7068
9,0.25,0.037275,0.4293,-0.3756,-43.2536,-11.535725
9,0.75,0.028325,0.37265,-1.050875,-34.81365,-7.605775
9,1.25,0.02765,0.391325,-0.8805,-42.321425,-11.313375
9,1.75,0.033375,0.412925,-0.214075,-43.184125,-11.095875
9,2.25,0.03925,0.40275,-1.22125,-50.6985,-11.307
9,2.75,0.02535,0.342225,-0.125575,-42.575825,-14.0634
9,3.25,0.024275,0.29565,-0.18775,-42.53365,-17.2476
9,3.75,0.0444,0.4312,-3.7122,-42.4714,-9.9918
9,4.25,0.036575,0.503675,-0.789825,-45.96375,-12.297475
9,4.75,0.0153,0.4406,-2.1291,-40.3196,-15.4159
9,5.25,0.030225,0.33125,-0.3789,-45.81045,-7.367225
9,5.75,0.01845,0.3712,-2.665975,-48.0769,-11.38855
9,6.25,0.024,0.34,-1.136,-52.405,-13.256
9,6.75,0.0335,0.3388,-2.98545,-36.89315,-9.35665
9,7.25,0.042675,0.28555,-4.468775,-14.4591,-10.459275
9,7.75,0.06845,0.36715,-7.013325,-2.399025,-8.7537
9,8.25,0.156,0.4098,-12.5918,16.9648,11.6272
9,8.75,0.14575,0.47425,-13.8885,29.99375,18.26675
9,9.25,0.1228,0.6374,-16.7842,26.648,22.9176
9,9.75,0.14425,0.61045,-16.17985,20.7976,29.52175
9,10.25,0.16555,0.85055,-18.133,22.3757,34.17865
9,10.75,0.246,0.834375,-18.695,58.88925,52.372
9,11.25,0.17695,0.81875,-18.28685,47.67965,35.2812
9,11.75,0.23915,0.774225,-18.005425,35.448075,46.609375
9,12.25,0.280225,0.899275,-19.7552,43.715075,45.680225
9,12.75,0.2599,0.827275,-20.408425,33.99885,42.928825
9,13.25,0.220225,0.6748,-15.6859,44.890525,53.7481
9,13.75,0.244875,0.91155,-16.628275,34.691925,52.020925
9,14.25,0.208,0.80025,-18.01125,24.649,46.2765
9,14.75,0.2282,0.7524,-17.2296,-2.9834,34.1952
9,15.25,0.24435,0.9906,-14.33595,0.699675000000001,34.893025
9,15.75,0.206625,0.797125,-13.181625,-10.20925,15.16825
9,16.25,0.228575,0.87555,-9.990725,-10.32905,-63.956975
9,16.75,0.1924,0.6928,-9.1382,-16.66745,14.1065
9,17.25,0.153,0.4755,-6.687,-25.4615,8.3335
9,17.75,0.0833,0.535475,-4.085025,-39.345125,3.8877
9,18.25,0.084,0.58775,-1.434225,-34.5656,-9.27195
9,18.75,0.060825,0.53875,0.0919250000000001,-43.038375,-40.9715
9,19.25,0.07075,0.5363,0.29375,-43.81125,-21.008375
9,19.75,0.05825,0.44775,-0.00375,-37.3635,-12.86475
9,20.25,0.03875,0.56625,-0.74825,-38.72725,-8.521
9,20.75,0.0529,0.4684,0.2353,-38.8981,-10.6385
9,21.25,0.061625,0.504775,-0.034825,-36.160675,-12.616275
9,21.75,0.035925,0.368625,-0.329675,-33.512625,-6.660875
9,22.25,0.034975,0.426825,-0.746025,-33.6389,-15.544575
9,22.75,0.0276,0.3269,-0.444825,-32.60035,-9.628025
9,23.25,0.038625,0.356525,-0.076675,-34.875325,-6.673375
9,23.75,0.0464,0.51605,0.0869,-37.9735,-10.6716
10,0.25,0.022575,0.4803,-0.518125,-53.671525,-7.795725
10,0.75,0.0276,0.3733,-2.0985,-52.1675,-8.9786
10,1.25,0.024825,0.3787,-1.325275,-62.33955,-13.9922
10,1.75,0.024925,0.379825,-1.89645,-53.0929,-12.59615
10,2.25,0.0254,0.3456,-2.2216,-55.1542,-8.7548
10,2.75,0.03825,0.43025,-0.408375,-49.145,-9.35975
10,3.25,0.035175,0.4406,-0.58815,-51.1641,-10.95375
10,3.75,0.026125,0.471375,-2.40725,-59.0815,-10.622125
10,4.25,0.0252,0.433,-0.4334,-55.0567,-10.3699
10,4.75,0.0212,0.2845,-0.2539,-53.7829,-19.5603
10,5.25,0.02675,0.466125,-1.224625,-53.5395,-14.2205
10,5.75,0.033,0.42045,-0.28435,-63.138675,-17.9266
10,6.25,0.028825,0.375025,-0.0350749999999999,-66.788,-11.412175
10,6.75,0.0362,0.4262,-0.76755,-48.2307,-5.3832
10,7.25,0.048125,0.338125,-2.843625,-32.808125,-8.538
10,7.75,0.064,0.341,-6.69225,-12.4895,-2.27625
10,8.25,0.1152,0.4099,-10.5967,-2.6269,1.9
10,8.75,0.1611,0.44815,-11.003225,8.411925,14.844075
10,9.25,0.1764,0.5398,-16.4843,20.7127,24.6082
10,9.75,0.1855,0.53125,-15.56525,22.9345,20.336
10,10.25,0.2082,0.58565,-16.544675,33.0289,43.69455
10,10.75,0.20805,0.66345,-17.98825,42.68755,73.51465
10,11.25,0.188375,0.7465,-16.7035,43.886125,69.66875
10,11.75,0.255,0.80325,-17.715125,40.127375,88.71075
10,12.25,0.21885,0.689725,-15.9527,31.25285,53.23175
10,12.75,0.218,0.77,-16.1352,28.0134,66.5552
10,13.25,0.2571,0.95205,-16.02005,34.5835,75.5682
10,13.75,0.255625,0.892875,-15.76575,11.937875,57.923625
10,14.25,0.26085,0.8158,-14.0657,22.29795,70.82505
10,14.75,0.2742,0.8728,-13.043,2.0348,43.8406
10,15.25,0.23175,0.756375,-12.28375,-6.8605,45.227125
10,15.75,0.1792,0.6248,-9.7962,-4.062,48.5292
10,16.25,0.141,0.6512,-8.0298,-19.3288,36.5244
10,16.75,0.1264,0.5668,-7.2654,-36.8792,13.4052
10,17.25,0.046375,0.437875,-3.621,-52.103625,1.770875
10,17.75,0.039875,0.430375,-0.81325,-55.72975,-0.758625
10,18.25,0.033375,0.56375,-0.243,-57.975875,-2.953875
10,18.75,0.02245,0.51525,-0.41745,-62.0999,-3.5723
10,19.25,0.0387,0.50635,-1.10915,-54.45125,-15.1126
10,19.75,0.03075,0.448,-0.4256,-57.4283,-16.78995
10,20.25,0.0253,0.3764,-1.0078,-51.4419,-5.0964
10,20.75,0.0263,0.3954,-0.4055,-51.5138,-7.1367
10,21.25,0.031325,0.409825,-1.0079,-53.82485,-8.092725
10,21.75,0.024325,0.395725,-3.71395,-52.4824,-8.372125
10,22.25,0.0213,0.3835,-1.1697,-49.2061,-11.0074
10,22.75,0.022975,0.2581,-0.912625,-57.567275,-6.956025
10,23.25,0.020375,0.445175,-0.41105,-55.607125,-7.479225
10,23.75,0.026225,0.451825,-1.3269,-49.793975,-6.779525
11,0.25,0.034125,0.383525,-2.047025,-61.8789,-8.223175
11,0.75,0.0217,0.481175,-0.847275,-63.466075,-10.066
11,1.25,0.021125,0.365,-0.271375,-51.70175,-8.306375
11,1.75,0.0324,0.4854,-1.0612,-60.6322,-10.9392
11,2.25,0.024125,0.331575,-0.675125,-54.436675,-12.2239
11,2.75,0.03405,0.44485,-4.9183,-73.2941,-14.0747
11,3.25,0.021625,0.468925,-1.743325,-73.216175,-10.63035
11,3.75,0.01405,0.2922,-3.2363,-59.72845,-7.7907
11,4.25,0.02575,0.28905,-2.92945,-60.77785,-10.0812
11,4.75,0.0182,0.3514,-1.2973,-60.0274,-7.4874
11,5.25,0.02025,0.43975,-0.5695,-54.53875,-11.8705
11,5.75,0.025,0.38625,-0.74275,-60.28625,-22.95325
11,6.25,0.0318,0.318175,-0.6798,-56.6344,-23.50215
11,6.75,0.012475,0.369,-1.192275,-53.16475,-8.298575
11,7.25,0.02265,0.334125,-1.185425,-42.198075,-9.7552
11,7.75,0.0346,0.260425,-3.85895,-22.93995,-6.25765
11,8.25,0.103925,0.50755,-6.2542,-25.2414,-1.75605
11,8.75,0.145,0.4444,-9.1172,-0.747399999999999,1.88
11,9.25,0.151075,0.494625,-12.92195,5.140675,1.95065
11,9.75,0.151,0.5352,-14.9434,13.3952,15.9558
11,10.25,0.262375,0.682375,-15.1455,22.78675,20.857125
11,10.75,0.315,0.974,-16.4816,26.503,31.239
11,11.25,0.26825,1.008375,-16.38,23.6725,43.54375
11,11.75,0.29,1.0846,-14.905,13.7674,32.585
11,12.25,0.27445,0.9335,-16.52655,10.0962,39.43465
11,12.75,0.30775,1.141125,-14.757875,35.249125,31.724375
11,13.25,0.299225,1.130975,-17.0122,18.402125,54.222275
11,13.75,0.28575,0.956125,-15.0845,8.92,37.041
11,14.25,0.2748,0.8298,-16.1942,3.4904,34.2554
11,14.75,0.2397,0.73295,-12.891025,-0.391400000000005,38.653425
11,15.25,0.267875,0.951125,-11.929575,-15.99555,31.270875
11,15.75,0.214175,0.6382,-9.71745,-30.770575,26.101
11,16.25,0.15355,0.64385,-7.4935,-34.76955,14.8799
11,16.75,0.07795,0.54845,-4.604725,-48.07195,-2.5499
11,17.25,0.057425,0.5639,-1.0136,-59.6981,-0.44445
11,17.75,0.05455,0.575675,-0.428,-59.7844,-3.190975
11,18.25,0.0408,0.54095,-0.37915,-58.0842,-6.2995
11,18.75,0.06645,0.6589,-0.2695,-56.13685,-4.4014
11,19.25,0.03925,0.5819,-0.4001,-55.7519,-7.86355
11,19.75,0.0363,0.6018,-1.66,-57.6572,-3.7666
11,20.25,0.0418,0.51925,-0.2769,-53.02365,-7.8056
11,20.75,0.031425,0.5831,-0.892225,-57.955225,-9.459675
11,21.25,0.032425,0.56575,-0.956725,-59.76085,-11.9228
11,21.75,0.03815,0.3253,-1.07685,-62.68225,-7.50445
11,22.25,0.02685,0.58615,-0.688125,-65.936825,-7.7087
11,22.75,0.0357,0.48355,-1.91085,-52.4287,-13.4767
11,23.25,0.0324,0.4579,-2.29595,-60.08465,-15.391
11,23.75,0.0382,0.3866,-2.1734,-57.2286,-9.9144
12,0.25,0.02795,0.47015,-0.434675,-53.52115,-5.40075
12,0.75,0.029425,0.492775,-0.434275,-62.852575,-9.55625
12,1.25,0.030425,0.462175,-0.8174,-60.268475,-8.50205
12,1.75,0.026,0.3722,-0.15,-54.522,-8.128
12,2.25,0.030525,0.486125,-0.27985,-55.78665,-8.337125
12,2.75,0.029,0.4565,-1.1555,-53.26,-8.878
12,3.25,0.031025,0.4138,-0.8524,-52.69635,-16.5731
12,3.75,0.02255,0.355275,-0.368975,-54.739925,-5.6394
12,4.25,0.026,0.3816,-0.1988,-51.4466,-5.822
12,4.75,0.0366,0.4108,-0.9754,-52.3112,-12.547
12,5.25,0.027925,0.39715,-0.57295,-52.725275,-13.0196
12,5.75,0.033975,0.4391,-4.0939,-52.1034,-18.269675
12,6.25,0.04055,0.462125,-0.697725,-45.91395,-11.870825
12,6.75,0.03475,0.461,-0.83725,-53.98575,-8.69625
12,7.25,0.03255,0.464825,-0.6634,-55.51655,-14.8124
12,7.75,0.042375,0.376875,-1.5072,-49.9126,-7.782125
12,8.25,0.0332,0.2983,-4.2465,-32.0233,-3.463
12,8.75,0.05875,0.280375,-6.80475,-16.62,0.1493
12,9.25,0.1,0.404625,-8.406125,-6.522625,4.05475
12,9.75,0.125,0.5036,-11.3336,-2.112,3.442
12,10.25,0.1488,0.4736,-13.5224,-5.93705,2.1996
12,10.75,0.1576,0.497925,-14.479975,-38.970275,16.119825
12,11.25,0.2093,0.6654,-16.32175,-31.907825,18.393175
12,11.75,0.2142,0.693175,-15.8625,-12.28705,19.739275
12,12.25,0.2376,0.8759,-15.3245,2.1477,23.33045
12,12.75,0.244,0.8537,-14.8625,-0.0950500000000002,29.2833
12,13.25,0.171875,0.619825,-14.3296,-16.071075,35.665675
12,13.75,0.164,0.6415,-16.4835,-15.994,34.278
12,14.25,0.21395,0.671525,-15.057925,-11.90245,40.763175
12,14.75,0.2226,0.725025,-12.3864,-36.487625,34.049825
12,15.25,0.17895,0.50615,-11.4131,-27.69005,10.9871
12,15.75,0.11175,0.46545,-10.53,-39.89385,8.0654
12,16.25,0.08485,0.3883,-7.3111,-61.56675,5.23575
12,16.75,0.051,0.435,-3.094,-52.98,1.9505
12,17.25,0.03205,0.441,-0.9022,-57.8877,-0.279325
12,17.75,0.0311,0.51835,-0.439,-65.74495,-0.2181
12,18.25,0.0397,0.48935,-0.32175,-54.3111,-2.8189
12,18.75,0.02885,0.5136,-0.2075,-61.38035,-2.0177
12,19.25,0.02785,0.43335,-0.1663,-55.4151,-2.3501
12,19.75,0.0322,0.4688,-0.5228,-63.5965,-2.03565
12,20.25,0.0372,0.45965,-0.3039,-56.6188,-2.41985
12,20.75,0.04175,0.406,-0.3868,-56.4961,-3.6892
12,21.25,0.0336,0.4535,-0.4877,-65.342225,-3.839325
12,21.75,0.03765,0.4552,-0.3129,-59.06535,-3.1807
12,22.25,0.0316,0.4632,-0.44,-59.3194,-4.8932
12,22.75,0.032,0.4258,-0.3162,-58.5318,-5.4118
12,23.25,0.03575,0.5253,-0.38965,-58.6593,-2.9104
12,23.75,0.02995,0.51145,-0.42125,-57.53855,-3.5274
