DOY2,HR2,USTAR,TA_1_1_1,WS,FC,H,LE,G,TS_1_1_1,TS_1_2_1,RH_1_1_1,PA_1_1_1,CO2,VPD_1_1_1,NETRAD,PPFD_IN,SW_IN,PPFD_OUT,SW_OUT,LW_IN,LW_OUT,H2O
1,0.25,0.28425,2.646,4.17175,0.2105,-9.97425,2.76825,-21.079,3.135,4.11,94.2,94.798,383.441,2.26,-37.847,0,-1.617,0,2.706,266.815,326.195,8.6635
1,0.75,0.282,2.688,4.224,0.216,-10.342,3.186,-20.09,3.072,4.026,94.301,94.791,383.849,2.16,-37.067,0,-1.044,0,2.74,268.125,325.068,8.592
1,1.25,0.29575,2.996,4.61,0.123,-8.80975,3.41,-18.562,2.807,3.95,93.801,94.766,383.854,2.19,-38.068,0,-1.174,0,2.69,269.962,325.042,8.523
1,1.75,0.332,2.957,4.678,0.182,-9.329,3.835,-19.169,2.687,3.911,94.301,94.777,384.007,2.05,-37.221,0,-1.056,0,2.646,272.399,325.207,8.2295
1,2.25,0.328,2.8,4.627,0.286,-8.093,4.687,-20.742,2.628,3.879,96.3,94.782,384.047,1.97,-34.669,0,-1.264,0,2.58,272.278,323.51,8.7165
1,2.75,0.315,2.059,4.49775,0.2615,-4.119,4.5185,-20.792,2.592,3.856,97.301,94.797,382.87225,1.85,-35.164,0,-1.21,0,2.51,268.542,322.809,8.46125
1,3.25,0.31,1.958,4.735,0.1495,-5.203,4.363,-21.437,2.512,3.696,98.1,94.785,384.197,1.67,-36.754,0,-1.127,0,2.505,268.353,322.669,8.302
1,3.75,0.32375,1.645,4.714,0.19475,-4.959,3.246,-21.619,2.45,3.631,99.801,94.755,383.7205,1.54,-34.351,0,-1.17,0,2.648,272.191,319.139,8.375
1,4.25,0.294,1.594,4.387,0.25225,-6.064,3.29375,-21.83,2.427,3.55,100,94.785,385.04775,1.5,-35.855,0,-1.303,0,2.65,269.524,319.414,8.435
1,4.75,0.317,0.98,4.455,0.243,-3.97,3.539,-20.594,2.306,3.473,100,94.764,384.8005,1.36,-33.846,0.005,-0.851,0.003,2.686,271.714,317.922,8.322
1,5.25,0.319,1.05,4.599,0.275,-3.448,5.434,-21.132,2.207,3.395,98.8,94.761,385.159,1.33,-33.18,0,-0.541,0,2.589,270.887,316.948,8.224
1,5.75,0.30625,0.564,4.68075,0.243,-5.2335,3.77125,-21.589,2.165,3.296,97.5,94.75,384.746,1.34,-33.562,0,-0.427,0,2.714,273.89,317.595,8.072
1,6.25,0.31025,0.419,4.516,0.31625,-5.24125,3.954,-22.7,2.162,3.224,97.801,94.741,384.722,1.27,-32.544,0,-0.749,0,2.517,276.691,316.907,7.826
1,6.75,0.31325,0.396,4.4335,0.3325,-5.423,3.118,-23.707,2.086,3.152,97,94.785,385.10275,1.15,-35.842,0,-1.036,0,2.572,278.247,315.191,7.921
1,7.25,0.324,0.044,4.3385,0.206,-4.498,2.872,-21.947,1.986,3.09,97.6,94.794,385.7855,1.05,-29.929,0.196,-0.769,0,2.419,274.458,315.492,7.90825
1,7.75,0.34,0.227,4.611,0.2005,-1.67075,3.54,-20.815,1.875,3.041,99.1,94.809,384.221,1.01,-29.079,10.298,5.008,1.895,4.024,273.912,315.419,8.202
1,8.25,0.3505,0.309,4.844,0.199,-1.8605,6.008,-18.057,1.803,3.004,99.7,94.82,385.462,1.39,-6.851,85.78,45.482,10.936,21.984,276.477,316.68,8.33975
1,8.75,0.3575,1.668,5.07725,0.143,14.2585,11.86225,-12.552,1.82,2.959,96,94.866,386.1255,1.63,23.015,237.79,120.161,30.503,39.357,266.968,322.9,8.2265
1,9.25,0.3515,3.064,5.15075,0.2235,45.309,19.44525,-3.827,1.79,2.968,90.3,94.852,384.805,2.29,71.203,401.75,206.78,52.29,54.165,266.594,330.586,8.52
1,9.75,0.37325,4.364,5.52225,0.0415,74.54975,26.595,9.871,1.929,2.956,84.6,94.852,384.108,2.97,117.981,570.201,291.421,74.89,67.942,270.672,340.867,8.4735
1,10.25,0.392,6.144,5.654,0.055,106.364,26.373,22.558,2.129,2.964,78.6,94.879,382.93225,3.57,168.05,720.58,377.87,92.971,83.073,273.694,350.628,8.511
1,10.75,0.3935,7.36,5.561,-0.1425,134.5015,30.50625,36.291,2.417,2.987,75.2,94.876,382.2805,4.51,206.94,848.261,446,113.84,95.9175,277.349,361.428,8.5635
1,11.25,0.406,8.73,5.583,0.038,141.683,33.002,49.093,2.883,3.068,70.1,94.871,381.7985,5.52,232.33,941.81,493.74,129.09,108.51,278.43,373.087,8.48275
1,11.75,0.423,10.221,6.016,-0.053,162.862,36.161,60.033,3.403,3.241,67.74,94.862,381.30025,6.3,254.101,1031.5,539.651,140.46,118.41,283.446,383.387,8.517
1,12.25,0.437,10.711,5.949,0.219,171.1585,36.03825,69.95,3.912,3.427,64.24,94.817,380.913,7.22,263.541,1066.2,566.11,148.74,124.1,285.669,387.967,8.743
1,12.75,0.446,11.521,5.963,0.072,180.26375,36.56,68.765,4.441,3.585,64.03,94.746,380.4805,7.78,263.08,1088.7,576.3,152.66,128.441,289.867,393.704,8.98
1,13.25,0.43,12.36,6.065,0.031,175.584,37.462,66.07,5.055,3.716,62.241,94.703,379.922,8.61,255.17,1070.901,571.011,150.48,126,290.952,398.017,8.88125
1,13.75,0.449,13.17075,6.156,0.1325,162.23725,38.0375,65.15925,5.49025,4.0265,60.79525,94.67275,380.849,8.8925,237.23275,1029.075,547.666,148.491,123.2,294.1205,399.817,8.7855
1,14.25,0.45275,13.5185,6.28975,0.13225,152.85275,38.31,63.9355,5.984,4.3135,60.2725,94.634,380.9315,9.19,206.5725,958.8175,502.08775,141.55,115.401,297.49875,399.0685,8.794
1,14.75,0.46225,13.46275,6.222,0.134,126.0535,32.876,61.016,6.41775,4.5925,62.62525,94.64525,380.7395,9.465,164.9275,854.90275,452.0825,129.89825,105.6325,296.85625,397.49625,8.862
1,15.25,0.43825,13.2485,5.933,0.0755,105.44575,29.023,56.41575,6.727,4.85075,62.1325,94.65775,380.51,9.725,120.81,734.07,385.58525,113.66325,94.59775,299.257,392.0285,8.99025
1,15.75,0.4305,13.3075,5.959,0.0925,78.988,26.0495,42.64375,6.85275,5.07025,62.59025,94.70975,380.4725,9.9575,76.90325,602.32,310.9575,97.33475,82.352,295.796,389.497,9.236
1,16.25,0.398,13.445,5.5155,0.113,41.9625,19.605,30.8365,6.89525,5.25575,63.615,94.6995,380.59,10.1775,33.387,450.76025,237.47825,78.52025,67.889,297.2525,383.99075,9.16
1,16.75,0.38075,12.865,5.3715,0.0745,14.15625,13.868,16.0655,6.82325,5.298,63.82575,94.69675,380.84,9.5575,-1.6475,287.36575,150.505,53.848,50.1535,295.08325,374.86825,9.41225
1,17.25,0.324,11.52275,4.503,0.17875,-3.7745,5.396,2.66875,6.63075,5.404,68.49575,94.70225,381.279,8.525,-31.1635,127.89325,64.111,25.76675,28.26025,291.7615,362.00175,9.34625
1,17.75,0.279,9.7475,3.585,0.225,-4.1685,1.816,-10.528,6.35575,5.4795,74.1,94.69975,382.2395,6.835,-43.57675,24.326,12.12025,5.6105,6.73475,287.36375,351.16475,9.15225
1,18.25,0.254,7.91,3.6565,0.188,-2.706,1.74775,-16.03175,6.01325,5.48175,78.75,94.712,384.366,6.135,-43.9325,0.94275,-2.1845,0.0085,2.66125,286.3485,340.898,9.3065
1,18.75,0.213,7.04775,3.39575,0.19,-6.736,2.45625,-17.66075,5.604,5.40275,78.676,94.7405,384.65525,5.585,-41.991,0,-2.617,0,2.79,282.189,337.813,9.284
1,19.25,0.2195,6.1385,3.2045,0.224,-4.809,2.881,-18.73175,5.19175,5.36175,79.82575,94.7495,385.19625,4.785,-40.3895,0,-2.447,0,2.76475,279.54675,334.20625,8.841
1,19.75,0.2475,5.70125,3.518,0.244,-5.542,2.089,-19.832,4.91375,5.2575,81.075,94.77,385.9125,4.455,-39.98475,0,-1.90425,0,2.80525,276.55,332.70025,8.925
1,20.25,0.2995,5.15675,4.0655,0.308,-5.242,2.802,-19.53975,4.63925,5.09725,86.37525,94.75525,386.664,3.8775,-37.95725,0,-2.2075,0,2.794,276.42,328.94275,8.579
1,20.75,0.297,5.082,4.11925,0.21,-7.2825,3.397,-18.87625,4.36175,4.931,87.8,94.763,385.317,3.575,-37.7125,0,-1.9275,0,2.80775,276.14125,328.85425,8.582
1,21.25,0.27675,4.43375,3.99625,0.295,-7.4,2.9065,-18.49475,4.163,4.81675,89.17525,94.76925,383.853,3.1875,-33.7645,0,-1.4445,0,2.77825,275.58175,328.92575,8.727
1,21.75,0.276,3.94975,4.06725,0.175,-6.555,2.812,-18.93275,3.9165,4.67925,91.02525,94.758,383.402,2.75,-34.54425,0,-1.06375,0,2.7355,275.728,327.956,8.72025
1,22.25,0.304,3.50375,4.167,0.2015,-6.45575,3.276,-20.456,3.652,4.536,90.85025,94.76825,384.74,2.5875,-35.5535,0,-1.33375,0,2.715,271.21375,326.358,8.66625
1,22.75,0.29475,3.40175,4.1955,0.166,-8.5665,2.356,-19.73075,3.482,4.4115,92.1,94.75225,383.487,2.585,-36.29125,0,-1.4925,0,2.7175,272.1245,327.34425,8.826
1,23.25,0.28875,3.23825,3.99625,0.3255,-5.1345,2.451,-18.38975,3.344,4.31,94.325,94.741,383.043,2.585,-35.18375,0,-1.569,0,2.75325,274.7215,326.4825,8.756
1,23.75,0.298,3.1905,4.34075,0.225,-6.89525,2.79825,-18.52475,3.20875,4.2205,94.52575,94.73,383.205,2.4325,-35.95225,0,-1.37825,0,2.74225,274.9445,324.447,8.8065
2,0.25,0.33925,3.98775,4.459,0.461,-1.218,6.9805,-14.088,5.388,5.847,99.401,94.69175,391.63725,2.05,-12.883,0,-0.1555,0,2.737,309.92175,334.90425,7.77775
2,0.75,0.3315,3.907,5.0355,0.348,-1.903,6.41425,-15.3995,5.199,5.689,98.401,94.69375,391.878,1.98,-11.896,0.003,-0.11075,0.0275,2.72075,307.86075,332.715,7.80675
2,1.25,0.3465,3.26075,5.1325,0.3625,-0.463,6.7155,-14.80225,5.04625,5.54525,99.6,94.696,391.80575,1.72,-11.63,0.00225,-0.074,0.02375,2.74275,305.87675,331.643,7.8245
2,1.75,0.32575,3.3855,4.9765,0.46075,-1.211,7.66275,-14.03575,4.92125,5.52125,98.55,94.6435,392.1675,1.685,-10.012,0.041,-0.036,0.04175,2.78875,309.9245,331.647,7.86
2,2.25,0.341,3.22625,5.111,0.39525,-0.954,7.09875,-13.631,4.8205,5.5205,99.2,94.6785,392.23625,1.71,-8.29975,0.14475,-0.02,0.17875,2.77825,310.98475,330.129,7.68225
2,2.75,0.372,3.39375,5.215,0.4305,-1.255,8.4525,-13.689,4.7245,5.509,99.95025,94.69325,391.88375,1.5275,-9.3375,0.29875,-0.089,0.1435,2.73175,310.4575,330.83325,7.60775
2,3.25,0.377,3.79875,5.4145,0.357,-0.014,7.8835,-14.085,4.66075,5.49925,99.775,94.69675,393.05075,1.415,-9.587,0.25075,-0.066,0.16875,2.68875,303.19575,330.49225,7.627
2,3.75,0.3755,3.4025,5.1165,0.39,0.36725,8.665,-14.87825,4.52125,5.5095,99.97525,94.7265,392.47925,1.3175,-9.36975,0.176,-0.18775,0.191,2.637,302.968,332.366,7.624
2,4.25,0.3745,3.597,4.986,0.466,0.50325,9.004,-14.96625,4.3415,5.428,100,94.73975,393.26675,1.3075,-7.9745,0.2175,-0.007,0.2555,2.6915,302.289,328.812,7.51475
2,4.75,0.32225,2.736,5.07025,0.406,1.639,9.216,-15.11525,4.22725,5.3455,99.97525,94.7305,393.162,1.1575,-10.08375,0.4815,-0.027,0.334,2.73425,302.504,327.781,7.498
2,5.25,0.302,2.649,4.40725,0.468,-1.2025,6.0935,-15.782,4.1375,5.28475,99.97525,94.721,393.38475,1,-8.0655,0.7125,-0.03575,0.374,2.6735,304.546,328.781,7.456
2,5.75,0.319,2.90825,4.4755,0.383,-0.36125,6.52575,-15.23475,4.05275,5.18825,100,94.75275,393.66,1.015,-10.9375,0.588,-0.014,0.25175,2.747,305.218,323.922,7.477
2,6.25,0.343,2.517,4.82225,0.4125,-1.13225,6.636,-15.242,4.01,5.069,100,94.75075,394.1615,1.0375,-8.7225,0.646,-0.09875,0.2675,2.721,305.355,322.872,7.44075
2,6.75,0.3225,2.17525,4.86325,0.451,0.5715,6.7915,-15.9035,3.83725,4.93475,100,94.77,393.7055,0.8375,-8.62425,0.618,-0.11075,0.288,2.676,306.68425,323.16525,7.404
2,7.25,0.315,1.706,4.66125,0.295,0.1055,6.82775,-14.65,3.67775,4.83375,100,94.78475,394.14,0.8475,-7.21075,5.4685,2.09325,1.40725,2.848,304.86625,321.0785,7.422
2,7.75,0.3545,2.4165,5.538,0.369,3.246,10.755,-14.074,3.63175,4.752,100,94.80075,394.135,1.0625,-4.4305,60.65925,34.47075,11.01325,15.85375,306.62525,324.37725,7.511
2,8.25,0.367,2.8925,5.5205,0.3805,14.863,15.92075,-12.0575,3.6155,4.72325,100,94.83625,392.696,1.3675,19.54525,215.3525,116.095,34.31375,36.379,307.5395,330.6865,7.63675
2,8.75,0.367,3.2335,5.4425,0.23,34.16825,25.16525,-8.77325,3.66,4.6965,99.27575,94.88575,394.31775,1.815,66.40675,406.04825,203.161,61.58275,54.6565,308.75575,336.6805,7.767
2,9.25,0.382,4.64025,5.653,0.111,52.678,33.4295,-2.8965,3.7695,4.66725,98.22575,94.901,392.22375,2.4625,121.925,602.31325,302.066,87.30225,75.4505,309.5655,345.4985,7.75875
2,9.75,0.397,6.43725,5.97775,0.05175,72.35375,39.77275,3.68275,3.9465,4.66025,97.5,94.90725,390.25875,3,176.27025,782.23525,406.61025,110.3775,92.62925,309.03625,352.1305,7.8945
2,10.25,0.43625,8.20275,6.196,0.0575,107.027,45.265,17.44325,4.198,4.6635,94.20075,94.90875,388.914,4.2275,229.6225,951.5,499.9,142.855,112.14075,311.16875,362.65575,7.87
2,10.75,0.431,9.35325,6.3545,0.1985,125.337,50.174,36.737,4.55625,4.66775,90.425,94.91575,388.37175,4.7225,273.27575,1087.05025,559.2975,161.96,127.6725,312.22275,372.26675,7.6865
2,11.25,0.43425,10.42775,6.6525,0.0015,151.321,54.01,51.44225,5.133,4.71875,89.00025,94.9185,388.447,5.7125,311.115,1195.65,621.5675,176.6575,141.7975,312.68075,385.071,7.384
2,11.75,0.445,10.81275,6.19875,0.1945,156.093,62.98,70.51875,5.72075,4.9015,86.275,94.895,388.488,6.345,345.0185,1280.375,671.90325,192.9625,151.6575,315.2095,392.90925,7.473
2,12.25,0.4515,10.96,6.499,0.11175,171.389,66.777,90.63075,6.42,5.105,84.875,94.8705,388.3575,7.05,359.87075,1330.25075,704.51025,203.74,158.07,315.027,398.885,7.57275
2,12.75,0.456,12.01275,6.401,0.10775,183.372,71.794,92.1885,7.294,5.4125,83.85,94.81325,388.5385,7.5075,356.91525,1367.375,715.01775,200.8,161.31,312.76125,404.3135,7.74175
2,13.25,0.45225,12.32075,6.4935,0.249,177.56725,72.091,79.0035,7.79125,5.63125,82.45025,94.7485,388.9555,8.4875,345.42,1349.72525,708.14025,200.475,160.49,316.3095,409.89125,7.5415
2,13.75,0.475,12.6985,6.6295,0.2365,175.04025,75.33225,69.562,8.29975,5.9955,82.8,94.70525,388.9485,9.375,323.3875,1310.07525,686.4575,197.34,156.01,316.845,407.7565,7.5885
2,14.25,0.461,13.1235,6.57025,0.095,182.142,77.04,75.03375,8.6325,6.38025,80.95,94.68,387.9675,9.9675,295.6675,1244.47575,649.4475,195.895,148.8275,316.97425,408.48575,7.55025
2,14.75,0.4715,12.9625,6.5865,0.2755,145.8365,69.63925,74.50075,9.08325,6.75525,81.55,94.69275,387.67975,10.1375,254.00825,1138.525,604.42775,179.805,137.3225,318.4355,408.08425,7.66625
2,15.25,0.4645,13.1085,7.14675,0.3365,133.055,64.82975,63.955,9.38325,7.097,79.95,94.651,387.48775,10.57,211.756,1009.90075,531.77325,162.84075,124.9325,320.78775,405.43025,7.769
2,15.75,0.489,13.62325,7.258,0.2575,94.415,56.455,52.55825,9.61525,7.25875,79.37575,94.62475,387.785,11.1925,141.08325,832.50525,442.39325,139.6075,107.55,321.4105,401.6025,7.66
2,16.25,0.461,14.0825,6.791,0.2575,68.048,45.0275,37.0475,9.61025,7.28225,84.62525,94.63475,387.78475,11.3,88.986,656.3625,350.64075,115.87,89.877,320.35675,392.64725,7.60125
2,16.75,0.4615,14.075,6.477,0.3005,38.773,35.242,23.962,9.49775,7.43275,84.55,94.6535,387.822,11.1025,35.7275,453.26325,246.3625,89.013,70.725,320.298,386.26125,7.7115
2,17.25,0.42075,13.43275,5.98975,0.25275,13.82,27.722,9.15125,9.401,7.52975,86.25075,94.63175,388.086,10.6425,6.0665,286.09,151.6925,62.645,52.8475,320.78675,377.3635,7.589
2,17.75,0.36325,12.08575,5.2575,0.244,-0.075,17.558,-0.6665,9.229,7.53525,87.5,94.614,388.419,8.6175,-7.64675,122.67,64.048,27.13375,26.8055,319.657,370.03125,7.715
2,18.25,0.333,11.4225,4.66725,0.2115,-2.036,11.333,-8.1165,8.81375,7.5295,90.75025,94.6195,389.048,6.865,-18.7385,21.046,10.15425,4.61875,5.97575,319.138,358.50175,7.711
2,18.75,0.35,9.21325,4.8845,0.55325,-1.902,8.95425,-12.98625,8.2525,7.487,91.6,94.654,390.363,5.4925,-18.77575,1.2,-0.67375,0.07825,2.581,318.06025,348.60825,7.769
2,19.25,0.3345,8.485,4.764,0.637,-2.454,10.413,-13.85525,7.7485,7.4115,92.95,94.68175,391.266,4.8575,-18.522,0,-0.764,0,2.752,315.6475,344.44575,7.85
2,19.75,0.36525,7.57575,4.74575,0.5445,-2.044,11.6725,-14.7015,7.39625,7.32625,94.575,94.701,389.921,4.64,-22.6775,0,-1.097,0,2.799,308.662,342.284,7.99
2,20.25,0.357,7.2385,5.11075,0.5895,-1.5495,9.03575,-15.214,6.96425,7.16475,95.7,94.7095,391.054,4.2,-22.4525,0,-1.13575,0,2.80975,306.94075,340.31225,7.977
2,20.75,0.3785,6.8895,4.896,0.45225,-1.01975,9.974,-14.95575,6.60825,7.0235,96.301,94.709,390.815,4.12,-22.06975,0,-0.66275,0,2.8075,306.16075,337.7055,8.165
2,21.25,0.367,6.2585,5.0095,0.4865,-2.503,9.70175,-14.967,6.428,6.90725,97.1,94.72375,390.26,3.6,-17.845,0,-0.61475,0,2.755,305.183,336.741,8.26
2,21.75,0.37075,5.9585,5.333,0.5115,-4.603,8.906,-14.6385,6.2065,6.77475,96.801,94.7305,390.176,3.3,-14.781,0,-0.553,0,2.81125,306.80125,337.68925,8.087
2,22.25,0.37775,5.79325,5.477,0.6135,-3.124,7.1645,-14.872,6.00525,6.58275,97.2,94.75225,390.827,2.96,-13.964,0,-0.285,0,2.787,307.793,335.95475,8.072
2,22.75,0.35375,5.30875,5.17,0.543,-1.93875,9.732,-14.7675,5.824,6.39575,97.5,94.7765,390.999,2.82,-16.845,0,-0.81275,0,2.79875,312.926,333.4105,8.073
2,23.25,0.36,4.824,5.0245,0.427,-1.8595,10.238,-14.99825,5.59925,6.206,98,94.78675,391.197,2.6,-14.90225,0,-0.209,0,2.75125,308.27625,335.34825,7.909
2,23.75,0.3515,4.52775,5.02175,0.475,-3.1985,8.467,-14.77275,5.4785,6.04375,97.7,94.78125,391.621,2.38,-14.08025,0,-0.128,0,2.78275,310.8735,336.05475,7.877
3,0.25,0.3965,11.0325,5.4245,1.022,-5.32225,7.424,-20.76925,12.65725,13.40775,97.025,94.42775,389.881,3.3675,-34.54825,0.307,-2.133,0.186,2.823,324.697,367.023,12.409
3,0.75,0.4005,10.68,5.7165,1.02225,-6.2785,7.5565,-20.52625,12.37775,13.2895,98.1,94.43,388.308,2.86,-33.96225,0.241,-1.9435,0.085,2.82525,324.38175,366.80075,12.29075
3,1.25,0.40975,10.59075,5.5545,1.126,-2.60725,5.65275,-20.5795,12.12525,13.20025,98.15075,94.42675,388.62775,2.415,-35.1655,0.097,-2.153,0.177,2.826,325.25075,364.6675,12.192
3,1.75,0.378,10.175,5.404,0.96725,-4.2705,6.38625,-20.3995,11.945,13.121,98.5,94.42775,388.4765,2.285,-30.65775,0.227,-1.9725,0.146,2.822,325.59775,364.48425,12.372
3,2.25,0.362,10.205,5.5915,1.037,-3.67875,5.789,-20.98975,11.86275,13.05775,98.97525,94.41275,388.579,2.1075,-33.183,0.34575,-2.0645,0.215,2.826,323.99175,361.86525,12.172
3,2.75,0.34375,10.115,5.50175,0.909,-3.5285,5.90075,-21.024,11.77075,13.00625,99.97525,94.41975,388.9955,2.3975,-34.02925,0.7995,-1.99775,0.50675,2.826,322.6605,361.789,12.0425
3,3.25,0.374,9.2475,5.38125,0.8725,-4.009,6.911,-22.68875,11.56575,12.912,100,94.40275,389.0735,2.375,-34.4315,0.82,-2.17625,0.49225,2.826,325.902,360.742,11.95375
3,3.75,0.364,9.405,5.379,0.8555,-2.813,6.03725,-23.73225,11.43975,12.79725,100,94.3855,388.77,1.9425,-33.6655,0.849,-2.17425,0.77275,2.823,325.13125,359.8505,11.807
3,4.25,0.34525,9.5,5.136,1.31025,-2.5055,5.70475,-21.9305,11.3425,12.67975,100,94.38925,388.76225,1.795,-31.336,1.2435,-2.259,0.7955,2.826,322.9365,357.633,11.71475
3,4.75,0.3495,8.836,5.16625,1.065,-2.53975,6.32075,-22.60975,11.2425,12.55725,100,94.4135,388.83425,1.6875,-31.32325,1.69125,-1.86925,0.804,2.826,322.88525,358.43925,11.51
3,5.25,0.35675,8.67075,4.9945,0.959,-5.34,7.1375,-22.0775,11.157,12.457,100,94.43525,389.27725,1.64,-26.01425,1.697,-1.91075,0.855,2.826,322.435,356.8925,11.5625
3,5.75,0.3375,8.3625,5.01925,1.0975,-4.26925,7.692,-21.6695,11.06225,12.35025,100,94.4585,388.6375,1.55,-23.7435,1.687,-1.21775,0.993,2.82275,321.25375,357.95025,11.4685
3,6.25,0.312,8.20025,4.82775,0.99775,-4.442,5.87025,-22.522,10.9715,12.24275,100,94.46825,390.37125,1.5825,-20.95775,2.498,-0.5615,0.929,2.822,321.29875,357.11975,11.582
3,6.75,0.323,7.70825,4.86975,0.9615,-1.282,6.79425,-20.11725,10.87875,12.16975,100,94.47275,391.7215,1.3975,-13.46425,17.507,7.77325,3.307,3.5825,324.1125,356.53,12.07775
3,7.25,0.3535,8.181,5.0545,0.45025,0.65025,11.0685,-17.85175,10.775,12.01975,100,94.4745,391.1395,1.4075,-2.2695,107.42275,53.419,12.81225,17.701,321.02,360.208,11.715
3,7.75,0.37325,8.9125,5.1125,0.22275,13.70375,22.73525,-12.6675,10.737,11.88225,100,94.49575,390.54575,1.9125,37.4755,266.6435,145.78025,32.03625,33.515,320.67725,365.64475,12.323
3,8.25,0.399,10.051,5.83375,-0.012,35.4375,41.47175,-3.26,10.921,11.806,98.6,94.516,387.40775,2.62,99.2,458.51,249.56,54.462,49.794,323.943,369.741,12.40675
3,8.75,0.45325,11.52,6.7905,-0.29475,68.37475,59.7595,6.309,11.075,11.695,95,94.528,385.79775,3.87,168.97,671.61,357.34,80.31675,67.5405,323.499,380.997,12.672
3,9.25,0.495,13.2975,7.0015,-0.256,106.55825,71.70025,22.85175,11.3185,11.71275,92.15075,94.54675,385.439,5.295,227.0975,846.2575,460.64,104.915,85.1655,326.96,393.3635,12.79325
3,9.75,0.5085,14.46075,7.64725,-0.431,143.5135,84.12825,38.407,11.809,11.82025,88.05,94.5325,384.82475,6.125,284.04825,1014.2,559.651,134.36,104.35,329.5995,407.91225,12.799
3,10.25,0.52575,16.39325,7.702,-0.47075,168.778,85.981,51.75025,12.1625,11.815,82.575,94.519,383.8555,7.2575,337.24,1194.65075,648.1175,159.74,123.86825,332.53275,415.92625,12.23125
3,10.75,0.52,17.7625,7.458,-0.257,201.622,106.995,77.272,12.75,11.82375,78.85075,94.51025,383.4325,8.705,381.8325,1318.15075,725.14025,181.36,138.215,337.4875,432.12625,11.81
3,11.25,0.527,18.99,7.2785,-0.2545,232.7855,110.78,93.72325,13.59,12.07575,76.225,94.496,382.6555,10.29,416.41575,1425.65,782.1675,191.92,150.08,339.13025,445.589,11.702
3,11.75,0.55825,19.82025,7.916,-0.3215,235.224,113.66,105.627,14.13875,12.364,74.57525,94.49125,382.668,11.39,440.57075,1495.826,826.6775,195.73,156.571,341.82075,456.76725,11.91825
3,12.25,0.53,20.85075,7.908,-0.2105,237.8105,110.34,114.4875,14.57125,12.54275,71.5,94.4745,381.955,12.71,448.7275,1534.52575,853.46,203.5575,162.99025,344.34075,464.61525,11.87275
3,12.75,0.552,21.431,8.158,-0.0475,253.51475,120.3615,102.57075,15.48625,12.91275,71.17775,94.43175,381.7645,13.5575,451.77,1548.32575,861.46,205.521,167.206,344.15025,471.9665,11.837
3,13.25,0.565,22.22525,7.918,-0.02625,248.187,112.62175,94.6635,16.2635,13.337,69.165,94.40625,381.627,14.7725,433.53075,1535.87525,849.92575,204.5,165.54,343.53425,475.107,11.53375
3,13.75,0.5575,22.79775,8.056,0.03325,246.739,117.537,92.79375,17.00125,13.71275,68.3975,94.34275,381.619,15.4725,410.5925,1494.72525,831.73575,200.021,159.801,346.8435,478.645,11.42
3,14.25,0.5515,23.07775,7.855,0.0685,226.16925,108.857,97.82275,17.6425,14.094,67.3385,94.30725,381.703,16.6675,379.71525,1412.80075,782.7725,192.601,152.9,346.5795,480.51075,11.299
3,14.75,0.553,23.1385,7.87925,-0.0885,208.0545,105.859,95.7725,18.21625,14.614,65.80825,94.305,381.18625,17.015,334.6725,1322.27575,738.43275,184.551,145.62,350.58075,474.90075,11.305
3,15.25,0.5665,23.21525,8.0075,-0.0165,179.21025,105.57725,89.311,18.69375,15.04775,65.785,94.28825,381.427,17.8175,285.5725,1206.12525,672.195,172.75825,135.3475,351.942,471.6975,11.33
3,15.75,0.568,23.3025,7.8325,-0.001,142.92275,98.388,75.5835,18.89325,15.4415,64.1525,94.2605,380.77675,17.6275,225.5175,1042.5,571.1685,149.67525,116.56,351.11225,464.67025,11.59725
3,16.25,0.5365,23.47325,7.866,0.0805,121.08675,82.33175,67.63125,18.9595,15.672,64.6375,94.2375,380.615,17.39,169.6425,878.985,488.22,129.3825,101.24,351.1945,457.9255,11.937
3,16.75,0.55875,23.23025,7.971,0.19225,83.98825,65.299,52.648,18.8175,15.7265,65.1375,94.2205,381.15675,17.1575,109.78525,705.79825,385.3975,107.041,84.465,348.35375,453.4255,11.674
3,17.25,0.53425,22.986,7.9755,0.28575,48.75975,61.9915,35.4445,18.62325,15.7045,66.44025,94.2575,380.82375,16.4325,52.2445,505.06775,277.685,80.99775,65.2295,348.718,440.5505,11.82375
3,17.75,0.527,22.72525,7.63425,0.30425,14.8445,43.48125,16.51925,18.30825,15.647,69.5225,94.2695,380.5985,15.2225,12.333,306.9275,171.585,52.039,46.149,349.5575,433.7275,12.038
3,18.25,0.4635,21.35525,6.72425,0.37275,-4.37625,22.39175,-1.159,17.96775,15.5945,75.95,94.2895,381.2535,12.385,-23.50725,128.56325,71.08375,23.934,25.75,347.71825,420.5225,12.5865
3,18.75,0.411,20.01325,5.91075,0.973,-8.72525,21.00475,-12.321,17.37625,15.56875,78.45,94.31675,382.60925,11.0325,-37.75525,22.1935,10.23575,3.912,5.882,341.2655,403.90925,12.5005
3,19.25,0.35825,17.99825,5.16225,1.08025,-6.296,11.771,-18.37625,16.72875,15.454,81.5,94.3255,384.13775,9.0075,-42.6015,0.88075,-2.401,0.01125,2.821,340.221,394.73675,13.13725
3,19.75,0.3675,16.60525,5.031,1.2825,-6.918,10.936,-20.6425,16.14075,15.2535,83.72575,94.35675,384.162,7.4675,-40.03475,0,-2.706,0,2.8245,339.22625,391.97325,12.524
3,20.25,0.36175,16.0325,5.2955,1.3795,-10.3205,11.024,-19.71125,15.67075,15.109,84.95025,94.3765,384.3405,6.6775,-32.73725,0,-2.517,0,2.826,336.7135,387.9865,12.729
3,20.75,0.393,14.91525,5.971,1.168,-10.11,8.16475,-19.53825,15.28375,14.986,88.376,94.3855,384.9155,6.285,-38.868,0,-2.46875,0,2.826,335.378,381.17575,12.7415
3,21.25,0.40925,13.465,6.08925,1.226,-7.48125,8.508,-20.77975,14.82975,14.8645,91.05025,94.3845,385.037,5.8825,-42.32825,0,-2.67175,0,2.826,330.9305,378.13325,12.77
3,21.75,0.39,13.43,6.26525,1.2855,-9.654,9.385,-21.124,14.3925,14.7235,91.70025,94.38675,385.401,5.195,-44.00675,0,-2.652,0,2.826,330.114,375.779,12.621
3,22.25,0.388,13.78525,5.6555,1.22075,-3.75975,7.6785,-20.34125,14.055,14.559,92.90075,94.392,386.4275,4.7475,-40.5105,0,-2.46175,0,2.826,329.19525,376.84025,12.5685
3,22.75,0.4135,13.57525,5.901,0.92725,-4.385,7.2725,-20.87775,13.732,14.3795,93.62525,94.39875,386.44425,4.28,-38.9285,0,-2.02725,0.00225,2.826,329.74525,376.62825,12.5115
3,23.25,0.407,12.621,5.696,1.31225,-4.583,6.86,-21.6975,13.412,14.2245,95.62575,94.40575,386.78,3.8425,-39.7455,0.0615,-2.20425,0.006,2.826,329.913,375.6315,12.599
3,23.75,0.376,11.96275,5.606,1.121,-4.346,7.6145,-21.71675,13.1625,14.07575,96.15,94.42275,388.565,3.505,-37.12125,0.015,-1.897,0.007,2.8255,328.723,374.29975,13.8805
4,0.25,0.3615,16.555,5.188,1.843,-5.006,14.711,-22.1475,18.554,19.239,98.5,94.2755,389.553,7.2225,-23.351,0.692,-2.00175,0.15,2.826,357.5745,396.9305,16.951
4,0.75,0.3905,15.84825,5.774,1.865,-3.67,12.501,-23.28075,18.38375,19.0725,99.025,94.26375,388.289,6.11,-23.9165,0.7425,-1.97625,0.26575,2.826,358.98975,396.5145,16.588
4,1.25,0.40625,15.935,5.973,1.913,-3.121,9.604,-22.8635,18.18625,18.89325,100,94.27525,389.542,4.9625,-22.69075,0.69675,-1.82675,0.35625,2.826,358.5705,393.07825,16.449
4,1.75,0.385,15.50825,5.571,1.7435,-3.582,14.107,-24.17325,17.88525,18.77375,99.40025,94.26675,391.091,4.9125,-23.24225,0.849,-1.8795,0.2445,2.822,355.99425,391.507,16.4705
4,2.25,0.37275,15.07325,5.333,1.981,-4.738,14.572,-22.396,17.62625,18.5735,97.776,94.23325,392.05,4.47,-22.61925,0.82,-1.73825,0.625,2.826,357.438,389.742,16.449
4,2.75,0.35475,14.57275,5.248,1.983,-1.903,13.036,-23.567,17.38875,18.397,99.875,94.236,391.385,4.2,-31.396,0.863,-1.906,0.82175,2.82575,354.94975,388.786,16.414
4,3.25,0.378,14.1975,5.455,1.7465,0.188,12.34325,-24.01925,17.14275,18.30475,99.70025,94.23275,391.791,4.3975,-21.40975,0.849,-1.44875,0.85575,2.826,355.77475,387.8705,16.214
4,3.75,0.383,14.185,5.66,1.712,-2.49,13.001,-23.52375,16.8865,18.17875,100,94.22125,391.967,4.4725,-23.302,0.875,-1.45725,0.815,2.825,359.151,384.6885,16.0565
4,4.25,0.399,13.8635,6.054,1.92125,-0.675,8.969,-23.322,16.69075,18.0195,99.95025,94.22625,391.434,4.3275,-23.87025,1.117,-1.7215,0.80825,2.81775,356.4255,383.83525,16.24275
4,4.75,0.404,13.71025,6.096,1.4505,-3.18,13.06,-23.79275,16.584,17.854,100,94.22925,392.385,4.1975,-23.00625,1.711,-1.9695,1.4785,2.826,354.42825,382.31175,16.215
4,5.25,0.36775,13.625,5.597,1.8625,-1.721,11.621,-25.815,16.4295,17.69275,100,94.22725,393.11,3.7025,-19.82775,1.704,-2.0555,1.223,2.823,353.795,384.18475,16.142
4,5.75,0.372,13.561,5.414,1.619,-1.848,12.576,-24.19925,16.29,17.5565,100,94.2785,392.071,3.5725,-17.20825,4.778,0.2765,2.0955,2.826,350.50475,384.8075,16.026
4,6.25,0.402,13.43,5.467,1.572,-0.19875,12.7665,-23.6395,16.0825,17.41625,100,94.322,391.417,3.35,-12.1595,24.952,14.154,5.63425,4.97175,358.81625,385.32325,15.683
4,6.75,0.42625,13.526,6.16,0.5915,3.538,23.472,-19.49025,15.93375,17.2675,100,94.38325,391.84,3.3725,5.24075,108.8375,64.97025,13.416,19.90925,356.86825,388.344,16.196
4,7.25,0.417,13.85,6.387,0.198,17.014,31.894,-14.2405,15.93075,17.13125,98.475,94.42875,391.694,3.9375,34.76475,250.75825,147.3785,30.60225,34.60975,357.53,392.439,16.42775
4,7.75,0.48325,14.4,6.935,-0.34625,53.348,48.602,-5.33725,15.964,17.0225,96.45025,94.45575,390.95,5.2475,97.4955,469.52025,254.05825,51.58725,53.20725,359.327,396.87475,16.985
4,8.25,0.525,15.79075,7.69725,-0.7705,86.26825,63.8725,9.293,16.0715,16.9425,94.475,94.472,388.8,6.66,160.0785,657.48,355.845,74.4245,71.258,357.758,407.29525,17.59575
4,8.75,0.55625,16.61825,8.26475,-0.9135,127.58425,75.6215,23.75175,16.2085,16.88875,92.15,94.4985,386.15475,7.71,226.07825,879.1185,467.8625,95.797,90.20575,361.12075,420.2105,17.34675
4,9.25,0.58925,17.645,8.3045,-1.5975,157.3595,89.425,37.671,16.63075,16.9175,88.275,94.529,383.63625,9.3,287.05575,1080.975,572.675,120.2675,114.10025,363.23025,432.89225,16.98
4,9.75,0.584,18.605,8.381,-1.47525,193.8475,92.63225,45.95475,17.0315,16.99775,85.55025,94.53475,381.762,11,329.0925,1228.95,658.9035,146.61575,130.68025,363.78825,442.368,16.709
4,10.25,0.6015,19.82325,8.341,-1.5845,221.6075,109.0705,61.928,17.45225,17.08275,80.6,94.5125,380.49425,12.7625,379.26575,1414.875,753.4,163.48825,150.3175,364.62375,454.3535,16.7635
4,10.75,0.62075,20.89275,8.55575,-1.4905,258.166,106.444,91.19575,18.17875,17.1645,79.70025,94.49675,380.89825,14.325,419.095,1551.37575,823.3475,192.3925,166.53025,367.46725,467.15125,16.87475
4,11.25,0.62375,21.92325,8.6605,-1.5945,275.326,128.41475,101.56525,18.9325,17.37325,78.15075,94.4745,380.25,16.0475,443.61075,1649.625,881.11,217.8275,179.13825,366.3075,480.2225,16.76375
4,11.75,0.6305,22.7625,8.731,-1.59,292.83525,123.171,112.953,19.767,17.665,75.925,94.4315,379.637,17.0875,476.5835,1709.325,916.0375,221.546,188.04075,372.60925,489.34125,16.80475
4,12.25,0.6215,23.38,8.4725,-1.60675,300.525,140.55175,118.5095,20.62125,18.0325,74.225,94.396,379.929,17.7575,492.11825,1746.50075,939.61075,232.46075,188.59275,372.10025,499.3955,16.583
4,12.75,0.6245,24.02075,8.50325,-1.47675,302.102,138.28425,122.20925,21.3165,18.39775,70.67525,94.36625,379.0945,19.585,485.6935,1757.625,948.97825,238.29825,187.621,370.58275,505.61525,16.586
4,13.25,0.607,24.7575,8.573,-1.56825,291.229,147.5145,109.69825,22.207,18.81125,67.28275,94.32225,379.317,21.3575,464.33825,1726.72525,937.49275,215.4375,184.80275,372.212,510.96125,16.038
4,13.75,0.584,25.08825,8.282,-1.392,272,155.161,119.482,23.00225,19.16775,67.525,94.28425,379.109,22.395,458.51575,1682.25025,911.3825,199.33275,179.7875,374.52875,509.96075,16.194
4,14.25,0.6025,25.745,8.409,-1.3,266.264,157.037,116.913,23.4275,19.4875,68.4305,94.2265,379.16,22.8,431.841,1607,886.5455,191.88,172.59,377.8995,509.991,16.175
4,14.75,0.59025,25.8355,8.41925,-0.88925,230.65425,137.19775,111.13,23.8955,19.778,64.91,94.149,378.767,22.8,370.7955,1491.4005,818.8105,180.08025,162.5825,377.1595,508.8925,16.46125
4,15.25,0.539,25.8705,7.9015,-1.1065,208.07825,131.06025,101.794,24.41,20.0855,64.991,94.1295,378.857,24.075,330.245,1362.9,745.261,167.465,149.97775,376.905,503.0585,16.76075
4,15.75,0.565,25.7505,7.86125,-1.1375,188.12775,136.4985,89.5955,24.5105,20.435,65.1255,94.1015,378.955,25.045,275.54,1212.9,662.906,152.715,136.2505,376.689,496.7455,16.18775
4,16.25,0.53425,25.9855,7.898,-0.774,147.468,110.29,80.0795,24.6655,20.78,66.5255,94.1015,379.331,24.515,211.6605,1031.0505,564.5155,134.23,121.2735,377.0465,490.017,16.5535
4,16.75,0.57475,25.8705,8.26,-0.53,104.24925,105.54775,59.573,24.7455,20.99,64.396,94.0925,378.9915,24.11,147.4455,836.965,456.196,114.16775,101.31,376.309,480.0665,16.2875
4,17.25,0.56525,25.4055,8.3445,-0.041,62.122,79.35425,41.3815,24.5805,21.1555,65.9105,94.0645,378.6325,23.685,88.732,631.8155,347.5305,91.8135,81.91625,374.572,466.728,16.877
4,17.75,0.52975,25.13,7.806,0.2465,31.1965,63.196,22.0875,24.268,21.2575,69.485,94.064,378.7365,23.205,33.112,408.625,225.52,66.703,59.4235,374.438,455.205,17.992
4,18.25,0.534,24.0575,7.451,0.369,4.925,40.65225,7.30325,23.78525,21.3075,73.17525,94.0735,378.185,20.875,-5.3165,218.625,128.12,39.82725,39.43125,371.642,443.541,17.62
4,18.75,0.4575,22.80775,6.772,1.584,-5.956,24.493,-7.90675,23.197,21.29875,77.35025,94.075,379.909,18.115,-22.29025,79.57475,46.2915,12.17925,17.35,369.1225,432.24475,17.93225
4,19.25,0.435,21.6075,6.271,1.925,-4.431,20.287,-15.5085,22.6915,21.20875,81.175,94.096,382.89,15.1975,-32.7755,10.71825,4.0345,1.394,3.18225,365.775,424.8475,17.994
4,19.75,0.4305,20.74825,5.928,1.965,-3.497,16.256,-18.3305,22.019,21.05,86.2,94.11175,384.208,13.3925,-40.7695,0.1585,-2.69,0,2.826,361.72425,417.2935,17.743
4,20.25,0.4315,20.19325,6.034,2.021,-4.204,11.812,-21.00275,21.55,20.91125,88.52525,94.14825,385.857,12.2775,-41.486,0,-2.72025,0,2.826,362.99875,411.97775,17.932
4,20.75,0.4075,19.29525,6.079,2.21275,-4.311,10.8155,-20.44425,21.06625,20.67725,89.25075,94.19475,385.597,11.605,-33.52775,0,-2.102,0,2.826,364.315,408.27175,18.031
4,21.25,0.423,18.64275,6.091,1.973,-6.376,15.187,-20.335,20.665,20.4125,90.175,94.20875,385.433,10.53,-29.5435,0,-2.54775,0,2.826,365.1605,405.83375,17.6045
4,21.75,0.426,18.2275,6.475,1.8845,-6.29525,11.93425,-20.0725,20.2725,20.1445,92.55025,94.2045,387.627,9.5175,-32.00575,0,-2.48175,0,2.826,363.5345,405.57725,17.489
4,22.25,0.40575,17.71275,5.998,1.82875,-3.93225,11.0495,-21.38,19.88875,19.95875,93.65075,94.2105,387.44,9.5625,-30.01075,0,-2.296,0,2.826,364.5235,403.27025,17.5455
4,22.75,0.398,17.45,6.073,1.98725,-4.57,10.4985,-23.133,19.60125,19.80025,95.075,94.22525,388.09,8.735,-28.7695,0,-2.114,0,2.826,364.6395,402.336,17.589
4,23.25,0.388,17.21,5.582,2.102,-5.103,10.254,-23.33675,19.21325,19.585,97.45,94.247,388.662,8.165,-24.51325,0.002,-1.979,0.023,2.826,358.42975,402.37025,17.178
4,23.75,0.392,17.1475,5.39,1.846,-4.422,10.084,-22.07175,18.85525,19.402,97.52575,94.25875,392.691,7.3525,-26.75175,0.111,-1.709,0,2.826,358.118,397.31825,16.989
5,0.25,0.419,20.005,6.1205,2.2235,-3.294,12.1715,-24.5575,23.283,24.0775,95.25,94.3465,388.7855,6.36,-33.675,0.071,-2.6015,0.0305,2.826,372.335,418.162,22.83475
5,0.75,0.4125,19.78,5.7145,2.201,-2.869,13.681,-23.0035,22.963,23.94,95.7005,94.367,391.768,5.515,-34.46,0.056,-2.538,0.006,2.826,370.8565,418.54,22.52075
5,1.25,0.4125,19.545,5.7155,2.2175,-3.4455,9.652,-23.8075,22.6525,23.78,95.1,94.3545,393.0065,5.26,-31.892,0.05,-2.305,0.0985,2.826,371.029,416.9915,22.91925
5,1.75,0.39375,19.0455,5.724,2.254,-3.051,8.9435,-22.2635,22.285,23.61,96.3505,94.359,394.441,4.925,-28.8155,0.4505,-2.303,0.0425,2.826,370.324,414.714,21.9965
5,2.25,0.4025,18.95,6.009,2.2015,-2.9295,10.3145,-21.6835,22.0925,23.4225,97.25,94.34,396.0135,4.755,-29.5375,0.5965,-2.0865,0.5855,2.826,370.7955,412.2815,22.002
5,2.75,0.3885,18.4705,5.8535,2.242,-4.309,13.228,-22.61,21.975,23.235,98.95,94.329,395.1135,4.66,-31.7645,0.843,-2.238,0.758,2.826,371.8515,410.136,21.56475
5,3.25,0.361,18.405,5.4185,2.1515,-2.381,11.07,-23.215,21.8025,23.0275,98.95,94.348,391.836,4.41,-27.689,0.849,-2.011,0.76925,2.826,370.531,407.4565,21.35075
5,3.75,0.3655,18.245,5.589,1.651,-2.7655,11.972,-26.186,21.635,22.8205,99.2,94.3565,398.1995,3.985,-28.3415,0.849,-2.2795,0.78575,2.826,370.3765,407.077,21.8
5,4.25,0.376,17.9305,5.8115,2.7815,-3.2075,10.526,-27.558,21.485,22.6405,99.5,94.384,396.7005,3.81,-27.372,0.849,-2.0635,0.7705,2.826,368.4485,408.1965,21.809
5,4.75,0.3875,17.5405,5.308,3.0955,-3.6605,11.9095,-27.478,21.325,22.4705,99.9,94.3915,397.959,3.52,-24.9445,0.849,-1.9575,0.804,2.826,368.0305,403.251,22.06425
5,5.25,0.345,17.495,5.167,2.422,-3.203,10.246,-27.097,21.05,22.2755,99.95,94.3975,396.526,3.375,-26.8325,4.3605,0.0335,1.27825,2.826,371.2575,402.2825,22.216
5,5.75,0.34475,17.3055,4.773,1.838,-2.2985,12.81825,-26.588,20.8775,22.0955,99.8,94.451,396.947,3.235,-21.092,44.4395,23.343,5.449,8.5015,370.967,404.532,21.78175
5,6.25,0.3745,18.115,5.3005,0.8615,1.672,21.36925,-22.6185,20.7625,21.938,98.95,94.469,392.8575,3.72,5.355,165.7005,88.2025,15.8345,24.9155,367.2125,407.885,22.435
5,6.75,0.403,18.9105,5.869,0.621,21.0105,31.61275,-16.082,20.7125,21.8185,97.55,94.466,388.301,4.535,52.926,341.04,145.05,30.487,40.541,369.793,416.254,22.079
5,7.25,0.4465,19.941,6.5715,0.2635,45.861,46.17,-5.511,20.7875,21.7625,92.6,94.483,385.4585,5.635,100.0785,502.07,268.2205,48.699,61.497,369.453,424.5905,22.7075
5,7.75,0.478,20.675,6.9695,0.419,84.066,62.443,7.497,20.9855,21.7275,89.45,94.5005,382.563,6.905,134.08,517.6,383.34575,66.677,79.34475,372.4585,435.697,22.86275
5,8.25,0.5075,21.89,7.138,-0.7115,117.958,80.344,23.771,21.2475,21.705,86.15,94.51,379.585,8.185,242.135,875.8805,485.5125,86.3995,96.96525,376.117,447.9655,22.18475
5,8.75,0.5265,23.05,7.4675,-0.6195,147.739,88.983,35.3375,21.6525,21.705,83.75,94.527,377.1,9.52,308.425,1036.8505,594.466,104.435,113.72075,377.8245,460.5705,21.676
5,9.25,0.539,23.9505,7.8045,-0.54225,180.612,103.83325,46.7925,21.9135,21.82,80.9,94.527,374.322,11.495,361.7505,1290.4,687.5605,121.07,131.74575,378.5925,472.6785,21.05225
5,9.75,0.5475,24.76,7.435,-0.6835,220.724,132.1285,56.5555,22.6005,21.9105,76.8,94.5135,373.542,13.355,406.4405,1452.1,772.43,137.185,148.33075,379.6145,483.0295,20.7335
5,10.25,0.535,25.545,7.4105,-0.762,234.641,135.627,82.7145,23.1575,22.0975,72.05,94.5095,373.3635,15.04,449.61,1579.85,843.6155,154.335,165.39,385.633,493.5015,20.841
5,10.75,0.5185,25.985,7.5655,-0.987,246.051,131.576,102.658,24.0505,22.175,70.2,94.497,372.931,16.56,489.4855,1698.3,902.995,174.985,185.935,389.7515,503.4045,20.99875
5,11.25,0.522,27.0005,7.4595,-0.7485,258.4325,141.173,105.3805,24.8105,22.383,71.1,94.48,373.09,18.4,510.85,1792.8,954.79,202.555,199.7825,389.506,512.428,20.9155
5,11.75,0.52,27.495,7.205,-0.62,291.6375,157.729,121.0905,25.685,22.688,68.925,94.445,372.6505,20.28,536.86,1861.3,988.0505,219.785,204.58,390.839,526.1905,20.995
5,12.25,0.5055,28.08,7.386,-0.662,287.81,151.511,128.4605,26.6475,23.2105,65.5305,94.415,372.7995,21.605,546.875,1868.2,1006.55,225.945,200.815,392.184,522.387,21.1385
5,12.75,0.53275,28.425,7.6955,-0.5425,294.501,159.2385,134.7,27.388,23.508,65.025,94.3945,372.2625,22.28,536.25,1894.6,1010.9005,219.7575,199.1925,393.4485,538.0955,21.367
5,13.25,0.5295,29.1705,7.3585,-0.334,281.8355,163.3245,121.05,28.0775,23.7,62.135,94.3715,372.228,23.395,522.1505,1865.75,996.7855,195.8425,196.71525,396.322,539.508,21.4265
5,13.75,0.539,29.73,7.5685,-0.3715,278.559,157.0875,142.5,28.8225,24.0075,62.915,94.3445,371.993,24.74,491.6105,1814.65,970.5655,189.03,189.79,400.413,544.3125,21.609
5,14.25,0.561,29.865,7.4915,-0.1925,262.8115,140.7945,138.225,29.5005,24.486,61.81,94.3085,372.3215,25.375,450.38,1719.85,924.325,182.535,185.65,400.991,540.64,21.496
5,14.75,0.5285,30.02,7.9445,-0.5415,234.6065,150.974,127.6375,30.1255,24.9,63.64,94.275,371.9125,25.645,412.5805,1622.7,871.41,179.645,175.71,399.0665,535.691,21.4975
5,15.25,0.55375,29.745,7.5735,-0.0475,216.486,139.7065,114.159,30.5725,25.2225,64.005,94.2345,371.5155,26.135,368.145,1504.7505,798.4555,161.39,161.4975,398.2925,528.0835,21.418
5,15.75,0.546,29.7,7.815,-0.5455,198.5405,126.816,101.495,30.7855,25.4575,65.5305,94.2,371.208,25.71,318.41,1353.05,719.0005,146.521,146.25,399.6355,519.199,21.19875
5,16.25,0.53325,29.625,7.9705,-0.1995,164.639,113.063,79.349,30.78,25.703,67.06,94.177,371.2245,25.835,251.175,1184.1005,629.3555,131.1475,131.575,396.9705,511.8135,21.5115
5,16.75,0.5305,29.625,7.7485,-0.175,126.56,100.128,58.3755,30.4275,25.993,66.94,94.178,370.9585,26.06,191.11,1006.7,530.97,116.691,114.241,396.9705,503.437,21.372
5,17.25,0.5185,29.475,7.991,-0.0565,91.986,88.949,38.6225,30.29,26.1575,66.395,94.1855,371.045,26.33,123.155,797.625,421.82,95.7805,96.7235,395.1635,491.6375,21.592
5,17.75,0.5155,28.8855,7.4765,0.38725,61.9085,75.3745,22.085,30.0475,26.18,68.47,94.183,370.6075,24.875,61.815,590.655,311.91325,77.037,76.929,388.739,481.4365,21.33475
5,18.25,0.49425,28.6025,7.22425,0.556,29.32925,57.841,7.04475,29.59875,26.35,70.7,94.166,370.90675,23.575,19.34975,399.1275,213.54,55.4385,58.4485,388.2815,474.297,21.66
5,18.75,0.48225,27.68275,6.95275,1.0385,8.94225,43.4155,-6.71175,29.06,26.42875,73.15,94.18175,372.02575,20.2775,-11.12575,220.39575,118.846,34.999,39.65575,389.6105,464.181,22.279
5,19.25,0.4355,26.2025,6.22325,1.739,-2.918,25.389,-16.96575,28.56625,26.45825,77.275,94.20125,374.8065,17.875,-33.4425,74.11325,39.81325,12.3725,15.61475,385.579,451.62525,22.496
5,19.75,0.41025,24.26,5.92825,1.96525,-4.017,19.00625,-24.18875,27.8225,26.35375,81.35025,94.20525,380.44825,14.09,-45.2675,10.0945,2.718,1.3695,3.381,377.87475,440.57625,22.59025
5,20.25,0.414,23.53825,5.521,2.38575,-5.2065,14.82875,-27.21125,27.10125,26.11,83.25,94.2195,382.149,12.4,-44.9655,0,-2.79625,-0.008,2.825,376.30625,432.016,22.0505
5,20.75,0.412,22.795,5.462,2.37625,-5.3475,14.9625,-27.46,26.435,25.8415,84.55,94.2495,382.966,11.6775,-42.3745,-0.0015,-2.814,0,2.826,374.7745,431.36675,21.98375
5,21.25,0.42,22.1825,5.723,2.4085,-5.05325,12.1375,-27.4735,25.8815,25.68375,87.8,94.28075,385.05125,10.1425,-41.80925,0,-2.7915,0,2.826,376.2645,428.32275,22.4945
5,21.75,0.42,21.475,6.01125,2.66425,-4.29225,9.73525,-26.26075,25.4415,25.45025,88.275,94.291,384.8765,9.025,-44.36425,0,-2.739,0,2.826,373.267,426.5975,22.5985
5,22.25,0.40275,21.205,5.776,2.311,-5.5875,10.31175,-25.75,25.0575,25.2375,90.3,94.30875,385.974,7.63,-41.66325,0,-2.7605,0,2.826,371.242,424.68575,22.8765
5,22.75,0.4225,21.24,6.0925,2.255,-5.59025,12.73425,-25.3315,24.65375,25.06625,91.4,94.3215,385.6395,7.3325,-40.7355,0,-2.40325,0,2.826,372.7905,425.37675,23.216
5,23.25,0.449,20.92275,5.88225,2.412,-5.6,14.1315,-26.16925,24.365,24.92875,91.4,94.3455,388.476,6.8725,-42.96725,0.00075,-2.45025,0,2.826,371.34825,423.30575,23.44
5,23.75,0.438,21.08025,6.231,2.07975,-4.9725,12.11725,-24.4845,23.955,24.7265,93.325,94.3565,388.22575,6.8175,-40.77825,0.0555,-2.3775,0.00575,2.826,372.1825,421.578,23.05
6,0.25,0.48675,26.23275,5.9785,3.341,-13.2325,19.06175,-24.0045,29.87875,30.4,84.05,94.05625,387.93425,13.6125,-36.651,-0.017,-2.812,-0.0155,2.826,400.79525,453.157,25.978
6,0.75,0.4605,25.92325,5.6255,3.26325,-11.3435,17.348,-24.24575,29.59575,30.1775,86.9,94.0465,387.68325,12.1325,-36.66875,-0.014,-2.81125,-0.016,2.826,400.7125,451.00425,26.034
6,1.25,0.429,25.59275,5.5775,3.146,-10.3485,15.652,-24.18425,29.2935,29.95625,87.125,94.0355,389.7475,11.5225,-38.20675,-0.021,-2.809,-0.0095,2.826,396.645,449.402,26.18525
6,1.75,0.433,25.3125,5.5735,3.2565,-13.5585,15.65175,-24.0005,28.9695,29.737,89,94.043,390.4515,10.6675,-37.8765,-0.009,-2.77925,-0.005,2.826,395.3875,448.36825,26.08625
6,2.25,0.42375,24.915,5.681,3.035,-9.3305,12.52475,-24.22875,28.6075,29.5295,90.4,94.035,392.19875,10.14,-37.23725,-0.0015,-2.81025,-0.002,2.826,392.935,447.09475,25.77675
6,2.75,0.40725,24.6875,5.3745,3.238,-11.5085,14.6085,-24.17325,28.3975,29.35375,91.826,94.031,393.202,9.83,-36.71875,-0.002,-2.818,0,2.826,392.43775,444.4875,25.602
6,3.25,0.414,24.11,5.148,2.894,-9.5855,12.45,-24.3285,28.185,29.17875,92.55,94.03275,394.762,9.105,-37.2155,0,-2.824,0.06425,2.826,392.4985,443.278,25.21825
6,3.75,0.405,23.98,5.201,2.759,-8.636,11.58725,-26.171,28.01875,29.04,93.9,94.04,393.84,8.4975,-37.206,0,-2.779,0,2.826,387.92375,441.014,25.5435
6,4.25,0.3995,23.69275,4.993,2.534,-6.5455,12.401,-25.712,27.8345,28.8975,94.375,94.04775,394.24725,7.72,-36.19,0.0235,-2.795,0.191,2.826,388.3015,439.25575,25.473
6,4.75,0.39075,23.4975,5.222,3.258,-6.545,12.38875,-25.75,27.64075,28.775,96.1,94.05025,397.77375,8.0875,-36.665,0.25375,-2.768,0.2605,2.826,388.0085,438.035,25.384
6,5.25,0.36725,23.25,4.8115,2.7315,-7.068,15.066,-25.40675,27.4465,28.64125,96.95075,94.083,397.4885,7.1625,-32.78825,7.853,2.78375,1.4595,2.88875,387.156,437.4865,25.238
6,5.75,0.3535,23.2825,4.8895,2.22625,-4.733,17.532,-24.9595,27.22325,28.52125,97.4,94.094,395.92925,6.78,-20.449,60.77675,31.66775,6.1855,9.703,387.9595,437.10625,25.4375
6,6.25,0.382,23.6525,5.3435,1.05525,3.53,27.2075,-22.46425,27.02225,28.4025,95.575,94.11025,391.169,7.5,14.15,183.445,95.511,17.32325,24.29775,388.2855,441.20825,25.87
6,6.75,0.436,24.2975,5.5505,0.6255,18.044,40.1785,-14.44925,26.82625,28.27875,93.325,94.1235,385.669,8.9675,65.80775,358.2025,182.7575,32.704,44.088,387.76425,449.1515,26.197
6,7.25,0.4625,25.4725,5.966,0.48425,45.34675,61.4165,-6.69625,26.78275,28.1665,90.30025,94.1355,380.69425,10.26,122.04,551.5975,201.231,51.853,60.16,391.087,457.76425,26.3405
6,7.75,0.50225,26.56525,6.4105,0.73125,77.5745,78.4165,2.35175,26.7175,28.01775,85.17525,94.1395,377.2585,12.7675,143.245,673.73775,246.415,68.93375,81.135,395.67,466.80275,26.183
6,8.25,0.5105,27.62825,7.1085,0.02,106.066,109.556,15.6925,26.92025,27.91,81.85,94.15075,374.43125,14.26,218.9775,558.43525,492.60775,85.148,97.1195,399.3385,475.98025,26.1375
6,8.75,0.534,28.6625,7.0765,0.452,130.322,124.7185,29.457,27.23,27.85,78.7,94.16225,372.55775,16.8525,324.2475,744.121,581.51075,105.4975,115.2955,402.9515,488.27225,25.575
6,9.25,0.54,29.94825,7.4195,0.1065,163.038,155.1835,45.24775,27.49,27.83625,76.2,94.15925,371.538,19.7975,378.77575,1107.175,679.20525,121.45,131.885,407.254,500.60625,25.171
6,9.75,0.531,30.781,7.0705,0.0485,188.69,167.61475,53.51675,28.0375,27.83875,74.025,94.13725,369.7435,22.9025,428.675,1471.825,762.5625,137.4675,147.1075,411.24325,512.77425,25.112
6,10.25,0.5495,31.391,7.35275,-0.2275,205.4055,174.2085,71.1895,28.56575,27.88125,70.65075,94.158,370.07,26.1925,472.01525,1596.15,833.4435,150.90525,160.866,416.0015,523.84175,25.17975
6,10.75,0.549,31.985,7.2805,0.2535,223.16375,181.914,90.953,29.3195,28.03125,66.96,94.14675,370.3665,29.245,510.4875,1712.1,897.25525,166.9425,180.8085,418.415,535.22775,25.301
6,11.25,0.5485,32.7225,7.489,0.5275,235.14,195.384,103.015,30.0415,28.147,65.51825,94.12975,370.53025,30.95,536.985,1816.45,943.54325,176.34,195.2725,421.9055,545.516,25.242
6,11.75,0.5585,33.3035,7.1585,0.3405,260.5195,226.9965,117.1785,30.87625,28.372,63.65775,94.106,369.68725,32.9375,545.89575,1866.875,975.60325,197.60025,199.125,425.0465,557.1615,25.0785
6,12.25,0.557,34.01275,7.3165,0.1565,249.994,237.675,123.659,31.874,28.6265,61.265,94.09425,368.852,33.9025,545.785,1885.85,994.19,197.3135,196.79075,427.05925,562.221,25.55075
6,12.75,0.553,34.32,7.462,-0.058,262.526,225.1985,124.85775,32.75,28.86525,58.3075,94.063,368.28075,37.0575,557.89025,1901.575,1002.026,194.07575,196.91025,429.6405,567.86475,26.03
6,13.25,0.56475,34.6425,7.6895,-0.041,257.03425,228.11075,124.829,33.61,29.1425,55.575,94.02425,367.236,35.6525,548.1125,1884.60075,994.7725,190.67025,195.23575,430.19525,571.08225,25.458
6,13.75,0.56525,34.8475,7.42775,-0.05375,253.1995,223.35,127.325,34.3495,29.549,52.76025,93.99875,367.2485,36.49,530.7385,1823.75,970.266,186.46525,188.836,432.167,575.461,25.456
6,14.25,0.5705,35.155,7.75725,0.14175,240.66275,219.16525,128.69225,35.089,29.93625,52.2275,93.97825,366.8605,38.0875,493.145,1748.35025,929.076,176.58,181.44775,434.95025,577.1685,25.3835
6,14.75,0.578,35.355,7.576,0.51,236.47675,201.39875,120.5,35.65475,30.312,52.6825,93.971,366.4625,38.8675,464.0575,1672.00075,881.14575,167.96525,169.55575,436.19275,573.285,25.077
6,15.25,0.5765,35.4875,7.7595,0.405,210.519,184.4615,112.25025,36.06875,30.69,51.685,93.9395,366.457,38.8275,411.7475,1532.85,817.69,156.77525,161.52325,436.66575,568.937,25.1275
6,15.75,0.5825,35.4675,7.87175,0.36975,185.3695,180.1195,100.97475,36.58125,31.0715,50.06075,93.91675,366.209,39.37,357.34075,1402.22575,744.5,147.93825,148.76775,435.495,564.88825,24.959
6,16.25,0.567,35.44025,7.76675,0.423,154.671,174.4935,85.72225,36.8665,31.40825,49.64025,93.89375,366.4025,39.985,304.01075,1243.2,662.19575,132.97575,135.34525,434.468,557.65775,24.955
6,16.75,0.5755,35.2275,7.53275,0.389,128.269,159.1085,65.762,36.9815,31.74625,49.23,93.8645,366.614,39.58,239.8755,1059.775,566.205,117.49,119.495,433.70825,548.4045,24.854
6,17.25,0.5585,35.0125,7.65575,0.645,97.227,135.588,47.9105,36.87625,32,49.48575,93.84175,366.902,38.565,170.945,873.24525,466.2425,100.88,101.8875,428.99375,537.37975,24.552
6,17.75,0.545,34.55575,7.28775,0.6205,64.3385,105.92725,29.7775,36.65375,32.21375,51.34,93.809,366.458,37.555,103.65525,673.82,364.655,82.2485,84.85475,427.6515,527.522,24.7655
6,18.25,0.525,34.06575,6.79425,0.808,34.933,72.08475,12.1295,36.19,32.299,53.98825,93.8305,366.4115,36.39,39.51425,473.9655,259.63,63.2985,66.45,425.6475,518.238,24.733
6,18.75,0.479,33.0775,6.32225,0.712,6.815,55.7585,-1.669,35.76125,32.37075,56.5225,93.84625,367.465,34.275,-2.397,292.61,160.086,42.75725,48.70025,423.56825,506.37425,24.7175
6,19.25,0.4365,32.18575,5.53225,1.751,-9.04025,34.744,-11.55,35.15375,32.4115,59.6625,93.864,369.51375,30.725,-29.4475,138.6375,74.32975,21.2285,26.48275,420.3485,494.8745,25.482
6,19.75,0.4145,31.1175,5.214,2.58975,-12.1585,22.00775,-18.4555,34.557,32.271,64.36,93.86525,372.703,26.55,-44.1055,34.9515,17.00025,4.6365,8.39625,414.69275,484.23375,25.429
6,20.25,0.381,30.04825,4.99025,3.063,-14.371,20.31,-22.98475,33.89125,32.16875,67.41,93.87275,377.103,22.7375,-47.66525,2.21975,-1.785,0.10575,2.825,410.9795,475.1325,25.543
6,20.75,0.37775,29.1825,4.898,3.088,-13.909,17.378,-24.25325,33.255,32.04475,70.25,93.89725,380.339,20.5425,-45.83425,0,-2.824,0,2.825,408.16675,470.939,25.665
6,21.25,0.41,28.62575,4.99625,2.9535,-12.048,14.8065,-25.2095,32.695,31.89075,72.625,93.93975,383.113,19.1975,-43.8845,-0.002,-2.824,-0.002,2.825,404.506,468.27625,26.127
6,21.75,0.405,28.0775,5.38025,3.05175,-13.66675,14.8935,-25.2395,32.125,31.691,75.35,93.99075,384.645,17.655,-42.88325,-0.007,-2.824,-0.007,2.82525,404.15775,464.9065,26.096
6,22.25,0.45575,27.66,5.32725,3.51,-14.708,17.968,-24.9975,31.624,31.45225,77.125,93.99125,386.409,17.51,-41.026,-0.009,-2.805,-0.012,2.826,404.3635,463.0775,26.133
6,22.75,0.45075,27.24525,5.41275,3.27725,-12.981,15.6495,-25.066,31.17225,31.202,78.6,93.998,387.506,15.7775,-40.23575,-0.004,-2.805,-0.0095,2.826,404.347,460.705,26.061
6,23.25,0.458,27.08,5.9875,3.334,-12.472,15.7475,-24.8525,30.77525,30.954,81.8,94.048,387.032,14.5725,-39.667,-0.011,-2.824,-0.011,2.826,405.1195,459.49325,25.80225
6,23.75,0.4725,26.7575,5.718,3.301,-11.65525,15.973,-23.907,30.3415,30.685,82.775,94.04525,387.854,13.475,-38.67575,-0.018,-2.824,-0.017,2.826,402.65875,458.21725,25.7035
7,0.25,0.33925,28.28775,4.152,1.928,-9.8865,6.62125,-28.88825,34.54975,34.89375,82.37575,94.27625,389.357,19.68,-40.395,-0.0035,-2.824,-0.006,2.826,414.71325,467.63375,27.933
7,0.75,0.341,27.93325,4.35725,1.57975,-8.69025,6.7525,-29.07925,34.1575,34.6715,84.125,94.2655,387.5665,18.8175,-40.272,-0.0085,-2.824,-0.01175,2.826,411.56775,466.0725,27.81
7,1.25,0.343,27.36325,4.2995,1.8165,-8.4265,6.50825,-28.79125,33.681,34.40375,86.65,94.266,388.3895,17.7375,-38.42775,-0.01225,-2.824,-0.0075,2.826,408.61925,461.80125,27.7165
7,1.75,0.2975,27.02075,3.905,1.568,-6.8285,6.4315,-28.75075,33.36875,34.182,88.3,94.2525,388.21025,16.445,-37.9575,-0.0085,-2.79025,-0.004,2.826,406.571,460.44925,27.408
7,2.25,0.304,26.6675,4.1215,1.86375,-6.66125,6.60525,-28.422,33.0335,33.92275,89.825,94.24325,391.55,15.5775,-37.384,-0.007,-2.77,-0.0055,2.826,408.4925,459.37625,26.733
7,2.75,0.3075,26.39575,3.92475,1.941,-7.867,6.8255,-29.00225,32.6265,33.742,90.801,94.2395,393.79975,14.7425,-37.93275,-0.00625,-2.774,-0.002,2.826,407.95025,457.504,26.4235
7,3.25,0.321,25.995,3.84225,1.878,-5.9935,5.93425,-29.0365,32.23875,33.56875,90.625,94.2365,393.17075,13.85,-36.19325,-0.004,-2.741,-0.01175,2.826,408.59375,456.04725,26.27725
7,3.75,0.30125,25.6625,3.95675,1.926,-8.387,7.473,-28.963,31.88075,33.4035,91.925,94.23925,396.55575,13.67,-34.0765,-0.018,-2.714,-0.011,2.826,408.0805,452.31025,26.4965
7,4.25,0.2825,25.37075,3.71425,1.60925,-6.18775,5.3405,-28.55875,31.575,33.2295,92.95075,94.2295,397.5915,12.875,-32.62375,-0.00675,-2.7,-0.0035,2.826,405.311,450.683,26.66975
7,4.75,0.26775,24.925,3.4955,1.876,-4.476,4.80425,-28.1545,31.329,33.0835,94.67525,94.248,398.0505,11.62,-31.7615,0.0155,-2.70725,0,2.826,405.43625,447.1925,26.54475
7,5.25,0.2745,24.6225,3.429,1.796,-4.9195,5.2245,-27.96325,31.09025,32.9185,96.075,94.2615,400.791,10.2175,-33.77325,2.6785,-0.553,0.476,2.826,404.50075,447.14775,26.546
7,5.75,0.2685,24.45325,3.2525,1.7735,-3.703,7.10175,-27.77725,30.8525,32.76875,96.525,94.29,400.644,9.79,-23.9875,35.20725,16.96275,4.17475,6.4735,402.15425,446.54125,26.5895
7,6.25,0.266,24.8225,3.6105,0.8765,-0.767,13.36,-24.71575,30.645,32.63525,93.925,94.30325,395.87125,10.3275,1.0075,135.9175,68.55475,13.79725,19.79975,401.3025,450.719,27.223
7,6.75,0.3235,25.81275,4.166,0.82375,16.71375,25.76275,-19.554,30.495,32.511,90.90025,94.31725,392.57025,12.295,46.5785,296.535,149.56025,29.19325,36.3625,407.5025,459.51975,27.524
7,7.25,0.358,26.92,4.69725,1.49125,45.62675,37.4035,-10.699,30.4015,32.375,88.075,94.32825,386.10875,14.81,104.9175,488.4475,193.9075,47.7795,52.8995,408.4225,471.90075,27.4225
7,7.75,0.41425,28.16525,5.32075,0.9935,78.81425,50.1275,3.428,30.37625,32.192,85.325,94.34825,381.65925,17.5325,128.6075,615.07825,323.99325,68.16825,73.167,410.323,485.67275,28.395
7,8.25,0.4225,29.5525,5.491,0.084,105.2485,65.57,18.26075,30.5875,32.02725,79.725,94.35925,377.2555,20.5275,210.365,579.9325,458.445,88.158,90.237,416.20825,498.1395,28.204
7,8.75,0.4555,30.8975,5.914,1.02675,142.96925,80.73575,27.78625,30.84875,31.877,75.225,94.375,375.744,24.49,300.0525,972.21575,553.3625,108.28325,107.7525,419.38075,515.43775,28.39825
7,9.25,0.439,32.29,5.8135,0.60675,160.18925,86.39,40.9435,31.41975,31.772,70.4075,94.367,373.6705,28.4625,359.975,1123.60025,652.48075,132.33275,127.19575,422.29875,531.48275,28.043
7,9.75,0.47975,33.25825,5.96875,0.89675,196.5675,103.256,57.85175,32.07375,31.74125,66.31325,94.36625,372.23275,31.1875,407.4375,1420.4,732.94325,147.84,140.51025,427.32025,548.93125,27.9885
7,10.25,0.46975,34.2525,6.18475,1.1465,217.019,107.3615,75.15975,32.75375,31.81775,63.0425,94.367,370.97825,34.7675,451.3585,1561.875,804.80325,164.32775,155.83325,429.67125,562.19825,27.57625
7,10.75,0.49,35.15525,6.145,0.602,230.651,119.475,90.5305,33.64075,31.9475,61.305,94.35975,369.627,37.725,485.54,1688.225,871.0325,175.3835,173.39275,433.294,576.01725,27.10125
7,11.25,0.493,35.8485,6.01825,0.61775,257.69,134.45975,103.96225,34.59825,32.08125,58.02525,94.34425,369.79575,40.42,511.7325,1769.7,917.5725,194.90825,190.15825,438.432,589.65075,27.1045
7,11.75,0.49475,36.375,6.05975,1.0095,257.59225,129.542,115.52625,35.605,32.24975,55.945,94.323,369.2655,42.7225,529.20025,1839.25,950.29325,229.98,202.2185,443.57775,599.20625,26.85
7,12.25,0.481,37.025,5.914,1.084,264.633,137.1045,120.27625,36.585,32.48125,53.805,94.29025,368.78075,44.6925,538.405,1883.40075,980.6425,238.5705,201.41025,447.1055,607.7315,26.34175
7,12.75,0.5185,37.31025,6.17525,1.0725,288.54125,130.603,122.621,37.44275,32.75375,48.4375,94.276,368.88975,46.2775,540.62275,1891.57575,988.01025,232.316,202.2705,449.237,613.76075,26.1265
7,13.25,0.5325,37.7075,6.065,1.251,294.747,140.43975,115.49025,38.30775,33.04875,48.0875,94.24775,369.3185,47.725,533.67075,1888.27575,981.69575,209.4605,195.036,451.3895,618.09525,26.0775
7,13.75,0.525,38.065,6.387,1.173,266.924,129.44275,124.6125,39.06625,33.4095,46.75,94.21925,368.634,49.2125,503.4975,1834.875,953.99025,208.44,194.8805,453.44475,620.91625,25.892
7,14.25,0.52625,38.11825,6.333,1.0595,259.907,128.1285,123.13775,39.79975,33.789,43.8525,94.19425,368.613,49.195,471.675,1768.525,919.5025,193.745,181.8655,454.07325,619.523,25.15
7,14.75,0.53,38.2425,6.595,1.075,250.457,127.694,122.21275,40.39875,34.1535,44.1125,94.16275,368.08,50.1475,446.0455,1678.7,874.45,196.3325,182.0555,452.10025,614.06275,25.152
7,15.25,0.511,38.276,6.686,0.84,232.514,114.281,108.6805,40.8935,34.56325,43.96775,94.137,368.573,50.155,404.0755,1558.9,811.04525,180.43775,163.2205,452.3855,609.62375,24.926
7,15.75,0.524,38.33075,6.709,0.91925,201.29375,108.02575,100.22325,41.322,34.8585,43.48,94.12,368.4,49.8925,346.255,1418.2,738.68825,162.77,150.355,453.268,604.59225,24.879
7,16.25,0.52075,38.33575,6.681,0.831,180.315,104.489,82.12975,41.66,35.16825,43.15325,94.0895,368.191,49.7775,284.6625,1250.6,645.905,154.06,137.28,451.4135,594.25075,25.033
7,16.75,0.53,37.9525,6.522,0.44675,146.8295,89.639,62.74325,41.85225,35.4725,43.6925,94.06975,368.308,49.3925,232.67,1077.675,558.98075,128.50825,122.00825,448.01775,582.78375,25.18
7,17.25,0.52,37.796,6.684,0.7,121.208,77.471,45.51775,41.7675,35.7525,44.445,94.047,368.251,48.3075,166.22,886.3825,460.56775,110.85,103.9075,445.024,573.1245,25.396
7,17.75,0.498,37.38575,6.394,0.822,79.587,64.948,26.42475,41.6275,35.96375,44.04825,94.023,368.79,47.1525,95.946,680.716,353.7425,88.50925,84.81925,443.17525,559.74025,25.349
7,18.25,0.49075,36.84075,6.274,1.037,50.364,45.181,9.91525,41.38075,36.165,46.0725,94.0285,368.474,45.4125,40.6035,483.6225,255.38,67.381,66.037,441.75125,546.61225,25.86
7,18.75,0.469,36.26825,6.267,0.85125,18.51,39.36525,-4.32825,40.9385,36.30125,49.615,94.035,368.452,42.73,-5.708,295.21525,157.106,44.12175,47.68225,439.211,534.201,25.982
7,19.25,0.451,35.35275,5.492,1.13625,-4.5275,26.397,-14.157,40.3685,36.322,53.28,94.0615,369.946,40.2525,-33.836,139.02825,75.76325,22.00625,26.85375,433.886,521.591,26.428
7,19.75,0.373,33.92025,4.755,1.8355,-7.941,14.26925,-21.337,39.76275,36.24525,58.9575,94.06925,372.61,36.2375,-48.78275,35.2775,17.01975,4.5175,8.10875,430.4105,505.083,26.629
7,20.25,0.34425,32.5435,4.346,2.076,-10.527,8.773,-25.692,39.097,36.17375,65.9325,94.09325,375.913,32.4775,-48.202,2.02075,-1.853,0.04625,2.825,426.4945,493.77875,26.868
7,20.75,0.314,31.3325,4.106,1.919,-11.331,9.24,-27.6075,38.35575,36.04125,68.30325,94.11125,378.832,28.7525,-47.1005,0,-2.824,0,2.825,422.88075,486.79475,26.911
7,21.25,0.29575,30.64,3.983,1.7345,-9.638,9.037,-27.887,37.6135,35.895,71.25,94.15825,379.948,26.6275,-45.094,0,-2.824,0,2.825,421.53475,483.34175,27.313
7,21.75,0.3125,29.985,3.928,1.96725,-10.956,9.599,-28.12025,36.93525,35.7575,73.2,94.1855,380.863,24.9675,-42.7985,0,-2.82075,0,2.826,419.58575,480.36075,27.674
7,22.25,0.317,29.8925,4.196,2.039,-10.259,8.495,-28.36525,36.4025,35.5985,75.25075,94.208,381.959,23.89,-41.90375,0,-2.824,0,2.826,417.7235,478.41375,27.525
7,22.75,0.324,29.5225,4.146,1.644,-10.94,10.0925,-28.2765,35.912,35.424,77.175,94.214,381.211,22.065,-42.106,-0.002,-2.824,-0.002,2.826,415.69525,474.56125,27.549
7,23.25,0.325,28.7125,4.138,1.68825,-9.416,7.1215,-28.90975,35.44225,35.24125,80.6,94.2385,384.239,20.735,-42.819,-0.0035,-2.82,-0.002,2.826,414.18025,471.49775,27.543
7,23.75,0.346,28.4375,4.428,1.7075,-8.863,7.07025,-28.5625,34.72575,35.01775,80.85,94.264,384.824,20.305,-40.52275,-0.002,-2.821,-0.0035,2.826,415.029,472.18825,28.0875
8,0.25,0.301,27.78,3.676,1.82075,-8.253,6.219,-32.08,33.066,34.11,82.7,94.18,382.50875,15.47,-41.795,0,-2.817,-0.002,2.826,411.438,465.493,29.1155
8,0.75,0.308,27.67,3.678,1.58,-6.54025,6.68675,-32.375,32.675,33.94,82.8,94.177,384.172,15.71,-39.806,0,-2.813,-0.0035,2.826,407.434,461.949,29.0295
8,1.25,0.303,27.15,3.774,1.9485,-5.6,9.28525,-30.872,32.395,33.645,83.4,94.166,384.55425,16.34,-38.511,0,-2.66,-0.004,2.826,406.252,461.949,29.06525
8,1.75,0.274,26.98,3.679,1.7915,-4.648,8.086,-31.43,32.125,33.24,85.9,94.141,388.00225,15.06,-37.782,0,-2.817,-0.002,2.826,406.738,459.583,28.8555
8,2.25,0.2825,26.71,3.637,1.62325,-4.951,9.3635,-30.572,31.861,33.07,88.1,94.172,393.7845,14.56,-36.198,0,-2.758,-0.004,2.826,405.592,458.592,29.233
8,2.75,0.29775,26.46,3.859,1.48375,-5.458,8.5255,-31.675,31.616,32.91,90.7,94.16,395.7265,12.6,-37.137,-0.002,-2.758,-0.0055,2.826,405.689,455.829,29.25425
8,3.25,0.31,26.07,3.991,1.9295,-5.15,6.59825,-31.399,31.375,32.75,91.2,94.173,390.258,11.59,-36.622,0,-2.738,-0.0035,2.826,406.308,454.575,29.589
8,3.75,0.292,25.83,3.857,1.5155,-3.592,5.184,-31.02,31.155,32.591,92.2,94.195,392.17975,10.5,-33.653,0,-2.53,0,2.826,401.818,452.749,29.33775
8,4.25,0.278,25.78,3.574,1.923,-3.614,6.902,-31.47,30.945,32.431,94.5,94.197,393.36925,10.84,-34.59,0,-2.762,0,2.826,401.43,449.957,29.61725
8,4.75,0.2415,25.32,3.135,2.076,-3.613,3.902,-31.757,30.775,32.285,95.9,94.204,393.25575,10.25,-35.184,0.389,-2.719,0,2.826,403.211,450.271,29.316
8,5.25,0.255,24.92075,3.408,2.306,-3.323,6.681,-32.0055,30.532,32.15975,97.4,94.20825,396.4825,8.9475,-36.70375,0.78775,-2.62975,0.0455,2.826,398.81575,447.72875,29.7395
8,5.75,0.261,24.4,3.533,2.236,-4.17,7.6975,-31.72175,30.31975,32.03125,97.275,94.2225,395.7615,9.9075,-32.97825,9.3465,3.096,1.46525,2.872,399.4525,446.2875,29.49375
8,6.25,0.2705,24.05525,3.47,1.5885,-2.489,11.18625,-28.73,30.1235,31.87575,97.2,94.26025,396.723,9.36,-13.9535,73.64175,34.3995,7.47575,12.07,397.24475,447.30025,29.492
8,6.75,0.289,25.195,3.449,1.2635,9.21075,21.47475,-23.69625,29.9495,31.727,94.65,94.307,393.92725,10.6275,22.77225,216.0625,92.41475,20.98075,26.79775,399.5795,452.6735,29.31175
8,7.25,0.37625,26.4875,4.378,1.525,40.008,29.87725,-13.8755,29.85775,31.5915,91.05,94.329,389.90275,11.185,58.7475,356.2325,201.98825,37.83775,44.29725,400.92525,463.42975,29.49125
8,7.75,0.3995,27.815,4.657,1.589,70.6665,48.599,-2.34775,29.7945,31.45375,87.3,94.337,384.588,13.96,122.2775,529.47525,297.6825,56.91025,59.2625,405.8415,477.50375,30.1045
8,8.25,0.426,29.1725,5.131,1.564,111.532,65.68775,13.5985,29.939,31.3475,83.525,94.34125,379.971,16.995,213.11525,803.925,406.055,76.114,76.219,411.794,491.351,30.064
8,8.75,0.468,30.4375,6.029,1.41875,139.145,77.46,21.89725,30.0875,31.28825,78.575,94.348,376.81825,19.7725,278.78,989.06,507.5835,94.237,92.734,416.11575,508.05925,30.2505
8,9.25,0.465,31.515,5.845,1.5675,180.998,84.7935,45.08175,30.319,31.25475,74.1,94.33575,374.4365,24.055,341.01825,1192.325,607.865,127.53075,118.65,422.30975,523.83325,29.6795
8,9.75,0.485,32.93575,5.899,1.202,201.812,93.38925,51.48575,30.6475,31.2665,68.97,94.341,370.89725,27.11,398.5,1363.325,697.41,148.92825,141.4435,426.295,538.78675,29.04725
8,10.25,0.506,33.99525,6.354,1.4735,244.215,115.1425,76.953,31.20875,31.22,65.285,94.33725,369.429,31.2175,436.7975,1505.225,768.4525,152.701,144.60025,432.33,555.28575,28.89875
8,10.75,0.494,34.975,6.032,1.09475,262.299,131.43325,98.6075,31.795,31.2325,60.681,94.32225,369.0275,34.875,469.575,1638.625,836.02075,182.96575,178.4725,437.4465,569.50025,28.5905
8,11.25,0.46625,35.7775,5.806,1.297,283.372,125.75525,117.048,32.55775,31.26625,57.1025,94.30525,367.78475,38.39,492.37025,1736.1,885.79825,197.19525,185.01525,440.8845,585.477,29.094
8,11.75,0.472,36.3,5.857,1.22975,307.041,116.09575,118.87425,33.40125,31.355,55.19525,94.29775,366.86125,40.1425,516.4825,1806.95,924.84775,231.23025,201.25,443.7695,599.17125,28.91275
8,12.25,0.47325,37.06275,5.726,1.57575,309.419,129.238,121.317,34.25875,31.62,54.21525,94.2815,366.97425,43.2875,536.3425,1830.275,948.41,234.55275,197.65275,446.415,606.26775,28.476
8,12.75,0.476,37.6225,5.546,1.59875,311.168,145.49925,117.008,35.13375,31.892,52.1275,94.264,366.9365,45.71,533.95,1845.57525,957.53775,225.26325,192.22,450.2895,615.14475,27.94775
8,13.25,0.473,38.091,5.468,1.566,309.838,132.4165,103.175,36.02,32.14,48.95,94.228,367.19075,47.21,519.65,1819.301,939.1,206.65,184.94,451.703,620.559,27.6635
8,13.75,0.457,38.33,5.427,1.704,283.595,134.97475,119.413,36.89,32.385,47.64,94.18,366.982,49.02,500.85,1780.1,919.42,205.55,183.1,453.154,623.216,27.88875
8,14.25,0.492,38.67,5.755,1.85475,305.023,127.3445,122.975,37.68,32.686,46.12,94.154,367.137,49.44,469.68,1707.8,880.16,174.521,165.37,455.52,621.888,27.211
8,14.75,0.505,38.75,5.889,1.2895,264.689,105.449,118.6,38.37,33.12,45.37,94.121,366.964,49.86,418.33,1603.901,827.28,161.881,156.381,456.473,610.215,27.08875
8,15.25,0.48275,38.9,5.847,1.23825,257.679,104.58225,108.944,39.03,33.51,43.33,94.08,366.64975,50.47,376.87,1482.801,760.61,164.26,147.42,458.019,603.187,26.83875
8,15.75,0.474,38.9,5.803,1.516,225.974,95.37925,99.924,39.435,33.89,43.66,94.055,366.05125,50.72,338.59,1346.4,690.43,144.735,132.92,456.397,597.3,28.01725
8,16.25,0.485,38.98,5.838,1.2545,201.39425,93.86975,82.503,39.745,34.22,43.41,94.034,365.5055,50.79,266.78,1178.1,603.42,124.76525,118.6,455.897,591.228,27.968
8,16.75,0.528,38.861,6.1,1.32,159.06525,75.53,60.978,39.966,34.54,44.57,94.015,366.15,49.88,196.85,995.85,502.671,109.87,103.63,454.805,581.175,26.155
8,17.25,0.496,38.31,6.246,1.1915,115.86525,72.878,41.063,40.045,34.84,46.35,94.008,366.24275,48.85,128.04,779.32,396.925,93.69725,85.9985,449.7,566.607,26.58125
8,17.75,0.465,37.89,5.936,1.4095,77.263,60.4075,18.325,39.935,34.975,47.91,94.019,366.13,46.18,63.036,579.22,300.5025,75.0515,68.545,449.66,553.963,27.0985
8,18.25,0.4555,36.68575,5.76325,0.942,38.66125,37.0115,0.0175000000000001,39.47225,35.0295,49.7025,94.034,365.835,42.7375,12.3705,383.25025,196.17,54.0245,51.7295,444.902,538.9055,27.84475
8,18.75,0.42125,35.805,5.522,1.00725,5.72975,28.798,-11.23825,38.936,35.05075,53.94575,94.04525,366.3025,39.6575,-24.53575,207.6775,104.3525,31.73,32.3475,439.11325,523.054,27.89825
8,19.25,0.377,34.43,4.51825,1.5925,-6.505,17.14825,-22.369,38.33,35.0275,57.75775,94.06225,369.911,34.715,-45.92575,61.2685,30.017,9.26375,13.081,433.10575,508.92375,28.22
8,19.75,0.32,32.8925,3.88725,2.2375,-11.54425,9.7845,-28.14325,37.8225,34.99025,60.86325,94.0965,371.4745,30.54,-47.245,5.66625,0.49975,0.6195,2.82525,427.64575,498.0675,27.9765
8,20.25,0.30125,31.4435,3.7555,2.057,-9.14025,9.7415,-30.7865,37.22075,34.9035,64.215,94.1235,373.8635,25.625,-46.89025,0,-2.824,0,2.825,423.866,488.605,29.1235
8,20.75,0.3,30.835,3.8915,2.2525,-11.37525,11.466,-31.08625,36.59,34.78025,67.18,94.13375,376.4745,23.43,-46.146,0,-2.824,0,2.825,421.29075,483.337,29.603
8,21.25,0.303,30.33525,3.984,1.8405,-11.342,9.9395,-31.48775,35.99575,34.679,70.725,94.15625,378.946,21.7125,-43.28775,0,-2.817,0,2.825,420.16525,479.5905,29.92875
8,21.75,0.3145,29.91,4.033,2.2145,-10.914,10.671,-31.7,35.42825,34.55125,73.225,94.1845,380.1735,19.8575,-42.558,0,-2.80625,0,2.826,419.20175,476.64875,29.7455
8,22.25,0.32075,29.3625,3.929,2.148,-12.094,8.894,-30.57125,34.9285,34.40375,74.9,94.1835,380.9165,20.08,-41.836,0,-2.701,0,2.826,418.8095,475.07975,29.1095
8,22.75,0.30375,28.8625,3.866,1.8375,-10.0295,8.8785,-31.5765,34.47,34.2415,76.9,94.189,379.8625,18.955,-41.872,0,-2.81825,0,2.826,416.518,472.2875,29.408
8,23.25,0.293,28.48,3.653,1.87625,-10.609,9.103,-31.69325,34.01125,34.069,78.05,94.186,380.51975,17.8825,-43.051,0,-2.82225,0,2.826,413.38525,470.03325,29.3275
8,23.75,0.315,27.94,3.6945,2.0085,-9.5515,9.23375,-31.6335,33.2675,33.89275,79.15,94.18875,382.321,16.9625,-42.47475,0,-2.801,-0.002,2.826,412.1455,467.00625,28.94425
9,0.25,0.35,22.6775,4.24225,1.2555,-6.0475,4.72,-30.224,28.4625,29.4575,94.35,94.5545,385.26575,8.585,-42.01075,0.01425,-2.824,0,2.826,387.4805,436.0625,23.32
9,0.75,0.32975,22.39,4.347,1.41825,-5.04025,3.17175,-30.42425,28.07625,29.3315,95.325,94.55075,388.0245,7.91,-40.29075,0.24225,-2.82175,0.13525,2.826,388.011,434.90125,23.57325
9,1.25,0.33125,21.9275,4.43575,1.575,-5.11725,2.9895,-30.3615,27.7175,29.21,95.625,94.55275,387.35775,7.39,-36.3345,0.771,-2.722,0.5825,2.826,386.3845,432.6215,22.77425
9,1.75,0.35,21.635,4.15825,1.243,-4.13125,4.14,-30.17225,27.405,29.035,96.775,94.54725,389.7365,6.285,-36.4535,0.757,-2.78175,0.53975,2.826,385.35725,432.36175,23.678
9,2.25,0.3195,21.6075,3.83,1.4755,-4.65025,5.43825,-29.083,27.17,28.85775,98.575,94.5455,387.5635,5.935,-33.537,0.849,-2.75375,0.71375,2.826,387.77825,431.54925,22.417
9,2.75,0.30075,21.64,3.71275,1.2525,-4.524,5.115,-28.3725,26.945,28.68125,99.85,94.53475,388.65275,5.5975,-31.5965,0.82,-2.63875,0.79,2.826,389.521,431.03325,21.828
9,3.25,0.2835,21.025,3.67425,1.4445,-3.3735,4.192,-28.491,26.75,28.5,99.75,94.535,385.776,5.22,-31.5665,0.842,-2.66,0.76675,2.826,389.2955,430.317,21.9465
9,3.75,0.295,20.6575,3.80525,1.322,-2.855,4.058,-30.3075,26.5825,28.35075,100,94.53925,389.363,5.0275,-31.709,0.813,-2.65175,0.79825,2.826,387.2765,424.91375,22.03475
9,4.25,0.29525,20.3275,3.74275,1.47425,-3.79075,5.144,-30.007,26.4125,28.187,99.85075,94.5545,390.0295,4.73,-29.8675,0.849,-2.52,0.804,2.826,388.21575,425.80075,22.1655
9,4.75,0.258,20.11275,3.5175,1.414,-3.78125,2.939,-29.05625,26.22625,27.96875,99.975,94.55125,390.088,4.345,-28.18025,0.849,-2.62275,0.804,2.826,389.7405,426.09675,22.26925
9,5.25,0.30875,20.12,3.68275,1.386,-4.5855,5.35125,-28.229,26.0195,27.85875,100,94.56175,387.3475,4.2925,-28.48475,0.997,-2.67275,0.804,2.826,388.1815,425.379,22.3955
9,5.75,0.305,19.905,3.5115,1.5095,-3.5845,4.33375,-29.23575,25.83375,27.74125,100,94.57475,391.8745,3.9125,-26.95525,0.95875,-2.26375,0.804,2.826,389.8285,424.18425,21.752
9,6.25,0.279,19.7275,3.541,0.9915,-2.575,4.378,-27.781,25.695,27.57825,100,94.59925,392.1295,3.89,-23.199,15.0125,5.843,2.09925,3.3495,391.39225,424.06325,21.703
9,6.75,0.3275,19.835,3.9565,1.2565,-1.0325,9.51875,-25.34425,25.5625,27.417,100,94.61475,392.63825,4.12,-9.45,89.99625,44.759,9.228,14.8205,392.1555,424.9105,22.05925
9,7.25,0.3345,20.96,4.241,0.7395,15.05475,21.84475,-19.442,25.47,27.28825,99.375,94.6375,394.382,5.2175,35.5975,252.055,128.411,23.9815,30.96725,388.6295,429.49625,22.476
9,7.75,0.356,22.255,4.65375,1.01825,46.67675,34.54375,-12.24875,25.4175,27.18025,96.65,94.656,389.675,6.8575,92.43975,439.3725,225.43075,43.25,49.48775,389.88875,438.896,22.8565
9,8.25,0.38825,23.535,4.92375,1.6315,91.878,47.38475,-0.02425,25.415,27.06025,91.2,94.65775,384.2005,9.015,167.48,653.76075,331.5175,62.4525,66.58475,390.42,451.53875,22.84775
9,8.75,0.46,24.565,5.579,2.6145,135.08625,62.6175,13.07325,25.47375,26.92875,86.25,94.6695,380.84325,11.49,225.185,857.14,434.8275,79.15725,83.245,395.0705,463.599,23.17275
9,9.25,0.48275,25.8375,5.9695,3.06825,178.163,66.368,28.71225,25.585,26.81125,83.025,94.682,378.87975,13.3375,284.88325,1037.87525,529.16575,107.28,104.90775,400.73325,479.72175,24.2185
9,9.75,0.502,27.14,6.05025,3.342,201.644,78.348,38.9425,25.84325,26.76525,80.22525,94.688,375.40225,16.35,335.6735,1197.45,615.2335,131.06,118.4935,401.30525,492.68375,23.85575
9,10.25,0.488,28.32,6.15075,4.65425,239.6655,93.1435,61.595,26.22125,26.7425,73.275,94.6755,371.82825,18.925,386.65575,1374.97575,702.67,141.91,134.9,406.51025,509.03275,23.24825
9,10.75,0.487,29.4125,5.95375,3.08625,268.70475,98.95425,77.05475,26.52875,26.75,69.71,94.6635,369.843,21.39,422.0875,1472.65075,756.9075,167.65,147.6,409.0185,521.4095,22.905
9,11.25,0.469,30.135,6.013,5.07675,291.064,102.552,88.964,27.055,26.7925,68.1175,94.64875,369.7965,23.475,449.5375,1562.30075,803.75275,178.26,154.85,412.25175,531.1525,22.7455
9,11.75,0.484,30.8225,5.9085,3.47775,292.87125,108.817,89.76875,27.7075,26.885,65.71525,94.618,370.108,25.94,471.8325,1638.40025,844.54325,181.44,164.07,414.465,541.20375,22.91
9,12.25,0.469,31.33775,5.78175,5.1905,308.446,112.00875,93.3255,28.5675,26.97,62.945,94.58875,368.725,27.1375,478,1673.90075,863.87575,192.03,169.441,418.37,548.394,22.24775
9,12.75,0.491,31.79,6.087,3.6405,305.635,112.331,92.5795,29.28875,27.1275,61.265,94.5415,368.498,28.3825,465.3585,1677.72575,872.61825,194.0925,167.53025,422.94875,556.57125,22.471
9,13.25,0.4925,32.19575,6.112,5.4335,313.539,113.945,79.94825,30.085,27.335,58.565,94.499,368.063,30.3,455.51,1646.525,851.08,178.0125,167.7525,423.49625,560.19375,22.057
9,13.75,0.52825,32.6475,6.02325,5.26025,312.325,103.235,91.7445,31.02375,27.5745,56.3425,94.4565,368.3855,31.415,430.885,1595.47525,825.3775,164.59,158.62,426.5845,564.201,21.29475
9,14.25,0.502,32.96325,5.8785,3.65375,293.438,110.31475,92.767,31.7975,27.85,56.09525,94.44175,368.2105,31.8075,400.28,1524.17575,785.405,160.62,153.17,421.46425,560.512,20.58425
9,14.75,0.52225,33.06575,5.992,2.851,257.277,94.5,84.39925,32.45775,28.14,54.3025,94.4245,367.6535,32.9475,349.06325,1368.225,709.2475,142.12,137.42775,425.63175,555.888,20.4105
9,15.25,0.53125,33.2725,5.72625,3.04975,221.3255,92.7215,80.46875,33.04275,28.41,52.9325,94.38425,367.0165,33.2575,301.97,1259.975,646.80275,136.94025,129.881,425.52125,548.94975,20.5885
9,15.75,0.5025,33.28,6.02625,2.926,198.40025,75.546,68.197,33.44875,28.7275,53.4525,94.351,367.7165,33.585,238.87,1104.1,563.27,121.9,114.96275,422.75975,544.35725,20.43025
9,16.25,0.512,33.4525,6.09925,3.1385,167.7205,70.4095,56.30075,33.70875,29.04625,53.2225,94.338,367.71,33.65,179.7075,935.055,473.1475,104.9525,99.25425,419.34225,538.621,19.773
9,16.75,0.5405,33.0975,6.423,2.0355,129.74825,67.0345,38.35825,33.7225,29.32375,52.8675,94.3235,367.833,33.0875,114.5135,738.2375,379.68325,87.816,83.919,419.3725,528.76225,20.007
9,17.25,0.5355,32.47,6.5335,1.6985,86.15275,50.8265,15.0005,33.735,29.59125,54.2025,94.32,368.34725,31.9025,52.314,534.7975,272.165,66.629,65.63075,413.657,512.32475,20.7005
9,17.75,0.4855,31.6,6.26475,1.0545,39.20725,36.3765,-3.2695,33.645,29.74875,58.76525,94.31725,369.15875,30.1325,3.216,328.895,169.29,43.48875,48.15275,409.8615,499.5695,20.373
9,18.25,0.445,30.24,5.552,0.923,2.6725,18.3185,-17.694,33.47125,29.95375,62.745,94.33625,370.155,26.585,-30.893,155.53525,80.62475,21.78125,26.719,408.091,484.29475,20.678
9,18.75,0.415,28.69525,4.707,1.441,-5.3215,10.09975,-27.08125,33.2125,30.11325,66.9,94.35275,372.973,22.955,-46.80225,35.939,15.03625,4.14925,6.89325,404.21125,470.14475,21.43
9,19.25,0.35025,27.18,4.327,1.4145,-11.28,9.5785,-30.1695,32.75125,30.212,73.875,94.38725,375.615,19.3425,-50.72775,1.565,-2.242,0.02375,2.825,399.081,461.47,21.486
9,19.75,0.345,26.2075,4.133,1.6465,-11.528,8.413,-30.58825,32.10525,30.23625,75,94.4175,376.618,17.4,-47.3625,-0.00575,-2.824,-0.006,2.826,396.92425,457.23,22.061
9,20.25,0.36375,25.525,4.0115,1.3455,-8.4045,7.438,-30.89125,31.389,30.23125,77.55,94.45125,378.315,15.2125,-46.54875,-0.0145,-2.824,-0.017,2.826,394.83425,453.722,22.421
9,20.75,0.3485,25.0125,4.1435,1.5375,-7.054,8.504,-30.7575,30.8395,30.20575,80.5,94.4895,378.026,13.4225,-41.83125,-0.02625,-2.824,-0.024,2.826,394.9055,451.0065,22.479
9,21.25,0.375,24.7,4.375,1.4295,-8.3005,7.7525,-30.20575,30.25375,30.13125,82.15,94.51725,378.901,12.7825,-41.31075,-0.01125,-2.824,-0.0155,2.826,392.5435,448.47475,22.66775
9,21.75,0.3775,24.39,4.5825,1.542,-8.495,7.109,-29.80125,29.75125,30.0225,83.80075,94.54975,380.976,11.105,-42.401,-0.00475,-2.824,-0.004,2.826,386.43475,444.2665,22.5795
9,22.25,0.398,24.1425,4.6385,1.358,-10.7275,5.768,-29.9355,29.2825,29.90125,86.675,94.5515,382.42,10.6675,-40.982,-0.002,-2.824,0,2.826,387.55025,442.9715,22.56325
9,22.75,0.364,23.695,4.5425,1.5795,-7.74,5.909,-29.5675,28.8975,29.7495,88.55,94.55675,384.703,9.9375,-39.463,0,-2.824,0,2.826,389.7315,437.27975,22.788
9,23.25,0.3825,23.4275,4.778,1.19025,-7.27,4.2755,-30.3625,28.5725,29.5625,91.85,94.555,384.528,9.48,-41.99775,0,-2.824,0,2.826,383.90675,438.27625,23.1895
9,23.75,0.371,23.0525,4.4565,1.4145,-6.114,6.105,-30.398,28.28625,29.35,92.375,94.55525,387.462,8.335,-41.34725,0,-2.824,0,2.826,385.72275,436.955,23.512
10,0.25,0.3735,17.16825,4.587,1.307,-3.6125,8.819,-28.00075,20.319,21.9725,96.75,94.4955,387.2015,6.7025,-41.556,0,-2.535,0,2.826,336.38175,398.12175,15.18525
10,0.75,0.361,16.84,4.43775,1.244,-5.77125,6.829,-28.0695,20.04125,21.7775,98.9,94.50125,386.061,6.58,-39.98,0,-2.437,0.03525,2.827,340.5155,395.67425,15.08025
10,1.25,0.36675,16.49,4.55175,1.299,-3.93125,7.79,-29.24275,19.79025,21.58625,99.50075,94.49325,387.699,6.3475,-37.53075,0,-2.30075,0.09075,2.826,342.191,394.563,15.265
10,1.75,0.3695,16.10325,4.35725,1.38525,-3.11675,8.30975,-29.25575,19.54375,21.39125,99.475,94.50075,387.507,6.2525,-37.23475,0,-2.45075,0.1305,2.826,342.89625,392.84075,15.203
10,2.25,0.344,15.64,4.26225,1.18075,-3.1305,7.74225,-29.47,19.33525,21.195,98.675,94.51325,389.198,5.9275,-38.1495,0,-2.31575,0,2.826,342.35375,390.44675,15.19325
10,2.75,0.32025,15.255,4.10975,1.18225,-4.36825,7.6175,-30.23975,19.06625,21.00875,98.75,94.4925,389.47725,5.435,-38.6235,0,-2.286,0,2.826,340.8775,391.2475,14.8895
10,3.25,0.332,14.735,4.054,1.01375,-3.6345,7.941,-29.55225,18.77875,20.85625,97.85,94.4625,390.5185,5.3275,-38.13475,0,-2.497,0,2.826,336.627,388.46725,14.6855
10,3.75,0.331,14.4125,4.0875,1.2155,-4.43725,6.4395,-29.58925,18.48375,20.7225,97.15,94.4635,389.407,4.94,-35.77175,0,-2.56175,0,2.827,337.3785,386.4165,14.7165
10,4.25,0.3275,14.15,4.001,1.21175,-3.83,8.0055,-29.894,18.1975,20.5775,95.725,94.46075,388.68475,4.3025,-37.57375,0,-2.521,0,2.826,335.4375,384.52675,14.725
10,4.75,0.3395,13.4875,4.076,1.1695,-4.4655,7.105,-30.32025,17.98375,20.445,96.875,94.46675,387.695,4.3725,-34.132,0,-1.9005,0,2.827,338.55275,385.41075,14.3215
10,5.25,0.34875,13.43,4.07275,1.2915,-4.7205,6.746,-30.3615,17.83625,20.30875,96.375,94.49675,390.896,4.1525,-33.22925,0,-2.08775,0,2.827,334.1005,384.90025,14.42
10,5.75,0.346,13.7425,4.175,1.0865,-3.99725,8.636,-30.4685,17.76,20.17375,96.6,94.5475,387.635,3.92,-33.89375,0,-2.01475,0,2.827,338.52425,384.07675,14.3165
10,6.25,0.336,13.1825,4.272,0.83825,-5.665,7.1605,-30.35325,17.70875,20.05,96.8,94.5475,388.593,3.4625,-36.631,1.532,-1.3895,0.134,2.827,336.66975,383.17875,14.234
10,6.75,0.3485,13.125,4.18875,0.981,-3.0085,8.26,-28.9975,17.58275,19.95125,97.175,94.57025,395.329,3.26,-29.46025,24.6085,11.8675,3.1825,5.29225,337.14025,384.22325,14.589
10,7.25,0.3525,13.99025,4.53325,0.6455,-1.25325,13.079,-25.142,17.474,19.8675,97.375,94.6155,393.75825,3.555,2.44275,130.335,63.18625,11.52075,20.62875,338.64975,388.6675,14.256
10,7.75,0.3725,14.93325,4.84975,0.6315,22.9675,23.09,-17.4195,17.36775,19.78125,95.8,94.63825,392.7365,4.6875,47.4765,317.5775,156.9325,26.93525,34.86275,339.5495,395.31975,14.86825
10,8.25,0.435,16.3425,5.1695,0.59575,64.235,38.4525,-9.557,17.365,19.68375,93.75075,94.65225,385.10175,6.935,109.65775,517.235,257.34075,43.716,50.60425,337.787,404.74475,14.826
10,8.75,0.4645,17.6,5.57425,0.75525,90.79075,47.6575,6.3835,17.46,19.5945,86.975,94.67125,382.1095,8.4875,172.44075,702.08,354.0325,59.455,64.2095,338.38375,415.6425,15.042
10,9.25,0.517,19.015,6.241,0.301,134.5825,49.9275,20.29975,17.545,19.52375,83.1,94.6895,380.12475,10.7975,229.67775,898.99825,456.15525,80.296,80.2215,344.89625,430.5855,14.8265
10,9.75,0.53,20.71,6.44775,0.44675,179.54,62.1425,41.4495,17.705,19.47875,80.375,94.6925,378.84875,12.5175,280.2125,1039.82575,531.78025,92.1365,94.7275,350.849,445.6615,14.768
10,10.25,0.559,21.8375,6.6945,0.395,207.5925,67.265,52.366,18.1725,19.45325,76.27525,94.6855,377.791,14.505,327.6625,1176.875,605.7075,106.721,106.46,357.24625,458.151,14.67425
10,10.75,0.558,22.54,6.785,0.909,221.4755,68.5465,67.8115,18.84375,19.542,74,94.6475,376.5825,15.72,363.155,1291.55,666.44325,122.72,116.7,362.544,468.2215,14.62975
10,11.25,0.57275,23.0975,6.755,0.543,239.54325,86.714,83.931,19.47075,19.65625,70.9,94.60225,375.501,16.825,387.74825,1389.6,713.86,136.975,131.39,363.48275,478.32525,14.738
10,11.75,0.5635,23.7975,6.823,0.441,246.7245,79.764,84.903,19.98125,19.76,68.795,94.55,375.1875,18,401.7725,1424.275,742.1975,131.84,128.69,366.89725,486.72125,14.975
10,12.25,0.59125,24.39275,7.15975,0.59775,253.79475,88.251,85.8055,20.9125,19.905,66.8125,94.527,374.1345,19.02,403.4875,1446.275,750.8525,129.31,131.001,370.2865,495.478,14.922
10,12.75,0.58275,25.2775,6.93625,0.60525,261.57825,89.99775,85.03625,21.835,20.1275,63.96575,94.50625,373.3985,20.3975,393.27,1454.525,753.66575,145.361,132.51,371.17025,498.18775,14.62
10,13.25,0.575,25.66275,7.319,0.6315,248.36125,81.02075,67.968,22.665,20.45,61.2875,94.4655,372.53725,22.0425,377.3475,1417.375,741.20025,128.56,128.9935,373.761,501.45025,14.866
10,13.75,0.5675,25.9475,7.1955,0.7,224.8085,84.3765,77.32875,23.405,20.72,60.1,94.43525,371.957,23.145,347.67275,1352.025,696.7675,124.9,123.86025,375.0875,500.55475,14.866
10,14.25,0.56675,26.34,7.0965,0.62525,207.4845,76.6505,80.251,23.91,20.9925,59.9775,94.41425,372.2565,23.7775,305.6375,1261.6,652.675,124.4175,116.06525,375.7875,499.83525,14.924
10,14.75,0.5745,26.19325,7.109,0.3985,193.6055,80.816,72.13025,24.20775,21.08625,60.92,94.393,372.6815,23.9325,261.3735,1140.725,592.355,122.87,110.53,373.255,497.3735,14.661
10,15.25,0.575,26.411,6.994,0.393,163.1315,68.3085,61.0675,24.65125,21.2425,60.98,94.39525,372.152,23.915,204.526,995.37275,513.66525,106.055,94.933,375.0665,493.3075,14.624
10,15.75,0.564,26.72575,6.9805,0.466,129.966,56.94025,44.366,24.9375,21.575,61.1575,94.396,372.1375,24.3225,144.39075,829.1225,425.70575,90.662,82.256,372.4105,486.749,14.522
10,16.25,0.547,26.86575,6.825,0.4325,91.7145,52.3215,30.50475,24.96625,21.88,60.53075,94.364,372.1905,23.9775,81.37625,640.3725,327.805,75.52175,67.5,369.74825,476.745,14.692
10,16.75,0.54975,26.4375,6.6515,0.351,50.1975,42.6785,11.3345,25.012,22.09375,61.9975,94.35925,372.662,23.3625,27.52425,448.115,226.9275,55.59725,54.01425,367.94775,465.90025,14.768
10,17.25,0.4995,25.62,5.7865,0.7245,14.858,30.866,-5.20675,24.85875,22.2525,63.95325,94.3815,373.143,21.7975,-6.8815,259.705,129.46575,35.25325,35.97475,364.88975,452.18775,14.522
10,17.75,0.449,24.65,5.32,0.8585,-1.749,16.9605,-16.79425,24.5475,22.34625,67.725,94.4075,375.2925,19.835,-36.0355,92.76625,44.47525,13.99975,18.4605,362.5815,437.67475,14.8355
10,18.25,0.35575,22.3725,4.21925,0.90225,-5.26725,10.40275,-23.159,24.1675,22.37375,74.575,94.417,376.60275,16.985,-40.09625,11.5945,4.8805,1.7605,3.536,362.808,424.09475,14.90025
10,18.75,0.344,20.9175,3.83025,1.2875,-6.48275,11.958,-26.04025,23.595,22.38625,77.97525,94.43375,378.624,14.2075,-44.878,0.22475,-2.824,0,2.826,357.32875,417.01925,14.918
10,19.25,0.316,19.82825,3.67675,1.337,-11.23925,11.36825,-27.201,22.9175,22.425,83.075,94.45275,379.04925,12.0675,-43.2635,0,-2.817,0,2.826,351.7155,410.663,14.719
10,19.75,0.3215,19.32,3.907,1.33,-7.9455,8.981,-28.81525,22.26375,22.42875,83.85025,94.482,379.4025,11.3275,-46.64175,0,-2.821,0,2.826,351.78075,407.073,14.987
10,20.25,0.319,18.8625,3.99825,1.337,-7.94025,10.64375,-29.21775,21.80625,22.36,85,94.4795,380.46925,10.63,-46.17375,0,-2.747,0,2.826,350.5675,404.83925,14.887
10,20.75,0.318,18.35775,3.85725,1.063,-6.923,9.45775,-31.078,21.37,22.1375,86.675,94.4835,381.42325,9.2375,-44.26475,0,-2.818,0,2.826,345.48825,403.7495,15.3905
10,21.25,0.312,17.79575,4.02025,1.22,-8.1705,7.73025,-29.2175,20.9625,21.875,88.9,94.51275,383.8155,8.8475,-45.89625,0,-2.78775,0,2.826,344.00875,401.2805,15.427
10,21.75,0.33525,17.2425,4.2435,1.25775,-8.4995,9.16175,-29.322,20.60625,21.61875,90.675,94.525,384.3765,8.1775,-45.609,0,-2.772,0,2.826,341.56225,398.1755,15.189
10,22.25,0.33175,16.9525,3.98725,1.2575,-4.93925,8.76075,-28.45625,20.27125,21.36875,92.82525,94.53575,384.80675,8.055,-43.85275,0,-2.68975,0,2.826,344.1655,397.3555,15.16625
10,22.75,0.332,16.6125,4,1.53625,-8.5235,8.492,-28.59025,19.985,21.145,93.60025,94.55075,386.4315,7.5425,-46.6385,0,-2.38775,0,2.826,343.23875,396.493,15.223
10,23.25,0.33,16.4875,4.12825,1.216,-3.285,7.132,-28.3415,19.7375,21,95.425,94.562,386.3445,7.0275,-41.13225,0,-2.12275,0,2.826,342.19275,395.664,15.07925
10,23.75,0.356,16.53,4.26425,1.4925,-5.08175,8.88975,-28.0015,19.47,20.8675,98.05,94.541,386.678,6.805,-40.2445,0,-1.9785,0,2.82675,340.574,395.22975,15.125
11,0.25,0.41,10.835,5.05375,0.8205,-4.953,8.375,-23.47525,11.77625,13.11,95.475,94.738,382.7295,3.3125,-45.8145,0,-2.3345,0,2.827,300.56275,366.828,12.621
11,0.75,0.41625,10.1,4.932,0.62925,-7.74075,7.25325,-23.78725,11.54125,12.97125,95.85,94.7395,384.50175,3.395,-41.10975,0,-2.34875,0,2.827,306.22225,363.92975,12.098
11,1.25,0.392,10.065,4.862,0.5825,-7.797,9.5645,-24.05275,11.3725,12.82125,97.65,94.733,383.30925,3.53,-40.05125,0,-2.3695,0,2.826,307.86975,364.9925,12.26925
11,1.75,0.40825,9.91,5.194,0.55475,-7.4135,8.112,-24.70275,11.19875,12.68,97.925,94.73825,383.522,3.2475,-42.26375,0,-2.3145,0,2.827,306.0935,361.53675,12.115
11,2.25,0.4155,9.8425,5.033,0.61275,-8.232,7.44975,-24.49875,11.044,12.56625,97.701,94.73825,384.1625,3.25,-41.45475,0,-2.35175,0,2.827,306.72525,361.403,11.8435
11,2.75,0.39175,9.47,5.15175,0.7255,-8.399,9.87275,-24.811,10.94125,12.475,97.375,94.73225,383.814,3.0675,-38.2135,0,-2.034,0,2.82675,305.27875,361.285,11.909
11,3.25,0.43825,9.365,5.54175,0.65825,-6.7555,9.9655,-25.268,10.91325,12.3825,96.5,94.731,384.4355,2.9925,-37.70725,0,-1.96975,0,2.8255,304.328,360.49125,12.039
11,3.75,0.4195,9.14775,5.2625,0.641,-6.03675,9.045,-24.52725,10.8425,12.29875,96.975,94.722,383.6535,2.845,-38.5565,0,-2.1525,0,2.82525,306.68975,360.149,12.25625
11,4.25,0.422,9.45,5.453,0.6255,-7.2285,10.61075,-24.466,10.6925,12.21375,97.20075,94.71625,384.83575,3.0925,-35.66475,0,-1.74575,0,2.82275,308.36325,359.9465,12.09875
11,4.75,0.42175,9.10025,5.26225,0.547,-6.467,11.26075,-24.11925,10.55125,12.11625,98.20025,94.7125,384.83725,2.7575,-37.17125,0,-2.0555,0,2.82275,307.462,359.57975,12.141
11,5.25,0.394,8.7225,4.976,0.53475,-8.15725,8.125,-23.50025,10.5075,12.04,98.35,94.73025,385.48375,2.5725,-34.559,0,-1.98475,0,2.823,305.495,360.10375,11.968
11,5.75,0.36975,8.97,4.5955,0.6085,-8.248,8.47825,-25.2675,10.4825,11.965,98.475,94.73925,385.1325,2.4825,-32.81375,0,-1.828,0,2.822,306.097,358.55,11.8
11,6.25,0.359,8.775,4.761,0.574,-4.429,7.40975,-25.02825,10.445,11.8825,98.2,94.75075,385.029,2.315,-34.0445,0,-2.12875,0,2.8175,303.40175,356.70375,11.736
11,6.75,0.359,8.6875,4.80525,0.4875,-5.392,8.8705,-25.313,10.36875,11.7875,99.5,94.77525,388.39175,2.335,-31.197,1.6835,-0.68575,0.14225,2.827,311.799,356.5,11.87475
11,7.25,0.3595,8.67,4.511,0.50875,-3.61925,7.6555,-25.843,10.224,11.70375,98.9,94.79475,386.4445,2.39,-22.7885,32.799,16.028,3.6005,8.12025,312.446,354.27,11.794
11,7.75,0.3705,8.9475,4.5025,0.4095,1.977,15.77875,-21.13925,10.11275,11.6425,97.85075,94.83025,387.1455,2.61,2.73375,159.3725,75.0905,13.47675,25.21625,311.89875,357.5635,11.58
11,8.25,0.374,9.72,4.81625,0.2345,14.65175,25.5265,-14.293,10.1075,11.58875,93.95025,94.87275,385.165,3.4375,42.76275,328.2725,160.09,28.542,39.17225,315.88575,364.7415,11.654
11,8.75,0.445,10.74775,5.48775,0.108,46.32925,37.3945,-2.24425,10.1775,11.5325,91.125,94.88575,383.898,4.5125,99.023,514.546,254.9625,46.00825,52.90325,317.52625,372.103,12.25775
11,9.25,0.49175,11.8925,5.97275,0.221,85.7095,42.16,9.465,10.32,11.5025,86.52525,94.907,381.3785,5.7075,152.47825,681.636,345.0625,63.0195,64.95525,319.5345,382.149,12.34
11,9.75,0.4885,12.85525,6.302,0.2,122.588,45.6835,24.869,10.58625,11.52625,85.575,94.915,381.4965,6.1375,202.7575,834.37,429.06,78.02,76.42,320.5615,392.42725,12.01575
11,10.25,0.5275,14.3175,6.5875,0.1105,149.5645,48.87475,32.723,10.99375,11.56125,83.6,94.922,379.6885,7.5325,245.785,958.6975,498.45075,91.82,88.95975,322.15925,401.577,12.71
11,10.75,0.518,14.9875,6.656,0.22,174.648,55.22,51.24825,11.47875,11.66125,78.7,94.908,379.391,8.885,275.85575,1061.451,554.7975,103.49275,100.4255,320.786,411.51875,12.11525
11,11.25,0.554,16.00325,6.754,0.099,183.484,62.94225,66.7885,11.96125,11.81375,75.4,94.90525,378.711,9.865,300.6375,1136.35075,598.2325,112.6275,111.0575,326.66925,418.90825,12.053
11,11.75,0.558,16.8575,6.864,0.181,197.105,75.361,71.27375,12.53875,11.95125,68.9775,94.86525,379.306,10.9425,314.99,1187.3,628.5975,121.3135,119.08,328.4555,426.51,12.044
11,12.25,0.563,17.78,7.024,0.2965,198.044,71.286,79.685,13.435,12.1675,68.1075,94.846,378.56,11.8175,309.98575,1204.22525,638.7325,122.45825,122.74575,331.264,430.0845,12.13275
11,12.75,0.561,18.54075,6.997,0.147,195.856,76.672,71.22075,14.0075,12.49875,64.815,94.77875,377.892,13.1725,300.145,1198.72525,634.4325,122.12775,123.08025,332.31125,435.819,12.192
11,13.25,0.567,19.11,6.9215,0.20125,196.9655,77.043,69.8845,14.4025,12.82875,63.0475,94.72725,379.177,14.4675,283.31025,1167.30025,614.71,121.77,119.11,331.28375,437.667,12.183
11,13.75,0.57625,20.025,6.75975,0.534,179.473,70.918,65.08075,14.855,13.10375,59.73,94.69825,379.2955,14.6675,253.52,1098.67525,578.58,119.07,113,330.756,441.85625,11.601
11,14.25,0.59125,19.84025,7.2355,0.38775,161.20175,68.4875,61.196,15.26875,13.42125,56.69025,94.69025,379.64775,15.3075,214.035,1004.20025,525.37,113.04,105.551,331.7605,442.43125,11.6215
11,14.75,0.5925,19.7025,7.3245,0.512,139.29775,63.0985,51.7785,15.55625,13.735,55.80575,94.692,379.562,15.445,168.86075,887.87025,460.3025,103.94,94.5845,332.789,439.31975,11.701
11,15.25,0.577,20.08,6.89175,0.495,103.8725,50.996,37.29175,15.68075,14.00125,55.92275,94.6955,379.37575,15.3,115.305,740.87,382.72075,92.823,81.47375,333.90875,433.999,11.7365
11,15.75,0.58575,20.035,7.14125,0.444,69.43175,47.31025,23.245,15.814,13.96075,56.4825,94.67475,379.58775,15.1625,59.673,571.9375,298.2525,74.371,68.58625,331.73575,428.6105,11.746
11,16.25,0.548,19.31825,6.4675,0.40525,36.2195,35.145,8.60675,15.7925,14.04125,60.545,94.654,379.325,14.8975,11.43575,388.54525,200.15,55.392,52.65875,330.71825,419.40825,11.9005
11,16.75,0.505,18.65525,6.00875,0.38375,6.28275,25.404,-2.58375,15.63375,14.2135,64.43575,94.62725,380.1175,13.3,-21.14525,230.7475,112.2825,34.53175,37.40575,325.15475,409.962,11.9815
11,17.25,0.461,17.55825,5.57475,0.50325,-3.29,14.3535,-12.687,15.42,14.349,68.21025,94.6005,380.6385,11.9025,-42.21225,70.65175,34.60025,12.51125,18.11475,323.03725,397.99025,12.175
11,17.75,0.437,15.95,5.418,0.7,-2.433,8.553,-20.93125,15.15375,14.39025,74.45,94.6135,381.6325,9.7875,-48.15575,6.7715,0.73425,1.014,2.826,321.20675,388.137,12.2705
11,18.25,0.4025,14.6475,5.041,0.53,-6.8955,7.4815,-23.312,14.8925,14.36525,78.60025,94.623,381.8765,8.345,-47.409,0,-2.80375,0,2.826,318.775,383.4515,12.351
11,18.75,0.40925,14.0225,5.1655,0.793,-8.1675,9.0955,-23.36925,14.605,14.3295,83.32525,94.6355,382.856,7.4075,-47.15375,0,-2.45875,0,2.826,315.57575,381.52925,12.553
11,19.25,0.4355,13.4,5.2795,0.829,-8.667,8.8585,-23.23,14.19625,14.247,85.55,94.6405,382.493,6.96,-45.73075,0,-2.643,0,2.826,313.8215,379.93675,12.657
11,19.75,0.434,13.105,5.2505,0.805,-5.6805,8.5905,-24.20575,13.805,14.162,86,94.652,381.717,6.4625,-47.64,0,-2.643,0,2.826,308.59225,378.436,12.84875
11,20.25,0.405,12.86275,5.3785,0.6265,-5.9365,8.019,-24.707,13.48125,14.075,88.65,94.65325,382.137,5.715,-45.5015,0,-2.4225,0,2.827,312.13525,377.3295,12.83925
11,20.75,0.455,12.2175,5.606,0.7835,-3.5955,7.45,-22.9345,13.26375,13.98,88.275,94.6615,382.514,5.2975,-46.209,0,-2.595,0,2.82675,313.1375,378.39125,13.0195
11,21.25,0.447,12.3425,5.7295,0.703,-5.719,9.038,-22.884,12.9975,13.88125,90.725,94.687,383.4825,5.0825,-46.63625,0,-2.5125,0,2.827,308.507,377.71175,12.9005
11,21.75,0.4015,12.29,5.2385,0.862,-4.173,7.401,-24.15175,12.71125,13.7875,91.45,94.7055,382.228,4.8875,-45.7385,0,-2.498,0,2.827,305.9205,376.338,12.83575
11,22.25,0.417,11.5675,5.427,0.6695,-9.493,8.046,-23.84,12.64875,13.61875,92.5,94.7195,383.38225,4.26,-46.51275,0,-2.43075,0,2.827,303.0565,374.22075,12.79075
11,22.75,0.398,11.36075,5.1715,0.65975,-9.617,7.26675,-23.7755,12.465,13.44375,93.075,94.74275,381.54025,4.125,-46.51775,0,-2.4505,0,2.827,303.93625,372.6135,12.945
11,23.25,0.4125,10.94,5.3485,0.63325,-6.6715,8.3145,-23.90775,12.3025,13.27625,92.8,94.75825,381.4565,4.0225,-46.59525,0,-2.4165,0,2.827,302.25925,371.07325,12.909
11,23.75,0.41975,10.986,5.103,0.75775,-4.164,9.537,-24.47925,12.13625,13.115,94.9,94.75325,382.922,3.47,-44.71525,0,-2.399,0,2.827,302.76125,365.87025,12.8245
12,0.25,0.364,2.881,5.0015,0.3335,-2.7305,5.4565,-19.052,3.962,5.018,95,94.886,382.3925,1.55,-30.671,0,-1.197,0,2.794,287.284,326.595,9.4785
12,0.75,0.368,3.009,5.068,0.3315,-2.24,4.427,-19.7,3.889,4.901,95.8,94.84,382.551,1.67,-28.012,0,-0.926,0,2.803,286.311,327.06,9.481
12,1.25,0.354,3.093,4.921,0.331,-2.864,5.788,-20.687,3.772,4.787,96.1,94.81,382.62175,1.8,-27.646,0,-0.588,0,2.764,285.057,326.495,9.6455
12,1.75,0.352,3.041,5,0.318,-3.2805,5.473,-19.7,3.576,4.674,96,94.818,382.2845,1.67,-28.659,0,-0.785,0,2.77,283.898,326.608,9.291
12,2.25,0.34225,2.454,4.7935,0.348,-3.884,5.063,-19.607,3.495,4.599,97.2,94.818,382.4345,1.64,-31.657,0,-0.805,0,2.768,282.68,327.096,9.37025
12,2.75,0.36125,2.179,4.8305,0.334,-2.6435,6.5695,-19.93,3.424,4.576,97.7,94.834,381.991,1.51,-26.541,0,-0.506,0,2.717,287.418,327.84,9.65975
12,3.25,0.37225,2.196,4.8845,0.4595,-2.02,5.96825,-20.944,3.381,4.579,97.301,94.859,382.34,1.47,-21.879,0,-0.479,0,2.72,290.453,326.04,9.795
12,3.75,0.366,1.821,5.077,0.3275,-1.6355,4.38275,-22.122,3.29,4.498,97.5,94.865,383.0065,1.34,-21.719,0,-0.588,0,2.718,289.278,325.03,9.02
12,4.25,0.3475,1.329,4.625,0.286,-2.2815,5.04875,-21.42,3.232,4.418,97.92575,94.829,382.776,1.27,-22.662,0,-0.722,0,2.69,287.696,323.122,9.1745
12,4.75,0.348,1.15,4.617,0.2975,-2.27775,5.27525,-21.855,3.224,4.328,98.2,94.815,382.8455,1.2075,-17.719,0,-0.494,0,2.631,288.285,322.762,9.15425
12,5.25,0.33275,1.401,4.5175,0.3085,-1.6135,3.934,-21.21,3.196,4.264,98.25,94.796,383.0725,1.1,-18.458,0,-0.722,0,2.682,291.897,322.669,9.14775
12,5.75,0.334,1.341,4.396,0.3225,-2.63925,5.3635,-19.2,3.163,4.192,97.7,94.83,383.342,1.0475,-20.88,0.0015,-0.451,0,2.687,292.467,323.44,8.957
12,6.25,0.343,1.429,4.817,0.323,-4.57125,5.0905,-18.995,3.1,4.154,98.42575,94.848,382.3955,0.98,-16.296,0.0015,-0.298,0,2.627,293.628,324.025,9.0225
12,6.75,0.34,1.14,4.793,0.273,-2.46425,4.598,-20.34,2.993,4.136,99.6,94.872,382.668,0.88,-20.996,0.0015,-0.2765,0,2.657,291.795,322.762,8.87975
12,7.25,0.329,1.084,4.7495,0.369,-2.44125,4.2785,-22.014,2.947,4.127,100,94.906,382.7585,0.84,-24.059,1.3535,-0.145,0.151,2.774,289.946,321.422,8.8595
12,7.75,0.312,0.96,4.53375,0.31825,-3.48225,5.783,-22.307,2.849,4.101,100,94.939,384.19675,0.77,-22.231,23.885,11.446,3.822,6.314,287.395,320.216,8.89625
12,8.25,0.33075,1.048,4.8195,0.28475,8.4855,9.354,-18.205,2.781,4.03,99.401,94.944,384.472,0.96,0.227,124.78,69.38,13.997,24.254,290.273,322.262,8.951
12,8.75,0.36525,1.943,5.1255,0.32425,26.8025,16.7015,-13.022,2.762,3.933,99.2,94.967,384.4805,1.29,31.068,277.64,142.87,32.299,41.342,290.054,327.479,9.365
12,9.25,0.39725,3.439,5.20825,0.405,57.56925,23.94375,-3.375,2.782,3.915,95.1,94.961,383.467,1.75,77.912,442.01,223.36,50.418,53.661,288.908,335.562,9.913
12,9.75,0.416,4.594,5.5955,0.376,98.604,31.129,8.572,2.844,3.963,90.4,94.984,381.772,2.19,128,599.82,310.6,70.028,66.735,279.353,343.608,9.849
12,10.25,0.44475,5.285,5.98375,0.211,121.58525,32.97225,17.348,3.355,3.989,86.401,94.993,381.696,2.97,165.03,731.39,374.01,81.9625,77.2065,284.125,351.113,9.615
12,10.75,0.44025,6.705,5.989,0.167,149.7105,35.096,30.398,3.844,4.011,82.3,95.026,380.551,3.9,197.09,829.77,432.16,98.58675,90.38975,284.886,358.967,9.556
12,11.25,0.4815,8.17,6.27575,-0.0135,159.3195,41.252,43.405,4.133,4.029,79.3,94.997,380.942,4.59,220.47,917.44,475.59,110.0275,99.6655,289.599,365.563,9.5155
12,11.75,0.47575,9.27,6.439,0.28575,180.874,41.20725,52.108,4.496,4.176,77.7,94.939,379.8095,5.18,236.111,972.56,507.28,115.6025,104.095,290.686,374.654,9.90375
12,12.25,0.4585,10.5,5.5565,-0.0165,183.79175,40.095,60.908,4.856,4.351,74.7,94.878,380.0155,6.13,242.13,1002.5,527.54,124.39,110.405,294.403,386.403,9.96
12,12.75,0.4485,11.47,5.7735,0.10625,180.10725,43.64725,54.963,5.471,4.527,72.301,94.809,379.6635,6.72,236.68,1011,526.261,132.44,113.64525,296.832,388.268,9.8595
12,13.25,0.4835,12.17,5.89375,0.03875,165.8385,43.687,52.543,5.715,4.783,68.761,94.771,379.49525,7.38,222.66,990.7,519.73,123.58,109.7325,304.343,392.645,9.6945
12,13.75,0.5105,12.64,6.3285,0.06625,160.4835,46.62675,52.398,6.18,5.038,67.67,94.763,379.42325,7.71,198.71,934.65,488.19,116.78,102.04525,300.016,393.491,9.67175
12,14.25,0.48625,12.63,6.4005,0.0605,142.183,40.93975,47.558,6.637,5.358,66.39,94.742,379.4595,8.22,166.17,853.04,444.38,110.7955,96.703,303.891,391.52,9.678
12,14.75,0.49075,12.55,6.1795,0.058,116.0305,31.0785,41.458,7.041,5.606,67.15,94.719,378.35475,8.35,126.46,740.58,384.51,101.21525,86.2485,305.376,390.793,9.783
12,15.25,0.489,12.311,6.119,0.273,93.807,29.8915,28.673,7.053,5.891,67.691,94.702,378.015,8.59,79.03,605.36,312.87,85.4755,74.57725,306.732,384.606,9.92
12,15.75,0.487,12.41,6.479,0.15275,54.983,23.094,19.63,7.216,6.086,68.901,94.709,377.915,8.51,37.869,458.2,236.601,69.158,63.151,307.418,382.91,9.951
12,16.25,0.458,12.351,5.984,0.14475,24.297,16.94,8.791,7.052,6.257,67.81,94.76,377.822,8.17,7.187,302.8,153.211,50.6,48.345,306.704,373.398,10.067
12,16.75,0.4475,11.551,5.731,0.21425,2.1775,9.013,-2.168,6.791,6.332,69.76,94.798,378.128,7.51,-14.559,146.48,73.243,26.375,30.827,303.464,363.341,10.221
12,17.25,0.35575,9.53,4.996,0.24325,-1.789,4.009,-11.868,6.557,6.338,76.6,94.809,378.471,5.98,-25.751,31.143,13.622,5.493,8.293,297.088,351.903,10.253
12,17.75,0.343,7.7325,4.055,0.3155,-1.92,2.67,-17.9465,6.3255,6.2645,82.5,94.79375,380.09425,4.9275,-26.78525,1.5555,-1.0055,0.07375,2.5075,296.64375,340.54075,10.449
12,18.25,0.323,6.78075,4.374,0.2375,-2.67525,3.346,-20.195,6.0075,6.19775,85.60025,94.774,380.488,4.405,-25.1995,0,-1.49725,0,2.775,294.7095,335.702,10.332
12,18.75,0.311,6.66225,4.0175,0.4255,-3.217,3.575,-20.34525,5.704,6.11125,85.275,94.8,380.113,3.7775,-29.02125,0,-0.83425,0,2.818,292.132,333.86125,10.3565
12,19.25,0.3595,5.8985,4.194,0.379,-2.5785,3.023,-21.78925,5.49775,6.00575,87.925,94.8325,380.936,3.4025,-29.43775,0,-1.10425,0,2.80375,287.55,333.61675,10.45
12,19.75,0.355,5.382,4.6485,0.38,-1.0985,3.8865,-21.51525,5.183,5.89425,90.22525,94.86475,381.035,2.8325,-27.54125,0,-1.068,0,2.8,295.50025,331.679,10.414
12,20.25,0.3675,5.2735,4.5025,0.381,-1.8975,3.7525,-20.5745,4.9085,5.81925,91.42575,94.8845,380.847,2.6775,-26.502,0,-0.93825,0,2.77275,295.30025,330.2095,10.3305
12,20.75,0.36775,4.828,4.892,0.4105,-1.4645,4.0405,-20.94075,4.736,5.70675,92.22525,94.89375,381.058,2.4725,-25.06225,0,-0.64675,0,2.79875,289.989,331.5345,10.039
12,21.25,0.35225,4.5625,4.8795,0.4055,-3.3375,4.4775,-20.5875,4.5685,5.589,91.175,94.90475,381.364,2.42,-24.816,0,-1.03725,0,2.7745,292.31975,330.81575,10.29
12,21.75,0.37025,4.0895,4.6395,0.338,-2.739,5.52,-20.7305,4.42775,5.4775,92.05,94.907,381.774,2.1225,-23.07475,0,-1.03525,0,2.74725,290.2625,329.35925,9.97475
12,22.25,0.373,3.6705,4.6105,0.2905,-2.4055,5.763,-20.47525,4.296,5.43625,93.1,94.881,381.97375,2.0025,-24.4255,0,-0.90225,0,2.7635,286.33875,328.00825,10.015
12,22.75,0.356,3.6025,4.7225,0.359,-3.309,6.3075,-19.9815,4.181,5.29875,93.3,94.905,382.36725,2,-29.50525,0,-0.9955,0,2.7765,287.866,329.32575,10.2275
12,23.25,0.3385,3.5185,4.8905,0.3705,-3.0745,4.8205,-20.2035,4.11625,5.1305,94.6,94.9145,381.9815,1.7325,-30.088,0,-0.998,0,2.788,291.93125,328.04125,10.078
12,23.75,0.329,3.1365,4.852,0.3415,-3.2905,4.421,-20.034,4.0275,4.994,94.425,94.90425,381.9575,1.6625,-29.711,0,-0.7785,0,2.753,284.79925,327.40925,9.6945
