DOY2,HR2,FC,H,LE,USTAR,SW_IN,SW_OUT,NETRAD,PPFD_IN,PPFD_OUT,VPD,RH,PA,TA,TS_1,TS_2,TS_3,G_1,G_2,WS
1,0.25,0.02966,-77.10415,-11.609495,0.0227975,0,0.099325,-56.015,0,0,0.072649875,58.71325,96.5525,-39.205275,-1.458425,-5.934225,-5.81985,-11.4168,-6.4023,0.1977995
1,0.75,-0.18150963825,-49.39155,-4.5078325,0.024435,0,0.063075,-42.38375,0,0,0.07283225,58.6185,96.5525,-39.247875,-1.455875,-5.943275,-5.825425,-11.48375,-6.4051625,0.21306025
1,1.25,0.03546,-51.242325,-4.78375,0.033265,0,0.1247,-40.81125,0,0,0.070549975,58.264,96.5525,-39.433925,-1.462975,-5.956575,-5.837275,-11.483775,-6.451175,0.21535075
1,1.75,0.05192,-59.0181,-6.3354,0.023775,0,0.0319,-37.785,0,0,0.06946595,55.6426,96.525,-39.430325,-1.469975,-5.969425,-5.8504,-11.534575,-6.48135,0.18407725
1,2.25,0.02091,-48.683375,-6.80695,0.027415,0,0,-36.1075,0,0,0.071125225,55.056,96.5525,-39.382675,-1.473175,-5.98035,-5.86125,-11.579525,-6.5121375,0.231233
1,2.75,0.052308,-43.8457,-23.785875,0.02313,0,0,-33.48,0,0,0.070214675,56.14175,96.5525,-39.4026,-1.4812,-5.995725,-5.87365,-11.5969,-6.5344625,0.2227345
1,3.25,0.0192275,-57.50785,-5.15423,0.0228925,0,0,-33.924,0,0,0.071190725,57.18875,96.525,-39.41175,-1.487175,-5.99725,-5.8853,-11.61715,-6.55605,0.2208715
1,3.75,0.012058,-58.88235,-5.67317,0.017305,0,0,-32.292,0,0,0.070835625,56.45805,96.525,-39.517325,-1.4877,-5.990325,-5.8975,-11.632125,-6.5749625,0.253463
1,4.25,-0.277644108625,-51.386775,-9.24409,0.0214,0,0,-30.56,0,0,0.07092915,55.63765,96.525,-39.53395,-1.4841,-5.970525,-5.906975,-11.644,-6.5798375,0.2055535
1,4.75,0.0803781248,-62.6959,-3.72709,0.02341,0,0,-33.648,0,0,0.07106665,56.3963,96.525,-39.555675,-1.496725,-5.991875,-5.92175,-11.671,-6.58135,0.1749395
1,5.25,0.0152325,-55.6632,-2.2335025,0.019215,0,0.013775,-35.656,0,0,0.07215685,58.1239,96.4525,-39.51815,-1.4869,-5.95395,-5.9119,-11.701225,-6.580375,0.2005785
1,5.75,0.0605625,-60.4775,-4.41586,0.0248625,0,0,-34.268,0,0,0.071519075,60.272575,96.4525,-39.586175,-1.472025,-5.944575,-5.9019,-11.7363,-6.5765125,0.1885865
1,6.25,-0.219961696125,-52.2092,-4.87714,0.019585,0,0,-31.74,0,0,0.072891,61.3929,96.4525,-39.6025,-1.46525,-5.956775,-5.9007,-11.767575,-6.5722125,0.230537
1,6.75,-0.345634698625,-45.269425,-1.758175,0.0172,0,0,-31.99625,0,0,0.0719222,54.870825,96.48,-39.628425,-1.465175,-5.969975,-5.8984,-11.794125,-6.5647875,0.1933835
1,7.25,0.04762,-68.031,-5.45917,0.01935,0,0,-35.964,0,0,0.0709994,59.7709,96.48,-39.61355,-1.459575,-5.988525,-5.8952,-11.8146,-6.556875,0.2033195
1,7.75,0.05506,-60,-3.6642075,0.025065,0,0.009075,-32.884,0,0,0.072210025,60.15865,96.4525,-39.56245,-1.451,-5.996575,-5.891825,-11.8189,-6.5666125,0.2205275
1,8.25,0.015653,-56.794125,-5.3309775,0.03161,0,0,-36.24,0,0,0.07157295,55.4842,96.48,-39.6053,-1.45845,-6.006875,-5.8898,-11.812025,-6.58675,0.2339295
1,8.75,0.027245,-52.4292,-5.7461375,0.0198625,0,0,-43.832,0,0,0.07323305,52.2608,96.48,-39.505375,-1.45945,-5.9906,-5.886225,-11.733975,-6.603625,0.23316
1,9.25,0.012912,-62.9074,-4.24688,0.034105,0,0,-42.86,0,0,0.0728734,53.383625,96.48,-39.485425,-1.452575,-5.9727,-5.880025,-11.6445,-6.6161,0.1845205
1,9.75,0.033595,-52.165075,-3.1413625,0.02511,0,0,-43.4525,0.08541875,0,0.07336685,53.686625,96.48,-39.359175,-1.4526,-5.9666,-5.877275,-11.56685,-6.6246625,0.224066
1,10.25,0.02992,-57.95555,-3.76961,0.02497,0,0.14395,-42.7825,1.39411125,0.62422125,0.07431765,54.650125,96.48,-39.085375,-1.45035,-5.965825,-5.889825,-11.57555,-6.64005,0.226283
1,10.75,0.082556659,-37.97855,-6.23281,0.02017,1.35822,1.04735,-41.3775,5.272125,2.871115,0.078483075,54.2033,96.4075,-38.07285,-1.455925,-5.971325,-5.902925,-11.620175,-6.64635,0.184073
1,11.25,0.0665225,-47.187125,-0.797243,0.01506,4.0743725,2.5,-36.14625,10.8643375,6.5547975,0.0932267,52.184825,96.3625,-36.336275,-1.460225,-5.981975,-5.917475,-11.64995,-6.6505125,0.164513
1,11.75,0.0073355,-41.08595,-2.42508,0.03309,6.910525,4.128975,-29.18375,17.2495,9.5020725,0.10958075,52.564675,96.3625,-34.297725,-1.4602,-5.99365,-5.928825,-11.655075,-6.6573375,0.22361975
1,12.25,0.005956,-42.7875,-0.960548,0.024,10.0057,5.783925,-27.1725,23.327125,12.6636,0.11953425,49.69635,96.29,-33.684625,-1.47305,-6.0092,-5.93635,-11.6435,-6.6603625,0.240036
1,12.75,-0.027929,-44.1898,-2.75315,0.024605,12.55705,5.632925,-27.65125,28.4985,14.096775,0.138966,49.075525,96.29,-32.5943,-1.47495,-6.0263,-5.9417,-11.5708,-6.6643875,0.25772675
1,13.25,0.0133645,-37.823,-1.1570125,0.02943,13.5751,6.270025,-30.34375,28.1295,14.43145,0.14914825,49.6352,96.2175,-31.127,-1.458425,-6.018525,-5.938975,-11.475625,-6.6646625,0.26351775
1,13.75,-0.0393881148,-40.18175,-0.7974125,0.02519,10.7198,5.8423,-30.90875,26.302375,12.5459525,0.1526275,52.996225,96.2175,-31.68165,-1.44505,-5.980725,-5.930175,-11.36175,-6.673775,0.263283
1,14.25,0.044735,-45.306,-2.089755,0.03036,8.8013725,3.757725,-35.8275,16.75525,9.06335,0.14630175,49.012575,96.145,-31.3725,-1.4081,-5.94155,-5.923275,-11.2306,-6.6669875,0.2176395
1,14.75,0.013842,-43.552,-5.7659,0.0194,4.97109,1.857375,-38.79375,9.587125,4.5821575,0.1435635,50.556625,96.145,-31.544525,-1.38865,-5.90835,-5.918275,-11.183575,-6.6637875,0.2375955
1,15.25,0.010195,-53.0329,-4.7492625,0.02193,0.8337425,0.860225,-41.42875,4.2300625,1.9710325,0.1471525,50.84175,96.0725,-30.951775,-1.391425,-5.87535,-5.9131,-11.134525,-6.654725,0.248281
1,15.75,0.0163375,-54.533225,-6.5928525,0.01995,0,0.175175,-43.57125,1.0352225,0.3615215,0.117659,54.857,96,-31.892625,-1.401175,-5.842175,-5.907925,-11.0755,-6.6397625,0.24526925
1,16.25,0.01126,-60.04815,-4.405175,0.029525,0,0.063075,-42.735,0.065966125,0,0.110561,54.87,96.0725,-34.34675,-1.3893,-5.809925,-5.9023,-11.03445,-6.6251625,0.1742495
1,16.75,-0.030285948775,-42.678875,-4.73605,0.022325,0,0.068875,-42.17,0,0,0.09745545,55.03875,96.045,-36.178475,-1.388875,-5.784325,-5.897025,-10.997725,-6.6126625,0.18232175
1,17.25,0.0192388,-52.0658,-4.89554,0.0208,0,0,-39.53375,0,0,0.0832313,55.2015,96.045,-37.47975,-1.396975,-5.763275,-5.892125,-10.976,-6.5966125,0.20793825
1,17.75,0.04627,-59.13025,-15.102075,0.025145,0,0,-38.83,0,0,0.084046525,56.068,96.045,-37.520375,-1.416775,-5.7445,-5.88495,-10.968275,-6.5800125,0.19542625
1,18.25,0.01898,-70.336,-4.32936,0.02546,0,0,-36.0475,0,0,0.0819479,57.419,96.045,-38.02285,-1.39695,-5.7499,-5.87385,-10.9567,-6.566225,0.1965315
1,18.75,0.08643,-60.90385,-6.67712,0.026315,0,0,-37.0085,0,0,0.07661685,57.527,96.09,-38.51585,-1.39075,-5.759325,-5.862125,-10.93315,-6.54695,0.22341625
1,19.25,-0.0230342905,-52.64095,-15.2232,0.01826,0,0,-41.04075,0,0,0.073903275,54.7295,96.09,-38.332775,-1.39735,-5.77095,-5.851675,-10.90635,-6.5319375,0.22254875
1,19.75,-0.1170640392,-65.091625,-9.81379,0.020945,0,0,-44.251,0,0,0.077511925,54.81225,96.09,-38.070875,-1.4028,-5.784325,-5.8395,-10.885475,-6.514925,0.17213
1,20.25,-0.1756356096,-63.581,-18.706175,0.029225,0,0,-49.6215,0,0,0.075198875,54.349,96.1625,-38.3213,-1.410525,-5.800075,-5.827425,-10.8578,-6.49485,0.19057475
1,20.75,0.03079,-71.22505,-10.7530525,0.0255875,0,0.052925,-41.634,0,0,0.076092225,56.1615,96.1625,-38.506875,-1.4188,-5.815025,-5.8138,-10.878525,-6.476825,0.18614925
1,21.25,0.0221485,-61.1757,-4.2747,0.02415,0,0,-37.124,0,0,0.072070775,56.2815,96.235,-38.747475,-1.430525,-5.833975,-5.799725,-10.94775,-6.460325,0.23528275
1,21.75,-0.0596949452,-74.72365,-7.13111,0.0218375,0,0,-40.01,0,0,0.074123625,54.52575,96.3075,-38.751975,-1.433,-5.8522,-5.78465,-11.008725,-6.4475625,0.22061725
1,22.25,0.108011567275,-65.53065,-2.628905,0.012625,0,0,-40.445,0,0,0.0724406,55.655,96.4075,-38.7968,-1.43945,-5.869425,-5.775375,-11.0734,-6.43095,0.22587175
1,22.75,0.02488,-62.9203,-6.58214,0.0235125,0,0,-50.01,0,0,0.072617725,53.4165,96.4075,-38.81345,-1.443175,-5.884925,-5.784675,-11.132,-6.43155,0.2041985
1,23.25,0.018165,-58.15245,-3.53293,0.01751,0,0,-49.4675,0,0,0.073936175,55.699,96.48,-38.91895,-1.446175,-5.898875,-5.79325,-11.190475,-6.443275,0.20624775
1,23.75,0.002376,-47.417325,-9.0306625,0.0258,0,0.032625,-63.59125,0,0,0.0715828,57.848,96.5525,-39.29815,-1.4508,-5.915,-5.80355,-11.266275,-6.4552125,0.21133025
2,0.25,0.0361625,-63.60735,-17.976625,0.01502,0,0,-43.304,0,0,0.08117035,48.57125,97.8,-34.9526,-7.3311,-12.29025,-13.0135,-24.076525,-10.9275875,0.21021375
2,0.75,0.0397,-47.63175,-3.538225,0.011505,0,0.0896,-46.0105,0,0,0.08033265,50.64175,97.7,-35.0239,-7.313525,-12.30025,-13.06725,-24.6729,-10.91875,0.2067995
2,1.25,-0.278350418875,-53.347125,-16.8613,0.022905,0,0,-41.83925,0,0,0.079432075,52.38375,97.7,-35.778775,-7.30095,-12.317,-13.1345,-24.6302,-10.87105,0.21218925
2,1.75,0.047305,-66.7975,-1.5992175,0.02598,0,0,-48.154,0,0,0.081820625,53.66425,97.7,-34.722525,-7.304675,-12.3335,-13.20175,-24.591875,-10.814975,0.23926525
2,2.25,0.0388015,-56.687125,-10.71,0.01752,0,0,-44.15375,0,0,0.0780455,55.7025,97.6325,-35.21665,-7.2881,-12.34,-13.2655,-24.6929,-10.7377,0.23225275
2,2.75,-0.04837691845,-49.3195,-20.854785,0.0220325,0,0,-39.71,0,0,0.076595725,56.59225,97.6325,-35.2109,-7.2819,-12.3735,-13.2315,-24.801575,-10.6617,0.19777575
2,3.25,0.003401,-51.455475,-6.30712,0.02268,0,0,-41.1015,0,0,0.08051805,54.5845,97.565,-34.8017,-7.292,-12.41375,-13.20425,-24.908475,-10.597975,0.2023645
2,3.75,0.0156375,-52.759,-5.709055,0.019375,0,0,-41.808,0,0,0.082478725,51.0015,97.565,-35.131225,-7.290725,-12.4305,-13.19025,-25.02975,-10.60495,0.22288925
2,4.25,0.07734379305,-42.16365,-4.72926,0.01789,0,0,-35.405,0,0,0.078295975,49.261,97.465,-35.6997,-7.3001,-12.427,-13.183,-25.1422,-10.647475,0.2402995
2,4.75,0.05678,-55.59835,-5.486485,0.0144875,0,0,-39.3435,0,0,0.0744535,48.4745,97.465,-36.19085,-7.320425,-12.447,-13.186,-25.261225,-10.702275,0.21539275
2,5.25,0.0507375,-60.25175,-5.765305,0.017575,0,0,-46.194,0,0,0.0779605,49.02425,97.465,-35.8124,-7.3447,-12.477,-13.19225,-25.47995,-10.76785,0.24450225
2,5.75,0.05765,-70.01135,-14.761,0.02348,0,0,-41.175,0,0,0.07708495,50.996,97.465,-36.211425,-7.36875,-12.507,-13.202,-25.6966,-10.8483,0.2231585
2,6.25,0.02176,-56.0082,-22.432,0.027645,0,0,-33.8795,0,0,0.076024325,50.09,97.465,-37.3605,-7.394525,-12.537,-13.22525,-25.91985,-10.93415,0.23918175
2,6.75,0.0173,-47.3765,-2.6553,0.022835,0,0,-39.2385,0,0,0.077152075,50.82225,97.3975,-37.646825,-7.4148,-12.57375,-13.25525,-26.159525,-11.0281,0.1924145
2,7.25,0.0782375,-45.1251,-7.271035,0.0194875,0,0,-33.92,0,0,0.0755377,52.88525,97.365,-37.89995,-7.4299,-12.61075,-13.292,-26.3916,-11.132,0.260453
2,7.75,0.052035,-59.6416,-6.61635,0.02465,0,0.01245,-32.69,0,0,0.0745842,53.26975,97.3975,-38.1702,-7.449325,-12.64775,-13.33875,-26.6182,-11.2485,0.217452
2,8.25,0.03039,-65.2775,-2.36575,0.0186,0,0,-32.04,0,0,0.07690765,53.6595,97.365,-38.351175,-7.465975,-12.6745,-13.37875,-26.816925,-11.358575,0.19836
2,8.75,0.0574525,-42.981,-2.94196,0.0199325,0,0.31405,-32.99,0.23301,0,0.076656875,52.36,97.365,-38.524,-7.482625,-12.70125,-13.4255,-26.988875,-11.4726,0.23061725
2,9.25,0.02997,-56.011,-7.08499,0.0195225,0.5433875,1.174825,-39.606,5.0693575,1.3539625,0.07370285,49.08225,97.365,-38.575475,-7.51275,-12.74825,-13.4755,-27.1475,-11.58455,0.228659
2,9.75,0.034135,-33.71425,-4.250982,0.0208675,6.324125,3.61115,-39.1765,17.153775,7.15932,0.07601885,47.94275,97.365,-37.98055,-7.5613,-12.822,-13.529,-27.283375,-11.694875,0.2198405
2,10.25,-0.09300314475,-33.143,0.092632,0.0292375,14.1032,10.6315,-26.859,43.6953,16.8056,0.09234845,48.4945,97.365,-35.71225,-7.57525,-12.83175,-13.5455,-27.334,-11.796425,0.25540275
2,10.75,-0.10934502885,-19.8104,-1.24839,0.030715,30.77075,14.6445,-24.42325,57.4764,26.5071,0.1017175,48.117,97.365,-33.440925,-7.580625,-12.801,-13.5385,-27.295825,-11.8753,0.21669025
2,11.25,-1.03867273955,-8.66736,-0.82213,0.052665,51.51845,21.892,-11.29,106.24,37.716075,0.11097825,46.53025,97.365,-32.3447,-7.59805,-12.79725,-13.535,-27.171825,-11.923775,0.297999
2,11.75,-0.5555925439,-7.5936375,-0.12612,0.0345975,64.793,28.473,-9.87,109.78,51.64885,0.126815,45.24025,97.4325,-31.282025,-7.61535,-12.79025,-13.50475,-26.9242,-11.931925,0.276621
2,12.25,-1.36948063925,-10.78778,-0.514882,0.06934,55.2165,26.89875,-14.01,103.12,58.477175,0.14236775,44.10825,97.4,-30.156775,-7.581625,-12.7435,-13.4615,-26.54975,-11.90715,0.35872575
2,12.75,-0.60575375965,-16.0647,-3.93285,0.06014,56.17645,26.3755,-1.00815,121.492,57.593275,0.167538,40.9,97.3325,-28.579425,-7.511325,-12.66025,-13.4015,-26.10425,-11.84835,0.29445275
2,13.25,-0.5504263055,-13.00214,-5.808695,0.0751425,73.775,27.6385,-6.8061,133.146,55.491425,0.19446625,41.38675,97.4,-27.504125,-7.439375,-12.57375,-13.325,-25.5959,-11.7478,0.36007425
2,13.75,-8.42943452475,-25.5508,-1.3721,0.039375,68.64675,21.88875,-3.307425,124.95325,48.641625,0.2156075,40.93375,97.4,-26.035775,-7.37415,-12.4805,-13.2485,-25.0673,-11.620175,0.31481025
2,14.25,-1.68350411025,-25.39025,-2.434275,0.0387325,64.9,28.4295,-6.6526,119.661,47.282175,0.27029625,40.99275,97.4,-25.859025,-7.32945,-12.40725,-13.1685,-24.542075,-11.47405,0.40095975
2,14.75,-0.977029333,-29.377025,-2.642115,0.03986,45.785,19.2655,-25.10375,81.43895,39.26605,0.2805595,39.439,97.37,-25.380275,-7.29285,-12.329,-13.083,-23.9353,-11.27655,0.34003675
2,15.25,-0.471333696,-41.6301,-3.8881475,0.0338425,31.8075,14.7715,-22.074,59.0972,31.28935,0.27775225,37.71025,97.37,-25.35285,-7.25695,-12.249,-13.0095,-23.4795,-11.105,0.30176525
2,15.75,-0.854568953,-33.095,-4.2674,0.0254075,20.079,9.6655,-30.208,38.0628,21.28235,0.27871925,37.5025,97.37,-25.443025,-7.21065,-12.182,-12.9395,-23.08985,-10.93265,0.3215625
2,16.25,-0.46265441825,-35.3057,-4.59388,0.02373,7.411395,4.703,-33.9575,17.36185,10.40185,0.21212375,37.12325,97.37,-27.3829,-7.1823,-12.122,-12.8895,-22.80735,-10.7732,0.2590075
2,16.75,-0.03380737625,-43.681375,-9.6692,0.0234,1.0666125,2.22725,-41.5125,6.27295,3.4714,0.15800575,38.3805,97.37,-29.520625,-7.1815,-12.0855,-12.8495,-22.6633,-10.623125,0.17471875
2,17.25,-0.20772546065,-45.83155,-23.24925,0.01618,0,0.7825,-44.88625,0.75789725,0.255189,0.12611125,43.97625,97.37,-30.868875,-7.2036,-12.082,-12.8095,-22.6875,-10.481875,0.1718505
2,17.75,-0.040488898775,-44.5352,-4.1825,0.0126,0,0.2444,-43.012,0.0258288,0,0.1204065,47.81225,97.47,-31.433775,-7.23035,-12.0985,-12.776,-22.8558,-10.357275,0.168293
2,18.25,-0.6866683667,-50.0676,-8.8580025,0.017,0,0.0415,-43.032,0,0,0.110103225,52.484,97.47,-32.756575,-7.2588,-12.112,-12.7395,-23.09355,-10.275325,0.1867655
2,18.75,-0.060695134,-49.5,-3.896075,0.01752,0,0.1004,-40.43825,0,0,0.1066025,52.7745,97.535,-32.656825,-7.28565,-12.0895,-12.6865,-23.3456,-10.220425,0.1631675
2,19.25,0.02075,-54.40665,-6.68714,0.0161375,0,0.03675,-36.857,0,0,0.092349525,54.5095,97.57,-33.3712,-7.29675,-12.0765,-12.6435,-23.62015,-10.193975,0.207282
2,19.75,0.0304,-64.750325,-9.5184175,0.0141225,0,0.04145,-41.382,0,0,0.097486375,56.2745,97.635,-32.1299,-7.29485,-12.0965,-12.624,-23.9104,-10.201175,0.19886025
2,20.25,0.0575625,-67.221325,-1.658535,0.01877,0,0.04235,-44.8665,0,0,0.09069315,54.6185,97.67,-32.667175,-7.29945,-12.1065,-12.615,-24.2153,-10.22995,0.223971
2,20.75,-0.05223095505,-59.3356,-12.2037475,0.0162425,0,0.00035,-48.5115,0,0,0.088695275,55.3885,97.735,-32.832725,-7.30965,-12.12,-12.626,-24.51475,-10.282975,0.2224745
2,21.25,0.000118750000000001,-67.4414,-17.53425,0.01741,0,0,-46.016,0,0,0.0846187,52.95375,97.735,-33.5381,-7.31725,-12.1365,-12.6495,-24.80735,-10.355475,0.1872445
2,21.75,-0.1899869344,-73.3879,-12.693,0.02243,0,0,-51.71275,0,0,0.09023075,52.27475,97.8,-33.5605,-7.34305,-12.16,-12.695,-25.0798,-10.43685,0.20130575
2,22.25,-0.306264687325,-64.7679,-9.98367,0.024675,0,0,-49.676,0,0,0.083632275,52.9855,97.8,-33.9535,-7.34795,-12.18,-12.7405,-25.2421,-10.54165,0.2199795
2,22.75,-0.235588010675,-56.59835,-11.2445,0.026975,0,0,-45.346,0,0,0.084832275,51.5225,97.8,-33.78165,-7.3626,-12.2,-12.7995,-25.0661,-10.647175,0.189152
2,23.25,0.0025865,-51.69655,-18.6386,0.0176625,0,0,-46.0945,0,0,0.081872875,48.7255,97.735,-34.896325,-7.3595,-12.2265,-12.8585,-24.7207,-10.758,0.2060225
2,23.75,0.0540275,-49.4034,-19.117125,0.01254,0,0,-45.7675,0,0,0.0807227,48.55925,97.8,-34.70765,-7.3435,-12.253,-12.924,-24.3747,-10.876375,0.1810485
3,0.25,-0.10537207775,-67.815,-5.62042,0.025035,0,0.0386,-44.933,0,0,0.1071155,50.72675,97.8,-32.734,-6.655275,-9.648,-8.146375,-22.922325,-9.4214875,0.19159225
3,0.75,-0.238757068775,-55.2395,-4.274205,0.0159,0,0,-44.57425,0,0,0.101445675,50.85025,97.8,-32.8965,-6.664325,-9.6385,-8.1488,-23.418775,-9.6077625,0.16982325
3,1.25,0.001925,-46.886525,-13.913475,0.01794,0,0,-40.548,0,0,0.10664225,51.57325,97.7475,-33.292,-6.6887,-9.64375,-8.13975,-23.824775,-9.9338,0.21982875
3,1.75,-0.117718659375,-44.00745,-11.2038,0.0236125,0,0.047075,-39.063,0,0,0.0954748,53.63525,97.7475,-34.23175,-6.676525,-9.62275,-8.1159,-24.200725,-10.22365,0.22221275
3,2.25,0.00616775,-20.482,-8.4523,0.01413,0,0.053325,-37.828,0,0,0.0969054,56.03375,97.7475,-33.87275,-6.655275,-9.59125,-8.098725,-24.53345,-10.4907,0.203367
3,2.75,-0.2103168035,-33.415425,-13.579,0.021585,0,0.063,-36.025,0,0,0.096787575,56.534,97.7,-34.14325,-6.651875,-9.595,-8.087275,-24.83915,-10.747625,0.19432875
3,3.25,0.0210375,-31.947375,-14.66375,0.023475,0,0.0876,-34.24725,0,0,0.097487825,59.7355,97.7,-34.328,-6.6447,-9.613,-8.08435,-25.083775,-10.9882,0.16948725
3,3.75,0.007373,-59.01105,-20.845,0.01307,0,0.03595,-34.134,0,0,0.0919889,59.36575,97.7,-35.02475,-6.653575,-9.64625,-8.1133,-25.178525,-11.185,0.1923075
3,4.25,-0.312536793,-28.143875,-11.03079,0.01974,0,0,-34.57425,0,0,0.097061875,59.59075,97.7,-34.23325,-6.66325,-9.6895,-8.14225,-25.24205,-11.340375,0.189052
3,4.75,0.0086055,-24.16025,-14.5831,0.0227275,0,0.01075,-34.303,0,0,0.096216225,59.79375,97.6475,-34.53175,-6.661225,-9.69325,-8.1555,-25.378325,-11.4763,0.22554175
3,5.25,0.02024,-39.226,-11.281655,0.02009,0,0.0418,-40.577,0,0,0.0978219,62.57675,97.6475,-34.49125,-6.6467,-9.6865,-8.16825,-25.57135,-11.6142,0.177417
3,5.75,-0.02415,-31.1716,-21.908915,0.02495,0,0,-32.68725,0,0,0.0933033,60.7085,97.6475,-33.8785,-6.65185,-9.695,-8.18625,-25.552,-11.76015,0.188771
3,6.25,-0.0442827221,-31.53975,-14.130875,0.0225,0,0.094475,-32.374,0,0,0.09474115,59.41275,97.695,-33.75825,-6.66475,-9.70825,-8.2105,-25.396475,-11.8932,0.203855
3,6.75,0.079827389375,-50.0385,-6.739275,0.0199,0,0.15015,-30.804,0,0,0.097465775,63.28375,97.6475,-34.28875,-6.68045,-9.72675,-8.2325,-25.207525,-12.051725,0.1935505
3,7.25,-1.6781108796,-49.241,-6.676375,0.0200375,0,0.241425,-30.55275,0.12019325,0,0.09707135,64.432,97.595,-34.164,-6.691125,-9.73,-8.2545,-25.12545,-12.1941,0.1800775
3,7.75,-0.6408663194,-40.699525,-13.6185,0.0208625,0.834775,1.068775,-27.3755,2.570125,1.61704,0.09868975,60.722,97.595,-34.149,-6.71305,-9.74675,-8.28125,-25.261275,-12.21075,0.20590975
3,8.25,-0.391531757,-46.9625,-7.1741275,0.020495,5.3005,4.237025,-23.3575,11.57975,8.548305,0.10793525,57.03875,97.595,-32.78025,-6.756725,-9.7825,-8.32175,-25.380225,-12.2205,0.1738465
3,8.75,-0.4184345659,-25.9629,-7.4617075,0.021405,14.3625,9.00925,-15.0175,33.31125,21.6733,0.1277175,52.77275,97.6475,-30.17625,-6.809275,-9.83775,-8.3665,-25.434575,-12.226625,0.24877975
3,9.25,-0.547286688375,-21.436,-1.161426,0.0332875,25.7595,15.36125,-15.1125,64.9075,37.799,0.15939925,47.94075,97.6475,-28.193,-6.84235,-9.9225,-8.41175,-25.295875,-12.221125,0.216445
3,9.75,-0.790511229375,-11.82475,-6.61333,0.0300225,33.419,26.71775,-16.2305,90.217225,62.77625,0.197425,44.519,97.6475,-26.73025,-6.82515,-9.943,-8.427,-24.941075,-12.169625,0.33949925
3,10.25,-2.1249385082,-6.200975,-2.8813275,0.06077,39.5175,37.81475,-17.983,97.603525,89.15315,0.243737,39.79975,97.6475,-25.38625,-6.777875,-9.924,-8.42175,-24.437925,-12.0845,0.35245025
3,10.75,-1.4071097462,7.55915,1.82626,0.069575,59.624,43.26975,-18.604,138.212,111.23975,0.27036825,36.996,97.6475,-24.5115,-6.738425,-9.88925,-8.41175,-23.8185,-11.962875,0.38591275
3,11.25,-1.71256042275,13.5903,2.06292,0.079865,59.488,50.02225,-21.42,152.374,125.827,0.30685625,34.80925,97.6475,-23.27925,-6.697775,-9.84975,-8.39175,-23.115225,-11.798375,0.5150705
3,11.75,-2.0161196807,21.4592,3.3092375,0.05836,74.05075,51.5655,-26.60975,166.11575,122.945,0.361151,33.2035,97.6475,-22.104,-6.667425,-9.835,-8.38125,-22.412375,-11.6055,0.5453565
3,12.25,-1.45817431395,27.018,2.05612,0.109366,74.865,54.32275,-41.80875,130.59025,128.548,0.46180975,31.66725,97.6475,-20.815,-6.6272,-9.80975,-8.36075,-21.80765,-11.392375,0.561627
3,12.75,-2.0341411671,25.282275,3.805655,0.0780925,77.2265,49.9355,-42.3235,129.8365,122.2845,0.516057,30.765,97.645,-19.8555,-6.5942,-9.7645,-8.341,-21.22025,-11.173,0.48684025
3,13.25,-1.93774793275,18.028775,2.29114,0.094745,63.28925,54.56125,-26.758,113.9415,136.60425,0.53876225,30.13125,97.6425,-19.253,-6.56305,-9.71925,-8.30075,-20.621775,-10.9325,0.50018
3,13.75,-1.65416366,17.08295,3.348055,0.09876675,59.754,46.742,-42.1395,131.749,113.617575,0.5708735,29.7895,97.6,-18.7465,-6.53515,-9.6635,-8.25075,-19.982175,-10.672375,0.564458
3,14.25,-2.8577780685,-3.94472749999999,3.4531,0.11668425,58.1235,54.292,-39.345,97.3502,130.19,0.582836,28.646,97.6,-18.48,-6.5208,-9.624,-8.214,-19.3478,-10.4164,0.5981995
3,14.75,-1.699549020375,-0.248880000000001,2.3343825,0.0950795,52.8175,50.3845,-38.43625,92.510125,119.7495,0.611975,27.3525,97.6,-18.126,-6.4974,-9.5735,-8.1755,-18.6952,-10.154125,0.583132
3,15.25,-1.76702003375,-2.78547,1.384098,0.07508,49.1975,40.353,-32.69375,86.871375,94.5338,0.5328245,27.11225,97.6475,-17.716,-6.478875,-9.5345,-8.14025,-18.0914,-9.9141,0.6054815
3,15.75,-1.11890795875,-7.8293475,0.706727,0.06554,43.016,34.046,-36.326,82.8224,75.73725,0.56328225,26.93575,97.6,-17.33225,-6.475575,-9.5045,-8.11025,-17.539025,-9.6920875,0.5116165
3,16.25,-1.36635265,-23.1063,-0.23917425,0.0553875,33.80475,22.7135,-23.9585,65.79035,53.269225,0.55150175,25.46225,97.6,-17.218,-6.4702,-9.474,-8.0888,-16.998525,-9.4867,0.454938
3,16.75,-0.6761014631,-32.302,-0.740709,0.0361125,19.95125,15.4035,-28.3965,46.407025,38.98075,0.44186275,25.9705,97.5475,-17.2305,-6.466575,-9.463,-8.07115,-16.4917,-9.286625,0.4495715
3,17.25,-0.6390163036,-37.1868,-1.7318175,0.03504,15.8105,12.1745,-30.95775,37.10005,27.584175,0.40594125,25.80425,97.6,-17.47725,-6.449775,-9.43775,-8.042575,-16.060825,-9.097825,0.398774
3,17.75,-0.508730514375,-40.340725,-0.721676,0.0284375,9.232,6.548,-46.94,20.114,13.74385,0.3450825,25.783,97.6475,-18.7085,-6.434325,-9.4125,-8.01495,-15.762525,-8.9132125,0.2438495
3,18.25,-0.2464370553,-45.43105,-1.555825,0.026675,3.15,1.734375,-51.874,7.19444,3.60352,0.281034,29.423,97.6,-20.95925,-6.439975,-9.37725,-7.9997,-15.63905,-8.7392375,0.1755265
3,18.75,-0.1665551209,-50.01425,-3.20447,0.0232375,0,0.363825,-52.994,0.769782,0.23765025,0.22274775,37.54025,97.6475,-23.0025,-6.440575,-9.37575,-7.98395,-15.827125,-8.575125,0.125984
3,19.25,-0.214730066625,-52.274,-2.5739125,0.016525,0,0.057625,-52.58,0.0197218,0,0.187987,42.72225,97.7,-24.32575,-6.450225,-9.37625,-7.97105,-16.500375,-8.4372625,0.158443
3,19.75,-0.838012262375,-54.5075,-5.9126775,0.02248,0,0.036025,-54.02225,0,0,0.16248,48.40525,97.7,-25.817,-6.466875,-9.40825,-7.969675,-17.25825,-8.32565,0.149018
3,20.25,-0.4475994987,-56.6089,-1.56508,0.02235,0,0.02915,-59.1105,0,0,0.14180175,52.14375,97.7475,-27.0705,-6.490475,-9.43975,-7.973825,-18.031975,-8.2443125,0.1959605
3,20.75,-0.0679515223,-47.715425,-2.28817,0.0180875,0,0.131725,-59.726,0,0,0.14430025,53.43,97.7475,-27.65125,-6.51645,-9.4865,-7.986225,-18.760425,-8.204625,0.1740715
3,21.25,-0.168732742875,-61.5786,-6.45916,0.01984,0,0.039425,-61.406,0,0,0.13492375,52.07875,97.8,-28.72825,-6.543125,-9.5375,-8.002475,-19.4489,-8.2066,0.1836375
3,21.75,-0.179435234075,-62.64465,-2.511785,0.021165,0,0.1297,-58.198,0,0,0.125869,48.34725,97.8,-29.704,-6.570225,-9.5695,-8.013025,-20.0957,-8.276125,0.1895435
3,22.25,-0.1234608492,-64.89895,-4.1246875,0.02582,0,0.045575,-57.538,0,0,0.12290175,46.104,97.8,-30.37025,-6.59005,-9.592,-8.03265,-20.713625,-8.48715,0.177188
3,22.75,-0.1308601503,-56.62695,-1.75202,0.01447,0,0,-56.7865,0,0,0.1146535,50.69325,97.8,-31.08125,-6.609025,-9.60975,-8.05275,-21.31225,-8.7367875,0.188497
3,23.25,0.03947,-56.87335,-4.219925,0.01629,0,0,-50.155,0,0,0.111119,51.42625,97.8,-31.667,-6.624425,-9.6365,-8.07665,-21.88385,-9.01755,0.211398
3,23.75,0.00938845,-57.321425,-6.2893675,0.020805,0,0.08765,-47.052,0,0,0.1100145,50.55325,97.8,-31.88825,-6.636875,-9.65325,-8.106275,-22.402775,-9.3018875,0.173581
4,0.25,-0.97655124955,-70.7186,-4.2399,0.0200325,0,0.172025,-65.00375,0,0,0.22261275,35.997,97.185,-5.682775,-3.0762,-4.1974,-1.83385,-7.02075,-6.3331475,0.222729
4,0.75,-0.37834861995,-73.627125,-4.58302,0.03613,0,0.0133,-66.1965,0,0,0.191427,37.11475,97.2325,-6.78235,-3.084925,-4.182025,-1.836425,-6.9515625,-5.8096525,0.1931285
4,1.25,-0.556340129,-64.58665,-9.81059,0.02491,0,0.08265,-65.113,0,0,0.1585815,36.8915,97.2325,-7.720875,-3.078825,-4.172975,-1.851275,-6.749975,-5.981175,0.174642
4,1.75,-1.99598891525,-56.07925,-5.316835,0.0197675,0,0.1804,-61.30225,0,0,0.1426955,38.33225,97.2325,-8.5255,-3.0782,-4.174925,-1.867375,-6.632475,-5.8077,0.195384
4,2.25,-0.1092360399,-67.954,-3.2157,0.01484,0,0.1107,-58.84725,0,0,0.13830775,39.0715,97.185,-8.92425,-3.0895,-4.1811,-1.8899,-6.5357,-5.787505,0.189958
4,2.75,-1.278331445,-52.086575,-10.955,0.02522,0,0.10545,-59.1345,0,0,0.135652,43.07425,97.185,-8.373275,-3.1137,-4.190025,-1.9138,-6.3568625,-5.6827775,0.19513675
4,3.25,-0.23390478975,-62.7912,-4.54266,0.0179675,0,0.151875,-56.42,0,0,0.132431,46.00975,97.1375,-8.23875,-3.097175,-4.193925,-1.939025,-6.4284075,-5.5686875,0.187649
4,3.75,-0.946724822225,-54.89,-7.300125,0.0191475,0,0.136425,-56.262,0,0,0.1280045,45.8315,97.19,-8.565,-3.103325,-4.20705,-1.961775,-6.469345,-6.009105,0.1816915
4,4.25,-0.27706719315,-57.9168,-5.8664875,0.021925,0,0.124225,-55.42,0,0,0.1389825,44.1195,97.19,-9.214,-3.09835,-4.221975,-1.985575,-6.74479,-5.72791,0.1855625
4,4.75,-0.3515870256,-65.012475,-11.4715,0.01915,0,0.153275,-55.99825,0,0,0.151456,46.376,97.1425,-8.817,-3.09305,-4.24275,-2.013325,-6.8440075,-7.8398525,0.18828075
4,5.25,-0.5987898296,-52.0174,-3.428275,0.0199,0,0.2324,-52.958,0.00137523,0,0.14122975,46.2645,97.1425,-9.52475,-3.097925,-4.269,-2.0435,-7.063525,-10.7491,0.1835685
4,5.75,-1.1923889919,-58.92905,-23.0313,0.02295,0.0409750000000001,0.47245,-46.1425,0.66701325,0.13773945,0.15667025,46.90025,97.1425,-9.503,-3.10865,-4.28925,-2.077625,-6.8958525,-13.590475,0.190195
4,6.25,-2.04734364305,-44.0354,-2.4648,0.02395,2.336,0.97185,-36.91775,5.324485,1.505395,0.182738,47.231,97.195,-9.14725,-3.115425,-4.302725,-2.109225,-5.8836925,-15.88,0.1798855
4,6.75,-10.52650628875,-53.833875,-1.32597,0.0251525,9.4725,2.58465,-25.26375,16.21525,2.997315,0.19492775,45.163,97.195,-8.635175,-3.1229,-4.3214,-2.142675,-5.1901375,-17.510375,0.20062825
4,7.25,-1.7202889148,-37.4647,-0.5711125,0.0313275,25.304,4.64775,-16.840375,57.24015,5.167585,0.20655725,40.03925,97.1475,-8.6152,-3.13225,-4.334775,-2.181075,-4.66243,-17.822875,0.195602
4,7.75,-2.41280591625,-28.283625,1.454305,0.03308,46.7225,7.6462,-3.144225,88.043425,8.5210375,0.1977195,39.07375,97.1475,-7.72075,-3.150925,-4.365475,-2.2142,-3.59735,-16.998,0.23840875
4,8.25,-4.70257675,-10.4203,1.2326,0.0465,68.961,11.46725,7.5863,128.9615,11.7680575,0.2419385,36.3825,97.1475,-6.5511,-3.1719,-4.388025,-2.227575,-3.090425,-15.70875,0.4534955
4,8.75,-2.81851661075,-13.791525,1.94499,0.06182,63.19875,14.7395,-10.22325,118.94175,18.2211,0.4327155,32.98,97.2,-6.24225,-3.161175,-4.38385,-2.2453,-3.1161,-14.49,0.4183025
4,9.25,-3.674141237175,-7.486625,3.2487875,0.087584,70.8935,18.61675,-15.526,146.4205,18.13705,0.6612225,30.59425,97.2,-5.23255,-3.1396,-4.3755,-2.26415,-3.0945,-11.334445,0.52593375
4,9.75,-3.64022810025,0.554520000000007,5.12899,0.09364,75.18875,20.29875,-12.038,150.657,22.49375,0.82090225,29.6995,97.1475,-3.8671,-3.109225,-4.348675,-2.28615,-3.0367625,-9.1553175,0.59705275
4,10.25,-4.48608056545,1.9276875,4.11137,0.100888,104.58,23.415,41.914,203.3205,21.849175,0.79459325,27.924,97.1475,-2.847725,-3.09965,-4.336775,-2.2994,-2.9625625,-7.1615525,0.810705
4,10.75,-4.188203832475,-3.5677625,5.86456,0.0961975,130.875,22.055,55.9955,249.767,25.372075,1.05641,26.339,97.1425,-2.572,-3.080525,-4.3168,-2.300675,-2.8742125,-5.46605,0.85013
4,11.25,-4.6214845089,5.592755,10.16156,0.1128875,124.915,30.1725,46.1205,237.379,29.3156,1.1280475,24.52425,97.1475,-2.16805,-3.0656,-4.298925,-2.30445,-2.77375,-4.3932975,0.87874075
4,11.75,-4.4351559617,9.460095,10.2208775,0.110694,137.12,29.10675,56.6385,245.7295,24.9614,1.2705225,23.797,97.1475,-2.308775,-3.0529,-4.28135,-2.302575,-2.6667375,-3.2059125,0.9952
4,12.25,-4.13795003135,31.690925,10.13915,0.1112655,165.165,24.61425,69.681,304.3645,26.9064,1.52093,22.95375,97.29,-1.99645,-3.04815,-4.2723,-2.299725,-2.5681,-2.0155525,0.698235
4,12.75,-4.34019229845,24.9284,12.87974,0.103772,204.1,23.10575,91.766,372.939,24.872775,1.6774775,21.99025,97.0475,-1.716425,-3.029875,-4.25005,-2.28795,-2.4713125,-1.107565,0.88195275
4,13.25,-4.4705199158,15.5446,14.693975,0.1421995,221.565,28.6245,99.775,400.152,24.27995,1.8829225,21.58225,97.1,-1.168675,-3.01425,-4.213975,-2.254825,-2.38925,-0.884375,0.9929735
4,13.75,-4.2236021583,6.40841,13.24205,0.1111235,228.805,25.794,116.31,402,25.871875,1.872575,20.8665,97.0475,-0.6924,-2.99075,-4.1951,-2.217775,-2.2964125,-0.6874125,0.96689375
4,14.25,-4.16903080965,1.25018,14.33335,0.108544,195.66,25.8795,94.488,346.116,29.804525,2.0082425,20.348,97.0475,0.5562,-2.9833,-4.182225,-2.188125,-2.21255,-0.6771,1.0537225
4,14.75,-4.64387765625,18.6478,15.002125,0.12104775,122.405,12.71275,60.664,229.737,20.4402,2.270925,18.97575,97,1.3023,-2.983775,-4.172225,-2.160325,-2.1261,-0.6684125,0.9186045
4,15.25,-3.483357434925,-2.751,9.670635,0.115691,151.675,15.4625,82.603,278.9715,24.02505,2.479325,18.2875,97,1.31225,-2.98295,-4.165575,-2.110875,-2.041325,-0.664525,0.903037
4,15.75,-3.2359430092,0.310604999999999,7.86648,0.124291,130.125,13.93475,60.6875,241.4335,15.76535,2.355505,17.577,96.9475,1.296825,-2.978625,-4.155275,-2.044575,-1.955425,-0.654925,0.68097125
4,16.25,-3.8869972136,-3.1473225,13.6087,0.0515,118.595,12.87075,50.3955,218.3965,10.626775,2.36507,16.53,96.995,1.4968,-2.985225,-4.156825,-2.02355,-1.873375,-0.650675,0.725649
4,16.75,-2.89307072665,-2.13497125,11.68225,0.13065625,102.73,10.94075,22.705,185.57425,8.2715825,2.4162075,15.65375,96.995,1.1361,-2.987,-4.153775,-1.993575,-1.7879125,-0.65025,0.8013635
4,17.25,-2.2340202545,-14.78995,12.4272,0.09648625,97.74,7.451125,23.214,177.932,6.4503225,1.81032,15.5245,97.0425,0.97015,-2.9825,-4.145325,-1.9654,-2.2503625,-0.64275,0.75513725
4,17.75,-2.5642832459,-15.2679,8.4249225,0.0980425,57.0975,4.47435,-1.001,105.48375,2.722315,1.09564275,15.8545,97.0425,0.549,-2.9732,-4.126475,-1.943775,-2.1241625,-0.90690325,0.66653975
4,18.25,-1.5674467108,-25.30645,1.771337,0.0678,41.582,3.8623,-24.823,78.921775,2.5911025,0.91331275,15.8345,97.0375,-0.0272,-2.985025,-4.1263,-1.9261,-1.5441375,-2.593165,0.5948725
4,18.75,-0.971436654,-53.96,2.3843775,0.040635,27.376,3.389725,-41.098,49.2212,2.6330775,0.9729315,18.454,97.0375,-0.516025,-3.000975,-4.1344,-1.911575,-1.424275,-4.6092275,0.366952
4,19.25,-0.5303688177,-70.39765,1.58274,0.0479375,15.302,2.4083,-53.478,25.9726,2.2279925,0.9865915,21.63175,97.0375,-0.81945,-3.009,-4.132225,-1.89895,-1.7428625,-5.8605525,0.2750615
4,19.75,-0.58797434525,-69.568,-3.734475,0.0366375,4.21435,1.414375,-58.92075,9.4512975,1.24338,1.02970825,24.95875,97.085,-1.4898,-3.018625,-4.1315,-1.88485,-1.6393625,-6.9083425,0.29386825
4,20.25,-0.5187319495,-64.367575,-4.37283,0.02484,0,0.7173,-61.616,0.940828,0.175719,0.99207625,27.5595,97.085,-1.869475,-3.035675,-4.135725,-1.870325,-1.54865,-7.97737,0.23655575
4,20.75,-0.0975324344,-68.44705,-1.63848,0.0350375,0,0.28975,-61.534,0.015035,0,0.983006,29.375,97.1325,-2.201475,-3.06225,-4.13895,-1.857425,-1.47095,-8.95827,0.257379
4,21.25,-0.2602475385,-64.2403,-6.480455,0.0352375,0,0.3071,-66.59,0,0,0.737282,32.3495,97.1325,-2.61755,-3.0682,-4.13775,-1.84705,-1.3953125,-9.54732,0.23428725
4,21.75,-0.60044014555,-68.5887,-5.18768,0.03659,0,0.273,-67.385,0,0,0.458498,32.567,97.1325,-3.19475,-3.069825,-4.127225,-1.83715,-3.2517925,-9.60606,0.2517245
4,22.25,-2.467655732,-75.6102,-5.49836,0.037,0,0.3311,-65.823,0,0,0.346334,33.561,97.1325,-3.527475,-3.06915,-4.134475,-1.830925,-5.05883,-9.096695,0.240638
4,22.75,-1.2226108325,-72.21125,-1.7856125,0.025365,0,0.293025,-68.195,0,0,0.29676975,35.48125,97.1325,-3.980525,-3.066525,-4.139625,-1.826175,-5.944435,-8.817325,0.2351845
4,23.25,-0.181561964625,-69.5995,-4.4628,0.0279,0,0.229325,-66.002,0,0,0.2457755,35.6355,97.1325,-4.572325,-3.064625,-4.141175,-1.8238,-6.6582875,-8.5491975,0.237614
4,23.75,-1.427882113,-66.9597,-4.6966,0.020675,0,0.25295,-65.182,0,0,0.2658945,35.43725,97.1325,-5.0579,-3.066525,-4.143925,-1.823325,-6.9438425,-8.03118,0.22544
5,0.25,-2.6128360163,-70.564125,-11.12335,0.0182375,0,0.063175,-61.78375,0,0,0.51096225,39.1085,98.4475,-0.73265,0.03185,4.72375,0.79865,1.02436275,-6.04036,0.24595775
5,0.75,-2.74714118995,-60.4669,-9.56618,0.01968,0,0.144375,-55.966,0,0,0.3772215,41.5515,98.4475,-1.43995,0.02485,4.428775,0.570825,-3.450025,-6.2411875,0.2076725
5,1.25,-2.805062032775,-92.231875,-13.8315,0.0269475,0,0.079325,-56.6815,0,0,0.2528195,42.1365,98.4475,-1.8475,0.019075,4.1233,0.364725,-5.2662075,-6.7326025,0.21560525
5,1.75,-2.4603818748,-56.50735,-12.255915,0.0225475,0,0.11875,-57.1585,0,0,0.22889875,44.24625,98.4425,-1.9172,0.0154,3.8405,0.200225,-7.0732625,-6.82152,0.23297775
5,2.25,-5.081614757025,-74.886425,-7.39379,0.019425,0,0.092725,-57.378,0,0,0.214031,42.65275,98.4425,-2.68395,0.01225,3.565625,0.081075,-7.676625,-7.6176375,0.21435
5,2.75,-2.361804676425,-55.210275,-19.4718,0.0245,0,0.270375,-51.866,0,0,0.21238225,48.5185,98.4425,-2.995475,0.01115,3.3078,-0.008675,-8.0533,-8.5076625,0.1938865
5,3.25,-7.8236358897,-71.114,-9.936805,0.018785,0,0.31705,-50.864,0.0687781,0,0.201456,49.56725,98.5425,-3.153,0.007575,3.062825,-0.07545,-8.29174,-9.259725,0.19872
5,3.75,-3.2520399496,-62.74685,-19.6524,0.0203,0,0.19405,-51.04275,0.88609225,0,0.164136,53.4835,98.5425,-3.3514,0.000475000000000003,2.82685,-0.1276,-8.4121275,-9.5179075,0.20642
5,4.25,-8.9683293608,-66.73805,-13.922,0.0266525,1.56835,0.54,-46.98225,5.007655,0.0683567,0.166727,54.841,98.5425,-2.7026,-0.002425,2.611975,-0.241925,-8.2818125,-9.92499,0.245804
5,4.75,-3.091678023025,-42.7278,-4.6463225,0.03059,8.755,1.269075,-40.315,18.1808,0.60232625,0.19688625,50.61125,98.5425,-2.42,-0.010225,2.422925,-0.341825,-8.1711975,-10.40605,0.21323
5,5.25,-1.821546827,-37.106,-8.97071,0.0258225,24.498,2.491975,-30.62,44.2153,1.5283775,0.34777375,48.0535,98.5425,-1.47355,-0.02745,2.247875,-0.4314,-7.57628,-10.951575,0.200738
5,5.75,-2.237920333225,-14.141425,-10.5796475,0.0248,41.32825,3.0854,-17.11025,78.005425,2.1575425,0.488414,46.682,98.595,-0.5565,-0.057575,2.05905,-0.433425,-7.540065,-10.896625,0.19017
5,6.25,-5.5448524977,-3.255175,1.23248,0.03138,50.55125,5.02585,-2.928,95.39125,3.665975,0.62577375,44.25775,98.595,1.85715,-0.111575,1.84055,-0.357325,-7.95031,-9.44431,0.231952
5,6.75,-9.241561138375,-1.4919,6.259,0.0562875,73.886,7.226575,17.238,133.966,5.851295,0.873098,41.796,98.6,3.959675,-0.188525,1.650775,-0.2324,-8.1459125,-7.9187875,0.295752
5,7.25,-5.512672990125,2.734485,10.13216,0.06718,85.44,9.92175,35.208,175.582,7.73244,1.1458175,36.27975,98.5475,4.5769,-0.183625,1.5812,-0.122475,-7.320525,-6.907995,0.44153
5,7.75,-6.6069367858,8.609375,13.721,0.07105,102.8275,10.57175,47.779,185.5125,8.6962875,1.16794,34.1365,98.6,5.04105,-0.160575,1.523075,-0.080825,-6.4978375,-5.29746,0.460546
5,8.25,-5.134371913,12.1504,16.91,0.07094,103.1525,10.85525,49.563,189.36425,9.0681325,1.289685,31.36925,98.5475,5.755975,-0.11115,1.514075,0.0282,-5.514525,-3.3853425,0.546208
5,8.75,-6.003836196875,21.378,22.78725,0.07868,163.735,15.9325,81.72825,291.24575,12.97825,1.376075,29.2345,98.5475,6.517525,-0.07125,1.5036,0.043525,-3.428405,-1.23664525,0.605504
5,9.25,-7.02201507475,25.5352,32.389,0.134456,126.64,13.13325,60.27825,232.435,11.098625,1.4776575,26.08175,98.5475,6.898475,-0.0332,1.475225,0.001275,-1.3932475,0.21875125,1.011486
5,9.75,-6.808598266125,23.546725,35.28865,0.153587,185.875,18.43475,67.84125,334.893,15.0189,1.6697775,24.0735,98.5475,7.6643,0.005325,1.469625,0.1326,0.366853,1.61598375,1.07542
5,10.25,-6.77936032175,37.328725,36.91895,0.16075475,156.185,16.78,90.955,287.0395,13.869625,1.9969325,23.361,98.495,8.047025,0.04945,1.517075,0.40245,2.574558,3.388595,1.16506
5,10.75,-7.2752782988,38.0859,35.277175,0.1571575,150.1125,15.118,56.03625,280.62025,12.98615,2.0132875,21.99825,98.595,8.2375,0.0716,1.653175,1.285125,6.1345675,5.7663275,1.12292
5,11.25,-7.23651551155,30.852,44.701875,0.1531735,197.89,20.52,106.5275,360.80975,16.933675,2.714445,20.0765,98.495,9.088,0.08015,1.8596,2.7185,9.4645175,7.463605,1.12762
5,11.75,-7.463677424,47.479275,40.728025,0.160598,243.005,24.645,125.63,435.43625,20.42975,3.1777375,18.85775,98.495,9.479,0.106875,2.122875,3.592025,11.817125,8.1844725,1.24802
5,12.25,-6.2128568549,64.48095,46.4541,0.102854,251.6,23.39775,153.54,453.067,20.31345,3.4770725,18.5105,98.495,9.83,0.14665,2.445025,4.08805,12.726125,8.6917175,1.028396
5,12.75,-5.9337683512,50.796675,41.5062,0.06758,162.155,16.557,61.39,293.4145,13.52295,3.692155,18.3055,98.4275,9.552,0.2232,2.8049,4.56605,13.62075,9.033335,0.94121
5,13.25,-5.531584201625,37.2582,48.5886,0.106792,160.08,14.9515,41.756,297.04,12.34675,3.40556,17.895,98.39,9.9805,0.26465,3.1105,4.8712,14.48455,8.809275,1.13885
5,13.75,-8.13403724675,64.4066,50.8968,0.148472,278.2125,13.7985,160.1125,482.71375,11.77705,3.140355,16.9835,98.445,9.9895,0.3057,3.4183,5.02815,15.30885,8.453965,1.0685375
5,14.25,-6.08963568095,54.01405,45.2428,0.079315,258.575,20.504,135,446.6075,17.5121,2.91615,16.8615,98.445,10.417,0.3334,3.76655,5.0636,15.4961,8.86228,1.1334625
5,14.75,-6.981424438625,46.8348,46.9178,0.124382,201.76,20.496,72.242,365.796,17.590975,3.509605,15.89225,98.385,11.28275,0.3455,4.1443,5.11005,15.544675,9.9957675,1.149
5,15.25,-5.51526008715,33.700625,39.997875,0.10949625,184.1375,16.8295,79.38125,326.67125,14.463825,3.99187,15.79025,98.385,11.378,0.335775,4.43785,5.042875,15.55355,10.413075,1.01222
5,15.75,-5.23709956845,30.769,39.398875,0.1162725,121.5,12.894,37.5815,226.918,10.422345,4.16753,15.4095,98.335,11.547,0.33825,4.67925,5.14115,15.47345,10.8901,1.0124785
5,16.25,-5.901874506025,24.303,37.00195,0.1606475,155.48,14.608,57.482,282.8,11.57435,3.616015,15.328,98.29,11.55,0.3379,4.9007,5.12775,15.3307,11.08925,1.0536275
5,16.75,-5.3183028675,18.468525,43.043025,0.1249315,143.36,14.67275,34.1525,251.4885,11.9401,3.8105925,15.29075,98.29,11.299,0.323975,5.075925,5.122,15.31865,9.595495,0.95557375
5,17.25,-4.2979065156,15.55075,34.754,0.171086,110.0275,10.69675,47.25125,191.265,8.16322,3.7653475,15.35625,98.29,10.68425,0.307175,5.17795,5.191775,15.2118,8.7259875,1.135685
5,17.75,-4.11462094675,6.2882425,27.7808,0.13902125,97.685,8.764975,-2.33075,170.3365,6.670405,3.86269,15.50325,98.29,9.70775,0.2934,5.303675,5.23165,15.232375,7.262695,1.0088275
5,18.25,-3.5495200208,7.33317,25.59305,0.1065175,92.7465,7.806075,-4.84,153.91,5.3933575,3.5124375,14.699,98.29,9.505,0.27915,5.403525,5.049725,15.098225,7.1128725,0.85237
5,18.75,-2.5294730976,-7.732275,20.4752,0.1022935,75.7785,6.9338,-24.172,128.601,4.9100825,3.503035,14.6345,98.29,9.0165,0.26075,5.487225,4.88215,14.969975,6.366495,0.858238
5,19.25,-1.6956928256,-21.2785,13.8996,0.077155,54.1805,4.83205,-26.864,101.41755,3.4086375,3.70732,15.44525,98.29,8.60425,0.248025,5.523475,4.662575,14.786925,5.68618,0.581407
5,19.75,-1.326959018875,-38.8739,4.42398,0.05184,39.4755,4.134475,-33.64,74.5676,2.4792425,3.36189,19.6285,98.3375,8.78475,0.238075,5.555875,4.410225,13.8343,5.052835,0.3924385
5,20.25,-0.5925780472,-42.878,1.69545,0.05104,25.5875,2.5775,-48.2905,55.39435,0.95015625,1.9818375,22.7805,98.3425,8.214325,0.229275,5.58595,4.065825,12.136425,4.057295,0.3781395
5,20.75,-1.047092848,-53.70065,-3.52406,0.02105,12.06425,1.77,-48.264,22.717375,0.46182275,1.458705,23.82925,98.3425,7.5476,0.208925,5.612175,3.682625,10.68345,3.183665,0.3155825
5,21.25,-1.7670187206,-62.4515,-1.5315625,0.02344,4.4496,1.339775,-57.458,10.9918,0.143777475,1.282555,26.267,98.3425,7.106425,0.1848,5.592825,3.2783,9.4318325,1.64277,0.257693
5,21.75,-1.8079310582,-55.326225,-7.779605,0.0226,0,0.789175,-57.3405,2.1443,0,1.3777225,27.72475,98.395,5.76395,0.169575,5.53985,2.86465,8.20685,-0.0889444999999999,0.19685175
5,22.25,-2.456889377,-66.7727,-5.633115,0.0314,0,0.41775,-60.745,0.27271425,0,0.99126525,25.6075,98.395,3.0309,0.13995,5.47105,2.4145,7.0817075,-1.6699275,0.19042325
5,22.75,-3.0672846186,-83.6076,-7.3200375,0.02528,0,0.2151,-62.81825,0.023468125,0,0.7046425,32.79825,98.4475,1.326825,0.11805,5.354975,1.923525,5.6431425,-3.0592725,0.19267825
5,23.25,-1.71767707675,-73.2616,-11.932,0.0246,0,0.227925,-65.486,0.00130012,0,0.62099525,32.5595,98.4,1.102225,0.10825,5.289525,1.4756,3.73088,-4.1735875,0.24208025
5,23.75,-4.61523232365,-65.3877,-22.223,0.025875,0,0.21045,-65.686,0,0,0.65628475,36.8865,98.4475,0.00945000000000002,0.093575,5.276,1.106725,2.5632925,-5.2452875,0.23597775
6,0.25,-2.77103073225,-70.830425,-6.837565,0.0304175,0,0.167675,-59.21975,0.92554325,0,0.668971,36.39525,98.1425,5.348775,2.019025,5.276325,4.148675,-1.81107,-28.717225,0.202895
6,0.75,-3.9714037814,-65.08605,-17.210875,0.0229,0,0.14915,-58.33,0.748245,0,0.48285175,36.91525,98.1425,4.0251,1.873225,5.224925,3.6326,-2.80471,-30.9493,0.18046425
6,1.25,-2.914441835725,-65.8932,-9.5345475,0.0297375,0,0.220325,-56.927,0.850154,0,0.49883675,38.29025,98.1425,3.215125,1.77355,5.158275,3.04635,-3.6763525,-30.9287,0.23117525
6,1.75,-4.16149209695,-72.881125,-6.8015075,0.025715,0,0.22165,-55.2725,1.51295,0,0.42365825,39.60625,98.195,1.95655,1.679325,5.0888,2.572625,-4.01972,-30.2134,0.24915375
6,2.25,-12.39719801805,-68.5841,-18.117575,0.02254,0.320675,0.359125,-61.09425,2.257265,0,0.352197,41.68925,98.195,1.53625,1.5957,5.01985,2.2315,-4.22977,-31.73315,0.24233975
6,2.75,-3.4744472183,-56.84375,-34.4747,0.02276,1.6607,0.42215,-55.6645,4.3567925,0,0.317972,42.345,98.1475,0.90455,1.509475,4.93875,1.937975,-4.58648325,-31.799475,0.217602
6,3.25,-11.1401611476,-60.023,-7.8514,0.01917,3.312,0.67015,-50.9775,5.903575,0.0744857,0.2774915,44.225,98.1475,1.0312,1.444975,4.839325,1.59245,-5.1425125,-30.969175,0.21091875
6,3.75,-6.4136626647,-71.33275,-14.207325,0.02226,6.070125,0.847425,-42.583,11.4877475,0.162257,0.2933375,45.70875,98.1475,1.6494,1.37965,4.736425,1.262075,-5.4909125,-32.630125,0.20504525
6,4.25,-5.028179084875,-51.558175,-10.7175225,0.0250125,13.50775,1.384,-25.74375,23.257025,0.4434245,0.3631105,46.37625,98.1475,2.9528,1.301925,4.622275,0.99195,-5.4514225,-31.547625,0.225869
6,4.75,-5.1087312462,-83.02035,-16.0007,0.02618,16.79075,1.3302,-17.2,27.27815,0.49879675,0.464119,44.53075,98.1475,4.993975,1.198675,4.48435,0.8219,-5.1732425,-30.778075,0.20911225
6,5.25,-4.6149619178,-19.303375,-5.36407,0.0206575,28.006,1.675,-1.6275,43.2838,1.01406625,0.51769975,43.0945,98.1475,6.68195,1.055625,4.3671,0.652225,-4.7491425,-25.224725,0.2104195
6,5.75,-6.6848282239,-16.35005,2.96752,0.031,39.6395,2.0813,-0.169424999999998,60.476525,1.1783125,0.67284725,41.69,98.1,7.0552,1.03805,4.32755,0.606825,-3.719615,-22.5999,0.280906
6,6.25,-3.8105425298,-8.238,-10.4878725,0.03749,38.062,3.45795,-43.364,69.626,2.2450625,0.76455475,39.62275,98.1,7.397075,0.9707,4.214,0.817575,-3.365165,-19.390475,0.3147755
6,6.75,-7.590948744225,-5.18796,9.360165,0.0552825,30.6905,3.336825,9.6205,56.12155,2.333075,0.95517,37.09375,98.0475,7.464475,0.905175,4.132175,0.8354,-2.6219075,-15.13985,0.287456
6,7.25,-5.87181361825,-7.02952,15.3584,0.06125,44.778,4.03035,11.667,83.9571,2.8963125,0.93236075,35.329,98.095,7.6614,0.8835,4.07325,0.970975,-1.122008,-8.422355,0.39408675
6,7.75,-6.710756332825,-1.77935,14.39925,0.06875,107.48,6.33905,30.15725,176.499,4.5540825,0.9254525,34.15175,98.095,7.72025,0.913375,4.02335,1.354675,0.12618075,-4.39347,0.47780825
6,8.25,-6.6584736534,12.080175,30.0412,0.090473,112.76,9.3335,50.069,199.97,6.4721625,0.99179925,32.75975,98.1475,7.8006,0.937475,3.986475,1.916525,0.769796,-1.87628225,0.576212
6,8.75,-7.415218545575,16.29765,28.5606,0.11269425,143.87,9.65,61.177,224.108,6.6950425,1.07663625,32.05075,98.1475,7.55635,0.99375,3.9547,2.662025,1.5467825,-0.00040249999999975,0.6897135
6,9.25,-8.72195374845,38.93425,48.338275,0.0960425,197.7625,9.62275,103.5375,307.25925,6.4366975,1.1071825,30.9765,98.1475,7.693675,1.092,3.94345,3.370225,2.7557375,1.832599975,0.65448825
6,9.75,-8.53543904365,24.9101,23.7508,0.08004,173.2025,9.8995,85.53,232.3865,7.435615,1.259535,29.00625,98.1,8.423975,1.1899,3.9523,4.154,3.7015725,3.58393,0.7264395
6,10.25,-8.0535328383,23.8933,40.56425,0.088705,167.35,13.56,71.3075,239.1495,9.8580825,1.3648075,26.89175,98.0475,9.04375,1.293,3.9783,5.55605,4.880545,5.628225,0.64522075
6,10.75,-9.0263522446,24.2054,44.9352,0.111805,140.26,10.0645,24.31565,228.6665,6.971505,1.33729,26.11475,98.095,9.4545,1.3915,3.99535,6.2274,6.632505,7.7672725,0.907657
6,11.25,-8.640322587725,34.6761,59.95725,0.115774,202.495,9.17375,91.0325,327.78325,7.448985,1.3558625,23.428,98.0475,9.62125,1.474075,4.02165,6.4694,8.1041525,10.18849,0.95569675
6,11.75,-8.401994684375,23.2467,56.29125,0.13040025,175.0875,14.31425,83.29375,278.12375,10.698775,1.54072,22.91425,98.0425,9.56025,1.557475,4.0699,6.625075,8.8578625,12.94625,1.0689125
6,12.25,-9.471185182525,29.246375,67.3878,0.139173,179.22,18.0585,61.25,308.048,13.51425,1.733075,22.61,98.035,9.8765,1.74965,4.1241,6.7548,9.469475,15.7087,0.9869055
6,12.75,-8.9900549808,2.9898605,49.521525,0.120032,131.2,10.5275,50.024,243.386,7.878565,1.894195,21.321,98.035,10.3635,1.93685,4.2153,6.95395,9.99123,16.966,0.8729465
6,13.25,-7.10216962525,12.78975,63.422725,0.11930875,160.325,14.534,74.03375,282.69625,10.0725,1.84297,20.2975,97.98,10.5845,2.0308,4.3123,7.3872,10.37665,17.80085,0.8968425
6,13.75,-9.317053094725,22.7182,68.977425,0.139774,135.34,14.518,31.276,254.512,10.89584,2.20236,19.0935,97.98,10.7385,2.19455,4.41285,7.8107,10.80385,19.0139,0.9215855
6,14.25,-7.05616791475,7.59878,40.4755,0.094377,128.56,13.03625,39.956,240.358,9.379865,2.3720325,18.60575,97.99,10.634,2.407825,4.52525,8.031475,11.2561,19.95615,0.79324475
6,14.75,-6.9872583301,8.95954,31.225,0.099976,115.42,10.33925,34.79,217.416,7.8967775,2.08809,17.663,97.99,10.31,2.57185,4.63365,8.05965,11.0165,21.24595,0.601393
6,15.25,-7.5219484982,5.1389625,46.073875,0.073375,102.84,10.05425,18.7,194.75,8.2686075,2.11997,17.1055,97.99,11.022,2.7166,4.7111,8.040825,11.18945,22.424025,0.63818875
6,15.75,-6.2644152119,14.076005,52.2745,0.075685,86.6025,9.235,18.915,169.14175,6.85741,1.7722125,16.53925,98.0375,11.06675,2.793225,4.787775,7.998125,11.40345,22.7833,0.555932
6,16.25,-5.53350971255,1.820494,26.84625,0.08203125,86.153,9.312,32.7865,161.49125,7.39579,2.2315725,15.86375,98.0375,10.612,2.8386,4.855325,8.0076,11.268775,22.371575,0.8406835
6,16.75,-5.9103671298,3.95586,24.676,0.11317,81.98225,9.57225,28.915,149.629,6.6757425,2.1798875,16.6135,98.0375,10.8,2.8517,4.95025,8.0722,11.1029,22.0438,0.627042
6,17.25,-4.931987049375,2.6576375,19.56825,0.14420625,56.901,6.5211,-4.60749999999999,104.63595,2.99727,2.30879,16.9975,98.085,10.396,2.84415,5.04975,8.079825,11.022025,21.1739,0.76255825
6,17.75,-4.80304956,-5.375095,32.8184,0.130213,74.54475,5.251825,10.1645,128.838,3.6001925,1.57733,16.5085,98.1375,9.21775,2.852575,5.098425,8.070725,10.96075,19.7984,0.705758
6,18.25,-3.3032552714,-7.9796,16.4211,0.134736,78.474,5.25855,16.016,128.754,3.3486225,1.4130975,17.18425,98.1375,9.49075,2.862,5.158925,8.06385,10.747025,17.56265,0.640856
6,18.75,-2.556371864175,-11.159435,18.09035,0.059525,56.36,6.546175,-5.41399999999999,101.7078,4.2807325,1.6497975,18.60475,98.0375,9.804,2.839175,5.189,7.8655,10.576125,10.579275,0.670489
6,19.25,-2.910116743625,-18.4799,14.177325,0.100012,48.4905,5.694575,-10.8823,78.0844,3.372275,1.832265,18.9495,98.09,9.89825,2.8029,5.20045,7.7241,10.2478375,7.226585,0.85630075
6,19.75,-2.7035031586,-21.740925,11.40115,0.06826,29.44825,4.201525,-12.51875,49.94965,2.037815,1.85003,19.228,98.09,9.876,2.740075,5.209025,7.5767,9.7689375,4.3280325,0.480464
6,20.25,-1.4902770501,-24.3168,3.5131975,0.0491,14.54325,2.837125,-33.501,24.5095,0.94431525,1.7516625,20.415,98.09,9.87825,2.6815,5.2158,7.3377,7.701845,2.85704375,0.42914975
6,20.75,-0.33943679055,-35.60835,2.5582775,0.04383,8.5073,2.434225,-27.94425,14.151,0.52362825,1.376985,23.04375,98.09,9.671,2.6654,5.236075,7.049825,6.5422725,0.619465,0.33469475
6,21.25,-1.9691039767,-44.2917,-4.8747125,0.02952,12.05975,1.3964,-41.9815,20.61285,0.36834625,1.1640225,25.31025,98.0425,8.7705,2.63835,5.2545,6.792325,7.1896225,-4.8907525,0.3115715
6,21.75,-2.288511424275,-53.092,-6.2247175,0.0248575,5.018125,1.416775,-54.2475,10.0543125,0.160318,1.2481325,26.34075,98.0425,8.93725,2.5744,5.25595,6.569425,5.4654725,-10.029965,0.25238125
6,22.25,-3.555028289875,-54.1183,-5.138215,0.0224275,1.5304,0.81575,-53.08,3.41652,0,1.075501,28.49675,98.095,8.03475,2.473925,5.29595,6.199175,3.7543025,-14.245365,0.21875025
6,22.75,-9.06538250025,-60.4701,-3.1923,0.02341,2.492875,0.60025,-53.33875,5.4392125,0,0.83276975,31.18175,98.095,7.0706,2.3818,5.3411,5.7374,2.25297625,-18.01228,0.23172525
6,23.25,-5.1704630405,-66.04575,-13.543,0.01935,0.189625,0.322725,-47.88625,1.54005,0,0.7007815,33.721,98.095,5.8698,2.29335,5.352025,5.256875,0.843380000000001,-20.9660425,0.20801225
6,23.75,-3.5187820757,-61.0367,-11.543225,0.020545,0,0.3848,-52.827,0.963946,0,0.761458,35.56725,98.1425,5.719675,2.17755,5.331525,4.713825,-0.553037499999999,-25.04015,0.2252085
7,0.25,-6.4169278794,-52.3556,-10.95234,0.022095,0,0.03555,-44.5125,0.01030086825,0,0.52094575,40.65725,98.395,10.2755,3.6922,7.425125,7.5647,1.12807225,-13.7541675,0.20036075
7,0.75,-4.5542166696,-61.268825,-15.83835,0.01776,0,0.147725,-53.308,0.0037722,0,0.52791275,41.6725,98.395,9.38425,3.63925,7.365175,7.0904,0.34189525,-16.113775,0.2010215
7,1.25,-6.9699540583,-54.134275,-13.019,0.02614,0,0.000475,-49.246,6.87335000000001e-05,0,0.53551,43.1875,98.395,8.48525,3.573125,7.291925,6.499825,-0.12666575,-19.288125,0.212634
7,1.75,-4.1571427962,-46.33385,-16.286175,0.02587,0,0.0472,-51.9615,0.001592595,0,0.5145385,45.03725,98.4475,7.2646,3.505625,7.219,5.9165,-0.556906825,-24.472,0.212156
7,2.25,-3.345964198925,-46.7606,-27.16995,0.02562,0,0.093775,-42.5405,0.023547075,0,0.50643125,46.09075,98.495,7.0614,3.449725,6.873975,5.35125,-0.86001725,-25.4331,0.21455
7,2.75,-5.05190976345,-40.97435,-20.396625,0.0237325,0,0.120025,-35.05225,0.20936175,0,0.45371925,52.27,98.4475,6.607775,3.401425,6.8119,4.827325,-1.29733475,-28.64185,0.16661625
7,3.25,-6.663200588,-53.57315,-38.8482,0.0267125,0.4097,0.2347,-33.59,1.470635,0,0.43603775,60.783,98.445,6.419775,3.318225,6.7659,4.3473,-1.7308285,-30.556975,0.216964
7,3.75,-8.931232216675,-39.214525,-13.8486,0.0175,2.6543,0.229075,-44.4715,6.03585,0.001712375,0.40049875,55.58775,98.4425,5.649275,3.1988,6.715725,3.918575,-2.097625,-24.1275,0.197184
7,4.25,-4.479543197675,-74.49105,-9.6346,0.027905,6.835175,0.51035,-23.72775,11.79685,0.23080625,0.38837125,57.2035,98.485,6.0122,3.094675,6.650875,3.5547,-2.1838175,-20.4285,0.213136
7,4.75,-3.6768416605,-32.0184,-21.7122,0.0279325,6.68175,0.987075,-18.8225,12.2245,0.38176875,0.385898,52.9485,98.485,6.438475,2.994275,6.582075,3.28885,-2.41585,-19.72285,0.230732
7,5.25,-11.8047030751,-29.2273,-13.3714525,0.02664,15.924,1.458475,-3.722,28.0416,0.55568625,0.414207,48.49275,98.5425,7.202425,2.883925,6.506375,3.158925,-2.76344,-20.688925,0.2031375
7,5.75,-5.3727497792,-24.266375,-11.96045,0.037825,19.18075,2.118275,-6.83155,33.664725,1.05134675,0.465143,47.469,98.54,8.53075,2.821925,6.40745,3.240575,-2.8321,-18.356775,0.2566475
7,6.25,-3.37684184225,-11.81615,7.02181,0.0498125,23.321,2.650925,-31.78825,42.000925,1.43976,0.48153375,48.18425,98.54,10.18775,2.706775,6.326425,3.479875,-1.9775675,-15.305125,0.2921025
7,6.75,-6.126498126025,-24.645,10.042725,0.05196,36.24,3.29245,-22.7133,66.03115,2.2441575,0.56806475,48.74775,98.54,11.29,2.6692,6.28245,3.79845,-0.882166,-12.2815,0.34720375
7,7.25,-7.19792871745,-6.86582,15.4496,0.048,40.191,3.8118,-2.771,71.0985,2.58952,0.6427815,48.0555,98.6,11.667,2.6706,6.271625,4.280175,0.0860625000000001,-8.29838,0.35522
7,7.75,-8.21263942045,-2.94473,22.96175,0.07085,47.97725,3.89655,8.647925,89.0112,2.7164925,0.726121,46.3435,98.6,11.63675,2.69685,6.287525,4.91835,0.92711625,-5.5435875,0.39410375
7,8.25,-7.740939029625,0.19090125,29.0376,0.07287375,52.52925,4.78635,-1.145025,85.633775,3.1292875,0.930931,48.6825,98.6,11.988,2.79305,6.37395,5.5747,2.052605,-1.889417,0.3353025
7,8.75,-7.55431405105,9.16811,32.47395,0.1212705,62.245,4.740525,11.366,101.2401,3.4217325,0.935467,46.7955,98.6,12.32125,2.87855,6.37045,6.379325,3.0167425,2.99593,0.45482625
7,9.25,-10.5452968108,-5.700715,36.05925,0.09077525,59.165,5.53915,11.668425,93.560125,3.94325,1.09525,44.181,98.6,12.49475,2.94295,6.388975,7.08515,3.7697675,6.99618,0.54133875
7,9.75,-8.401177227,5.7386,50.218,0.1274125,78.089,6.157775,16.162,138.175,4.991095,1.1879675,42.76975,98.6,12.51625,3.0223,6.350775,7.8059,4.33831,9.36866,0.62576
7,10.25,-8.24746965175,25.639875,41.3716,0.142615,159.5,7.095725,38.925,289.43,5.1126825,1.241415,39.9505,98.6,12.745,3.0749,6.356125,8.38425,4.9300975,11.041075,0.7251065
7,10.75,-8.62052441255,14.01615,48.89,0.0863,135.9075,8.26695,29.315,238.4625,6.977945,1.34219,38.435,98.6,12.7595,3.07585,6.41535,8.6605,5.018515,12.7094,0.8128085
7,11.25,-8.444696363475,16.79725,45.811075,0.1364355,130.2,10.1545,51.485,224.925,7.674475,1.331265,37.134,98.6,12.6455,3.1013,6.47235,8.783,5.90861,15.6428,0.873166
7,11.75,-8.6191077302,5.9092,34.7234,0.130486,84.2575,7.4663,27.425,147.2275,5.291645,1.41622,34.6085,98.6,12.424,3.196,6.5375,8.9025,6.60527,17.72645,0.90333
7,12.25,-8.79602783845,11.73955,34.3511,0.1315595,84.3025,7.53035,35.85025,151.7025,6.301095,1.38924,33.778,98.6,12.396,3.34435,6.6642,9.0915,6.72291,17.91465,0.772814
7,12.75,-8.02654084695,8.200275,37.489325,0.13943825,66.43975,6.5634,20.0055,126.127,5.193855,1.43847,32.07425,98.6,12.58775,3.5299,6.81,9.3035,7.70153,18.532975,0.9983255
7,13.25,-8.509656322975,13.26305,43.98255,0.144282,83.315,8.68875,29.843,162.07375,6.171675,1.4644825,30.97025,98.545,12.73775,3.702575,6.87725,9.3485,8.2968975,19.0852,0.95012975
7,13.75,-8.458567252,19.024,44.50155,0.12803625,102.13,9.5815,43.397,191.712,7.700795,1.3945975,29.04325,98.5,12.7845,3.789675,6.9201,9.45075,8.2413725,19.208925,1.2045125
7,14.25,-8.77607201725,33.988325,41.18475,0.1325875,130.44,8.909025,48.869,234.323,6.9415525,1.3348725,27.26425,98.5,12.801,3.8341,6.9961,9.5535,8.23513,18.575525,1.1071325
7,14.75,-6.3240930591,22.5935,52.8872,0.119553,158.53,12.6045,74.2855,282.2765,9.6017775,1.433965,27.0585,98.5,12.9025,3.893025,7.084775,9.5565,8.38795,18.296675,1.204955
7,15.25,-7.60902002575,29.7845,48.81825,0.11098,162.3025,10.4175,82.6175,296.4065,7.7944725,1.3747225,26.45725,98.4,13.00975,3.940125,7.170625,9.60175,8.47856,18.277625,0.9473705
7,15.75,-7.3929420521,11.19354,39.9074,0.11412,94.4195,7.287175,29.731,175.7205,5.1543175,1.30413,25.72875,98.4475,13.0145,3.986875,7.253125,9.688,8.4204625,18.83215,1.08373
7,16.25,-6.7716723813,5.71544250000001,29.3279,0.15142025,89.955,7.247475,21.923,169.303,5.0297325,1.416685,25.6085,98.4,13.13375,4.0508,7.33345,9.78325,8.425415,18.920375,0.82686375
7,16.75,-6.6846735358,4.36798,33.601,0.186536,52.062,5.977425,5.608825,93.409875,2.8245025,1.56278,25.4905,98.4,13.194,4.093775,7.411675,9.75375,8.43061,18.46915,0.73881575
7,17.25,-7.78652699135,-6.4864,32.08425,0.1522075,44.73375,5.041125,-12.545125,83.09875,3.3344175,1.6317775,25.46525,98.4,13.3725,4.10835,7.503725,9.684,8.387135,18.223525,0.9869335
7,17.75,-4.9844908356,1.01545225,22.9948,0.113536,79.83825,5.3709,12.113075,148.217,3.8381375,1.7398875,25.344,98.4,13.44425,4.102575,7.564425,9.60525,8.31947,17.86405,1.05167
7,18.25,-3.314245093625,-21.3822225,25.1809,0.155484,63.5975,5.610975,10.45225,120.5275,3.35794,1.63991,25.83475,98.4,13.47175,4.090425,7.58585,9.573,8.14308,17.54235,0.75940325
7,18.75,-3.125687394225,-18.909735,14.0195,0.140972,40.0225,4.612325,-0.497899999999999,72.658575,2.6319375,1.4533975,26.46525,98.4,13.30025,4.08515,7.60625,9.56275,8.01536,17.786775,0.75636175
7,19.25,-2.0232252393,-13.740875,14.999125,0.0813425,41.858,4.07645,-7.4148,74.128,2.60643,1.5301575,27.4355,98.4475,13.31375,4.084175,7.63205,9.59325,7.75926,16.05325,0.4816015
7,19.75,-1.523331331875,-19.65365,1.796335,0.067045,30.9045,3.2186,-8.002425,56.5084,1.74008,1.465065,29.7085,98.4,13.17975,4.069475,7.64465,9.5705,6.7809475,15.59695,0.325723
7,20.25,-0.179714910475,-24.726525,1.344237,0.044465,26.4305,2.687725,-18.9935,47.431875,0.90087375,1.277405,30.694,98.4,12.73075,4.044825,7.655625,9.50775,6.268835,11.985725,0.405206
7,20.75,-1.8329790583,-34.3564,-3.8495455,0.039605,20.39325,1.349225,-30.50675,34.56855,0.49953525,1.0981725,35.06175,98.3475,12.62275,4.013675,7.665075,9.39975,5.67724,6.09967,0.33116375
7,21.25,-1.762808208375,-37.923725,-8.425765,0.0225875,9.73275,1.3961,-39.64275,19.0659,0.48882825,1.01097475,41.15325,98.3475,12.35475,3.973125,7.657725,9.2465,5.2912725,1.29944,0.31193775
7,21.75,-2.993353647,-40.661275,-9.923255,0.027,4.794,1.0576,-43.2675,9.176275,0.14510925,0.88840375,42.75975,98.3475,11.95775,3.93655,7.631925,9.06375,4.5725875,-2.52423,0.26472775
7,22.25,-3.44470858805,-44.726,-22.648675,0.024235,1.72475,0.62925,-41.9225,3.9051,0,0.7196595,42.3795,98.395,11.5065,3.900125,7.601,8.82825,3.7020975,-5.7304675,0.21348875
7,22.75,-6.6885481023,-51.563975,-11.48325,0.0254,0.029,0.414175,-44.208,1.39308,0,0.646187,41.6795,98.395,11.07575,3.86065,7.5667,8.607,2.9700675,-8.5546175,0.2093895
7,23.25,-6.037580377275,-58.44905,-10.4456,0.02271,0,0.0696,-43.688,0.209362,0,0.57487225,41.647,98.395,10.799,3.8138,7.52945,8.35,2.3252475,-10.858365,0.20063425
7,23.75,-2.37776057365,-49.602125,-13.087,0.025745,0,0.0608,-49.419,0.00921758,0,0.53291075,41.392,98.395,10.80425,3.761575,7.492925,7.87565,1.96124,-12.4115125,0.23346375
8,0.25,-10.858150655,-57.087625,-13.095125,0.01788,0,0.07225,-37.402,0,0,0.5063075,67.5355,98.2475,6.36815,3.5254,5.958175,5.786025,-5.13697,-18.2155,0.2023825
8,0.75,-12.532503974,-74.1285,-8.815025,0.020315,0,0.13725,-41.042,0,0,0.44139825,67.30025,98.3,5.93655,3.487125,5.92215,5.36125,-5.7112025,-20.544175,0.24069375
8,1.25,-3.7574257181,-62.24525,-30.7952,0.0169,0,0.045125,-50.8875,0,0,0.39428625,67.48175,98.3,6.2653,3.39915,5.8804,4.957675,-6.5541025,-22.62315,0.1903925
8,1.75,-13.199144163,-44.981,-19.408175,0.02805,0,0.066025,-37.05375,0,0,0.416207,68.57225,98.3,5.845425,3.315125,5.838825,4.67455,-7.5103825,-23.53285,0.19320375
8,2.25,-12.8866447205,-51.0651,-5.76953,0.0317125,0,0,-47.12825,0,0,0.36521175,69.752,98.3,5.302175,3.238175,5.797775,4.448175,-8.2650425,-24.6652,0.25534625
8,2.75,-4.89064601655,-36.51675,-15.2801,0.0247625,0,0.03705,-46.225,0,0,0.31706125,69.77475,98.3,4.883075,3.166725,5.75345,4.2816,-8.7401425,-26.1781,0.23432
8,3.25,-6.1708076044,-35.6688,-9.16694,0.0253975,0,0,-33.0195,0,0,0.2863995,70.41975,98.3,4.44735,3.072825,5.677875,3.9967,-9.13801,-26.8487,0.2237975
8,3.75,-14.805783418,-34.22985,-14.1758,0.0246,0,0,-46.41625,0,0,0.24672,72.25925,98.3475,4.195075,2.986825,5.59755,3.67395,-10.2654625,-27.168,0.21017375
8,4.25,-6.0255959765,-26.476875,-35.8544,0.02179,0,0.124375,-46.068,0,0,0.23443375,72.092,98.3475,3.870775,2.9094,5.500125,3.41375,-11.03486,-26.542625,0.2174475
8,4.75,-5.502147515,-44.26115,-25.92385,0.020175,0,0.076225,-31.30875,0.2249975,0,0.2458885,71.44975,98.3475,4.0005,2.831075,5.403225,3.16415,-11.1960725,-26.344375,0.2356525
8,5.25,-6.3366784852,-31.05525,-34.563,0.01867,0.83,0.327575,-31.6015,2.215585,0,0.26260775,70.00375,98.4,4.640575,2.7541,5.338725,2.948875,-10.866235,-26.03145,0.23086875
8,5.75,-8.667857848,-33.024375,-11.230375,0.02401,4.362,0.5681,-33.762,10.53709,0.062961725,0.2952035,71.654,98.4,5.323325,2.6861,5.2932,2.7944,-10.60594,-21.463575,0.25562375
8,6.25,-4.536364133875,-54.2384,-20.0793,0.031945,15.74065,1.155925,-35.675,28.4972,0.61648,0.35869675,72.1845,98.4475,5.63305,2.6211,5.236425,2.7169,-9.9989475,-20.212875,0.198932
8,6.75,-6.752791415775,-43.8405,1.21246,0.03775,28.20975,1.486075,-24.88725,50.331475,1.020965,0.366853,68.18375,98.4475,6.7671,2.58365,5.149225,2.702925,-9.0200325,-16.19975,0.2401185
8,7.25,-5.262642844,-26.839975,-2.3729125,0.042245,29.358,1.61865,-5.4407,50.3939,1.17276125,0.37769575,66.7915,98.4,7.8876,2.56185,5.0539,2.604325,-7.8890275,-13.719125,0.2319245
8,7.75,-5.979808249,-7.474675,11.8085,0.0518175,49.8075,2.760575,0.227,89.782875,1.789555,0.39100125,64.4,98.4475,8.2145,2.547075,5.009475,2.638,-6.4671825,-11.75377,0.3314355
8,8.25,-8.1133435293,3.35074,19.8278,0.0635025,68.47325,3.606325,-0.488575,115.52825,2.6450575,0.48556325,62.11175,98.4475,8.396,2.546625,4.992025,2.820575,-4.9702625,-8.238595,0.3429545
8,8.75,-7.4584426206,7.067045,25.91855,0.06339,82.76,3.932575,8.8284,151.202,3.119665,0.491419,59.08575,98.4475,8.603,2.562775,4.97945,3.42655,-3.0445925,-3.7556975,0.519152
8,9.25,-10.66963816925,0.00291349999999901,31.6086,0.11783,86.5,5.59745,4.9275,153.5825,4.5197975,0.609655,57.6835,98.4475,8.69225,2.591525,5.0135,4.317175,-2.41080425,0.69685775,0.764639
8,9.75,-9.06629817355,-0.885325000000001,44.483425,0.14250275,103.73,7.807825,21.2835,186.73225,6.299835,0.93463225,53.4445,98.395,8.679,2.68175,5.050125,5.6571,-1.34262375,3.9816575,0.7385415
8,10.25,-9.6773699534,3.1716925,45.971,0.126696,115.825,7.9531,23.3,204.2475,6.5914325,1.06626675,51.60325,98.395,8.5755,2.82055,5.076725,6.21465,-0.17122875,5.289875,0.670619
8,10.75,-10.9734080245,-6.29886,54.8364,0.103026,83.40625,6.96565,10.14655,150.7685,5.413775,1.09065,49.4755,98.395,8.6385,2.95145,5.1003,6.421025,1.68158825,6.9738925,0.6465995
8,11.25,-10.97336908045,2.08933175,47.05115,0.13959375,94.6675,7.3488,33.139,175.69925,5.81111,1.0799625,49.32775,98.395,8.74105,3.1214,5.126775,6.65205,2.946605,8.933555,0.644784
8,11.75,-10.2991358631,7.1786025,53.271075,0.1390015,159.475,8.1264,59.8625,295.2275,6.8303925,1.11063,47.73675,98.295,8.80395,3.293275,5.1685,6.9509,4.0657375,10.8054,0.718302
8,12.25,-8.147001720375,20.022125,52.54475,0.15697125,140.975,8.8145,48.82,256.2175,7.6345075,1.29061,45.3405,98.29,9.05325,3.37975,5.21785,7.1762,5.0438375,11.712725,0.89662375
8,12.75,-9.123808248125,18.84075,62.805625,0.10860375,166.425,11.975,68.2325,311.7175,9.30676,1.371505,43.159,98.29,10.628,3.5003,5.2701,7.7339,5.49455,13.04705,0.8477225
8,13.25,-9.0137315129,19.71015,61.2007,0.1165955,145.44,9.31895,38.334,266.94,7.867015,1.406975,41.5995,98.245,10.7415,3.55625,5.34785,7.86945,5.873,14.57685,0.88950625
8,13.75,-7.0564832927,15.2252,40.8468,0.144352,129.24,7.3322,62.996,236.364,5.94615,1.30027,39.074,98.245,10.8135,3.6653,5.43075,8.06465,6.021035,16.21125,0.9423975
8,14.25,-7.113281942,13.719,59.293,0.1196,125.475,6.9267,58.1325,232.504,6.01064,1.402535,35.9565,98.245,11.0005,3.7749,5.50355,8.247,6.47619,18.2157,0.85219
8,14.75,-9.8222480167,11.935,37.7994,0.125652,129.9725,7.7931,37.5115,253.22625,6.0732325,1.29634,35.473,98.2475,9.181725,3.59,5.579375,7.8098,6.4985375,18.781,0.785835
8,15.25,-6.801387135825,6.0451875,34.604825,0.103337,109.45,7.6965,17.613,208.799,5.703855,1.4377675,34.466,98.1475,9.89975,3.62805,5.66085,7.93055,7.06655,18.83945,0.63831
8,15.75,-5.257893079375,-3.17426,35.44095,0.113299,82.229,6.699525,22.56425,151.354,3.855655,1.5253175,33.735,98.195,10.439,3.67155,5.74225,8.080225,6.97202,19.200225,0.635374
8,16.25,-5.6173891521,1.50191,40.81315,0.06569,80.675,6.286225,30.715,151.705,4.2621275,1.488265,31.6795,98.1475,10.48525,3.739225,5.813725,8.2298,6.955775,19.582675,0.558816
8,16.75,-5.3577772735,-3.502625,23.10625,0.082375,73.265,6.598475,11.4205,136.6375,4.9743925,1.4661725,30.77625,98.1475,10.32675,3.75675,5.880925,8.3204,6.79088,18.9221,0.542018
8,17.25,-4.75683526325,-6.986345,17.71875,0.08465,72.273,5.295575,1.9848,134.71,3.8916275,1.566295,30.17325,98.1475,10.26025,3.76415,5.926975,8.35375,6.5620075,18.230525,0.539704
8,17.75,-3.53047671325,-7.88508,21.2996,0.0865625,51.41625,3.4211,3.948375,95.17045,2.1519475,1.56449,29.78025,98.095,10.09825,3.771775,5.9685,8.382925,6.522535,17.07575,0.41245
8,18.25,-3.008435740925,-12.4968,22.3407,0.06608,39.547,3.9521,-8.2394,73.1634,2.452545,1.3457675,33.28275,98.0475,9.885,3.764775,5.994475,8.3198,6.4729825,16.00505,0.450654
8,18.75,-1.8386504016,-29.161375,6.46618,0.05716,34.39925,3.704025,-35.88875,67.528725,1.9760975,1.234525,36.0955,98.1,9.235725,3.747875,6.013725,8.20195,5.9909425,12.47955,0.349736
8,19.25,-1.4525604535,-18.336,-3.476833,0.024325,31.538,2.587225,-19.998,55.5177,1.2557875,1.0991475,40.06025,98.0475,9.033875,3.717625,6.025125,8.06785,5.4102525,8.700895,0.320588
8,19.75,-0.402850587325,-21.1424,-0.6392885,0.0221975,12.949,1.3976,-30.162,23.8717,0.56564175,1.0798325,46.4755,98.0475,8.8138,3.677875,6.038425,7.905975,4.4634975,4.7304,0.268626
8,20.25,-3.627810372,-24.4198,-2.059825,0.025625,6.11235,0.80845,-32.66575,13.372325,0.120184025,0.8675205,57.88,98.1,8.402225,3.637275,6.043425,7.622225,3.6301,1.0041225,0.26098
8,20.75,-1.41982146015,-27.30105,-5.191575,0.0217725,0.1624,0.380125,-39.7775,1.65756,0,0.7832675,61.90025,98.1,7.959725,3.59315,6.04,7.361675,2.834905,-2.165465,0.199446
8,21.25,-2.044393679275,-52.1365,-4.867745,0.01534,0,0.216,-41.45,0.1557275,0,0.75010275,62.28275,98.1,7.74535,3.5496,6.0435,7.10585,1.9391175,-5.3733625,0.222908
8,21.75,-8.284506820075,-60.109275,-11.123,0.02572,0,0.39975,-62.8735,0,0,0.6467475,62.9095,98.1,7.440475,3.507,6.055875,6.812225,1.0099265,-8.69405,0.226786
8,22.25,-8.275539240475,-95.8746,-18.382625,0.0253175,0,0.260225,-101.5,0,0,0.5945865,61.4795,98.2,7.109175,3.466975,6.071275,6.507375,-0.62788475,-12.131775,0.178056
8,22.75,-12.1115221674,-73.677975,-10.970335,0.02256,0,0.23295,-90.9075,0,0,0.58337375,61.001,98.2,6.721375,3.428375,6.065325,6.20455,-2.0685825,-14.212525,0.21953625
8,23.25,-12.84424430125,-54.550075,-26.60425,0.0246,0,0.181725,-45.684,0,0,0.52838875,65.3855,98.3,6.834025,3.395575,6.033,5.915025,-3.4237225,-16.18325,0.21809125
8,23.75,-9.543220929875,-47.708525,-15.0598,0.0252125,0,0.155275,-39.8985,0,0,0.46917475,66.97475,98.3,6.580925,3.3407,6.003,5.6299,-4.3797725,-18.35395,0.21066625
9,0.25,-2.54176896875,-85.50055,-10.062625,0.03002,0,0,-61.09875,0,0,0.13203375,55.916,97.3375,-2.209425,0.289,0.5103,0.064875,-5.2865975,-22.4228,0.2574825
9,0.75,-3.131482922025,-66.7483,-25.977,0.03132,0,0,-61.1855,0,0,0.12495825,55.62425,97.3375,-2.7738,0.290175,0.5062,0.06575,-6.28174,-22.022,0.194635
9,1.25,-3.5631053508,-75.4034,-14.58825,0.025145,0,0.044425,-61.904,0,0,0.115123,56.71925,97.285,-2.66885,0.301425,0.511025,0.061425,-7.212805,-21.4319,0.23307175
9,1.75,-8.4481886649,-65.9534,-6.398965,0.032065,0,0,-61.99175,0,0,0.1103655,57.9375,97.285,-2.3629,0.2952,0.500525,0.05565,-8.1161425,-21.04905,0.21199325
9,2.25,-3.4496144785,-62.150775,-15.902475,0.03119,0,0,-58.978,0,0,0.10975475,59.49825,97.3375,-2.195625,0.29665,0.499075,0.054025,-8.973955,-21.10655,0.20769475
9,2.75,-1.56117224945,-61.57535,-9.1399575,0.02175,0,0.0116,-54.99575,0,0,0.1035915,60.1785,97.3375,-2.54095,0.29805,0.497575,0.0566,-9.8075475,-20.989075,0.22466625
9,3.25,-6.647866178,-53.7505,-32.725925,0.0273975,0,0.0152,-53.866,0,0,0.101043975,61.293,97.39,-2.909225,0.3014,0.4975,0.05865,-10.60273,-20.456275,0.1940355
9,3.75,-6.3254055243,-53.319,-35.4811875,0.02639,0,0.13715,-51.09125,0,0,0.100298875,61.1045,97.39,-3.39135,0.3098,0.502475,0.05965,-11.20325,-19.890875,0.165475
9,4.25,-2.528718978075,-53.831175,-20.4848125,0.022075,0,0.072125,-52.331,0,0,0.1020505,64.08875,97.39,-3.251925,0.3129,0.503625,0.060125,-11.451975,-19.770625,0.2090455
9,4.75,-1.568749378775,-35.7002,-9.1098,0.0290725,0,0,-49.491,0,0,0.096029375,66.48175,97.4425,-3.661675,0.31585,0.504625,0.060025,-11.549375,-19.83075,0.217361
9,5.25,-6.753643863975,-35.366625,-3.5736,0.03753,0,0.047975,-47.79625,0,0,0.098618,66.72575,97.4425,-3.865175,0.3094,0.49675,0.058875,-11.654525,-19.77245,0.183344
9,5.75,-9.011752962475,-45.208275,-49.72445,0.0219725,0,0.0569,-50.17,0,0,0.096870525,66.344,97.395,-4.240425,0.2937,0.480625,0.05425,-11.983325,-20.05875,0.17696425
9,6.25,-5.705413488075,-53.316,-24.5764,0.02676,0,0.109275,-45.9275,0.1525885,0,0.101617325,64.137,97.4475,-4.082275,0.283775,0.469325,0.04905,-12.4412,-20.1108,0.15355025
9,6.75,-8.0210767138,-35.1001,-26.0245,0.0208775,1.87375,0.332,-44.095,3.8686625,0.030469825,0.1106045,63.93675,97.4475,-4.502475,0.2877,0.4712,0.048525,-12.676675,-19.401775,0.186314
9,7.25,-4.56152133525,-33.1036,-7.55739,0.025275,7.736225,0.770425,-35.525,14.03815,0.40916425,0.11682,62.4705,97.4475,-4.11595,0.2752,0.455175,0.0438,-12.896525,-17.89375,0.195949
9,7.75,-3.48639392525,-22.833,0.0131229999999998,0.024855,12.44,1.4839,-23.01,23.635,0.7971535,0.12415975,61.196,97.5,-3.6386,0.273625,0.447775,0.03955,-12.713875,-15.94645,0.2112875
9,8.25,-4.5669569658,-38.9967,1.193685,0.02856,22.6245,1.98965,-19.493,40.729,1.3364325,0.1344155,59.07975,97.495,-1.83835,0.271425,0.4451,0.039925,-12.362,-13.583075,0.21668475
9,8.75,-4.321387822,-22.22155,5.1472775,0.0401,35.30125,2.664225,-12.4245,79.119625,2.022665,0.151806,56.274,97.495,-1.305025,0.270525,0.4403,0.040975,-11.894825,-10.93455,0.27736475
9,9.25,-13.8734217654,-11.181605,12.5666,0.086795,60.6125,4.16145,9.40875,109.32375,3.2656625,0.17649975,52.612,97.5475,-0.753925,0.267625,0.440325,0.04765,-11.2131,-8.321025,0.35650225
9,9.75,-5.7885575711,-18.1914375,11.4763,0.11027725,61.634,4.95755,5.6474,113.9835,4.003575,0.18708375,45.40975,97.495,-0.4509,0.2715,0.447975,0.0507,-10.2184775,-6.70647,0.407588
9,10.25,-15.56764359575,-6.59953,15.0661,0.0761375,70.143,5.4415,16.236,131.05425,4.659745,0.19627975,42.57975,97.495,-0.0936249999999998,0.27785,0.45185,0.053225,-8.916765,-5.8594175,0.51750775
9,10.75,-7.1640831611,-2.43017125,13.72535,0.0699875,75.3115,7.302575,11.7484,141.9725,6.086335,0.2046315,40.038,97.495,0.1128,0.279725,0.450825,0.0536,-7.5824425,-5.370035,0.5274355
9,11.25,-5.30077405325,10.695975,13.390925,0.108137,78.7685,7.68735,31.83525,148.68475,6.33534,0.22989375,36.1085,97.495,0.53215,0.282925,0.45255,0.0535,-6.67682,-4.9235275,0.49315275
9,11.75,-5.6106661768,8.358445,18.1981,0.086065,114.605,7.635375,42.452,220.0765,6.0667725,0.26507275,35.34225,97.5475,0.849575,0.2834,0.452075,0.0514,-5.7972,-4.5537475,0.508479
9,12.25,-6.069582326,6.81761,18.6836,0.06448,118.75,9.73125,47.6455,242.5635,8.38854,0.28762175,33.39475,97.5475,1.2597,0.279775,0.44755,0.04925,-5.2006975,-3.95765,0.52190775
9,12.75,-5.5314756441,3.15299,21.380125,0.076075,114.565,8.433825,38.439,214.7025,7.011545,0.30279025,31.24,97.5475,1.66735,0.279975,0.446325,0.0512,-5.00794,-3.1870025,0.655952
9,13.25,-5.0941373622,6.76496,17.570625,0.12741375,89.8,8.2275,42.972,184.576,6.3837225,0.35879175,30.67575,97.545,2.452475,0.2769,0.44225,0.0531,-4.8748775,-2.473375,0.646307
9,13.75,-6.0970766321,19.0535,19.9778,0.136579,59.655,7.012975,12.5955,116.905,6.2404875,0.4530795,29.87275,97.5475,3.005025,0.27195,0.4373,0.05505,-4.68757,-1.96582,0.6391095
9,14.25,-4.821368989875,14.532625,24.24735,0.108602,125.76,7.402375,57.116,236.768,5.93356,0.49365125,29.716,97.5475,3.27855,0.272575,0.437975,0.059,-4.509625,-1.50268,0.6427765
9,14.75,-5.223484676,8.79223,17.8425,0.08423,113.78,7.404575,46.29,202.458,5.9316675,0.516763,28.68225,97.5475,3.354625,0.275525,0.4385,0.0621,-4.3061475,-1.097044,0.62571025
9,15.25,-5.02813326785,3.149965,18.56795,0.11706,118.5225,7.28375,46.09,212.894,5.4973375,0.57200925,28.011,97.5,3.166275,0.279225,0.441725,0.062675,-3.9926475,-1.1725375,0.6406385
9,15.75,-3.33711433275,-3.35938675,14.749,0.0747,67.12325,6.11415,15.38025,118.60275,4.86984,0.68278425,27.88525,97.5,3.9985,0.2727,0.43715,0.06115,-3.673925,-1.1616095,0.49379325
9,16.25,-3.88638361395,-19.4432,11.4494,0.06548,50.399,5.185425,-3.4491,95.3028,3.8258825,0.63509225,28.36975,97.5,3.593175,0.275775,0.437275,0.06215,-3.3985375,-0.9121115,0.55550875
9,16.75,-2.563306483,-36.704875,6.8554375,0.0986135,32.7225,4.01645,-19.15965,62.62865,2.5979275,0.58485325,28.613,97.5,3.266,0.2754,0.43595,0.064675,-3.1227625,-0.8853895,0.56726625
9,17.25,-2.247822612375,-27.299,3.5719275,0.053205,29.295,2.706325,-12.0455,51.9985,1.71843,0.60067025,27.74875,97.5,3.014,0.27645,0.43505,0.06625,-3.2131625,-0.88609325,0.35931425
9,17.75,-2.87228391195,-32.509675,-1.0975865,0.02815,22.5775,2.2026,-28.2625,39.59025,1.57041,0.53599475,28.942,97.5,2.205275,0.27945,0.4371,0.068775,-3.2575275,-1.10167,0.3341555
9,18.25,-3.76167427505,-27.3256,-3.7064,0.03357,10.8525,1.455725,-39.4875,19.934,0.619118,0.45710775,30.83875,97.4475,1.510275,0.283775,0.439425,0.070775,-3.2967175,-1.96476,0.20215075
9,18.75,-2.86406707275,-64.895,-5.430955,0.022,1.5987,0.769875,-51.43675,3.8561375,0.02040623075,0.440722,35.12525,97.5,0.6794,0.28325,0.437575,0.0723,-3.2651525,-2.1321975,0.19166275
9,19.25,-1.92245624615,-54.7207,-19.12725,0.025215,0,0.3681,-57.644,0.363134,0,0.481996,44.70975,97.5,0.3046,0.2746,0.426975,0.07335,-3.276355,-2.5535375,0.2066375
9,19.75,-3.0825504124,-58.196275,-11.0525875,0.019555,0,0.3016,-56.749,0,0,0.4008625,48.614,97.4475,-0.313725,0.2658,0.418225,0.074825,-3.29701,-3.05873,0.158241
9,20.25,-1.42609983735,-59.54755,-18.213375,0.0215125,0,0.13055,-57.4055,0,0,0.381161,51.60375,97.4475,-0.897025,0.26665,0.41465,0.075825,-3.7367475,-4.1812625,0.15517675
9,20.75,-1.7618957055,-56.362375,-4.983845,0.02469,0,0.089725,-57.7065,0,0,0.3257015,52.714,97.4475,-1.03495,0.264125,0.41275,0.076825,-4.631705,-6.22067,0.19629725
9,21.25,-2.813710476275,-73.09105,-9.0244525,0.0234075,0,0.23865,-54.9625,0,0,0.26733225,55.66275,97.4475,-1.773425,0.2666,0.41385,0.0803,-4.5271725,-10.701325,0.22000875
9,21.75,-3.13128772,-87.463375,-23.567875,0.021895,0,0.120875,-55.27275,0,0,0.24044825,56.97175,97.395,-2.230375,0.268125,0.41185,0.0812,-4.4026775,-14.932375,0.18993975
9,22.25,-2.4012411023,-77.7026,-38.3662,0.024315,0,0.014725,-59.17125,0,0,0.21722325,54.67075,97.4425,-2.625575,0.260325,0.402625,0.082725,-4.30401,-18.31105,0.18529175
9,22.75,-5.11926842955,-78.34225,-33.27,0.0216,0,0.0228,-61.759,0,0,0.19092625,55.41525,97.39,-2.845875,0.26255,0.4039,0.0844,-4.28761,-20.8555,0.196539
9,23.25,0.309297802875,-89.4124,-19.7355,0.0248075,0,0.046225,-60.7005,0,0,0.154327,56.178,97.39,-3.0172,0.2644,0.403275,0.0825,-4.209505,-22.068275,0.222209
9,23.75,-6.796093891125,-112.315,-16.1945,0.028945,0,0,-62.313,0,0,0.143366,56.4815,97.39,-2.995025,0.26255,0.400475,0.07795,-4.54209,-22.719775,0.20109225
10,0.25,-1.80201131515,-52.2004,-5.5400175,0.02822,0,0,-66.551,0,0,0.08297545,48.7415,97.3,-13.52475,-1.191875,-1.4237,-6.55125,-18.416625,-26.92375,0.174802
10,0.75,-1.32153136375,-55.1546,-4.9063575,0.02578,0,0.046075,-68.84,0,0,0.080121375,48.45275,97.3,-13.32125,-1.22125,-1.4547,-6.62395,-18.025375,-25.60625,0.179948
10,1.25,-1.05165744075,-52.00535,-7.1773425,0.02798,0,0.03325,-69.5165,0,0,0.080068275,50.2745,97.3,-12.3015,-1.2409,-1.483825,-6.7,-18.33175,-26.597925,0.189948
10,1.75,-1.2279513737,-34.76845,-4.54615,0.0248125,0,0.0589,-64.4555,0,0,0.07927255,52.322,97.3,-13.58,-1.246525,-1.499825,-6.775925,-18.563375,-27.4101,0.15168
10,2.25,-1.1172692835,-50.9602,-2.5636875,0.02988,0,0,-64.719,0,0,0.07685165,51.98275,97.325,-13.37375,-1.25355,-1.502225,-6.8576,-18.783375,-28.0462,0.217682
10,2.75,-0.8510372915,-60.0178,-7.2663225,0.0222625,0,0,-65.664,0,0,0.080877375,51.0555,97.325,-13.3155,-1.271775,-1.510175,-6.946475,-19.008625,-28.684125,0.185438
10,3.25,-1.25385445105,-41.869,-5.97705,0.0207375,0,0.03325,-61.19775,0,0,0.088697,50.0705,97.325,-13.93625,-1.29215,-1.527675,-7.04065,-19.45675,-29.0765,0.200748
10,3.75,-1.1167995341,-41.0765,-6.91174,0.022525,0,0.007125,-63.07,0,0,0.096988475,48.814,97.325,-14.5385,-1.309525,-1.550875,-7.133725,-19.938875,-29.495475,0.184654
10,4.25,-0.834058270425,-44.987875,-13.3487325,0.01749,0,0,-62.742,0,0,0.10750175,48.82825,97.325,-15.465,-1.324125,-1.56385,-7.2269,-20.42925,-30.107375,0.181644
10,4.75,-0.3002546044,-58.1581,-9.6397325,0.02689,0,0.02135,-64.36925,0,0,0.10487845,50.6375,97.325,-14.70725,-1.338575,-1.571625,-7.3209,-20.764625,-30.663375,0.177988
10,5.25,-0.699801178675,-54.7635,-4.87223,0.0137945,0,0.034675,-65.31925,0,0,0.10797925,51.66025,97.325,-16.43625,-1.349375,-1.587625,-7.412725,-20.99175,-31.478425,0.1995525
10,5.75,-1.1770551735,-57.8032,-6.5445675,0.0226,0,0.041325,-63.6205,0,0,0.10959875,52.30575,97.325,-16.92675,-1.36265,-1.606575,-7.50475,-21.239375,-32.203825,0.20542875
10,6.25,-1.544167968475,-41.36795,-5.152465,0.01394,0,0.040375,-64.50375,0,0,0.1144995,52.1275,97.325,-16.143,-1.3773,-1.627425,-7.59335,-21.422125,-33.38425,0.17377125
10,6.75,-1.182517241,-27.839925,-2.85648,0.0162875,0,0.04655,-63.6935,0,0,0.114442,54.84425,97.3225,-16.908,-1.3922,-1.65255,-7.677,-21.6185,-34.43135,0.15393375
10,7.25,-0.54397632505,-37.015,-8.11078,0.0159875,0,0.188925,-60.719,0,0,0.11298725,54.84025,97.34,-16.75025,-1.4053,-1.68035,-7.74855,-21.834375,-35.1459,0.15186625
10,7.75,-0.634379695575,-59.49945,-12.8002,0.01988,0,0.332225,-53.007,0.257276,0,0.1102725,55.23725,97.32,-16.34375,-1.418725,-1.708575,-7.8106,-22.026625,-36.031375,0.1443875
10,8.25,-0.4834358625,-46.4538,-3.08715,0.017275,0.921,0.5596,-46.1125,2.983,0.30431875,0.11885175,54.46425,97.32,-17.11275,-1.4353,-1.740275,-7.86615,-22.22625,-36.291875,0.19029625
10,8.75,-0.264507959,-34.2534,-6.62804,0.024175,4.773675,1.092475,-39.94875,8.7371,1.2796225,0.12592825,51.29125,97.34,-16.897,-1.454775,-1.769225,-7.908325,-22.420875,-36.611575,0.17133625
10,9.25,-3.6039676473,-25.2252,-9.3491075,0.02747,14.22075,2.154325,-22.58625,24.162975,2.38757,0.1241555,47.52025,97.34,-14.6625,-1.485525,-1.799525,-7.936025,-22.5905,-36.58725,0.212414
10,9.75,-2.210190361375,-9.9321725,-1.74926,0.0417825,26.577,3.6688,-17.761,41.9159,4.7894875,0.1316555,45.58675,97.35,-12.627,-1.50565,-1.824525,-7.906575,-22.700375,-35.995125,0.2760575
10,10.25,-1.949504198,3.89081,-5.42975,0.069655,29.4955,4.857775,-17.025325,55.5313,6.8734975,0.144459,41.34275,97.325,-11.21275,-1.514275,-1.83475,-7.79395,-22.727125,-34.43365,0.2716565
10,10.75,-1.51242436745,1.879945,1.87306,0.03343,31.97,5.0508,-16.41005,56.7787,6.04689,0.1593915,36.9715,97.325,-10.27425,-1.4689,-1.8117,-7.6056,-22.62575,-33.334625,0.413404
10,11.25,-4.101491723125,4.316693,-3.31875,0.05763,35.828,7.096675,-21.6316,58.025,7.81196,0.19604775,33.38575,97.3,-9.24875,-1.410525,-1.777075,-7.363375,-22.338625,-31.707175,0.396248
10,11.75,-2.3870123826,2.97537,6.9907,0.07277,36.126,7.669875,-31.7448,69.5088,7.78791,0.231286,31.745,97.3,-8.108475,-1.344325,-1.733725,-7.06955,-21.868125,-29.881025,0.61704375
10,12.25,-2.245310930875,3.87635,5.149075,0.07289,35.676,7.40935,-26.8868,75.8182,8.68179,0.2371005,31.5075,97.3,-7.38635,-1.2783,-1.6905,-6.7663,-21.026,-28.23855,0.477256
10,12.75,-2.41584149255,5.8076,5.182875,0.084945,36.304,8.315475,-9.91279999999999,71.2934,6.754415,0.311821,29.60725,97.2275,-7.110625,-1.201025,-1.626775,-6.444875,-19.948625,-26.546175,0.363854
10,13.25,-2.0226780864,9.16806,4.0971025,0.092015,33.5025,6.279525,10.795,67.8035,7.0123775,0.33936225,27.47,97.23,-6.681125,-1.1138,-1.554575,-6.1056,-18.9375,-24.939275,0.415974
10,13.75,-2.6303138822,10.4560625,6.7871525,0.074185,37.02625,7.30805,14.17,74.38575,8.5778075,0.27549975,26.87625,97.16,-6.297,-1.03625,-1.477125,-5.785325,-18.0025,-23.604275,0.542406
10,14.25,-2.0051146162,-2.74990675,4.5704325,0.0786,35.80625,6.78315,2.343625,79.585125,9.0381625,0.3564845,26.0425,97.1975,-5.887125,-0.97915,-1.40685,-5.490725,-17.13975,-22.18105,0.461668
10,14.75,-4.7237878344,-18.38425,2.0988725,0.080215,33.32875,5.69595,-16.96875,68.20975,7.4247625,0.256697,25.37675,97.165,-5.643875,-0.9301,-1.348225,-5.2313,-16.54425,-21.353425,0.525864
10,15.25,-3.42275446255,-21.38925,1.418975,0.06185,25.366,4.726275,-13.9004,50.5242,5.4246525,0.183437,24.8675,97.13,-5.52905,-0.89015,-1.301925,-5.011225,-16.01675,-20.843475,0.361918
10,15.75,-1.6267098894,-25.127375,0.184083,0.039675,15.00375,2.802825,-22.07875,31.695925,3.4899525,0.1966025,25.18275,97.14,-5.431875,-0.855375,-1.256475,-4.8242,-15.541125,-20.6248,0.29360875
10,16.25,-1.28176538285,-36.83125,-0.3824025,0.0414,11.40475,1.8067,-47.90025,22.684025,2.242635,0.2207885,26.59825,97.14,-6.022275,-0.823125,-1.2121,-4.6957,-15.1485,-20.654875,0.32727875
10,16.75,-1.44430908945,-62.355025,-6.80645,0.0273,3.3196,0.906325,-55.552,8.52268,0.77049425,0.22167875,29.419,97.04,-8.60775,-0.83195,-1.200675,-4.627025,-14.85775,-21.117525,0.2106975
10,17.25,-2.04241552355,-51.909625,-4.06375,0.022215,0,0.4205,-55.096,1.0911,0,0.227104,34.54825,97.03,-9.7695,-0.85985,-1.19305,-4.596325,-14.74125,-21.114725,0.16944875
10,17.75,-1.3851238468,-61.4158,-3.8339475,0.0205275,0,0.252175,-55.94,0.0358485,0,0.20264625,39.10975,97.0625,-11.1625,-0.886525,-1.19205,-4.628025,-14.8055,-21.246275,0.1707725
10,18.25,-1.30715535365,-67.13295,-4.59532,0.01902,0,0.230225,-63.366,0,0,0.175889,41.45575,97.0625,-12.0355,-0.923525,-1.19805,-4.750075,-15.01125,-21.4681,0.14176
10,18.75,-0.48387223795,-79.060675,-1.2312,0.023035,0,0.043225,-67.402,0,0,0.15390025,42.8925,97.13,-12.82625,-0.961625,-1.2227,-4.90265,-15.349875,-21.765575,0.14615875
10,19.25,-1.14753383555,-92.23905,-5.35229,0.011755,0,0.0503,-71.888,0,0,0.138823,44.03375,97.13,-13.08175,-0.989775,-1.246925,-5.0698,-15.77475,-22.169875,0.17268
10,19.75,-2.53617501975,-69.0885,-5.121355,0.0193075,0,0,-72.358,0,0,0.16201325,43.44975,97.13,-14.01625,-1.01065,-1.25495,-5.243675,-16.16375,-23.27675,0.163975
10,20.25,-1.815165026425,-67.168375,-19.5278,0.0131385,0,0,-69.814,0,0,0.142227,44.0975,97.13,-14.75,-1.037825,-1.2656,-5.4236,-16.543875,-24.409875,0.163835
10,20.75,-2.52010743825,-61.091,-12.1515,0.02766,0,0.014375,-69.926,0,0,0.1309465,46.75125,97.1975,-13.51625,-1.071975,-1.275725,-5.601625,-16.951375,-25.454,0.20440625
10,21.25,-1.182448394,-82.8865,-15.646375,0.0184475,0,0.077475,-69.894,0,0,0.12070725,46.55825,97.1975,-12.1445,-1.131375,-1.323375,-5.77265,-17.362875,-26.342625,0.15387
10,21.75,-1.48952112265,-68.2083,-2.601005,0.03113,0,0.056275,-69.514,0,0,0.10805605,46.188,97.1975,-12.514,-1.172775,-1.3789,-5.93335,-17.75075,-27.106375,0.1831875
10,22.25,-0.7731897475,-65.382,-2.74885,0.02722,0,0.046075,-66.54375,0,0,0.09889725,43.714,97.2325,-13.53025,-1.159175,-1.368825,-6.075775,-18.056875,-27.787625,0.18109875
10,22.75,-1.09312331625,-62.2973,-5.938885,0.02018,0,0.028025,-69.2,0,0,0.095545425,44.533,97.2325,-14.4875,-1.159075,-1.37575,-6.21155,-18.30025,-28.37805,0.13332625
10,23.25,-0.529288084,-38.0725,-4.47621,0.02298,0,0.05535,-63.86125,0,0,0.091802225,44.631,97.265,-14.149,-1.1722,-1.3952,-6.3357,-18.548875,-29.051125,0.18250125
10,23.75,-1.1424293349,-33.831,-30.48935,0.03396,0,0,-62.3485,0,0,0.091616825,46.139,97.23,-13.5635,-1.20005,-1.4285,-6.44265,-18.812125,-29.668325,0.18261
11,0.25,0.0710925,-51.24025,-7.955965,0.018475,0,0.08395,-52.112,0,0,0.15512625,68.42375,96.795,-25.95525,-2.277025,-3.8134,-7.561275,-17.89975,-18.24825,0.234992
11,0.75,0.05803,-56.4672,-4.101535,0.0218675,0,0.121225,-52.032,0,0,0.1457885,68.7455,96.795,-26.13025,-2.2672,-3.812525,-7.60965,-17.112625,-18.56175,0.196068
11,1.25,0.034925,-60.7994,-3.70872,0.02365,0,0.109125,-51.0135,0,0,0.14381775,68.97975,96.795,-26.485,-2.27415,-3.813375,-7.619025,-16.998,-19.109875,0.248174
11,1.75,0.06261,-44.6588,-2.73361,0.023025,0,0.038,-47.072,0,0,0.14339375,68.734,96.795,-26.51175,-2.2874,-3.81395,-7.643525,-17.073625,-19.6105,0.280802
11,2.25,-0.8767304481,-35.8569,-5.4537,0.0157,0,0.036625,-42.716,0,0,0.151193,68.743,96.795,-27.0645,-2.3068,-3.823225,-7.679875,-17.176625,-20.10175,0.222696
11,2.75,-0.5967257975,-49.713,-9.707865,0.03035,0,0,-43.9915,0,0,0.152767,69.85325,96.8425,-27.28175,-2.337375,-3.84385,-7.7283,-17.283875,-20.600125,0.25062375
11,3.25,0.03957,-44.636925,-2.9333925,0.022725,0,0,-40.11275,0,0,0.138332,69.586,96.8425,-27.577,-2.34735,-3.8603,-7.786275,-17.368,-21.050125,0.244576
11,3.75,-0.22039799425,-41.836,-5.620795,0.03,0,0.028975,-46.311,0,0,0.14793675,69.95575,96.8425,-27.64025,-2.3518,-3.87085,-7.847025,-17.38175,-21.44225,0.2275
11,4.25,0.0239375,-47.567,-3.100165,0.030225,0,0,-40.87,0,0,0.149297,69.24,96.8425,-27.74,-2.35825,-3.886925,-7.909875,-17.54375,-21.784125,0.26202
11,4.75,0.03403,-60.76555,-4.59692,0.02425,0,0.00475,-44.06425,0,0,0.14795275,67.7145,96.89,-27.72925,-2.367075,-3.9038,-7.976875,-17.71525,-22.09575,0.283398
11,5.25,-0.28113013485,-53.8654,-3.791275,0.01535,0,0.0171,-48.0425,0,0,0.14118025,66.4245,96.89,-28.001,-2.377275,-3.920675,-8.042175,-17.854375,-22.411125,0.214608
11,5.75,0.0471325,-51.66525,-2.57509,0.0214,0,0.026725,-49.51,0,0,0.14040975,66.52,96.89,-27.82975,-2.385325,-3.938025,-8.11035,-17.965625,-22.732875,0.246698
11,6.25,0.1146130932,-50.2364,-2.5741025,0.0384325,0,0,-50.822,0,0,0.148144,67.3445,96.89,-27.9335,-2.396475,-3.957375,-8.16325,-18.04425,-23.02075,0.275898
11,6.75,0.0803162644,-54.03825,-9.7666,0.03142,0,0.028175,-51.14875,0,0,0.1514315,66.45625,96.9425,-27.23725,-2.40825,-3.9762,-8.19325,-18.08375,-23.26525,0.27787
11,7.25,0.046456854,-46.197375,-2.41515,0.03115,0,0.00855,-53.02,0,0,0.15009825,65.9375,96.9425,-27.635,-2.418825,-3.992875,-8.21275,-18.07775,-23.452,0.234612
11,7.75,0.0684175,-48.0968,-6.0993,0.02915,0,0.0247,-51.7895,0,0,0.151576,65.93975,96.895,-27.758,-2.426625,-4.00935,-8.21125,-18.0335,-23.56675,0.256178
11,8.25,0.17479171655,-62.49525,-9.853765,0.03735,0,0.050825,-51.471,0,0,0.14649,66.3755,96.895,-28.06475,-2.426225,-4.02735,-8.18925,-17.97475,-23.642875,0.233122
11,8.75,-0.6026280042,-53.0783,-2.7585975,0.02352,0,0.0361,-49.0735,0,0,0.144743,66.17275,96.9475,-28.56575,-2.4074,-4.0463,-8.15675,-17.90675,-23.65675,0.232368
11,9.25,0.0872226476,-47.6999,-2.5023,0.02185,0,0.164575,-41.251,0.0308544,0,0.13960575,65.48325,96.995,-28.88325,-2.38615,-4.056625,-8.12625,-18.043875,-23.525125,0.328928
11,9.75,0.04332,-40.48525,-2.17586,0.02909,0,0.4912,-31.80125,0.4141925,0.683372,0.14065425,64.9895,96.995,-28.1905,-2.376625,-4.050425,-8.0935,-18.172875,-23.222125,0.317604
11,10.25,-0.111574997,-34.86085,-0.488615,0.0277175,0.58,1.161975,-19.682,2.37988,2.321505,0.14770325,64.32775,97.0475,-27.27575,-2.3841,-4.05945,-8.074075,-18.2815,-22.726,0.237808
11,10.75,0.0797002384,-36.42405,0.8781915,0.028675,1.6432,2.550775,-24.021,5.24599,3.8469075,0.15709425,63.71725,97.0475,-26.45925,-2.410575,-4.08405,-8.06365,-18.347875,-22.01,0.31155
11,11.25,0.0304225,-33.478675,-6.8921875,0.0187175,2.75345,3.842075,-27.373,6.72793,4.73947,0.16727975,63.25175,97.0475,-25.305,-2.416575,-4.088325,-8.039375,-18.472875,-21.122125,0.27099
11,11.75,0.07191,-36.56385,-3.67568625,0.0386875,3.6976,4.72305,-16.28,7.30774,5.383015,0.188625,62.12375,97.1,-24.089,-2.427925,-4.10195,-8.018,-18.661625,-20.139375,0.307636
11,12.25,-0.1279140708,-29.2867,-1.4980725,0.036675,6.8818,6.349475,-19.526,12.0402,5.813845,0.19117975,58.788,97.0475,-23.05575,-2.40875,-4.085625,-7.967075,-18.809875,-19.5605,0.53092
11,12.75,-0.18433006525,-25.0205,-2.06731,0.031125,6.43435,6.792875,-19.9305,11.3599,6.64419,0.1938255,57.68025,97.0475,-22.94725,-2.35885,-4.032775,-7.88755,-18.787875,-18.984,0.42671875
11,13.25,-0.12222132645,-28.287175,-0.9362,0.04145,4.607275,6.919225,-20.564,7.3445675,7.16479,0.2023015,56.774,97.0475,-22.05575,-2.319875,-3.992375,-7.779325,-18.710125,-18.328875,0.49956125
11,13.75,0.0153545,-28.26545,-1.005295,0.0374425,4.9092,5.620725,-17.744,8.6552,6.05951,0.20876175,56.2295,97,-21.73725,-2.283325,-3.9561,-7.67545,-18.61025,-17.699375,0.499505
11,14.25,0.009445,-22.478375,-2.3209025,0.032055,2.4224,4.240925,-18.22,3.37604,4.509745,0.20813925,55.98125,97,-21.86275,-2.25095,-3.924625,-7.5707,-18.505625,-16.758875,0.289105
11,14.75,-0.1102016708,-23.4419,-1.931755,0.0274475,2.423,2.43525,-15.50525,4.041235,3.49574,0.2043315,55.32375,97,-22.443,-2.232175,-3.901975,-7.486225,-18.398625,-15.946875,0.28622
11,15.25,0.010446,-28.296425,-1.5160625,0.0310675,1.378175,1.33395,-23.48875,1.50273,1.87935,0.1830335,56.3205,97,-23.0255,-2.22185,-3.89095,-7.40745,-18.2635,-15.49875,0.21808
11,15.75,0.04817,-33.6596,-3.788745,0.0262,0.349,0.498725,-37.395,0.38051,0.7615765,0.16291425,57.82275,96.945,-23.71775,-2.210025,-3.865475,-7.322625,-18.056,-15.208875,0.312556
11,16.25,0.007707,-38.876375,-2.4986925,0.0239,0,0.199975,-45.974,0.00725144,0,0.1596465,60.31825,96.995,-24.02225,-2.2068,-3.8521,-7.25365,-17.91125,-15.191,0.220725
11,16.75,0.09518727905,-33.42535,-3.314345,0.029275,0,0.149275,-48.419,0,0,0.1459965,61.6935,96.995,-24.1715,-2.2021,-3.839825,-7.198675,-17.804875,-15.294375,0.23788125
11,17.25,-0.066817442,-34.9478,-2.9270075,0.022315,0,0.047175,-45.35875,0,0,0.15703275,64.5675,96.995,-24.7305,-2.197075,-3.8235,-7.156175,-17.9335,-15.550125,0.271384
11,17.75,-0.187646308,-41.82255,-5.70606,0.0305925,0,0.03515,-41.40525,0,0,0.163916,65.61925,96.995,-25.47275,-2.197775,-3.811125,-7.12795,-18.086,-15.87875,0.25913375
11,18.25,-0.7315767203,-30.067075,-7.0824575,0.0267275,0,0.02185,-42.57,0,0,0.15797475,67.215,96.995,-25.701,-2.2036,-3.806525,-7.111675,-18.214875,-16.41325,0.240454
11,18.75,0.01242,-34.185925,-3.4801525,0.026425,0,0,-42.20825,0,0,0.15013975,67.19625,96.9425,-25.842,-2.218025,-3.8097,-7.10425,-18.272375,-16.952,0.270795
11,19.25,-0.087928732125,-57.155225,-8.5608275,0.02116,0,0.022525,-40.49275,0,0,0.15405675,67.67175,96.99,-25.65725,-2.23375,-3.817725,-7.103075,-18.324375,-17.235375,0.269938
11,19.75,0.076677747725,-44.704,-4.1562025,0.02686,0,0.0719,-38.64225,0,0,0.15975175,69.4915,96.9425,-25.58425,-2.243375,-3.8208,-7.107375,-18.360625,-17.3635,0.310564
11,20.25,-0.416492964375,-45.0381,-4.1642925,0.02914,0,0.039925,-38.89825,0,0,0.15550775,70.6475,96.9425,-25.496,-2.246875,-3.82015,-7.154725,-18.382125,-17.521625,0.299416
11,20.75,-0.531992893425,-46.55265,-5.744635,0.023653,0,0.0438,-43.422,0,0,0.15808825,70.64675,96.895,-25.59025,-2.24385,-3.816025,-7.2025,-18.390875,-17.6375,0.289974
11,21.25,0.05336425545,-52.1654,-3.650095,0.0264,0,0.06675,-43.31,0,0,0.15050675,70.64025,96.895,-25.61175,-2.238925,-3.80925,-7.249325,-18.401,-17.541,0.231676
11,21.75,0.098706543,-42.87055,-3.086995,0.0281,0,0.0676,-43.63825,0,0,0.1509155,69.8195,96.895,-25.657,-2.234725,-3.803825,-7.298425,-18.3765,-17.105625,0.28976
11,22.25,0.017145,-49.451875,-1.912385,0.031125,0,0.02395,-48.25575,0,0,0.14852675,70.353,96.8475,-25.74475,-2.238725,-3.798525,-7.34535,-18.32575,-16.816625,0.219776
11,22.75,0.0597835783,-58.848625,-5.7921375,0.02427,0,0,-49.692,0,0,0.147998,69.42975,96.8475,-25.596,-2.246725,-3.795375,-7.3957,-18.238,-16.883875,0.203792
11,23.25,0.07836,-90.0534,-7.50225,0.02425,0,0.00475,-51.28475,0,0,0.14560825,68.6885,96.8475,-25.8075,-2.255825,-3.799925,-7.448675,-18.131875,-17.098625,0.228352
11,23.75,0.0352125,-57.4445,-12.960685,0.0274275,0,0.031125,-52.033,0,0,0.1525725,68.5185,96.8,-26.00325,-2.267125,-3.8015,-7.5019,-18.00975,-17.412375,0.252792
12,0.25,0.07065216175,-49.868825,-17.1718375,0.022375,0,0,-25.2,0,0,0.1046825,68.1575,96.62,-33.87,-2.457,-5.414,-7.45725,-13.55175,-12.66625,0.18088375
12,0.75,0.0804,-33.355525,-5.1282475,0.019025,0,0,-24.5475,0,0,0.1176125,69.8,96.62,-31.8375,-2.44325,-5.42025,-7.4275,-13.4635,-12.51,0.222218
12,1.25,0.0753922704,-54.615625,-5.9652525,0.028825,0,0,-22.234,0,0,0.11866,69.1225,96.56,-31.545,-2.446,-5.43025,-7.40825,-13.4795,-12.47875,0.20922875
12,1.75,0.071539737375,-62.6035,-5.351285,0.017675,0,0.033,-23.66775,0,0,0.1212175,69.01,96.56,-31.4475,-2.4375,-5.44375,-7.3835,-13.496,-12.47375,0.16799625
12,2.25,0.017225,-47.73795,-6.57921,0.026785,0,0,-23.15425,0,0,0.11955,68.065,96.56,-31.37,-2.4345,-5.44175,-7.36075,-13.52125,-12.55875,0.208564
12,2.75,-0.577783517525,-47.1305,-2.0128435,0.025095,0,0.021,-30.47025,0,0,0.12155,67.5475,96.56,-31.395,-2.4375,-5.4365,-7.34575,-13.55675,-12.73625,0.184442
12,3.25,0.1166566753,-73.153775,-1.9513875,0.021625,0,0.003,-33.592,0,0,0.120405,69.2475,96.56,-31.3275,-2.43425,-5.478,-7.33325,-13.5595,-12.905,0.211232
12,3.75,0.1578276302,-50.8902,-6.064665,0.0284,0,0,-25.302,0,0,0.1209675,67.515,96.56,-31.4825,-2.42375,-5.489,-7.321,-13.51975,-12.99375,0.18659
12,4.25,0.01025625,-36.7678,-2.44623,0.03308,0,0,-27.207,0,0,0.117915,67.8325,96.56,-31.9275,-2.42525,-5.44175,-7.35975,-13.512,-13.11875,0.185436
12,4.75,0.04688,-38.76765,-2.672275,0.028465,0,0,-23.99425,0,0,0.1167825,67.4325,96.56,-31.9875,-2.429,-5.4465,-7.4305,-13.49325,-13.27,0.174374
12,5.25,0.02384,-63.859,-2.43808,0.019065,0,0,-36.666,0,0,0.117285,69.31,96.56,-31.775,-2.421,-5.4515,-7.5085,-13.545,-13.435,0.210248
12,5.75,0.0358575,-52.2018,-7.170835,0.017355,0,0,-26.674,0,0,0.11759,68.9675,96.56,-31.8675,-2.423,-5.4465,-7.595,-13.5895,-13.58125,0.210752
12,6.25,0.092890303125,-60.336475,-3.61355,0.02379,0,0,-26.56775,0,0,0.1172675,68.775,96.56,-31.5625,-2.4235,-5.4495,-7.67975,-13.637,-13.63625,0.204206
12,6.75,0.1117689398,-50.793125,-7.5796825,0.0231725,0,0,-32.322,0,0,0.11657,68.015,96.62,-31.8575,-2.42075,-5.45725,-7.76475,-13.67425,-13.5325,0.218138
12,7.25,0.07873868925,-48.22475,-4.9808425,0.02215,0,0,-37.48625,0,0,0.115125,66.565,96.62,-32.14,-2.419,-5.47525,-7.7705,-13.601,-13.39625,0.224832
12,7.75,0.0419005,-45.876125,-2.520135,0.02345,0,0,-39.47,0,0,0.11225,66.44,96.62,-32.35,-2.40925,-5.4825,-7.7685,-13.57925,-13.265,0.231636
12,8.25,0.06329,-47.96095,-3.05098,0.02325,0,0,-37.05375,0,0,0.1158575,67.315,96.68,-31.9,-2.39925,-5.46475,-7.7665,-13.52625,-13.135,0.216324
12,8.75,0.1098978543,-49.9671,-4.406945,0.025375,0,0,-32.6,0,0,0.11323125,65.53,96.68,-32.35,-2.39875,-5.474,-7.75825,-13.48625,-13.00125,0.213492
12,9.25,0.009695,-52.08175,-5.083585,0.02818,0,0,-30.375,0,0,0.113665,66.1475,96.68,-32.3275,-2.405,-5.484,-7.74675,-13.46775,-12.87,0.20959
12,9.75,-0.01192,-54.333,-11.456365,0.02558,0,0,-33.3,0,0,0.112055,65.385,96.74,-32.5675,-2.43275,-5.4915,-7.70475,-13.4505,-12.75125,0.217418
12,10.25,-0.0436596405,-52.41065,-5.27266,0.02272,0,0.1055,-35.301,0.124238,0.2221775,0.11705375,65.815,96.8,-31.3075,-2.45525,-5.50925,-7.65575,-13.42075,-12.6675,0.17683875
12,10.75,0.021805,-56.6458,-6.285295,0.03108,0,0.64675,-34.342,0.796727,1.575275,0.1267855,66.735,96.8,-30.7075,-2.45425,-5.52075,-7.60775,-13.382,-12.6075,0.20350875
12,11.25,0.060825,-55.581325,-4.93615,0.0290775,0.6936,1.7221,-36.55375,1.758015,4.00964,0.123065875,66.55,96.8,-30.85625,-2.469425,-5.400025,-7.59095,-13.4445,-12.61425,0.183005
12,11.75,-0.6484179312,-56.6171,-7.10724,0.03715,1.3464,3.170925,-37.366,2.9325475,6.99322,0.126736825,66.16425,96.8,-30.455,-2.489525,-5.396125,-7.55455,-13.514875,-12.567875,0.23202625
12,12.25,0.0176315,-65.0533,-6.371945,0.02726,1.63475,4.100975,-39.3275,3.9023,8.94599,0.13540075,64.78475,96.7,-29.7705,-2.476025,-5.402775,-7.521625,-13.599175,-12.72675,0.231664
12,12.75,-0.0040495,-55.309,-9.482865,0.03009,1.86275,3.9326,-39.865,4.5492425,10.018415,0.140168,63.48575,96.7,-29.9,-2.4514,-5.39765,-7.489125,-13.68515,-13.013375,0.230636
12,13.25,0.1769950731,-65.96925,-2.49105,0.0275475,2.1112,3.1643,-37.694,4.74211,8.3230625,0.142836,63.79075,96.64,-29.6615,-2.437,-5.3731,-7.501575,-13.77375,-13.264625,0.248818
12,13.75,-0.240523705625,-44.065825,-2.3043225,0.0403475,2.1538,2.47775,-38.72325,4.4605825,6.993325,0.14114,65.915,96.6275,-29.865,-2.425,-5.39575,-7.4825,-13.8365,-13.36625,0.202466
12,14.25,0.0805232705,-57.7325,-1.336265,0.02992,1.246775,1.996,-38.155,2.436425,4.234525,0.1447,65.945,96.6275,-28.95,-2.42725,-5.35075,-7.49325,-13.908,-13.46625,0.20661025
12,14.75,0.127378216625,-47.79205,-1.905715,0.030415,0.471175,0.95,-37.2045,1.6604475,2.11595,0.136075,67.035,96.58,-29.8325,-2.41825,-5.31825,-7.50175,-13.9665,-13.5175,0.21693975
12,15.25,0.021622,-68.6337,-2.6719975,0.028225,0,0.44825,-32.41075,0.56880575,0.8451275,0.1270025,68.365,96.625,-30.78,-2.41625,-5.2985,-7.508,-14.00875,-13.56125,0.198326
12,15.75,0.05658,-66.418575,-6.04782,0.02044,0,0.14375,-31.87275,0.052246875,0.04247225,0.1227375,67.845,96.625,-31.3425,-2.41275,-5.277,-7.508,-14.04,-13.64125,0.19170325
12,16.25,0.03724,-55.74285,-1.84411,0.03015,0,0.04275,-34.157,0,0,0.1160925,65.515,96.625,-31.935,-2.41825,-5.267,-7.51525,-14.07125,-13.76375,0.1646015
12,16.75,-0.3115546178,-37.990025,-14.23587,0.0280725,0,0.049,-31.987,0,0,0.116535,64.52,96.625,-31.855,-2.43,-5.2635,-7.51625,-14.1225,-13.915,0.193945
12,17.25,0.05461,-45.9755,-10.406205,0.018825,0,0.019,-29.15725,0,0,0.1165275,67.9075,96.68,-31.8825,-2.4425,-5.26825,-7.5205,-14.17875,-14.06375,0.22119
12,17.75,0.211522735,-52.159775,-2.58418,0.04105,0,0.01575,-27.48,0,0,0.1252625,67.855,96.725,-30.76,-2.453,-5.274,-7.5215,-14.23875,-14.215,0.178952
12,18.25,0.03931,-46.40325,-9.7461,0.036025,0,0.054,-33.0065,0,0,0.125375,65.0775,96.725,-30.96,-2.46075,-5.27675,-7.5225,-14.2875,-14.35125,0.207808
12,18.75,0.024025,-44.46025,-4.430505,0.025425,0,0.01575,-34.49525,0,0,0.1265575,67.125,96.725,-30.645,-2.46675,-5.30375,-7.52075,-14.3175,-14.39125,0.216615
12,19.25,0.1233474394,-43.54225,-13.6147,0.028525,0,0,-27.648,0,0,0.1251625,67.735,96.725,-31.115,-2.47175,-5.34975,-7.51975,-14.33,-14.32375,0.19716125
12,19.75,0.034067862675,-57.9276,-9.496275,0.0285625,0,0.09575,-29.5,0,0,0.1210875,69.525,96.68,-31.38,-2.45475,-5.32775,-7.5165,-14.33,-14.18875,0.19553
12,20.25,0.0297118176,-60.30915,-12.00021,0.01758,0,0.037,-29.88,0,0,0.120465,68.5325,96.68,-30.9225,-2.44025,-5.3075,-7.51625,-14.33625,-14.0275,0.215722
12,20.75,-0.366531143225,-62.930375,-14.9806,0.0295225,0,0.04175,-30.602,0,0,0.1220825,67.3275,96.68,-31.755,-2.433,-5.332,-7.51675,-14.34375,-13.825,0.200266
12,21.25,0.14387761595,-52.8415,-4.7347,0.03362,0,0,-34.07225,0,0,0.1158325,68.7775,96.67,-32.2525,-2.43175,-5.3325,-7.51825,-14.335,-13.61,0.176404
12,21.75,0.04211,-52.8464,-2.641825,0.02782,0,0.02175,-41.546,0,0,0.1162225,65.7,96.6275,-32.6425,-2.432,-5.327,-7.51425,-14.28125,-13.45125,0.221154
12,22.25,0.0121555,-65.52915,-7.6504825,0.02191,0,0.0168,-26.5665,0,0,0.109555,67.137,96.6125,-33.212,-2.448,-5.3434,-7.6034,-14.2105,-13.4265,0.2085585
12,22.75,-0.147744870625,-93.0888,-4.949255,0.017325,0,0,-25.03275,0,0,0.105271,67.449,96.6125,-33.714,-2.458,-5.3595,-7.5891,-14.0995,-13.271,0.18762
12,23.25,-0.2213000503,-64.93315,-1.894545,0.02184,0,0,-28.712,0,0,0.104618,67.461,96.605,-33.71,-2.4672,-5.3828,-7.5746,-13.9556,-13.0985,0.1947935
12,23.75,0.0542,-59.418675,-7.9506425,0.02384,0,0.0126,-25.98475,0,0,0.102403,66.672,96.605,-33.928,-2.47,-5.3949,-7.5534,-13.7974,-12.9865,0.2032605
