DOY2,HR2,USTAR,WS,TA,T_SONIC,RH,SW_IN,SW_OUT,NETRAD,H,LE,FC
1,0.25,0.09,1.57,-3.18,-1.8425,17.26,-5.53,0.3025,-74.2775,-25.11,-0.255,-0.0125
1,0.75,0.08,1.65,-2.8975,-1.98,16.465,-5.6425,0.2525,-73.885,-18.25,-0.79,0.0025
1,1.25,0.09,1.63,-3.19,-1.9175,16.615,-5.755,0.22,-74.39,-21.4,-0.495,0.02
1,1.75,0.08,1.7175,-3.1225,-1.875,16.3175,-5.595,0.2825,-73.4775,-22.46,-0.3725,-0.005
1,2.25,0.1,1.165,-2.69,-1.975,15.975,-5.76,0.225,-73.155,-19.94,-0.3675,-0.04
1,2.75,0.09,1.27,-2.32,-2.34,15.51,-5.5725,0.1625,-73.705,-23.8425,-0.2675,-0.04
1,3.25,0.1,1.555,-2.38,-2.36,15.205,-5.73,0.0175,-75.55,-25.05,-0.36,-0.0375
1,3.75,0.1,1.625,-2.395,-2.15,15.13,-5.795,0.22,-75.4475,-23.765,-0.7,0.0175
1,4.25,0.0975,1.38,-2.645,-2.1,15.635,-5.8325,0.145,-74.3275,-25.755,-0.33,-0.03
1,4.75,0.09,1.37,-2.56,-2.39,16.435,-5.56,0.225,-74.7025,-15.5,-0.3,0.01
1,5.25,0.09,1.16,-2.48,-2.56,15.23,-5.6,0.125,-75.355,-16.9775,-0.41,-0.03
1,5.75,0.0975,1.28,-2.485,-2.25,15.51,-5.7175,0.0625,-74.675,-14.84,-0.84,-0.025
1,6.25,0.08,1.6175,-2.82,-1.9675,14.42,-5.755,0.005,-75.02,-22.3975,-0.26,0.0025
1,6.75,0.08,1.4225,-2.855,-2.73,14.635,-5.0725,0.2075,-74.4125,-15.46,-0.1025,0.015
1,7.25,0.08,1.3,-2.88,-2.6675,13.87,3.4475,3.29,-68.315,-21.91,-0.4175,-0.025
1,7.75,0.09,1.19,-2.735,-2.32,15.055,32.4525,15.11,-45.785,-16.25,-0.7,0.015
1,8.25,0.14,1.06,-2.63,-2.26,14.03,71.9,33.465,-0.7475,-7.79,-2.1625,-0.04
1,8.75,0.18,0.9,-2.265,-2.1,14.03,109.0675,46,26.1175,0.04,1.62,-0.06
1,9.25,0.23,0.82,-1.78,-1.9,14.27,157.1875,63.2725,57.93,6.6,3.1075,-0.08
1,9.75,0.29,1.04,-1.87,-1.71,15.335,203.5825,80.7625,81.85,38.22,8.725,-0.24
1,10.25,0.32,0.98,-1.39,-0.91,15.59,246.9075,96.56,100.67,51.84,10.5825,0.14
1,10.75,0.37,1.33,-0.77,-0.64,17.525,271.4325,107.96,113.7125,74.7725,15.0975,0.43
1,11.25,0.38,1.44,-0.88,-0.275,17.35,364.565,119.27,139.915,82.905,17.5875,0.25
1,11.75,0.43,1.63,-0.98,0.0125,16.9,332.3,119.4675,146.7475,89.18,13.4175,0.22
1,12.25,0.5,1.8575,-0.965,0.295,18.005,295.5375,117.3475,133.775,96.7425,19.185,0.3075
1,12.75,0.51,2.0075,-0.775,-0.2,18.22,252.855,101.8975,115.7725,96.8025,20.0975,0.18
1,13.25,0.48,1.8925,-0.885,0.175,19.53,252.8925,104.845,107.6825,92.155,19.16,0.3825
1,13.75,0.5,1.9375,-0.89,0.2425,20.13,216.39,88.78,98.8175,77.5,17.3525,0.3825
1,14.25,0.46,1.81,-0.465,-0.0475,20.905,193.175,74.4225,78.86,62.645,11.2425,0.23
1,14.75,0.435,1.9375,-0.56,-0.00749999999999999,20.115,176.3,59.7625,58.495,55.82,14.78,0.27
1,15.25,0.4,1.61,-0.7025,-0.5,20.305,117.0825,43.8325,24.165,32.92,10.95,0.3175
1,15.75,0.31,1.29,-0.8525,-0.59,19.4,80.3675,28.5775,0.635,17.13,5.03,0.245
1,16.25,0.24,1.26,-1.16,-0.41,22.3325,36.89,15.9875,-35.225,1.32,2.89,0.17
1,16.75,0.16,1.07,-1.395,-0.77,22.655,6.5725,3.14,-72.325,-11.83,-1.87,0.095
1,17.25,0.11,1.16,-1.7475,-1.49,25.095,-5.695,0.16,-82.02,-15.2875,-2.8,-0.005
1,17.75,0.12,0.92,-2.105,-1.66,25.44,-6.4925,0.115,-81.575,-15.685,-2.75,0.02
1,18.25,0.11,1.18,-2.6,-2.01,22.8375,-5.7975,0.135,-78.7225,-12.825,-1.8075,-0.09
1,18.75,0.1,1.4,-2.7825,-2.3725,23.485,-5.7725,0.05,-78.45,-16.875,-1.34,-0.0375
1,19.25,0.09,1.37,-2.675,-2.2575,22.405,-5.78,0.2775,-77.1525,-15.825,-0.9925,-0.025
1,19.75,0.095,1.49,-2.8375,-2.06,21.5275,-5.6275,0.37,-77.16,-19.95,-0.3675,0.015
1,20.25,0.11,1.48,-2.965,-2,20.9975,-5.76,0.525,-77.3325,-19.21,-0.7125,-0.06
1,20.75,0.0925,1.6325,-3.0075,-1.785,21.495,-5.7275,0.275,-77.58,-27.1825,-0.875,0.0225
1,21.25,0.11,1.425,-3.0625,-2.315,19,-5.7425,0.2625,-77.3375,-21.32,-0.1875,0.03
1,21.75,0.1,1.375,-2.775,-2.36,18.31,-5.865,0.27,-76.105,-23.78,-0.375,0.02
1,22.25,0.0975,1.51,-2.79,-2.06,19.385,-5.785,0.275,-75.8825,-24.805,-0.82,0.03
1,22.75,0.0875,1.43,-3.0625,-2.42,19.0675,-5.78,0.22,-74.6875,-20.3125,-0.4275,-0.01
1,23.25,0.0875,1.305,-3.1375,-1.9025,19.8175,-5.7225,0.275,-74.8275,-17.0175,-0.3325,-0.05
1,23.75,0.1,1.36,-3.34,-1.82,18.7025,-5.6025,0.15,-75.225,-22.82,-0.875,-0.01
2,0.25,0.09,1.37,-4.975,-5.01,22.23,-6.04,-0.015,-77.21,-20.425,-0.9175,-0.045
2,0.75,0.08,1.3325,-4.985,-5.1875,21.4325,-6.03,0.0125,-76.38,-17.2125,-1.28,0.0125
2,1.25,0.09,1.4325,-4.8,-4.9775,22.11,-5.945,-0.085,-77.6225,-14.165,-0.44,0.02
2,1.75,0.09,1.48,-5.1875,-5.0875,23.5975,-6.0775,-0.01,-79.2325,-18.5225,-1.1325,-0.01
2,2.25,0.1,1.23,-4.82,-4.49,24.41,-5.92,-0.035,-78.8075,-15.36,-1.01,0.01
2,2.75,0.1,1.375,-4.59,-4.43,22.03,-6.005,-0.02,-78.8875,-19.285,-0.325,-0.0375
2,3.25,0.1,1.34,-4.69,-4.7025,21.15,-5.8475,-0.0475,-78.41,-23.11,-0.11,0.0025
2,3.75,0.0725,1.63,-4.55,-4.4925,21.55,-5.765,-0.0175,-77.5775,-19.755,-0.94,-0.02
2,4.25,0.08,1.31,-4.31,-4.37,19.92,-5.9925,-0.07,-77.34,-17.405,-0.7975,-0.03
2,4.75,0.085,1.105,-4.37,-4.295,18.19,-5.945,-0.01,-75.06,-16.29,-0.5775,0.01
2,5.25,0.07,1.32,-4.39,-4.53,18.13,-5.765,0.0325,-73.05,-15.505,-0.31,-0.02
2,5.75,0.08,1.21,-4.67,-4.61,18.92,-5.9325,0.04,-74.8825,-19.505,-0.86,-0.03
2,6.25,0.08,1.215,-5,-4.87,18.5,-5.77,0.25,-75.51,-20.775,-1.045,0.03
2,6.75,0.09,1.375,-4.62,-4.63,17.95,-2.0875,1.1625,-70.11,-19.605,-0.6,-0.02
2,7.25,0.12,1.135,-4.72,-4.9275,17.76,28.4825,13.32,-48.1325,-16.94,-1.345,-0.03
2,7.75,0.145,1.245,-4.47,-4.8325,16.92,101.5725,34.5425,-6.8275,-7.975,-0.4,0.03
2,8.25,0.2,1.1575,-4.18,-4.4675,17.52,170.6,54.3525,30.6175,6.76,0.9525,0.105
2,8.75,0.2475,0.975,-3.66,-3.84,17.86,256.6675,76.1625,74.0775,32.8725,3.9125,0.06
2,9.25,0.3175,1.08,-3.16,-3.28,17.82,338.675,102.5375,106.3825,69.9875,7.9425,0.13
2,9.75,0.37,1.34,-2.97,-2.81,17.17,431.6,134.1125,145.7575,111.61,12.74,0.56
2,10.25,0.41,1.43,-2.85,-2.44,16.42,483.29,147.6025,178.8275,135.4725,17.2425,0.065
2,10.75,0.43,1.52,-2.38,-2.2,17.7,487.81,167.585,201.725,162.8075,22.7725,0.64
2,11.25,0.47,1.56,-2.24,-1.75,18.28,492.8525,173.4725,208.8,173.11,15.0825,0.68
2,11.75,0.54,1.96,-2.31,-1.59,19.13,506.66,172.085,224.6775,188.54,18.94,0.405
2,12.25,0.53,2.11,-2.07,-1.64,21.64,515.6875,170.5575,226.3425,162.28,23.995,0.415
2,12.75,0.57,2.18,-2.33,-2.0825,24.53,480.9775,150.485,223.055,177.09,21.0325,0.18
2,13.25,0.57,2.365,-2.18,-2.1075,25.31,448.355,150.79,206.2175,175.1875,21.26,0.525
2,13.75,0.58,2.3525,-2.2,-2.43,25.49,413.8175,134.43,184.38,161.0875,18.9,0.5825
2,14.25,0.57,2.2825,-2.04,-2.61,27.89,381.195,123.7425,172.94,160.14,16.02,0.7625
2,14.75,0.5225,2.275,-2.16,-2.5975,26.89,300.95,85.2125,127.965,139.4275,14.76,0.5425
2,15.25,0.5,2.11,-2.39,-2.935,28.03,231.6625,64.1475,83.1175,89.51,12.83,0.3
2,15.75,0.46,2.09,-2.68,-2.86,29.14,173.2625,50.1775,48.7,64.24,7.4425,0.44
2,16.25,0.39,1.805,-2.79,-3.095,27.95,108.03,32.62,11.7475,36.365,3.2175,0.4175
2,16.75,0.28,1.415,-3.01,-3.275,29.59,62.2475,19.145,-29.9825,6.75,-3.3575,0.245
2,17.25,0.18,1.235,-3.37,-3.71,31.94,9.6875,4.88,-70.5675,-7.35,-1.905,0.13
2,17.75,0.105,1.005,-3.74,-4.315,31.04,-5.5725,0.1325,-84.9225,-9.245,-1.17,0.0775
2,18.25,0.11,1.065,-3.88,-4.625,31.91,-6.605,0.055,-86.2175,-11.355,-1.91,-0.0325
2,18.75,0.105,1.26,-4.16,-4.665,31.82,-6.1775,0.105,-83.1025,-21.05,-1.415,-0.04
2,19.25,0.1,1.195,-4.21,-4.86,28.85,-5.9475,0.0875,-82.64,-16.625,-1.4475,-0.025
2,19.75,0.09,1.44,-4.52,-4.91,28.05,-5.76,0.0925,-82.76,-18.225,-1.5825,0.03
2,20.25,0.115,1.32,-4.62,-4.94,28.3,-5.9825,0.1225,-82.3575,-21.245,-0.775,0.0375
2,20.75,0.11,1.085,-4.46,-4.76,26.32,-5.78,0.135,-81.7825,-21.605,-0.425,0.0175
2,21.25,0.08,1.295,-4.38,-4.455,26.08,-5.84,0.1675,-80.84,-17.07,-0.455,0.0175
2,21.75,0.0925,1.265,-4.49,-4.7225,25.02,-5.965,0.1525,-79.6475,-17.2325,-0.92,0.0025
2,22.25,0.1,1.305,-4.58,-4.75,21.51,-5.8925,0.0725,-77.9425,-16.715,-0.83,-0.04
2,22.75,0.08,1.42,-4.72,-5.1125,19.93,-6.005,0.0125,-77.5975,-16.645,-1.16,0.0175
2,23.25,0.0825,1.3875,-4.59,-4.9375,19.37,-5.9225,0.015,-79.12,-20.34,-0.54,-0.0125
2,23.75,0.0925,1.375,-4.75,-4.9475,20.26,-5.8825,-0.015,-76.9525,-23.39,-0.66,0.0375
3,0.25,0.09,1.1725,-5.14,-5.345,34.345,-5.63,0.01,-76.715,-11.69,-1.0725,-0.03
3,0.75,0.09,1.13,-5.09,-4.595,30.345,-5.66,0,-76.695,-10.975,-2.0425,-0.03
3,1.25,0.09,1.3,-5.225,-4.6425,30.9825,-5.585,-0.04,-75.52,-17.2775,-1.98,0.02
3,1.75,0.08,1.315,-5.4775,-5.0825,30.6925,-5.795,-0.06,-75.295,-16.6925,-2.105,-0.0075
3,2.25,0.1,1.09,-4.845,-4.72,30.305,-5.75,-0.09,-75.285,-16.53,-1.4325,-0.03
3,2.75,0.0825,0.985,-4.71,-4.6225,29.235,-5.74,-0.03,-74.26,-14.3775,-1.955,-0.02
3,3.25,0.08,1.4075,-5.16,-4.69,27.75,-5.685,-0.03,-76.14,-14.7175,-1.31,-0.02
3,3.75,0.0875,1.155,-5.125,-5.16,27.455,-5.815,-0.02,-76.87,-13.415,-0.93,-0.02
3,4.25,0.0875,1.27,-5.13,-5.39,24.73,-5.645,-0.04,-75.615,-22.9875,-0.81,-0.03
3,4.75,0.07,1.48,-5.025,-4.48,23.72,-5.545,0.01,-74.845,-14.24,-0.27,-0.02
3,5.25,0.08,1.42,-5.1,-3.92,22.85,-5.7,-0.03,-74.93,-13.99,-1.275,-0.02
3,5.75,0.07,1.2425,-5.265,-4.0075,23.105,-5.21,0.17,-73.865,-16.67,-0.33,-0.02
3,6.25,0.07,1.27,-5.19,-4.205,21.455,0.63,1.95,-66.195,-10.41,-0.41,-0.03
3,6.75,0.1,1.19,-5.125,-4.325,21.035,34.37,12.44,-32.455,-8.305,-0.4175,-0.03
3,7.25,0.1575,0.9075,-4.81,-4,21.555,90.63,31.97,12.05,-4.195,-0.6175,0.025
3,7.75,0.22,1.0175,-4.995,-3.575,21.365,178.19,57.77,50.32,9.295,1.255,-0.06
3,8.25,0.29,1.08,-4.39,-3.03,21.51,263.045,84.43,78.525,37.655,7.07,-0.165
3,8.75,0.3675,1.3025,-4.06,-3.045,20.605,291.335,107.31,106.455,72.795,12.72,-0.075
3,9.25,0.4,1.425,-3.795,-2.91,21.005,381.06,125.1,142.18,105.93,15.2975,0.4175
3,9.75,0.45,1.4925,-3.18,-2.9775,20.515,486.915,154.9,204.53,131.37,20.48,-0.52
3,10.25,0.5275,1.69,-3.145,-2.585,21.09,510.665,172.19,237.37,169.1575,22.85,-0.13
3,10.75,0.5175,2,-3.445,-2.79,23.79,569.64,166.32,235.285,161.005,19.78,-0.3325
3,11.25,0.5775,2.13,-3.4,-2.945,25.2,551.535,217.21,280.605,190.8525,17.01,0.165
3,11.75,0.62,2.215,-3.23,-3.34,26.115,532.055,214.32,263.19,195.215,16.8875,0.24
3,12.25,0.62,2.34,-3.365,-3.15,29.2125,510.1,191.11,267.24,208.66,20.31,-0.515
3,12.75,0.61,2.57,-3.3325,-3.69,28.62,558.885,188.47,268.97,195.88,23.87,-0.4225
3,13.25,0.615,2.39,-3.255,-3.4375,30.615,512.77,172.11,254.335,205.93,27.665,-0.2425
3,13.75,0.58,2.45,-3.405,-3.745,29.735,422.835,149.02,215.37,176.57,19.01,-0.66
3,14.25,0.5625,2.31,-3.025,-3.455,32.2925,356.355,128.51,190.01,158.55,8.87,-0.365
3,14.75,0.58,2.42,-3.645,-3.45,34.135,290.435,104.27,146.725,116.065,9.28,-0.34
3,15.25,0.57,2.35,-3.55,-3.8625,36.42,242.11,86.39,123.425,100.3175,8.93,-0.1275
3,15.75,0.55,2.41,-3.535,-3.9275,37.49,200.48,63.06,85.095,80.795,12.25,-0.06
3,16.25,0.52,2.3875,-3.7725,-4.5575,37.8125,131.8775,42.3525,54.4675,57.3575,-2.815,-0.0525
3,16.75,0.41,1.93,-4.08,-4.2,37.67,77.85,26.635,18.4375,32,2.105,0.18
3,17.25,0.32,1.58,-4.525,-4.3,39.9575,40.6875,16.4075,-17.45,11.89,-3.27,0.1375
3,17.75,0.2175,1.485,-4.595,-4.495,44.2275,6.985,4.2075,-68.0625,-7.44,-3.55,0.1375
3,18.25,0.13,1.1925,-4.8,-4.7775,45.4325,-5.23,0.075,-86.515,-10.05,-3.12,0.0275
3,18.75,0.095,1.065,-4.88,-4.8275,45.005,-6.1375,-0.01,-87.035,-14.1,-1.69,-0.05
3,19.25,0.1,1.125,-4.945,-5.025,46.2775,-5.9,0.0475,-85.0725,-12.565,-3.575,-0.02
3,19.75,0.09,1.2375,-4.9275,-5.12,41.5,-5.7175,0.02,-82.215,-10.32,-2.0275,-0.07
3,20.25,0.1075,1.28,-5.0875,-5.155,40.2375,-5.76,0.01,-80.625,-13,-1.85,0.0025
3,20.75,0.1075,1.29,-5.5575,-5.37,39.9825,-5.6875,0.025,-81.485,-13.135,-2.105,-0.08
3,21.25,0.07,1.2,-5.1425,-5,37.8525,-5.765,0.1125,-80.2125,-10.2175,-1.705,-0.04
3,21.75,0.09,1.06,-5.23,-5.05,37.4225,-5.7325,0.1,-80.6025,-17.025,-1.64,-0.015
3,22.25,0.08,1.21,-4.94,-5.07,35.82,-5.7875,0.01,-80.3075,-9.6225,-1.695,-0.05
3,22.75,0.09,1.09,-5.01,-5.48,36.9325,-5.835,-0.005,-80.5975,-12.67,-1.41,-0.035
3,23.25,0.08,1.14,-5.1625,-5.1425,33.8825,-5.72,0.0475,-79.53,-10.5375,-1.4275,-0.03
3,23.75,0.09,1.09,-5.0825,-5.17,37.0425,-5.6775,-0.0175,-78.49,-12.08,-1.72,-0.0675
4,0.25,0.08,1.01,-3.51,-3.13,42.365,-5.625,0.3125,-76.805,-9.31,-0.87,0.025
4,0.75,0.0825,1.2,-3.4,-3.425,38.78,-5.6825,0.2375,-77.0125,-12.0075,-1.18,0.035
4,1.25,0.09,1.285,-3.325,-3.61,41.075,-5.9975,0.3575,-77.5275,-14.23,-0.7075,-0.04
4,1.75,0.08,1.5575,-3.765,-3.8725,45.585,-5.7475,0.1525,-77.2175,-18.56,-1.065,0.03
4,2.25,0.0725,1.35,-3.715,-3.7,43.7125,-5.6525,0.1425,-79.035,-17.805,-0.34,-0.03
4,2.75,0.08,1.16,-3.64,-3.595,43.12,-5.755,0.0875,-76.94,-21.8825,-0.24,-0.01
4,3.25,0.08,1.2,-3.685,-3.305,42.8425,-5.7025,0.105,-77.78,-22.2425,-0.435,-0.04
4,3.75,0.06,1.215,-3.6675,-3.32,42.225,-5.6775,0.0575,-77.0975,-15.76,-0.6,-0.0275
4,4.25,0.07,1.2075,-3.615,-3.555,39.1725,-5.7225,0.1,-77.635,-10.51,-0.86,-0.02
4,4.75,0.07,1.1775,-3.4375,-3.5025,35.705,-5.5475,0.035,-77.4125,-11.19,-0.24,-0.03
4,5.25,0.07,1.19,-3.5175,-3.575,34.9775,-3.525,0.71,-72.24,-18.37,-0.4,-0.02
4,5.75,0.07,1.19,-3.3075,-3.435,31.51,11.2525,5.9275,-53.665,-8.795,-0.39,-0.04
4,6.25,0.11,0.8875,-3.2525,-2.95,30.1625,67.2075,27.2825,-6.8475,-8.3125,-1.65,-0.13
4,6.75,0.15,0.8975,-3.105,-2.3375,30.46,169.0425,52.95,43.5525,4.1175,-0.46,-0.56
4,7.25,0.26,0.7825,-2.145,-1.66,25.975,255.265,68.915,88.35,33.65,2.8775,-1.2575
4,7.75,0.29,0.995,-1.5,-1.265,26.425,343.1025,93.4275,158.63,64.42,12.465,-1.3375
4,8.25,0.37,1.15,-1.09,-0.95,25.2275,386.5625,118.2125,214.8975,101.0775,7.7225,-0.9725
4,8.75,0.43,1.48,-0.815,-0.665,25.395,498.2825,149.095,272.035,142.2,21.155,-1.775
4,9.25,0.5,1.975,-0.71,-0.45,25.96,553.9875,174.8725,303.1175,172.31,22.55,-2.115
4,9.75,0.545,2.1425,-0.3375,-0.2575,29.1025,600.805,180.145,345.18,198.185,16.5375,-2.6625
4,10.25,0.58,2.3125,-0.2025,0.015,30.1425,644.7425,220.1275,355.68,205.075,26.8675,-2.61
4,10.75,0.645,2.545,0.095,0.11,30.7475,630.47,216.925,323.875,222.555,23.13,-2.135
4,11.25,0.635,2.69,0.08,0.09,34.7375,633.6575,220.6325,360.0875,238.96,24.225,-2.86
4,11.75,0.5875,2.645,0.115,0.185,37.925,618.2325,205.7075,362.85,235.26,24.55,-3.715
4,12.25,0.66,2.8,0.2275,0.095,40.88,680.065,224.0225,374.1025,258.4975,18.05,-2.76
4,12.75,0.69,2.8925,0.23,0.325,41.715,607.5475,209.54,332.765,236.3325,26.0175,-3.1725
4,13.25,0.6775,2.655,0.27,0.2125,42.5925,561.3075,157.955,315.625,232.38,17.965,-2.535
4,13.75,0.6675,2.6925,0.3325,0.1275,43.8475,479.39,151.4825,270.325,207.6925,19.6625,-3.095
4,14.25,0.6025,2.49,0.2425,-0.0925,45.2175,451.7175,163.29,269.6075,180.17,17.445,-2.5775
4,14.75,0.585,2.4075,-0.3275,-0.59,46.24,400.3525,140.0475,216.9425,156.3075,13.88,-1.96
4,15.25,0.53,2.39,-0.475,-0.5775,50.065,313.9275,101.055,159.4125,139.685,10.13,-2.23
4,15.75,0.5525,2.445,-0.295,-0.43,55.5775,275.665,84.0525,145.675,120.0225,10.645,-1.4325
4,16.25,0.47,2.18,-0.63,-0.4,54.405,177.0425,58.355,96.9,79.34,7.08,-1.12
4,16.75,0.43,2.09,-1.015,-0.86,54.0975,109.5925,45.21,63.75,52.83,4.27,-0.84
4,17.25,0.43,1.82,-1.4825,-1.06,57.2625,90.2575,25.65,21.0975,31.48,1.56,-0.59
4,17.75,0.32,1.69,-1.7375,-1.47,58.695,35.5925,11.4425,-12.255,9.52,-0.95,-0.21
4,18.25,0.17,1.33,-2.0575,-1.58,59.3975,3.685,2.7475,-71.9375,-7.85,-0.8,0.13
4,18.75,0.13,1.15,-2.45,-2.34,57.2675,-5.42,0.2975,-84.5275,-15.03,-3.97,0.05
4,19.25,0.12,0.79,-2.8175,-2.45,52.5725,-6.2,0.03,-87.3525,-10.835,-1.2425,0.05
4,19.75,0.0975,0.8725,-2.845,-2.4775,54.0825,-6.04,0.2375,-85.72,-13.925,-2.955,0.0125
4,20.25,0.1,0.96,-2.8425,-2.46,52.0825,-5.9475,0.22,-85.785,-16.055,-3.71,0.085
4,20.75,0.1,1.05,-2.595,-2.4725,49.5775,-5.7375,0.245,-83.3325,-11.8,-2.085,0.0375
4,21.25,0.0875,1.215,-2.855,-2.7125,51.575,-5.6275,0.2625,-82.755,-14.9325,-1.2625,-0.0225
4,21.75,0.1175,1.225,-2.9475,-2.705,50.015,-5.76,0.3575,-81.0575,-20.1325,-1.275,-0.0125
4,22.25,0.095,1.015,-2.985,-2.755,44.1125,-5.9625,0.4525,-82.4975,-13.73,-2.205,-0.03
4,22.75,0.08,1.0475,-3.3625,-2.9425,42.09,-5.59,0.15,-81.285,-12.02,-1.5775,0.01
4,23.25,0.07,0.9575,-3.265,-3.07,47.3775,-5.8225,0.225,-80.195,-9.455,-1.285,-0.0425
4,23.75,0.08,0.9775,-3.405,-2.9825,44.4525,-5.6675,0.2325,-78.5875,-12.835,-1.855,0.04
5,0.25,0.07,0.9575,-2.1175,-2.5575,54.0825,-5.6825,0.505,-81.0525,-13.43,-1.13,-0.02
5,0.75,0.07,1.065,-1.9575,-2.43,52.6975,-5.685,0.58,-79.57,-10.3525,-0.2425,0.0175
5,1.25,0.08,1.02,-2.0925,-2.58,53.4225,-5.6025,0.4475,-80.7175,-13.1025,-1.3125,-0.04
5,1.75,0.09,1.12,-2.2125,-2.69,51.5575,-5.745,0.5075,-80.7525,-10.5575,-1.435,-0.04
5,2.25,0.07,1.38,-2.115,-2.46,51.4875,-5.76,0.3525,-80.7475,-9.74,-0.77,0.02
5,2.75,0.0775,1.46,-2.035,-2.4525,49.57,-5.75,0.305,-79.2625,-13.275,-1.235,-0.02
5,3.25,0.07,1.26,-2.2625,-2.775,47.675,-5.6725,0.37,-78.1525,-13.62,-0.59,0.0175
5,3.75,0.08,1.1125,-2.4025,-2.9,45.245,-5.6825,0.345,-80.0825,-8.755,-0.99,0.01
5,4.25,0.07,1.1125,-2.3525,-2.83,42.8625,-5.685,0.3225,-79.6825,-9.7725,-0.96,-0.0125
5,4.75,0.07,1.06,-2.32,-3.1375,42.8775,-1.9425,1.3475,-76.895,-9.21,0,-0.0425
5,5.25,0.07,1.235,-2.535,-3.1475,40.085,22.4275,11.2875,-49.055,-7.49,-0.2225,-0.04
5,5.75,0.1275,0.97,-2.155,-2.29,38.3475,93.5925,33.44,-2.3075,-5.44,-1.34,-0.38
5,6.25,0.17,0.735,-1.8025,-1.6625,38.035,195.215,47.445,55.055,6.315,2.04,-1.13
5,6.75,0.23,0.85,-1.5725,-1.675,32.915,298.185,62.085,132.1425,33.6025,7.2,-1.83
5,7.25,0.295,0.8725,-1.105,-0.96,32.345,430.5025,80.255,216.515,64.675,12.22,-2.035
5,7.75,0.365,1.155,-0.8575,-0.285,31.7425,532.8,107.905,292.74,116.93,18.545,-2.755
5,8.25,0.38,1.32,-0.355,0.4125,31.6025,639.655,137.195,360.24,147.3775,22.66,-2.95
5,8.75,0.47,1.54,0.055,0.17,33.7525,667.7775,164.2675,401.79,176.94,32.235,-3.6025
5,9.25,0.49,1.8075,0.3775,0.3425,34.24,736.4175,187.5225,429.36,209.895,25.43,-3.88
5,9.75,0.5625,2.0925,0.475,0.4525,35.0275,710.6375,210.165,432.995,225.0825,25.41,-4.41
5,10.25,0.54,2.13,0.75,0.99,36.87,732.61,224.06,477.02,233.1475,19.68,-4.19
5,10.75,0.61,2.43,0.9675,0.9625,37.8375,763.8675,232.69,488.345,237.89,27.3325,-4.115
5,11.25,0.63,2.645,0.44,0.3075,39.4725,712.9775,231.205,418.855,220.04,30.08,-5
5,11.75,0.66,2.7225,0.23,0.51,41.6125,708.9975,236.475,397.7225,224.8175,20.57,-5.64
5,12.25,0.66,2.66,0.31,0.39,45.5475,659.095,235.8625,370.61,220.07,13.3,-5.07
5,12.75,0.6225,2.73,0.335,0.165,46.5375,616.675,213.12,371.8,236.97,19.515,-5.0375
5,13.25,0.63,2.7675,0.4025,-0.115,48.6075,514.7275,184.9975,331.4325,228.24,16.755,-4.775
5,13.75,0.6425,2.6775,0.61,0.115,50.4775,472.6525,158.51,285.165,184.7,17.6875,-4.2875
5,14.25,0.6025,2.77,0.235,0.5575,52.405,390.815,138.105,244,146.06,13.3825,-4.2475
5,14.75,0.6,2.67,0.2925,0.8,52.2175,411.5725,152.5425,249.5975,161.375,16.07,-4.02
5,15.25,0.585,2.6425,0.005,0.19,53.08,363.94,112.64,204.035,152.4275,2.54,-3.385
5,15.75,0.57,2.5025,0.0275,-0.1675,54.7425,284.2175,86.1075,151.3525,123.3175,7.58,-3.2
5,16.25,0.57,2.42,0.05,-0.29,55.5925,203.3875,70.025,108.46,94.745,4.74,-2.3825
5,16.75,0.52,2.12,-0.02,-0.44,56.43,128.425,52.2675,89.645,86.1875,3.49,-1.9125
5,17.25,0.43,1.95,-0.2425,-0.91,58.0225,91.31,35.38,52.0575,47.2225,-2.095,-1.3075
5,17.75,0.35,1.685,-0.4725,-0.7425,62.4225,45.2125,19.7525,11.8975,23.22,0.36,-0.86
5,18.25,0.26,1.36,-0.3575,-0.71,63.415,20.965,10.7975,-31.14,3.6325,-2.3175,-0.275
5,18.75,0.15,1.14,-0.6125,-0.8,67.1375,2.23,2.1025,-73.7075,-8.225,-3.445,0.0325
5,19.25,0.11,1.03,-1.0775,-1.09,63.8075,-5.1775,0.3375,-80.8725,-12.725,-2.45,0.04
5,19.75,0.1,1.04,-1.15,-1.22,63.325,-5.515,0.3975,-80.54,-10.645,-3.19,-0.04
5,20.25,0.1,1.04,-1.15,-0.93,64.6725,-5.3175,0.295,-78.7525,-12.26,-1.28,0.07
5,20.75,0.12,1.19,-1.595,-1.425,61.395,-5.355,0.24,-78.8125,-15.42,-1.03,0.04
5,21.25,0.09,1.24,-1.795,-1.89,62.615,-5.525,0.1775,-79.9475,-14.8475,-1.96,0.02
5,21.75,0.1,1.3125,-1.935,-1.875,61.0225,-5.54,0.285,-79.4925,-13.67,-1.3175,0.02
5,22.25,0.09,1.155,-1.785,-1.8175,59.0775,-5.735,0.3775,-80.8825,-16.54,-1.2425,0.04
5,22.75,0.09,1.005,-1.635,-1.735,56.2425,-5.7375,0.33,-81.0775,-11.93,-0.815,-0.05
5,23.25,0.09,1.09,-1.5025,-1.8725,55.8175,-5.6575,0.41,-82.095,-12.49,-1.5125,0.01
5,23.75,0.1,0.905,-1.32,-1.7325,54.505,-5.535,0.645,-81.3825,-10.69,-0.6475,0.03
6,0.25,0.06,1.175,5.315,5.8375,42.27,-5.82,0.6125,-84.58,-7.595,-1.33,-0.04
6,0.75,0.0625,1,5.38,5.7825,38.365,-5.905,0.505,-83.2975,-9.665,-0.12,-0.03
6,1.25,0.06,0.9675,5.235,5.7775,37.795,-6.0075,0.64,-84.3775,-6.125,-0.96,-0.04
6,1.75,0.06,1.205,5.535,5.74,38.85,-5.8975,0.7075,-82.74,-8.105,-1.18,-0.03
6,2.25,0.06,1.25,5.4725,5.89,34.8275,-5.9025,0.7475,-81.2,-8.54,-1.67,-0.02
6,2.75,0.06,1.27,5.3975,5.73,33.85,-5.9325,0.795,-83.025,-9.8,-1.1,-0.02
6,3.25,0.06,1,5.5075,5.62,34.045,-5.8875,0.765,-84.565,-16.11,-0.895,-0.0125
6,3.75,0.0575,1.0525,5.5125,5.5475,33.64,-6.135,0.74,-83.71,-12.5175,-1.1725,-0.02
6,4.25,0.06,0.935,5.395,5.465,34.1125,-5.2375,0.725,-82.5175,-10.2775,-0.875,0.025
6,4.75,0.06,1,5.4625,5.555,32.3725,3.56,3.0475,-73.0325,-11.1275,-0.64,-0.025
6,5.25,0.07,1.14,5.5,5.63,32.8375,58.72,22.405,-32.7025,-9.11,0.51,-0.16
6,5.75,0.13,1.095,5.815,5.8875,33.495,147.97,34.76,25.03,-1.69,4.6425,-1.32
6,6.25,0.2,0.94,6.2525,6.325,32.185,253.6575,44.54,97.595,11.81,17.645,-2.75
6,6.75,0.23,0.87,6.865,6.8525,30.0625,362.11,50.55,185.62,29.25,33.8375,-3.69
6,7.25,0.3,0.98,7.4475,7.2975,29.2275,474.3475,62.5725,279.055,66.32,46.9125,-4.4
6,7.75,0.33,1.0125,8.135,8.005,27.1475,582.775,82.0525,364.315,102.38,53.69,-5.68
6,8.25,0.3625,1.2475,8.6875,8.405,26.155,682.78,97.9875,441.5175,130.1675,56.53,-6.18
6,8.75,0.4525,1.465,8.8025,8.5525,24.8,775.3125,119.33,509.5575,169.22,71.34,-7.3325
6,9.25,0.47,1.6825,8.9725,8.835,24.7125,858.8475,135.5,555.1375,192.535,66.6,-6.84
6,9.75,0.55,1.995,9.2375,8.9175,24.875,926.385,146.6875,600.595,214.89,64.19,-7.84
6,10.25,0.5925,2.15,9.3625,9.2125,24.8525,988.7925,156,631.18,236.2025,44.45,-7.19
6,10.75,0.615,2.2725,9.66,9.375,25.8775,1027.0475,169.7125,642.535,232.235,57.5,-7.3
6,11.25,0.6125,2.4125,9.585,9.445,27.7275,1058.225,188.55,659.0425,222.5375,74.16,-7.15
6,11.75,0.62,2.6325,9.715,9.53,29.3775,1063.8125,194.3075,666.3275,211.42,63.96,-6.92
6,12.25,0.65,2.6125,9.775,9.56,31.645,1038.935,191.2575,660.185,217.4875,59.43,-7.67
6,12.75,0.6325,2.5925,9.61,9.7425,31.7925,1048.1625,187.795,644.28,211.1775,46.2,-7.57
6,13.25,0.66,2.6375,9.705,9.6825,31.8375,976.69,178.8125,628.3475,236.37,61.9625,-7.96
6,13.75,0.6525,2.8025,9.8625,9.5125,33.5525,922.61,161.635,610.5275,249.19,54.44,-7.9
6,14.25,0.66,2.7225,9.5425,9.6225,34.4575,848.07,133.8225,566.3275,235.18,45.8625,-7.635
6,14.75,0.65,2.8,9.5175,9.3875,35.1825,811.095,118.235,543.585,230.87,64.8475,-7.005
6,15.25,0.68,2.6675,9.42,9.2975,35.02,681.625,97.7925,474.4175,208.01,30.14,-6.0875
6,15.75,0.61,2.5975,9.335,9.255,35.375,622.275,77.6175,410.9325,177,30.28,-5.585
6,16.25,0.57,2.42,9.0175,9.0675,39.165,504.315,67.7625,325.2625,165.855,27.94,-4.78
6,16.75,0.5225,2.4025,8.715,8.7575,40.46,287,49.785,247.085,127.5525,11.12,-4.69
6,17.25,0.47,2.23,8.2025,8.46,41.9275,74.3125,37.5725,148.4725,72.31,20.0025,-3.205
6,17.75,0.41,2,7.7475,8.03,45.1075,49.26,29.85,69.295,55.67,6.475,-2.2075
6,18.25,0.3,1.69,7.5075,7.8,47.3725,36.54,19.115,-5.645,15.9,4.5025,-1.36
6,18.75,0.17,1.16,6.85,7.23,47.6825,15.355,6.805,-68.6825,-6.27,4.16,-0.385
6,19.25,0.09,0.99,6.1175,6.93,48.8525,-1.875,0.47,-85.1075,-10.09,-1.2925,0.015
6,19.75,0.07,0.9,6.36,6.51,48.5275,-6.2125,0.4125,-87.295,-6.43,-3.33,-0.08
6,20.25,0.07,1,6.1425,6.65,45.725,-6.14,0.6875,-85.9625,-9.01,-1.4125,-0.055
6,20.75,0.07,1.07,6.1025,6.61,43.87,-5.91,0.6775,-85.1475,-11.37,-2.7675,-0.05
6,21.25,0.06,1.25,5.9225,6.54,45.1875,-5.865,0.4725,-83.64,-11.46,-1.63,-0.0125
6,21.75,0.07,1.23,5.845,6.15,45.4975,-5.8775,0.51,-84.5275,-9.8975,-2.135,-0.03
6,22.25,0.07,1.05,5.915,6.38,45.5875,-6.0275,0.4825,-83.285,-9.59,-2.475,-0.03
6,22.75,0.06,0.98,6.0225,6.23,44.3825,-5.92,0.665,-83.4525,-6.91,-0.845,-0.05
6,23.25,0.06,0.645,5.675,5.9575,44.4575,-6.105,0.705,-82.625,-8.355,-0.625,0.02
6,23.75,0.06,0.83,5.6625,5.89,43.68,-6.0225,0.795,-82.1775,-8.08,-1.23,-0.06
7,0.25,0.06,0.96,10.38,10.24,33.75,-6.22,1.0325,-86.905,-7.91,-0.79,-0.03
7,0.75,0.06,1.06,10.39,10.2,35.24,-6.245,0.86,-86.12,-7.48,-1.75,-0.01
7,1.25,0.05,0.98,10.33,10.25,32.96,-6.075,0.79,-86.295,-5.71,-1.75,-0.02
7,1.75,0.05,0.96,10.42,10.26,33.58,-6.045,1.05,-83.985,-4.59,-1.02,0
7,2.25,0.05,1.04,10.37,10.34,31.18,-6.15,1.0525,-84.505,-6.8825,-2.54,-0.035
7,2.75,0.05,1.08,10.37,10.22,30.36,-6.12,1.0525,-85.66,-5.44,-1.1875,-0.0225
7,3.25,0.05,0.95,10.05,10.06,30.42,-6.325,0.8375,-86.135,-4.77,-2.2025,-0.0725
7,3.75,0.06,0.91,10.16,10.32,29.81,-6.325,0.87,-84.325,-5.94,-1.9175,-0.06
7,4.25,0.05,1.05,10.47,10.11,28.92,-6.26,0.78,-85.995,-5.85,-0.975,-0.02
7,4.75,0.06,0.99,10.44,10.04,28.68,-3.46,1.4825,-83.065,-6.44,-1.1175,-0.04
7,5.25,0.05,0.97,10.35,10.13,27.29,27.005,12.2775,-53.935,-4.7,-1.6,-0.0925
7,5.75,0.08,0.89,10.63,10.26,26.04,106.805,29.01,2.16,-3.43,1.8975,-1.1525
7,6.25,0.13,0.71,11.04,10.74,25.21,204.61,36.6975,72.42,0.32,18.7925,-2.9825
7,6.75,0.17,0.54,11.6,11.38,24.14,316,40.455,161.5,14.61,39.8625,-4.6125
7,7.25,0.22,0.65,12.11,11.85,22.47,422.77,46.35,248.915,40.32,56.615,-4.72
7,7.75,0.27,0.8,12.48,12.16,22.93,530.795,58.79,340.74,68.41,76.335,-5.55
7,8.25,0.38,1.18,12.98,12.65,22.11,637.005,72.625,422.795,128.81,93.76,-5.795
7,8.75,0.45,1.52,13.65,13.16,21.04,733.42,88.34,498.455,181.19,109.67,-7.4575
7,9.25,0.51,1.97,14.06,13.7,19.85,825.48,98.285,560.035,225.22,125.85,-7.155
7,9.75,0.59,2.37,14.35,14.02,20.74,893.78,106.26,601.125,276.52,111.52,-8.395
7,10.25,0.62,2.5,14.6,14.15,20.36,954.6125,117.29,636.74,294.1025,123.275,-7.9325
7,10.75,0.69,2.71,14.71,14.18,20.62,994.2675,125.095,661.27,303,116.66,-8.38
7,11.25,0.71,2.86,15.15,14.48,22.34,1030.155,138.165,679.92,332.74,136.64,-7.56
7,11.75,0.76,2.95,15.12,14.48,23.44,1048.28,147.925,688.8375,318.19,129.3325,-7.175
7,12.25,0.74,3.03,15.14,14.54,24.62,1054.625,147.065,689.65,325.84,119.88,-7.025
7,12.75,0.74,3.11,15.24,14.66,25.72,1041.05,144.97,680.765,308.21,103.755,-6.585
7,13.25,0.76,3.11,15.07,14.66,26.79,1016.06,144.17,660.525,325.89,125.83,-6.9
7,13.75,0.7325,3.2475,14.975,14.6675,27.715,969.165,125.62,623.265,327.48,112.115,-7.17
7,14.25,0.73,3.2,14.945,14.545,28.93,904.6375,108.2825,579.75,289.7675,104.855,-6.775
7,14.75,0.735,3.125,14.96,14.25,29.085,833.8275,91.1075,538.4925,311.795,100.305,-5.875
7,15.25,0.73,3.12,14.88,14.17,29.58,744.61,75.9075,476.795,267.38,82.3525,-5.7425
7,15.75,0.68,2.98,14.61,14.04,31.405,653.9675,64.2925,411.56,234.055,77.46,-5.1775
7,16.25,0.65,2.855,13.89,13.685,32.565,549.3375,51.52,328.12,194.75,81.035,-4.455
7,16.75,0.6,2.59,13.535,13.28,32.855,264.1775,40.7925,230.675,142.395,66.27,-3.47
7,17.25,0.53,2.265,13.44,13.18,31.92,43.23,32.3925,143.695,99.115,47.28,-2.37
7,17.75,0.43,1.965,13.185,12.81,32.535,32.61,25.9225,58.5425,50.94,40.2525,-1.4425
7,18.25,0.33,1.71,12.725,12.32,36.365,37.3425,17.565,-11.665,12.695,23.295,-0.85
7,18.75,0.2,1.43,11.98,11.675,37.4,10.675,6.0275,-75.56,-7.85,6.5475,-0.2475
7,19.25,0.1,1.125,11.39,11.34,37.98,-3.415,0.795,-97.94,-13.23,-0.8,0.09
7,19.75,0.065,0.98,11.265,11.255,35.215,-6.7375,0.805,-97.24,-7.03,-1.62,-0.04
7,20.25,0.07,0.895,11.27,11.185,34.38,-6.685,0.9975,-94.19,-6.355,-1.58,-0.06
7,20.75,0.06,0.84,11.335,11.01,34.485,-6.5825,1.0725,-91.4,-4.685,-2.7,-0.07
7,21.25,0.07,0.97,11.16,10.875,34.225,-6.2,1.305,-89.6125,-6.88,-1.73,-0.12
7,21.75,0.06,0.95,11.15,10.86,32.97,-6.33,1.095,-90.5325,-6.1,-1.59,-0.0425
7,22.25,0.07,0.93,11.155,10.95,33.45,-6.315,0.96,-89.8525,-7.355,-2.82,-0.13
7,22.75,0.05,0.89,10.98,10.755,31.875,-6.2875,0.8875,-88.615,-6.7,-2.46,-0.1
7,23.25,0.06,0.94,10.925,10.72,33.145,-6.2175,0.9925,-88.125,-6.82,-1.96,-0.03
7,23.75,0.06,0.845,10.56,10.435,32.325,-6.3175,0.9975,-87.8625,-4.41,-2.2,-0.06
8,0.25,0.05,0.9375,11.69,11.855,31.0075,-6.225,1.4175,-88.53,-4.3275,-1.69,-0.04
8,0.75,0.05,0.875,11.78,11.9175,28.575,-6.4,1.2875,-87.225,-4.455,-1.87,-0.045
8,1.25,0.05,0.8375,11.7875,11.775,26.4225,-6.6,1.055,-88.3625,-6.9,-1.6775,-0.04
8,1.75,0.05,1.055,11.955,11.7175,25.49,-6.57,0.7425,-87.7575,-5.205,-1.585,-0.06
8,2.25,0.05,0.85,12.145,11.82,24.635,-6.54,0.8175,-88.4125,-5.895,-1.68,-0.05
8,2.75,0.05,0.9875,11.9975,11.7475,26.2575,-6.445,0.8775,-87.6875,-5.995,-2.68,-0.06
8,3.25,0.05,1.1,11.8825,11.6025,26.315,-6.615,1.1225,-87.815,-6.575,-1.07,-0.03
8,3.75,0.05,1.17,11.77,11.6525,26.265,-6.5225,1.0925,-88.3025,-5.9375,-1.95,-0.03
8,4.25,0.05,0.965,11.7575,11.42,25.1425,-6.68,0.8475,-87.79,-7.265,-1.53,-0.02
8,4.75,0.05,1.05,11.73,11.485,23.7675,-6.355,1.0525,-86.595,-4.8675,-1.76,-0.03
8,5.25,0.05,0.9775,11.5075,11.4575,23.7725,-1.9525,1.9725,-81.8,-5.145,-1.41,-0.03
8,5.75,0.06,0.795,11.8775,11.495,23.185,43.6275,19.89,-42.485,-5.41,-0.57,-0.15
8,6.25,0.0975,0.7575,12.3,12,21.435,129.355,34.695,17.45,-4.4075,4.04,-1.26
8,6.75,0.15,0.6125,12.73,12.53,21.6575,244.35,42.1425,94.49,4.2525,24.38,-3.3
8,7.25,0.22,0.66,13.3775,13.23,20.225,352.02,48.0275,182.955,25.835,40.3,-4.7775
8,7.75,0.2575,0.7875,13.895,13.595,18.93,465.825,58.1975,276.36,58.9,58.58,-4.43
8,8.25,0.35,1.0875,14.4025,14.0525,19,570.435,73.17,357.35,101.55,80.83,-4.65
8,8.75,0.4375,1.395,14.855,14.55,17.8325,669.13,86.0875,436.6975,161.0925,86.73,-6.05
8,9.25,0.5275,1.8125,15.3425,15.08,16.35,760.4375,97.7925,505.085,219.695,91.32,-6.17
8,9.75,0.57,2.2575,15.695,15.375,17.22,834.105,106.0225,558.88,276.6825,93.17,-7.07
8,10.25,0.6,2.5275,16.015,15.57,20.675,893.4825,119.6475,593.7525,281.22,106.1875,-6.65
8,10.75,0.69,2.715,16.185,15.7725,20.6175,943.59,127.58,614.3775,327.35,99.35,-6.69
8,11.25,0.74,2.9375,16.2475,15.8875,21.375,961.135,141.215,604.8225,330.6025,97.3,-6.24
8,11.75,0.74,2.925,16.3375,15.84,23.2825,972.9825,151.0625,618.455,344.19,96.13,-6.05
8,12.25,0.74,3.0875,16.255,15.8175,23.08,974.4075,148.0675,615.175,337.955,91.01,-6.21
8,12.75,0.77,3.2075,16.345,15.785,23.585,966.4775,142.51,602.7775,347.015,84.21,-6.2
8,13.25,0.7475,3.025,16.2375,15.78,23.9125,924.67,134.63,588.89,337.7675,88.6425,-5.665
8,13.75,0.7475,3.13,16.3625,15.66,25.1875,878.645,125.205,562.715,338.2225,72.2725,-6.3575
8,14.25,0.76,3.1675,16.2425,15.5075,26.035,817.4825,104.25,519.2875,305.4725,69.6675,-5.3025
8,14.75,0.75,3.04,16.0875,15.385,26.4775,741.775,84.985,458.6575,311.0275,67.9575,-5.22
8,15.25,0.71,3.0475,15.78,15.22,26.65,654.185,71.1225,404.3475,269.8075,50.965,-5.2525
8,15.75,0.65,3.055,15.51,15.0875,27.895,556.2425,58.25,326.46,203.3475,54.74,-4.09
8,16.25,0.62,2.8575,15.2625,14.68,28.9575,401.3225,45.205,241.5675,168.67,42.34,-3.16
8,16.75,0.6,2.5875,14.8875,14.4775,30.0425,78.4675,35.445,153.585,122.985,32.32,-2.555
8,17.25,0.4975,2.2675,14.5875,14.1625,31.045,102.67,26.995,74.6025,70.7425,28.8,-1.355
8,17.75,0.43,2.125,13.9875,13.74,32.76,71.67,17.8825,-2.4625,21.325,19.395,-0.845
8,18.25,0.275,1.795,13.2525,13.17,36.145,14.985,6.5375,-65.29,-4.27,7.24,-0.1825
8,18.75,0.12,1.2775,12.755,12.6725,38.11,-3.3475,1.12,-96.7175,-10.8775,0.46,0.06
8,19.25,0.0775,0.7925,12.5125,12.4375,36.225,-6.805,0.8725,-100.3925,-7.9775,-4.9,-0.08
8,19.75,0.07,0.675,12.45,12.4575,33.37,-6.8575,0.9375,-96.455,-5.2725,-1.58,-0.2
8,20.25,0.06,0.7775,12.245,12.4175,33.6075,-6.8575,1.0475,-94.035,-4.7,-4.88,-0.1625
8,20.75,0.06,0.85,12.285,12.2825,34.455,-6.715,1.125,-92.0425,-5.0425,-3.94,-0.1025
8,21.25,0.05,0.8975,12.285,12.17,33.0075,-6.5925,1.3675,-91.77,-5.815,-1.51,-0.08
8,21.75,0.06,0.7375,11.9775,12.055,31.86,-6.515,0.94,-90.8025,-4.7175,-4,-0.09
8,22.25,0.05,0.6875,11.9375,11.795,32.01,-6.5925,0.9975,-89.4575,-4.6625,-1.26,-0.07
8,22.75,0.05,0.8075,11.88,11.805,32.7,-6.5125,1.0875,-89.835,-5.495,-2.92,-0.02
8,23.25,0.0575,0.7625,11.645,11.685,32.5825,-6.39,1.2375,-88.33,-4.52,-2.88,-0.07
8,23.75,0.05,0.86,11.72,11.57,32.505,-6.1625,1.47,-88.0925,-5.4925,-3.29,-0.1
9,0.25,0.05,1.015,8.765,8.67,30.375,-6.135,1.06,-84.8975,-5.285,-1.18,-0.065
9,0.75,0.05,1.0225,8.7,8.8325,30.26,-6.1025,1.16,-84.695,-6.6625,-0.855,0
9,1.25,0.06,1.16,8.815,8.9275,30.23,-6.26,1.05,-85.3275,-7.1975,-0.425,-0.02
9,1.75,0.05,0.9225,8.7225,8.72,29.4825,-6.255,0.9425,-85.73,-6.865,-0.805,-0.05
9,2.25,0.06,1.1,8.5425,8.6575,29.39,-6.1525,0.9675,-85.7225,-7.885,-1.0575,-0.035
9,2.75,0.05,1.08,8.585,8.8,28.6875,-6.2275,1,-84.9275,-9.0075,-1.47,-0.02
9,3.25,0.06,1.02,8.2875,8.5175,28.1625,-6.3025,0.865,-86.2325,-9.025,-0.52,-0.015
9,3.75,0.05,1.1525,8.4875,8.4975,27.615,-6.23,0.995,-86.1775,-5.5925,-0.58,-0.035
9,4.25,0.0525,0.905,8.325,8.2325,27.6,-6.4175,0.8025,-85.9175,-7.8325,-0.625,-0.03
9,4.75,0.05,0.99,8.315,8.2175,27.16,-6.3775,0.8075,-87.385,-6.8925,-1.18,-0.045
9,5.25,0.06,0.95,8.16,8.3,27.1625,-5.9425,1.11,-85.7525,-9.025,-0.635,-0.03
9,5.75,0.06,1.055,8.285,8.43,26.5525,1.3275,2.35,-77.375,-6.9625,-0.775,-0.01
9,6.25,0.08,1.11,8.6125,8.595,25.4225,63.9925,24.8125,-28.435,-6.1175,-0.28,-0.285
9,6.75,0.14,0.955,8.9825,8.7125,24.225,166.995,39.935,36.2725,1.2725,5.0225,-1.585
9,7.25,0.18,0.73,9.4525,9.2725,22.8975,273.97,49.7025,113.2075,17.975,15.2275,-3.125
9,7.75,0.2625,0.89,10.155,9.985,21.455,387.2475,57.6925,198.6425,50.4475,36.5175,-4.19
9,8.25,0.3325,1.05,10.6725,10.695,20.2075,489.1475,69.205,285.0275,102.41,46.755,-4.165
9,8.75,0.4,1.2625,11.15,11.2225,18.93,582.48,83.48,354.3925,153.42,48.445,-4
9,9.25,0.47,1.395,11.8225,11.8875,18.6475,665.595,91.735,421.975,210.68,60.7025,-5.205
9,9.75,0.55,1.8125,12.0475,12.0525,18.2625,736.5125,101.5825,479.945,245.65,51.425,-6.4125
9,10.25,0.5625,2.1225,12.2725,12.2125,17.895,798.055,115.3675,521.7375,282.6125,56.6075,-6.18
9,10.75,0.59,2.5025,12.5425,12.1375,18.84,835.27,127.44,536.2775,303.9325,46.5025,-6.5525
9,11.25,0.66,2.73,12.805,12.41,19.415,866.2425,128.475,532.595,308.25,53.4475,-6.795
9,11.75,0.71,2.8325,12.7075,12.5575,20.1425,880.715,138.335,542.855,332.26,55.665,-5.54
9,12.25,0.7125,3.015,12.82,12.545,21.2925,863.8075,130.31,533.3875,333.84,47.91,-6.0225
9,12.75,0.74,3.08,12.71,12.71,21.84,834.955,119.83,518.345,335.47,53.06,-5.65
9,13.25,0.73,3.13,12.8,12.36,23.38,779.48,112.755,481.195,311.56,42.625,-6.07
9,13.75,0.73,3.08,12.59,12.48,24.34,735.41,99.685,446.4,308.1,36.3325,-5.36
9,14.25,0.71,3.245,12.41,12.23,25.1275,664.9525,90.605,396.9175,284.75,30.48,-5.19
9,14.75,0.68,2.99,12.07,12.16,26.23,561.895,70.085,330.005,241.22,23.8625,-4.67
9,15.25,0.67,2.9225,11.92,11.9025,28.1,485.705,54.485,271.125,206.765,38.175,-3.9675
9,15.75,0.63,2.79,11.8075,11.48,28.785,382.1025,43.505,194.465,162.27,22.6825,-3.35
9,16.25,0.59,2.6425,11.4375,11.175,29.68,278.4375,38.1475,112.76,97.645,18.525,-2.35
9,16.75,0.48,2.295,11.0625,10.775,31.1625,164.345,30.2525,32.3975,55.0875,18.185,-1.27
9,17.25,0.36,2.125,10.8075,10.62,33.1,65.9625,14.7275,-35.7975,7.7275,8.19,-0.65
9,17.75,0.2125,1.6425,10.155,10.27,34.8225,9.765,3.1575,-78.45,-8.375,-0.2,-0.14
9,18.25,0.13,1.31,9.6175,9.74,35.17,-5.35,0.7525,-94.5775,-13.25,-2.065,0.13
9,18.75,0.09,0.9825,9.415,9.3925,33.9825,-6.73,0.92,-96.825,-10.69,-1.05,-0.03
9,19.25,0.08,0.8975,9.275,9.0075,33.98,-6.5925,1.0125,-93.6625,-7.065,-3.82,-0.09
9,19.75,0.06,0.95,9.4275,9.27,33.9725,-6.385,1.33,-92.0925,-8.1325,-1.95,-0.1
9,20.25,0.0625,0.9825,9.2525,9.0275,32.84,-6.2575,1.19,-89.295,-9.6425,-0.7,-0.05
9,20.75,0.06,1.0325,9.195,8.9725,31.91,-6.215,1.345,-88.6875,-9.265,-1.61,-0.05
9,21.25,0.06,1.0525,9.225,8.9575,31.58,-6.26,1.11,-88.215,-8.3425,-1.01,-0.01
9,21.75,0.06,1,9.1525,9.09,31.8225,-6.2425,1.0975,-88.0925,-9.885,-0.91,-0.02
9,22.25,0.06,0.9525,9.195,8.77,31.4625,-6.185,1.15,-87.5075,-9.3275,-0.87,-0.03
9,22.75,0.06,1.045,8.67,8.8725,30.0525,-6.0625,1.1,-85.84,-9.6075,-2.06,-0.04
9,23.25,0.05,1.0425,8.71,8.885,30.455,-6.1475,1.0075,-86.1,-8.54,-0.7925,-0.0525
9,23.75,0.05,0.935,8.9425,8.8825,29.39,-6.0375,1.0525,-86.2575,-7.2275,-0.945,-0.04
10,0.25,0.07,1.13,4.39,3.7,37.635,-5.65,0.6,-79.5675,-13.3125,-0.8,-0.02
10,0.75,0.07,1.135,4.35,4.165,35.275,-5.755,0.56,-81.3875,-13.65,-0.74,-0.04
10,1.25,0.06,1.195,4.205,4.42,35.1675,-5.8675,0.555,-81.1,-18.47,-1.0075,-0.0125
10,1.75,0.06,1.16,4.14,4.43,33.4375,-5.7275,0.63,-82.3475,-18.36,-1.9025,-0.075
10,2.25,0.07,1.12,3.8525,3.79,33.82,-5.835,0.62,-80.5125,-11.77,-1.885,-0.04
10,2.75,0.07,1.165,3.8125,3.725,33.5225,-5.755,0.77,-79.96,-11.92,-0.89,0.03
10,3.25,0.07,1.3375,3.5875,4,32.725,-5.62,0.865,-79.585,-11.72,-1.68,0.01
10,3.75,0.07,1.175,3.68,4.0025,32.1325,-5.855,0.635,-79.4625,-8.5225,-1.8825,-0.0475
10,4.25,0.06,1.35,3.5525,3.87,29.005,-5.8675,0.415,-80.645,-10.085,-2.1125,-0.03
10,4.75,0.0775,1.3225,3.59,3.5025,29.7425,-5.905,0.41,-81.17,-14.3475,-0.83,0.005
10,5.25,0.07,1.04,3.31,3.695,28.5825,-6.0925,0.555,-80.4925,-10.075,-1.595,-0.035
10,5.75,0.05,1.055,3.2725,3.46,28.59,-4.7475,0.72,-78.945,-6.95,-0.965,-0.03
10,6.25,0.06,1.24,3.385,3.7,28.1875,4.0625,2.635,-65.28,-13.14,-1.4325,-0.025
10,6.75,0.08,1.115,3.765,4.1175,25.8875,50.82,13.145,-21.315,-6.205,-0.305,-0.215
10,7.25,0.14,0.86,4.335,4.6775,24.0975,125.5025,24.03,16.8675,-2.0125,6.67,-1.145
10,7.75,0.19,0.77,5.0675,5.115,24.4275,185.56,31.96,74.1975,11.615,15.2175,-2.24
10,8.25,0.23,0.82,5.3575,5.38,23.53,310.51,53.21,143.3075,26.365,31.4475,-3.19
10,8.75,0.305,0.9,6.1525,5.97,23.6025,447.41,71.715,212.1775,64.81,31.73,-4.5
10,9.25,0.365,1,6.095,6.17,23.4725,458.1,73.79,249.9425,89.37,51.175,-5.44
10,9.75,0.395,1.0775,6.95,6.62,22.79,483.81,79.0675,296.09,122.08,47.97,-5.43
10,10.25,0.42,1.28,6.61,6.41,25.32,477.76,93.31,298.87,122.1225,56.61,-5.35
10,10.75,0.41,1.6,6.7,6.67,25.89,436.7,89.185,290.71,156.9325,57.2,-5.54
10,11.25,0.5,1.945,7.1075,6.965,27.29,532.91,105.395,336.0975,163.36,48.75,-5.84
10,11.75,0.57,2.0475,7.0575,6.9375,29.0025,568.545,94.19,365.85,192.04,60.3325,-6.14
10,12.25,0.575,2.265,7.335,7.145,29.045,398.46,68.39,252.23,194.04,52.91,-6.275
10,12.75,0.595,2.42,7.25,6.75,29.795,475.865,84.54,331.165,189.115,47.205,-6.49
10,13.25,0.6,2.455,6.64,6.58,31.27,389.6,54.3375,271.105,161.6475,44.6125,-5.195
10,13.75,0.56,2.39,6.4575,6.4775,33.525,372.96,58.66,232.2125,132.53,37.245,-4.935
10,14.25,0.57,2.47,6.6325,6.255,32.5125,269.42,40.575,174.3025,124.93,21.61,-4.9825
10,14.75,0.53,2.3525,6.645,6.5225,33.88,245.325,30.54,131.7825,102.07,27.1525,-4.01
10,15.25,0.54,2.24,6.4575,6.27,35.51,210.2925,27.865,97.22,86.4725,22.6625,-3.33
10,15.75,0.47,2.13,6.3125,6.12,36.075,139.8225,21,44.615,47.3575,9.8325,-2.2575
10,16.25,0.4,1.93,5.6725,5.65,38.3275,70.4275,12.825,-2.3175,24.9325,3.87,-1.3775
10,16.75,0.28,1.675,5.45,5.305,39.15,28.47,6.17,-45.3,0.005,0.87,-0.4225
10,17.25,0.15,1.49,5.02,4.8025,42.67,0.11,0.815,-77.68,-10.575,-3.4975,-0.06
10,17.75,0.12,0.92,4.78,4.84,44.74,-5.96,0.175,-83.83,-15.9875,-4.75,0.1375
10,18.25,0.09,0.965,4.86,4.63,45.43,-5.88,0.375,-84.74,-10.9575,-2.4825,-0.005
10,18.75,0.08,1.07,4.32,4.425,42.41,-5.77,0.52,-82.29,-10.65,-1.55,0.04
10,19.25,0.08,1.1125,3.98,4.1325,42.44,-5.74,0.48,-80.92,-13.01,-2.8225,0.005
10,19.75,0.0875,1.12,4.02,4.47,40.95,-5.73,0.56,-81.17,-14.035,-1.16,0.0225
10,20.25,0.08,1.18,4.53,4.55,43.12,-5.63,0.545,-80.28,-17.13,-2.87,0.0325
10,20.75,0.08,1.23,4.59,4.5275,39.92,-5.67,0.555,-81.97,-14.165,-2.86,-0.0375
10,21.25,0.0825,0.985,4.42,4.315,38.87,-5.8,0.525,-82.03,-17.8325,0.03,0.0475
10,21.75,0.07,1.005,4.64,4.275,37.82,-5.72,0.715,-82.26,-12.1175,-1.075,-0.0525
10,22.25,0.06,0.985,4.61,4.31,39.75,-5.72,0.655,-81.07,-9.1925,-2.27,-0.0425
10,22.75,0.06,0.925,4.79,4.065,38.56,-5.74,0.56,-80.6,-8.34,-1.875,-0.02
10,23.25,0.07,1.0575,4.11,3.785,36,-5.77,0.475,-79.41,-10.6,-1.61,-0.04
10,23.75,0.07,1.03,3.61,3.745,39.95,-5.82,0.5,-80.14,-12.3375,-2.85,-0.0325
11,0.25,0.07,1.15,-2.115,-0.88,21.305,-6.13,0.355,-83.78,-14.36,-1.0875,-0.0275
11,0.75,0.08,1.27,-2.11,-1.34,22.19,-6.22,0.285,-84.48,-18.725,-0.43,-0.01
11,1.25,0.0775,1.185,-2.53,-1,21.315,-6.33,0.31,-84.33,-22.92,-0.46,0.02
11,1.75,0.0775,1.19,-2.45,-0.95,21.435,-6.26,0.25,-83.36,-17.34,-1.29,-0.01
11,2.25,0.08,1.095,-2.53,-0.96,20.27,-6.19,0.315,-82.74,-14.9675,-0.7,-0.02
11,2.75,0.09,1.33,-2.125,-1.005,19.705,-6,0.285,-81.26,-16.48,-0.425,-0.03
11,3.25,0.07,1.2575,-2.59,-1.225,19.715,-6.12,0.265,-81.02,-17.37,-0.955,0.02
11,3.75,0.07,1.3,-2.195,-1.275,19.6,-6.13,0.28,-80.72,-15.215,-0.6925,0.01
11,4.25,0.0725,1.335,-2.095,-1.435,18.87,-6.18,0.285,-80.91,-17.445,-1.09,-0.01
11,4.75,0.07,1.565,-1.86,-1.665,20.22,-6.17,0.31,-80.87,-18.8175,-0.3625,-0.0125
11,5.25,0.1,1.715,-1.89,-1.68,20.065,-6.1,0.18,-82.02,-20.285,-0.3,0
11,5.75,0.0725,1.7075,-2.595,-1.925,19.09,-5.99,0.185,-81.32,-19.78,-0.01,-0.01
11,6.25,0.08,1.5625,-2.66,-1.695,18.845,-5.04,0.715,-80.13,-19.1225,-0.285,-0.02
11,6.75,0.08,1.415,-2.035,-1.685,18.72,5.66,4.035,-68.9,-12.56,-0.14,-0.02
11,7.25,0.1,1.275,-1.305,-1.355,18.005,59.93,29.24,-33.2,-16.8,-0.65,-0.15
11,7.75,0.15,1.165,-1.6,-1.95,18.55,138.93,47.995,8.29,-3.9475,1.88,-0.71
11,8.25,0.215,0.905,-0.855,-0.7175,17.09,229.14,56.285,56.15,11,7.56,-2.0125
11,8.75,0.265,1.0275,-0.41,-0.17,18.625,312.12,64.375,87.77,38.07,9.43,-2.45
11,9.25,0.31,0.98,-0.13,-0.06,18.48,380.72,73.63,115.21,54.8975,13.6775,-3.6125
11,9.75,0.33,1.13,-0.15,-0.42,19.27,431.06,81.54,154.02,88.23,17.36,-3.135
11,10.25,0.38,1.28,-0.145,-0.16,20.16,480.77,91.045,185.54,119.08,21.52,-3.085
11,10.75,0.42,1.36,0.3,0.59,20.93,526.28,97.745,196.41,128.65,30.53,-4.08
11,11.25,0.45,1.6575,0.4875,0.64,21.72,446.45,99.4325,196.7625,118.5375,24.2475,-3.5425
11,11.75,0.48,1.79,0.56,0.6325,22.24,412.63,101.335,193.72,119.52,31.885,-4.27
11,12.25,0.4925,1.895,0.85,0.68,23.5,397.85,100.705,199.52,139.73,31.9025,-4.11
11,12.75,0.53,2.2475,0.895,0.925,24.64,403.72,94.02,188.52,132.49,29.235,-3.925
11,13.25,0.52,2.2425,-0.02,0.39,24.845,364.65,81.66,167.77,123.045,29.07,-3.735
11,13.75,0.54,2.3725,-0.155,0.0925,24.13,323.73,71.52,148.38,121.21,32.735,-3.335
11,14.25,0.52,2.2625,-0.65,-0.2825,24.93,303.44,59.28,114.6,92.98,21.03,-3.185
11,14.75,0.48,2.1125,-0.625,-0.31,26.3,234.96,48.215,77.36,78.475,10.3275,-2.8975
11,15.25,0.44,2.01,-0.715,-1.02,27.04,174.81,40.52,36.08,54.5225,10.6,-1.7825
11,15.75,0.36,1.92,-0.94,-1.02,28.58,98.63,28.475,4.63,22.995,6.7925,-1.4925
11,16.25,0.25,1.54,-0.93,-0.81,30.735,45.49,14.39,-46.95,-2.6675,0.6675,-0.58
11,16.75,0.14,1.41,-1.29,-1.24,31.05,-0.16,1.045,-83.77,-13.155,-0.6525,-0.145
11,17.25,0.11,1.1,-1.43,-1.67,29.88,-6.72,0.035,-90.68,-17.71,-1.41,-0.08
11,17.75,0.1,1.09,-1.785,-2.02,30.38,-6.64,0.39,-89.25,-19.0525,-0.9125,0.025
11,18.25,0.1,1.2375,-2.145,-2.065,29.4725,-6.2725,0.45,-86.955,-17.69,-0.9025,0.01
11,18.75,0.1,1.19,-2.025,-1.9,29.4925,-6.02,0.58,-86.8175,-18.425,-2.035,-0.0275
11,19.25,0.08,1.36,-1.9925,-1.79,27.8025,-6.0675,0.4775,-86.32,-21.65,-1.8625,-0.0325
11,19.75,0.1,1.43,-2.04,-1.94,25.995,-6.175,0.34,-85.6375,-20.505,-0.725,-0.01
11,20.25,0.075,1.545,-2.025,-1.7025,26.49,-6.26,0.405,-85.9475,-18.2475,-1.46,-0.02
11,20.75,0.08,1.485,-1.9425,-1.06,25.54,-6.1975,0.49,-85.715,-18.85,-0.855,0.02
11,21.25,0.07,1.3,-1.6725,-1.11,24.7675,-6.345,0.445,-85.255,-16.135,-1.3875,0.01
11,21.75,0.085,1.3,-2.1525,-1.17,24.295,-6.2625,0.32,-83.2625,-11.99,-0.8475,-0.02
11,22.25,0.09,1.24,-2.345,-1.105,24.2475,-6.185,0.2375,-83.615,-16.87,-0.3475,0.01
11,22.75,0.07,1.485,-2.2925,-1.37,23.305,-6.1825,0.2825,-83.3525,-14.87,-1,-0.015
11,23.25,0.07,1.285,-2.475,-1.56,22.505,-6.3875,0.1425,-84.4775,-16.475,-1.05,-0.03
11,23.75,0.07,1.2,-2.7525,-1.235,21.8175,-6.1975,0.1575,-83.3075,-15.0375,-1.66,-0.01
12,0.25,0.08,1.24,-5.75,-4.52,19.16,-5.8025,0,-77.8375,-18.32,-0.3425,0
12,0.75,0.07,1.1725,-6.02,-4.1175,18.5,-6.04,-0.03,-76.6025,-20.89,-0.305,-0.0225
12,1.25,0.08,1.04,-6.05,-4.545,18.49,-5.8725,-0.05,-75.735,-17.76,0.015,-0.02
12,1.75,0.09,1.065,-6.15,-4.37,19.61,-5.905,-0.02,-76.5025,-14.9875,-1.04,-0.0025
12,2.25,0.08,1.36,-5.04,-4.13,18.37,-5.765,-0.01,-74.85,-23.9225,-1.2325,-0.065
12,2.75,0.08,1.43,-5.34,-4.825,17.4775,-5.78,-0.02,-76.465,-28.41,-0.415,0
12,3.25,0.09,1.37,-5.345,-4.42,17.9225,-5.7375,0.01,-76.565,-21.97,-0.3125,0.01
12,3.75,0.1,1.2,-5.555,-4.75,17.5025,-5.94,0.03,-76.445,-18.5025,-0.45,0.02
12,4.25,0.09,1.21,-5.44,-5.055,17.2725,-5.75,0.06,-74.7875,-24.535,-0.765,0.03
12,4.75,0.08,1.325,-5.315,-5.385,15.725,-6.07,0.03,-75.4825,-19.965,-0.795,0
12,5.25,0.085,1.165,-5.0225,-5.18,16.125,-5.8425,0.06,-76.865,-23.15,-0.49,-0.01
12,5.75,0.09,1.33,-5.135,-5.105,15.9625,-5.7575,0.12,-75.7925,-18.41,-0.43,0.0025
12,6.25,0.1,1.44,-5.2675,-5.125,15.8725,-5.9025,0.06,-77.06,-22.795,-0.2125,-0.0075
12,6.75,0.09,1.18,-5.46,-5.275,16.32,-4.6925,0.47,-74.7875,-22.78,-0.475,0.04
12,7.25,0.09,1.3175,-5.495,-5.37,15.39,6.3025,3.87,-66.055,-20.075,-0.125,-0.02
12,7.75,0.095,1.12,-5.18,-4.6175,15.645,50.1,15.4,-31.3275,-12.79,-1.43,-0.01
12,8.25,0.14,0.965,-4.635,-4.68,16.055,105.3875,32.67,5.03,-5.2,-0.9175,-0.06
12,8.75,0.21,1.08,-4.2925,-4.38,17.9525,156.7925,49.88,36.45,3.9,1.4975,-0.2375
12,9.25,0.25,1.01,-3.9875,-3.87,17.7525,184.9675,63.87,60.8125,15.93,3.5925,-0.24
12,9.75,0.28,0.96,-3.595,-3.4,18.0725,222.8525,75.96,76.9575,38.8825,7.6325,-0.225
12,10.25,0.34,1.11,-3.1175,-3.04,19.305,252.6975,84.91,110.6225,60.02,16.785,0.1825
12,10.75,0.3625,1.205,-3.105,-2.96,19.3775,254.705,109.86,117.8025,73.3375,11.34,-0.21
12,11.25,0.36,1.1875,-3.055,-2.9675,20.935,266.89,91.53,125.325,82.615,14.87,0.03
12,11.75,0.44,1.415,-2.8675,-3.045,22.64,290.3775,99.14,132.215,94.415,20.5825,0.15
12,12.25,0.425,1.8125,-2.6525,-2.77,23.725,259.41,91.25,110.9675,78.63,18.64,-0.19
12,12.75,0.465,1.785,-2.7375,-2.8125,25.25,244.7375,89.65,122.4275,112.005,15.2825,0.2125
12,13.25,0.45,1.85,-2.855,-2.6925,24.1175,248.615,93.56,119.6325,101.735,13.28,0.2625
12,13.75,0.44,1.6375,-2.5275,-2.755,23.585,217.2,77.42,101.9225,82.91,7.89,0.05
12,14.25,0.41,1.7875,-2.63,-2.6475,24.43,170.17,56.38,72.825,61.505,9.68,0.18
12,14.75,0.3825,1.695,-2.9275,-2.8725,26.64,134.3075,48.65,39.05,45.12,7.3375,0.09
12,15.25,0.35,1.635,-3.08,-3.15,27.8825,98.08,31.15,5.2975,26.59,6.465,-0.16
12,15.75,0.24,1.52,-3.245,-3.455,28.6875,52.9975,17.6,-26.69,8.62,1.27,-0.095
12,16.25,0.17,1.28,-3.5075,-3.63,29.6575,18.295,7.3,-63.655,-5.47,-0.535,0.025
12,16.75,0.1,0.94,-3.8125,-3.77,30.6225,-3.405,0.13,-85.71,-9.28,-0.385,-0.1
12,17.25,0.11,0.84,-4.0025,-4.02,28.8175,-6.68,0,-85.2425,-10.2,-1.255,0.025
12,17.75,0.08,1.11,-4.1325,-4.27,27.0225,-6.2425,0.08,-81.3225,-17.09,-1.76,-0.02
12,18.25,0.09,1.24,-4.3625,-4.5,24.0325,-5.8475,0.07,-81.2525,-11.965,-0.7775,-0.0275
12,18.75,0.08,1.22,-4.475,-4.36,26.545,-5.95,0.09,-79.68,-15.23,-1.1,-0.03
12,19.25,0.09,1.3575,-4.465,-4.2925,25.26,-5.9025,0.04,-80.38,-13.1075,-0.9025,0.005
12,19.75,0.105,1.28,-4.7425,-4.67,24.12,-5.795,0.11,-79.4675,-19.94,-1.69,-0.03
12,20.25,0.095,1.37,-5.12,-4.59,23.795,-5.8525,0.08,-80.23,-21.735,-0.73,-0.02
12,20.75,0.08,1.0875,-4.845,-4.4975,23.245,-5.935,0.12,-79.2875,-17.14,-0.75,0.02
12,21.25,0.09,1.1625,-5.185,-4.6325,21.065,-5.9725,0.09,-80.445,-16.01,-1.18,-0.02
12,21.75,0.1,1.205,-5.4525,-4.855,21.005,-5.8275,0.13,-79.84,-19.025,-0.14,0.02
12,22.25,0.08,1.075,-5.5075,-5.405,20.5125,-5.8,0.12,-78.3325,-18.325,-1.25,0.03
12,22.75,0.09,0.99,-5.5675,-5.47,20.8825,-5.8475,0.19,-78.1,-17.155,-0.48,0.04
12,23.25,0.09,1.28,-5.6725,-5.2025,20.6925,-5.6925,0.06,-77.1425,-20.885,-0.06,-0.02
12,23.75,0.09,1.08,-5.7775,-4.7,20.405,-5.9425,0.03,-76.24,-21.205,-0.32,-0.02
