DOY2,HR2,USTAR,TA,WS,FC,H,LE,H2O,CO2,SW_IN,LW_IN,SW_OUT,RH,TS,PA
1,0.25,0.03425,-19.564725,0.1435,0.33875,-57.2857,-5.51025,3.478858881475,419.4168151525,-4.3778832225,178.969163315,-0.2263583325,63.83100012725,0.6,97.93425
1,0.75,0.0419,-19.824746875,0.10175,-0.069,-48.5201,-1.708,3.593057312675,419.620393825,-4.48510007,170.3208292425,-0.3212000003,59.692000031,0.6,97.904525
1,1.25,0.03265,-20.455933334,0.104,-0.6688,-60.374,-1.9776,3.3591051378,419.55811402,-4.344533315075,176.940834435,-0.4918833434,58.2022497235,0.6,97.8914
1,1.75,0.03,-20.898466634,0.0913,-0.26025,-64.98265,-1.76965,3.2980895139,420.0827824975,-4.446383418,179.1674992575,-0.577591673325,58.3850838515,0.6,97.909
1,2.25,0.034775,-21.131316634,0.118,-0.171525,-74.297,-4.510775,3.30324534645,420.3083697,-4.251133287,171.76666536,-0.376333333,58.8233333325,0.6,97.9079
1,2.75,0.01725,-21.490991634,0.0976,-0.15995,-50.46075,-0.4446,3.517735047875,420.6852416375,-4.365266627,170.73333266,-0.25866667,61.338333665,0.6,97.9238
1,3.25,0.0348,-21.694275,0.159,-1.6208,-59.7035,-3.6478,3.311008156675,421.333036135,-4.020908455,172.875002565,-0.393333337,62.4116667475,0.6,97.8522
1,3.75,0.0307,-22.0013333,0.189,-0.68625,-51.0283,1.53325,3.43727783875,420.55323025,-4.132400081925,170.7925033075,-0.21825000285,62.8893317435,0.6,97.7857
1,4.25,0.0341,-21.972283334,0.119,-0.76135,-67.519225,-6.827,3.49963226165,420.2866162775,-4.108816677425,174.189998185,-0.27904167585,62.446749405,0.6,97.6201
1,4.75,0.029075,-21.90025,0.11245,-0.8666,-64.049625,-3.8614,3.4315998384,420.3081992,-3.877674963075,175.1499985,-0.67950001735,62.086000536,0.6,97.67835
1,5.25,0.0328,-21.612124966,0.137225,-0.8896,-49.2785,-3.0266,3.4364179054,420.92845912,-4.023749933075,171.40166925,-0.706733344225,62.98908333275,0.6,97.6403
1,5.75,0.0179,-20.5309,0.0957,-0.441,-104.57165,-0.811575,3.4111192248,421.06052346,-4.21403337435,171.04249405,-0.8772000123,62.51616667,0.6,97.588025
1,6.25,0.0211,-16.520300168,0.094,-0.8683,-93.9682,-0.3989,3.411242539625,420.001968,-4.037433237575,171.45582895,-1.3674666733,62.0266679505,0.6,97.4914875
1,6.75,0.040375,-16.773466568,0.125375,-0.52075,-70.0972,-1.43015,3.562404302475,420.8967921,-4.17085833,170.362502565,-0.67766667725,61.47416692,0.6,97.478025
1,7.25,0.02625,-17.037366604,0.130125,-0.32,-52.9419,0.3784,3.553625403525,420.7753137675,-3.71048334435,169.8358348,-0.351083325875,63.312499,0.6,97.462125
1,7.75,0.030375,-17.260566872,0.08245,-0.6613,-49.67655,-2.39055,3.66459367565,420.95107969,-0.19465833025,169.3900033075,0.083000009,64.5062522525,0.6,97.459425
1,8.25,0.033525,-17.180499834,0.129,-0.196,-43.28995,-0.2864,3.7868799522,420.9820013,4.917858340575,169.6300040575,0.620541670875,64.31541683,0.6,97.4593
1,8.75,0.0333,-16.403774734,0.1164,-0.0338,-48.10535,-0.0254,3.8744352256,421.36777106,12.01658329325,170.71083775,1.892666633,63.3916663325,0.6,97.4887
1,9.25,0.04525,-14.620941672,0.127125,-0.31425,-32.8029,-3.29965,3.835971288675,421.3785660725,24.02558267,172.1691685,4.32116678505,60.927333598,0.6,97.5963
1,9.75,0.0469,-11.8663,0.1442,-0.08085,-14.09165,2.698725,3.19549705395,423.6581529725,32.55483318,173.60250255,4.6472166381,59.406000068,0.59425,97.6793125
1,10.25,0.033,-11.5446,0.271,0.2147,-45.1767,4.4418,3.488239560925,411.2672754325,46.4827501065,175.519998185,6.846091810575,57.451666165,0.6,97.7251
1,10.75,0.0382,-11.3724,0.28125,0.159425,-15.3965,6.2059,3.454869524825,412.755571335,40.9683320065,177.630004435,8.79303348065,54.608333,0.56,97.881625
1,11.25,0.0705,-11.089196869,0.3555,-0.227275,-21.96655,7.35145,3.44034290385,414.1179223125,38.60791666925,182.94167,6.57435824345,52.584666732,0.59325,97.8785125
1,11.75,0.053,-11.11623125075,0.4264,-1.33725,-25.9584,8.298375,3.657569342625,411.0329563125,44.06316648,185.5791700075,7.0800750775,49.894666598,0.6,97.8666125
1,12.25,0.04755,-11.6746500015,0.4887,-0.241575,-25.85415,4.611575,3.4180170418,410.146155635,32.94074967,184.0250015075,4.57663331145,45.77208312375,0.603,97.841175
1,12.75,0.0399,-12.24428125075,0.494375,-1.91755,-24.0872,4.8357,3.45023697045,408.1311087675,54.0128326315,189.96583405,5.119395758125,44.81749957,0.6,97.83195
1,13.25,0.0635,-12.47395937575,0.515,-0.358125,-19.68275,3.641225,3.449165150275,408.2430177425,34.78991718,192.14583,6.4122500455,45.7726672155,0.593,97.846775
1,13.75,0.04875,-12.6668875,0.38025,-0.8564,-10.91775,-1.5742,3.6973422934,406.19924694,31.31791699925,193.3758377425,6.3791333802,41.356000701,0.6,97.859525
1,14.25,0.0601,-12.875725,0.5723,-0.8595,-11.9285,4.6105,3.541414421,405.8090564,32.97516752,193.50166225,4.098833266875,39.95091735,0.569125,97.87825
1,14.75,0.03525,-13.468625,0.4055,-1.093625,-11.02645,7.90625,3.532452198375,406.664759125,25.49283340575,193.5925007425,2.713958333,39.24724945,0.5675,97.896325
1,15.25,0.0421,-14.134275,0.4494,-0.926775,-10.586,1.070625,3.584147965225,406.65439726,18.96333274425,193.42916225,2.746208358125,39.0818340095,0.6,97.9195125
1,15.75,0.03715,-14.3596375,0.401125,-0.3277,-21.992625,2.73205,3.6110321208,409.74275054,13.7254165725,188.9483351925,1.4271250045,38.7984171095,0.595125,97.9433125
1,16.25,0.0364,-14.4208625,0.40925,-0.1118,-39.069325,4.2134,3.5365286982,409.14736358,7.62568339565,193.7016692575,0.72483333175,39.03966723225,0.6,97.9462875
1,16.75,0.04125,-14.5686,0.43925,-0.188675,-79.0331,-0.569525,3.4798583803,409.9038921325,3.339399974425,187.355835185,0.21774999425,41.49816665725,0.6,98.0197
1,17.25,0.0433,-14.7438625,0.344,-2.6755,-68.3066,-4.05425,3.5793225271,410.319767635,-0.786474999175,187.2849967,-0.4955000041,44.189333,0.6,98.0003
1,17.75,0.02375,-14.9197375,0.3414,-1.490575,-83.7553,-3.384175,3.5336426013,410.5917280025,-4.685233236925,178.518336685,-0.6830833275,50.4769990485,0.6,98.023
1,18.25,0.0261,-14.9377375,0.195125,-2.2144,-69.8524,-4.5915,3.55390712135,411.713887015,-4.641183248,181.15667,-0.7982500025,53.2356664815,0.6,98.021
1,18.75,0.04005,-15.2671125,0.1845,-1.29545,-63.72305,-3.20795,3.5309347492,414.454310735,-4.647708314925,179.657501815,-0.6462666598,52.83166617,0.6,98.0498
1,19.25,0.02125,-15.76065,0.131775,-1.4634,-69.708675,-5.40405,3.401540602875,416.8520934625,-4.6148082375,177.4250010575,-0.3686666554,52.91508312325,0.6,98.0662
1,19.75,0.03105,-16.13485,0.14585,-1.4509,-74.468075,-3.967675,3.40142228215,414.438005965,-4.70886667435,177.163335935,-0.3949999916,54.460666475,0.6,97.9569875
1,20.25,0.0244,-16.2912,0.092275,-1.344625,-61.0698,-2.1649,3.4018141807,414.7182179875,-4.626916512,174.12417255,-0.4012666706,54.38908296825,0.6,98.067225
1,20.75,0.03305,-16.3553,0.0948,-2.8447,-69.599,-2.54985,3.3678663155,415.305416295,-4.6473583745,171.1850033,-0.40110833025,53.4134992185,0.6,98.0227625
1,21.25,0.0391,-15.916225,0.0965,-1.442,-58.1834,-1.534,3.505652462,415.20402825,-4.614700097,170.9258385,-0.7624583638,53.6866671515,0.6,97.9939125
1,21.75,0.0475,-16.217175,0.19805,-1.5657,-94.114,-2.3758,3.4396959515,419.08265966,-4.6520333625,171.3600000075,-0.38675000645,52.7426661985,0.6,97.979075
1,22.25,0.042,-16.66235,0.14085,-1.707125,-81.57995,-1.9444,3.77273249175,419.467607575,-4.547175159425,169.4300007425,-0.491375003475,55.80866578,0.6,97.9520375
1,22.75,0.017,-17.702325,0.1,0.024125,-56.82345,-1.216625,3.469012732,418.694438625,-4.459074918,169.64499745,-0.288583332125,60.742666802,0.6,97.949375
1,23.25,0.0251,-18.5529625,0.09305,-3.5969,-61.74945,-3.8954,3.5031392719,418.76511632,-4.40901669565,170.521666685,-0.2234166665,60.251333798,0.6,97.99835
1,23.75,0.03385,-19.2900625,0.11415,-0.553625,-53.6655,-0.949975,3.535147152325,418.8438740925,-4.445191682,176.2899981925,-0.2212666633,62.06124975125,0.6,97.966925
2,0.25,0.0212,-18.6163460865,0.1805,-0.708775,-43.00675,-2.64195,3.509068761375,419.64977559,-4.739091640525,192.9058392475,-0.455066664725,52.613500251,0.465,97.6719
2,0.75,0.02975,-18.26544388175,0.187,-0.27515,-51.564675,-10.04675,3.69730373225,419.856951175,-4.8966999297,194.3900003,-0.465850002275,52.091999899,0.465,97.7135125
2,1.25,0.024325,-18.228666801,0.100925,-1.1016,-37.4777,-2.1098,3.646765993925,419.7206173025,-4.4452001233,195.32666364,-0.53898333525,53.1491662145,0.465,97.75205
2,1.75,0.0323,-18.18339375,0.114925,-0.1898,-51.89725,0.1036,3.5177092466,419.8780631,-4.5601332803,198.70333697,-0.66021666075,52.041666449,0.465,97.7631875
2,2.25,0.0282,-18.000838676,0.1502,-0.6936,-61.2349,-1.7259,3.6481596491,420.78746375,-4.6037333303,198.78666664,-0.539858322275,53.015332349,0.50275,97.8241
2,2.75,0.0431,-17.92986263175,0.099625,-0.15995,-51.38955,-0.4446,3.517735047875,420.6852416375,-4.6762667367,196.67000033,-0.593158326425,51.826666998,0.555,97.8264625
2,3.25,0.0365,-17.9336458385,0.159375,-1.6208,-42.785725,-3.6478,3.433223301625,420.786839205,-4.8645665567,198.88666867,-0.8140666741,53.98199980975,0.5575,97.8043125
2,3.75,0.038475,-18.034239325,0.161,-0.68625,-44.62,1.53325,3.43727783875,420.55323025,-4.704666757,197.89332997,-0.5475000085,53.7161663985,0.555,97.7200625
2,4.25,0.035,-17.96502291925,0.0997,-0.76135,-36.6279,-6.827,3.49963226165,420.2866162775,-4.6499999136,197.40667567,-0.542833344,54.6791671565,0.555,97.687775
2,4.75,0.02715,-17.5032571625,0.1091,-0.8666,-46.1146,-3.8614,3.4315998384,420.3081992,-4.5675668103,200.2866727,-0.3972583361,54.4116675,0.56,97.682775
2,5.25,0.0282,-17.123581126,0.1801,-0.8896,-98.903525,-3.0266,3.4364179054,420.92845912,-4.670933353,199.91,-0.44625833685,51.683333835,0.6,97.751
2,5.75,0.031325,-16.71670638175,0.1787,-0.441,-110.713675,-0.811575,3.4111192248,421.06052346,-4.7165000564,197.22333633,-0.6275999954,52.936000483,0.6,97.7303
2,6.25,0.0298,-16.3472065135,0.073,-0.8683,-65.114,-0.3989,3.411242539625,420.001968,-4.956933267,197.82666436,-0.74414168175,54.7259993685,0.6,97.7615
2,6.75,0.028775,-16.084198051,0.125,-0.52075,-75.100675,-1.43015,3.562404302475,420.8967921,-4.411166658625,197.133329975,-0.9298000098,53.72500033125,0.6,97.8014
2,7.25,0.0197,-15.99720859425,0.081775,-0.32,-57.7144,0.3784,3.553625403525,420.7753137675,-2.72358329575,197.62083375,-0.4162666634,55.6345000155,0.6,97.8202
2,7.75,0.0341,-15.762641925,0.1254,-0.6613,-55.487525,-2.39055,3.66459367565,420.95107969,2.249708370875,198.3916667,0.3660000014,54.90866688,0.6,97.8349
2,8.25,0.022,-15.2104270885,0.138,-0.196,-48.800875,-0.2864,3.7868799522,420.9820013,6.740541741625,198.9916641625,0.89650001555,56.77266667,0.6,97.7777
2,8.75,0.042675,-14.2766208385,0.263175,-0.0338,-23.2183,-0.0254,3.8744352256,421.36777106,13.01749995875,200.566665,1.76341665655,55.06083325,0.6,97.7574
2,9.25,0.0324,-13.03376979065,0.2469,-0.31425,-9.779525,-3.29965,3.835971288675,421.3785660725,16.325417,201.63333375,1.603316678,55.34708260925,0.6,97.7781
2,9.75,0.056925,-11.9643093675,0.236125,-0.44725,-8.583,3.03755,3.97023415415,421.055776275,21.9404163775,203.8000033,3.395666673,52.7553332,0.6,97.5727
2,10.25,0.077,-11.17871253015,0.33225,-0.3408,-22.4566,3.3284,3.834712093,421.55017978,28.5941662525,208.745837475,3.5953999802,39.460000534,0.6,97.594725
2,10.75,0.0675,-10.24971456615,0.51275,-0.7236,-15.5256,6.6924,3.649338197,421.11585402,42.6833329975,211.8958303875,5.56066666,36.1489158,0.6,97.5511125
2,11.25,0.04565,-8.832373943825,0.599375,-0.094375,-13.4908,4.096225,3.6469728466,420.550063005,39.86083204125,214.57499955,5.64054993015,34.66,0.6,97.552175
2,11.75,0.07665,-7.78759684015,0.6439,-1.21945,-26.273,9.558125,3.930743659425,420.247341425,42.657916705,216.6458333375,7.32574992515,35.0010849615,0.605,97.4636375
2,12.25,0.07245,-7.135936512,0.605,-0.832,-30.9869,9.7435,3.78574167455,419.8518480625,48.989166955,217.154169975,5.7042999575,33.00666667,0.6,97.3660125
2,12.75,0.074,-6.9806166925,0.36665,-1.26875,-48.583475,10.81915,3.8529821168,419.889245345,45.53516738,217.5299967,7.64296658995,32.81999967,0.6,97.261125
2,13.25,0.07,-7.45322709625,0.4499,-0.7112,-37.1419,5.6788,3.8953312064,419.325811,49.9084999495,217.2050052,6.335091677,32.80333333,0.6,97.161475
2,13.75,0.0664,-7.57121253875,0.39765,-0.483,-8.6091,14.5502,3.8766536874,419.08983306,39.0100000025,217.39166705,6.538658381025,31.40241633325,0.67,97.1073625
2,14.25,0.0754,-8.225593735,0.5804,-0.5194,-43.688,18.7862,4.0169789542,419.33815512,31.244999875,216.9916633375,4.258333333475,30.166666,0.34,97.0927375
2,14.75,0.0915,-8.9642499339,0.415375,-0.484125,-67.6875,17.95025,3.8531544965,419.2249448875,27.6395832525,218.4333358,3.998875081025,28.78458333,0.3,97.0831875
2,15.25,0.0688,-8.88944787075,0.3844,-1.070325,-23.34185,8.771375,3.82574597265,418.89522785,21.62874966625,218.4291641625,2.557158328,28.900417005,0.3,97.0689125
2,15.75,0.0523,-8.822591666925,0.187975,-1.8428,-17.517675,3.381875,3.748087999175,419.1261138825,15.0249999975,223.15416875,1.751908354975,27.116,0.2805,97.0629
2,16.25,0.0509,-8.6519457414,0.28025,-0.320875,-108.7671,-1.08925,3.473705769,418.837124575,9.543333333625,224.5374971125,1.57389166325,26.9896666865,0.246125,97.1605125
2,16.75,0.0461,-8.929562528025,0.239225,-0.242875,-128.5337,2.517375,3.5462435498,418.29311336,7.30225006495,206.578336945,0.6720333475,27.6365836385,0.235,97.2862375
2,17.25,0.036225,-10.0842999814,0.454325,0.3717,-117.690325,0.1986,4.0552876142,419.72317514,2.7557166769,209.368330495,0.111958337025,28.594417,0.22,97.2621625
2,17.75,0.0364,-10.33994998875,0.192625,-0.63985,-95.19875,-3.300075,3.5588103486,418.933977975,-1.64253333645,203.93500281,-0.44351666875,32.333334,0.268375,97.187425
2,18.25,0.03775,-10.341562492575,0.29645,-1.14355,-98.373975,-4.9983,3.496835875325,419.4788229325,-4.720199943,206.4600038,-0.771641667725,34.65883365825,0.2675,97.2336375
2,18.75,0.037875,-9.80596875735,0.2621,0.04235,-120.65805,-3.30675,3.52482846775,419.6989440025,-5.402233405,206.104999,-0.607216664475,36.56916717,0.29425,97.279875
2,19.25,0.043225,-9.58911450635,0.180225,-0.466275,-73.89375,-6.642325,3.49361896125,418.92550478,-5.1811333064,204.79999967,-0.766041671725,42.8294999995,0.3,97.3197125
2,19.75,0.0292,-9.65618540375,0.1132,-1.10775,-54.354875,-5.198875,3.534496166125,419.399749225,-5.311358299975,208.0491574475,-0.345874988275,42.8789998195,0.3,97.3353125
2,20.25,0.039875,-9.7800083075,0.222375,0.148625,-55.3731,-2.940625,3.57080617425,419.41992025,-5.0413666595,206.25832405,-0.5133333322,45.36591612,0.328875,97.3392125
2,20.75,0.0433,-9.6431271226,0.2302,-1.0284,-43.36535,-3.6556,3.4670461996,419.58859846,-4.92749998725,204.3000033375,-0.442166677375,46.905332136,0.38,97.3582125
2,21.25,0.03905,-9.34171664135,0.195575,-0.591625,-47.36485,-0.825375,3.3699224148,419.52374198,-5.040333283625,203.05832955,-0.507375015625,46.136665936,0.38,97.3176625
2,21.75,0.0375,-9.37621871125,0.17885,-0.747125,-53.7773,-17.4432,3.3929018463,419.70618068,-5.123958325,202.7375028875,-0.28156666205,45.491498755,0.383375,97.3927625
2,22.25,0.02825,-10.08028125,0.11395,0.00879999999999995,-65.88825,-2.9148,3.3962007076,419.6546001,-4.8557333664,201.91666364,-0.457666665,47.646998999,0.416,97.4283
2,22.75,0.026025,-10.99625625,0.1145,-1.0378,-38.69695,-1.5356,3.3977441946,419.48846018,-4.9112333033,201.7633327,-0.28629999555,46.5253339,0.44,97.4673875
2,23.25,0.0424,-11.71526875,0.152825,-0.74275,-49.3194,-1.340375,3.582039225875,419.5742727375,-4.7652666264,201.8600057,-0.370150001475,49.510749005,0.435,97.4185
2,23.75,0.0274,-12.3462625,0.1364,-0.270625,-50.27335,-1.389625,3.3913028981,419.61683811,-4.7215667003,194.15333064,-0.372849992025,52.2201655645,0.451,97.4452375
3,0.25,0.040375,-9.59782287265,0.1926,-0.7652,-67.1256,-0.393875,3.62716498755,419.156323995,-5.0366667,207.4333333,-0.161874996675,50.06333267,1.49875,97.8644375
3,0.75,0.0308,-9.957986429825,0.1696,-0.5705,-69.284625,-4.639,3.598242675625,419.195455625,-4.7256667,206.7000033,-0.250141664925,52.056666,1.55125,97.8961875
3,1.25,0.0258,-9.66531041595,0.1437,-1.4689,-55.79705,-3.0672,3.95798305975,419.39601195,-4.872333367,207.6000033,-0.2050000015,50.5235,1.581625,97.936625
3,1.75,0.032075,-9.961634417875,0.173775,-2.307,-64.4588,-1.331125,3.7107825738,419.42049234,-4.747666667,207.8999967,-0.1205,52.4409996865,1.57425,97.9494125
3,2.25,0.023,-9.969303155,0.1269,-1.1231,-70.8542,-0.8428,3.986943470075,419.55030133,-4.768666767,209.16667,-0.092166665,54.4581659865,1.57425,97.96735
3,2.75,0.03625,-9.90393647865,0.1652,-2.300575,-51.6173,-4.3682,3.762992493,419.7015344,-4.896999867,208.8333367,-0.1141666585,56.877333003,1.545375,97.959825
3,3.25,0.027125,-9.8925916919,0.15875,-2.78815,-59.846375,-2.52285,3.6754919285,419.68499555,-4.493666633,207.9666633,-0.139999993,54.6428342665,1.532125,97.9595
3,3.75,0.036,-9.982611422075,0.0897,-0.812975,-61.9695,-3.124525,4.2368508256,419.36938512,-4.574000033,211.5666633,-0.0806666665,54.309165747,1.504125,97.9498125
3,4.25,0.03245,-10.28522084,0.123225,-0.1202,-63.6396,0.1412,4.0693776535,418.93537769,-4.575666767,207.6,-0.065166667,54.34233205,1.5,97.9325875
3,4.75,0.0327,-10.5991031265,0.098425,-1.1721,-47.08635,-2.024025,4.64713772295,419.112780495,-4.541000067,207.7333233,-0.138499998,56.04516815525,1.5,97.9014625
3,5.25,0.032475,-10.47570208925,0.10835,-0.0785,-52.123575,-1.608875,4.668697255,419.0476075,-4.442333367,207.76666,-0.164166667,57.55691635525,1.5,97.92185
3,5.75,0.0342,-10.3551020885,0.122,-4.8462,-42.3145,-12.0118,4.6446561072,418.846,-4.424333367,207.46667,-0.203,59.056000233,1.5,98.0207
3,6.25,0.03145,-10.29568854425,0.133175,-2.814,-46.8311,-2.23025,4.038732148875,417.09667605,-4.298000033,207.8333333,-0.288333333175,58.8169998,1.5,97.9937125
3,6.75,0.027025,-10.196817739825,0.12,-0.6147,-25.41705,-5.16915,4.129057101675,418.64224769,-0.688333333,207.63334,0.1755,57.58916675,1.5,97.958125
3,7.25,0.0321,-10.020660438,0.116625,-2.506,-27.503,-2.3382,4.1475168274,418.80059754,4.115000033,208.26667,0.601,54.451000264,1.5,97.9656125
3,7.75,0.03825,-9.8954520774,0.1422,-2.38865,-33.438375,0.8615,4.1951828837,416.305564535,9.7566668,210.4,1.73933335,46.70858398,1.5,97.9917875
3,8.25,0.0451,-9.363436456025,0.203325,-4.108475,-22.461325,3.56195,4.703880253925,417.0165160075,14.49666653,212.2,2.6091666835,44.91999933,1.5,97.9895875
3,8.75,0.053625,-8.76388647615,0.322825,-4.1155,-16.461,2.2085,4.12705930385,416.871816005,24.76666733,214.6,2.75716665,41.64399870325,1.5,97.9420375
3,9.25,0.0522,-6.842466685075,0.58665,-6.00555,-3.198425,12.17955,4.1025296541,414.943958665,43.77666733,217.83333,5.974999933,40.5804993335,1.5,97.9236625
3,9.75,0.0373,-5.688013535175,0.461325,-4.36895,-24.5559,14.08205,4.022027508925,417.99627909,50.61000033,221,8.442158282325,38.091667203,1.504625,97.9284625
3,10.25,0.073,-3.68160001815,0.311,-3.2007,-20.49675,14.733975,4.162839164525,414.2034657625,59.22666667,222.5666633,7.74234994815,38.499999125,1.504875,97.937775
3,10.75,0.060425,-2.7597208726,0.264925,-4.9875,-20.1774,13.345,4.075014038,412.98942205,63.306666,225.2000033,7.68068321815,35.9743331,1.504875,97.9198
3,11.25,0.0796,-2.6335781325,0.323,-5.620775,-11.02855,9.830975,4.0402792661,414.2350706925,54.85999933,226.8,5.85138326985,35.39883415,1.535,97.889125
3,11.75,0.0999,-2.33999479385,0.371225,-5.58665,-2.969975,11.28915,4.108809140925,415.9682514975,51.84349966675,228.402503365,6.3320166783,31.63700052,1.419375,97.8707625
3,12.25,0.0596,-2.2067187418,0.50235,-6.84675,-2.342,22.3252,3.82498464075,416.191694465,54.29950127825,229.7750002175,6.71234993685,29.42583343,1.5,97.8496125
3,12.75,0.0614,-1.689188558775,0.46985,-7.674225,-16.215875,13.55255,3.828472269475,415.8702751925,62.1668346135,232.05166995,8.3073416805,27.53625027225,1.6,97.880075
3,13.25,0.082375,-2.2834531262,0.463875,-6.571,-4.2439,19.0755,4.231560468,415.69813965,58.19799935325,231.8908267825,6.704958376525,25.4219996,1.585375,97.90505
3,13.75,0.090275,-2.08675727965,0.38835,-6.0183,-5.07365,16.1442,3.9774387672,412.9870936025,55.65641866675,232.138326885,7.516066713,24.84658392425,1.6,97.9116375
3,14.25,0.0609,-2.427458347525,0.49225,-6.75675,-9.41935,23.682925,3.94645749115,413.58607959,46.91908303325,230.7983300825,6.0709332998,24.12141685075,1.509125,97.9284
3,14.75,0.086,-2.265281237675,0.4189,-4.8662,-29.71885,32.0902,4.6486305414,414.71543298,51.3103330365,233.8633367825,5.4609999668,24.679,1.6,97.9382875
3,15.25,0.106,-2.240571873575,0.4683,-4.84005,-49.35875,31.50185,3.9590037196,414.005055595,42.68366696675,233.1449968,4.8644666002,22.97416707575,1.511125,97.96325
3,15.75,0.07255,-2.380343775225,0.4391,-4.88895,-39.898075,5.9349,4.2824252953,415.33668344,35.61966637,232.996666635,4.2618666734,23.10441640575,1.538,97.9846875
3,16.25,0.07645,-2.448672915875,0.376375,-4.89185,-36.3846,18.6415,4.06905103815,414.90653849,32.49250067175,233.140833365,3.08220004,20.99199974425,1.5075,98.002875
3,16.75,0.1071,-2.93760727845,0.4773,-4.426075,-48.3296,11.79185,3.85596417945,416.3732158025,17.25428301325,223.9991699175,2.4975333732,22.49816677575,1.5075,98.0123875
3,17.25,0.080125,-3.436626055625,0.475625,-3.6571,-44.638025,7.5657,3.9921449131,415.10726507,10.064974928425,225.75083345,1.4791333134,21.096249925,1.5075,98.028075
3,17.75,0.0595,-3.84177602485,0.4111,-1.755275,-57.70625,0.793025,4.017850417025,407.163299215,3.386524936675,224.4075065825,0.6942666572,27.440000334,1.505,98.089825
3,18.25,0.053,-4.365685400075,0.139875,-1.585025,-68.7711,-6.992675,4.163156169025,408.710933485,-0.168991666575,220.624996865,-0.551799996,31.6716669395,1.5025,98.105875
3,18.75,0.042475,-4.8074864799,0.12475,-5.1724,-83.7943,-8.1722,4.3886642023,417.6457356775,-5.045316604675,216.3974965325,-1.230733327,32.4468337995,1.5,98.0962375
3,19.25,0.037,-5.42113125375,0.12985,-2.5064,-80.8603,-4.5412,3.820027221475,418.42951368,-5.0766417305,215.3308335325,-0.5460666528,34.99291566625,1.5,98.0612875
3,19.75,0.021325,-5.624587457575,0.2745,-0.2525,-79.5441,-0.388,3.9137533165,419.3293374,-4.96158329885,215.11333325,-0.604199985,35.9712511225,1.5,98.083575
3,20.25,0.02275,-6.3113374281,0.3093,-3.50015,-61.66555,-2.633,4.35831035935,419.27294932,-5.021175035325,214.3358333,-0.4070166715,35.1948333635,1.494375,98.081475
3,20.75,0.0325,-7.08746352515,0.247275,-0.9694,-57.25155,-1.4031,4.31758346085,418.872512755,-4.918308367175,206.20333005,-0.25849999825,37.6634999835,1.492875,98.0971375
3,21.25,0.025825,-7.779933431325,0.26995,-1.6359,-61.582125,-8.0421,4.699237347325,419.360368245,-4.870166572825,210.852503135,-0.43494999575,41.79649998,1.49325,98.0927125
3,21.75,0.03275,-8.19555413515,0.2959,-0.290875,-52.152475,-2.949175,4.7041510912,419.53526314,-4.94892490115,210.4841632825,-0.48249999955,42.84433238,1.493,98.08985
3,22.25,0.0376,-8.617037474425,0.27775,-0.972825,-49.474625,-1.278425,4.696927104,419.5527062,-4.8414749695,211.9716732825,-0.6745333577,44.5353323385,1.490625,98.05805
3,22.75,0.0338,-8.712376127,0.1795,-3.33415,-57.704,-14.40545,4.5166667699,419.475738855,-4.879266663325,215.5691699675,-0.226849996,43.0589163115,1.495,98.0441625
3,23.25,0.026125,-9.21937712765,0.17275,-1.88135,-58.3702,-2.27375,4.934995142425,420.147929445,-4.829466635825,206.5916700325,-0.264533333,46.96000033,1.5,98.027575
3,23.75,0.03845,-9.384028105,0.18,-1.5701,-60.220625,-10.045325,4.3397661075,419.9662977,-4.762116634175,208.7750000325,-0.217549999,47.75,1.5,98.0180625
4,0.25,0.0328,-5.098593755825,0.1593,-2.1987,-39.235,-1.3121,4.6983727822,420.65095646,-4.695974998175,234.66500155,-0.186208328375,48.57708308625,4.93,97.419075
4,0.75,0.03095,-5.10076140125,0.18245,-5.837675,-63.5692,-4.267175,4.8344220124,420.22379466,-4.955558302,232.1325001825,-0.10649999975,48.66708317,4.9,97.4224125
4,1.25,0.02085,-5.320254195175,0.213275,-0.251875,-44.776,-0.520125,4.82009153445,420.457788945,-4.8068501195,229.37500175,-0.217750000125,54.8487499975,4.811875,97.3853
4,1.75,0.0273,-5.664694840175,0.17675,-2.8899,-58.0737,-2.0821,4.861860215,420.57261158,-4.753016664825,233.8116684325,-0.17145833375,55.6058339975,4.716875,97.3516125
4,2.25,0.027,-5.92379791495,0.154,-2.1228,-41.463,-4.6165,4.7824719622,419.47370666,-4.565833299825,232.2200000175,-0.1145333335,55.04866677,4.83,97.349875
4,2.75,0.02735,-6.0648645526,0.208325,-1.8687,-46.7124,-10.2094,4.848866541,419.7542750775,-4.52794159835,230.9050001825,-0.10033333745,55.23899928,4.802,97.3260125
4,3.25,0.0294,-6.163384382575,0.226625,-1.55655,-41.96475,-1.445,4.831136776975,420.1552383875,-4.947225058325,229.97832845,-0.002666666,58.999334319,4.72,97.2959
4,3.75,0.02545,-5.659810448925,0.1169,-1.284725,-41.077625,-1.4824,4.9305216507,419.7065467475,-4.488766703175,227.4658315675,-0.06915833575,60.93658233275,4.7225,97.32845
4,4.25,0.02835,-5.931383286825,0.15975,-1.05375,-47.3314,-0.88065,4.87648139555,419.836761985,-4.43158331485,227.3016652,-0.070599997525,59.71825021725,4.6225,97.3177375
4,4.75,0.0347,-6.06119375275,0.14695,0.173675,-46.2523,-0.550975,4.9054424755,420.8923238,-4.33663345515,228.651669985,-0.090558331225,63.294751045,4.615,97.323025
4,5.25,0.0245,-6.150593749925,0.11685,-0.5472,-43.8863,-8.1436,4.7366993178,419.91012362,-4.378500043,229.8366667,-0.08619166645,62.213833275,4.599,97.3267
4,5.75,0.034,-6.0509801675,0.16475,-0.863,-45.4774,-1.6525,4.681155076,419.6768539,-3.32661663315,234.095003015,0.081733333,61.735333864,4.508,97.2689625
4,6.25,0.0358,-5.58337810255,0.1448,-0.4708,-39.845225,-3.600275,4.8010554546,420.78962358,3.38669997015,228.66666967,0.7249999814,62.689333336,4.505,97.29135
4,6.75,0.0265,-3.374212503825,0.15225,-4.034775,-33.761225,-0.933525,5.037589092825,419.8552511375,8.95989993465,230.0066685,1.68908335695,58.31583323,4.49525,97.3000375
4,7.25,0.037725,-2.263286420175,0.231625,-4.4125,-30.534425,1.427875,5.11641729555,419.26248244,11.98909998035,233.45500033,1.94330000055,54.155166531,4.22,97.323375
4,7.75,0.03325,-1.862916704925,0.16855,-6.8332,-12.635725,5.1974,4.6382773016,418.250859,20.66133315,237.446665185,2.5369666303,51.143333864,4.184,97.336925
4,8.25,0.052,0.115178125275,0.18725,-8.46685,-15.02535,8.03375,4.4171728862,417.226225635,46.289166817,242.0933315,3.484174997525,48.2955846195,4.0835,97.307
4,8.75,0.0376,0.179214587825,0.1822,-8.9492,-15.784,14.2318,4.2047407756,417.18303218,50.6126670315,253.799996685,7.049616761975,43.71575,4.1,97.270825
4,9.25,0.037,0.8063895817,0.235125,-10.45575,-15.424525,9.52675,4.253810368,416.0527074,52.57241766825,249.9524982675,7.31884200055,38.716250355,4.0175,97.3186375
4,9.75,0.04775,0.756823957825,0.22275,-12.852625,-3.393,16.606375,4.3715065678,415.6303360975,78.760250175,245.2450000175,8.21731662635,35.954333303,4.028,97.267
4,10.25,0.0768,1.37411250005,0.232725,-15.634725,1.3605,12.58695,4.518383483125,415.30456303,75.0825822665,246.2891664825,11.81433333015,33.929665697,4.04,97.2223
4,10.75,0.0675,1.79235729275,0.3047,-12.0262,2.2649,17.563,4.5217779874,413.32186054,100.58458499425,248.8925032,11.3455666665,32.6785003335,4.06,97.1899
4,11.25,0.07755,2.31558539525,0.240075,-13.47115,1.085475,21.22855,4.4580775026,415.638540525,76.0945845415,245.2458382675,12.118566665,31.6290006335,4.08,97.1112
4,11.75,0.0849,2.653546884575,0.286675,-13.8335,3.2245,33.01325,4.49994288975,414.8620451375,109.38775104425,245.99250155,11.0785166685,29.9559999835,4.236,97.0618
4,12.25,0.1155,2.49390625765,0.414175,-14.825,0.617424999999998,32.98375,4.56415920375,414.2827516,131.44083386,249.3766582325,14.8460003165,29.336667303,4.36,97.1217
4,12.75,0.108175,2.824437517075,0.428875,-15.613125,1.648825,16.861,4.515858053675,414.013767125,83.14908220675,250.939166835,13.54316667,28.309500003,4.504,97.1263
4,13.25,0.124825,3.06202293385,0.4181,-15.775525,5.354375,33.90395,4.47804101295,414.4703608125,106.4133323,253.14499845,14.0051666635,27.0121669665,4.62,97.1601375
4,13.75,0.08895,3.23082498385,0.287475,-18.102625,0.792675,34.462125,4.380158744625,413.4987126125,72.06658424825,256.1983334825,10.13035012685,25.613166953,4.774,97.1934125
4,14.25,0.09675,2.87166770525,0.35125,-15.3006,-9.401225,26.5218,4.333270214,412.33203982,41.55833382325,263.1483347675,9.43575010165,23.8533342865,4.82,97.2607875
4,14.75,0.0902,2.60148852125,0.3922,-11.365225,-5.0884,48.405,4.315346883225,412.612509105,51.268332495,263.64583175,7.777533272,22.9353336135,4.951,97.32765
4,15.25,0.09025,2.563554188675,0.399,-11.835,-12.60965,27.06725,4.2975462935,411.4220073125,32.4143333,259.3799998175,5.819849972,23.0768333365,5.164,97.4058
4,15.75,0.1119,2.3443062517,0.41015,-9.016575,-11.589375,13.78825,4.40892552655,411.348348455,32.46275029825,263.7258368,7.35643320135,23.0613326835,5.233,97.4661125
4,16.25,0.10905,2.26590206125,0.2972,-8.68725,-19.6561,15.7885,4.1764240785,409.762054725,46.3136669835,263.5600012675,7.110899933,20.3335003335,5.338,97.5437375
4,16.75,0.087075,1.93032503025,0.329425,-6.357025,-30.1898,6.703325,4.1674184447,408.1070396225,31.95658363175,264.387506665,5.97213336135,20.432333297,5.375,97.5292375
4,17.25,0.07925,1.729940642075,0.32115,-5.579,-40.790125,18.4844,4.2895274692,407.47843034,19.71424982675,256.0374967,3.798899968,21.2015000165,5.444,97.520575
4,17.75,0.0715,1.41948959625,0.25105,-3.2735,-60.93,4.8433,4.3026278552,407.6897708475,10.68577508425,252.8291699825,2.24906666865,23.2386663335,5.54,97.4451375
4,18.25,0.047375,0.879304167075,0.1574,-0.1745,-71.8536,6.4565,4.22543101125,410.5730836,3.413533350675,252.74583505,1.2521166412,25.1354999835,5.64,97.4316375
4,18.75,0.053,0.37571354005,0.139125,-0.59525,-74.21275,3.172,4.266761347775,412.9104132575,-0.0795333209999999,247.823328585,0.0119166662,28.8224996865,5.64,97.463575
4,19.25,0.0414,-0.38734062625,0.14865,-0.3986,-60.8695,0.10955,4.47539360825,412.2386393,-5.0341415175,253.3374949325,-0.581125000025,31.54658328,5.70925,97.52945
4,19.75,0.0337,-1.267850002075,0.16045,-1.829875,-56.6667,-4.680875,4.440475611,414.55254715,-5.294291663,250.0925,-1.162041675775,37.8230836445,5.647375,97.525325
4,20.25,0.03615,-1.832423959275,0.12525,-4.1438,-53.66975,-12.4755,4.321786527725,417.37204922,-5.790566682325,239.2808335175,-0.593550010025,43.90008457,5.6175,97.5240625
4,20.75,0.0266,-2.268457291925,0.12,-2.4832,-52.87265,-3.9105,4.251311284,418.1427739,-5.370266652325,236.42833,-0.369299992,44.71066657,5.6,97.5963375
4,21.25,0.0306,-2.6369239551,0.1282,-2.306,-48.67145,-3.4819,4.5095238044,418.51994407,-5.008608250675,236.8825001825,-0.554866679,43.799999967,5.5015,97.6014
4,21.75,0.033925,-3.2183041376,0.119275,-3.9701,-52.1295,-2.3925,4.679410277475,419.600711915,-5.172325,236.367505085,-0.406875002625,45.641249705,5.4,97.5942
4,22.25,0.034,-3.87846250375,0.092,-2.894625,-48.558,-4.296,4.70524250225,419.6348891,-4.8439499495,235.914168415,-0.4286250015,47.054166705,5.300625,97.5956
4,22.75,0.03005,-4.414976062675,0.1408,-2.338875,-46.3553,-13.64525,4.64901719785,419.76532834,-4.89324156835,240.6125052675,-0.127291666125,49.86958321125,5.203125,97.5694125
4,23.25,0.0305,-4.8774635289,0.179525,-3.7712,-49.60255,-5.9538,4.696149995025,419.897216675,-4.823516698,238.3116649325,-0.13059999645,49.74549972,5.109,97.5532375
4,23.75,0.030275,-4.9677739901,0.198325,-3.517325,-58.201,-3.1226,4.802470661,419.93152305,-4.802008305,235.43499825,-0.16649999795,48.57583398,5.01,97.5265625
5,0.25,0.038325,0.76812291795,0.0703,-3.334,-34.7216,-5.953125,5.617323815625,418.0549644375,-4.969624941375,264.529169975,-0.1046666685,67.458332665,12.75,98.1453
5,0.75,0.035675,0.29823333165,0.104025,-1.427925,-27.078,-3.302125,6.204980047525,418.0451376575,-4.248150008,264.905007005,-0.1855000035,70.565,12.75,98.1536
5,1.25,0.0294,-0.070374998,0.079,0.845,-31.975,-4.423,6.2348977015,416.829410225,-4.4567666769,263.058330005,-0.21366667,69.350001,12.7175,98.1513
5,1.75,0.03175,-0.227458333,0.08925,1.05,-31.6562,-1.376375,5.2289429625,415.22367365,-4.27133330805,259.331662,-0.14866667,66.341666665,12.685,98.111
5,2.25,0.0376,-0.559189584,0.1244,-0.9884,-40.438925,-6.4666,4.9902697392,411.5618248525,-4.54963339495,253.771661,0.019,65.4133345,12.625,98.0824
5,2.75,0.0342,-0.964977074225,0.1012,1.18895,-40.984425,-3.509925,4.70915281025,410.6382277,-4.39873344895,252.1641654725,0.0459999985,63.316666335,12.6,98.0538
5,3.25,0.03335,-1.240958332325,0.09545,0.86915,-34.9544,-0.933775,4.6849534922,410.70754969,-4.632600033,250.87999402,-0.0578333365,63.8449985,12.55,98.042
5,3.75,0.02995,-1.48552708385,0.087825,-3.1075,-36.667,-0.134625,4.659729415075,414.01572221,-4.5653334734,249.62666936,-0.0404999985,64.43666583,12.55,98.0304
5,4.25,0.029,-1.660478130475,0.093325,-0.920775,-50.6543,-36.291675,4.638142710475,414.544476695,-4.5628667536,247.14000864,-0.1574999965,61.62333367,12.53,98.0231875
5,4.75,0.03845,-1.8604166505,0.058975,0.75395,-45.3825,-8.211975,4.433768591125,413.5773426175,-3.946666587,245.9200007,0.111666665,61.491666835,12.525,98.0179
5,5.25,0.0411,-1.909083325,0.0813,-5.0698,-42.7596,-4.7094,4.56206164755,412.6512536675,-0.8765333306,245.68666936,0.339999995,60.4783325,12.425,98.0210625
5,5.75,0.037475,-1.60867395785,0.077425,-3.32025,-44.3072,-0.236,4.62274678525,418.787689575,2.4414666338,245.1466667,1.13016665,61.253334165,12.425,98.06405
5,6.25,0.0333,0.0650833355,0.097675,-2.5954,-36.2734,-9.7658,5.157522551,412.16412525,6.7542668602,246.28000002,2.2546666665,57.586666335,12.375,98.0944625
5,6.75,0.044725,1.97553855075,0.1022,-5.10935,-16.81325,-7.15235,4.8223030166,415.84544464,15.069999736,248.00666736,2.828666717,56.811666335,12.375,98.1328875
5,7.25,0.042075,4.8789604575,0.141725,-7.21875,-11.459225,7.939,6.29811167935,411.85426886,20.304000336,252.8666713,3.883999983,56.88666667,12.35,98.1621375
5,7.75,0.052525,6.3422833268,0.13875,-9.9242,-21.401725,18.9723,5.9206987294,407.7550972025,28.139999598,256.42000266,5.469666633,52.518333335,12.23,98.1630125
5,8.25,0.04325,6.8040052,0.152,-10.948275,-7.036475,15.072025,5.678703335,401.0578436,42.52866647,261.86666534,7.386666717,48.2533335,12.215,98.18485
5,8.75,0.0581,6.89701248855,0.193275,-14.0225,1.1513,18.0315,5.668581138975,399.150306115,60.175501,266.2083333075,8.3654998835,45.651666,12.2,98.1668125
5,9.25,0.0518,7.27468750625,0.2558,-17.18,5.98775,24.451,5.7395638459,396.02527397,58.27124915,269.7366640575,10.2483334185,42.961667665,12.2,98.14835
5,9.75,0.081425,7.42129687,0.3211,-16.874375,6.128125,22.140625,5.379225540375,392.503097535,62.8333328565,273.8966659425,10.3986333175,41.14349999825,12.1775,98.1388625
5,10.25,0.077,7.4710114747,0.25135,-19.63715,5.3858,21.419375,5.0078895769,392.0418931225,90.208417745,276.6241685075,12.76074999825,37.68483363175,12.225,98.1158625
5,10.75,0.07825,7.357877139075,0.3387,-17.8032,6.534375,19.5866,5.1117214025,390.4013164375,78.273332775,279.775827435,11.7676666665,36.12524896825,12.1795,98.13195
5,11.25,0.0661,7.3347677145,0.27075,-17.01275,2.072,23.9075,5.88070387575,392.43968707,85.19333327,281.34665664,13.0052499525,35.07441649325,12.166,98.116775
5,11.75,0.0928,7.4020146395,0.2547,-19.5896,4.47825,46.31975,5.7108134389,383.22768887,91.3701667065,286.4083322425,16.3765998125,34.58408412675,12.1705,98.0808625
5,12.25,0.098875,7.0234708501,0.240375,-17.55115,-5.4207,40.15355,5.8530761501,382.5418824125,118.1916667,285.20832895,17.8575001485,33.841166117,12.2775,98.0051875
5,12.75,0.10825,6.779454173475,0.300125,-18.10515,2.07225,48.49195,5.8634839744,383.47269988,97.719334105,287.4666715075,14.1026666685,33.0903331815,12.452,97.9406
5,13.25,0.11555,6.66053540605,0.330175,-20.2841,-4.8728,45.926625,5.88566115915,388.8228986025,93.71833376925,295.7016625575,10.775,32.489999335,12.48,97.92215
5,13.75,0.0873,6.785791612,0.32845,-18.12425,-28.69085,39.38325,5.43504710495,379.28230223,99.61833200675,293.23833595,13.395000035,30.205,12.585,97.914725
5,14.25,0.0925,6.909120805,0.28175,-18.7965,-20.9907,43.212125,5.67637911845,380.013249045,52.938991405,294.580004815,7.392666717,31.900001,12.6675,97.9396625
5,14.75,0.097375,7.57265000965,0.29935,-17.0573,-16.94525,32.2474,5.3048958479,386.25948181,60.24583375,296.91667,7.4798334335,32.704999,12.6175,97.91295
5,15.25,0.084775,7.3515770775,0.354775,-15.605925,-27.385575,24.264075,5.19772146335,388.94484211,51.89383269925,295.623334065,6.750499967,33.518333665,12.5525,97.9084375
5,15.75,0.099175,6.8753791202,0.3246,-14.6997,-23.882225,16.3801,5.2322691064,387.31583278,42.9266660825,300.666675025,7.047333317,30.60000017,12.775,97.8981
5,16.25,0.07625,7.4490219165,0.2817,-11.1093,-33.417625,21.8196,4.9786651671,386.0898847,43.69408230075,300.613335935,5.13783335,30.501666835,12.5925,97.89025
5,16.75,0.063425,7.7087083167,0.26775,-9.0659,-52.46525,13.9578,5.0783573265,385.60998383,28.87391607425,300.02416925,3.7084999665,31.67,12.68,97.8625
5,17.25,0.069075,6.7888416119,0.168925,-5.8156,-58.19025,22.661,5.1002330022,380.55544356,23.018666602,287.70667202,4.0235000665,31.551666335,12.85,97.875175
5,17.75,0.055,5.58437499,0.24015,-4.957925,-61.57185,-0.6301,5.0942215184,380.44293862,18.18466667,286.85999866,2.666500033,31.931666835,12.9275,97.879275
5,18.25,0.061775,5.6808333346,0.222625,-1.395925,-62.49085,-1.8091,5.40442022985,392.160332855,3.0347333776,300.70000666,1.5251667,36.120001,12.9475,97.897375
5,18.75,0.034,5.450446897,0.20385,-1.90375,-65.90715,-16.0985,5.498716624,389.13630709,2.606883382,288.315827435,0.505166648,44.245001,12.95,97.949975
5,19.25,0.043,5.1921500004,0.165775,-3.04335,-58.611,-8.96735,5.2608107696,396.4874465,-0.7791333558,280.09999999,-0.193333332,50.781667,12.95,97.9786625
5,19.75,0.0252,5.285064528775,0.1102,-6.9837,-66.75095,-25.133,5.64798969075,401.563981645,-4.193908348425,278.124165735,-0.86266666,57.083333335,12.95,98.013455308
5,20.25,0.0324,5.185801019275,0.1076,-1.1172,-41.0567,-10.3364,4.8430702824,404.10625266,-5.29616669975,276.866674175,-0.38208332825,59.10616633175,12.94725,98.0001952215
5,20.75,0.0341,4.601505218625,0.133,-1.127,-55.2524,-1.1324,4.85408011175,403.2601273125,-4.78533336675,274.4666642,-0.192450000325,60.54816670175,12.88525,98.01160627325
5,21.25,0.0354,4.152658345,0.1256,-2.25175,-51.6976,-5.62715,5.5275374001,405.355597385,-4.774166625,270.6750008,-0.120541668575,60.958416475,12.80775,97.99535175825
5,21.75,0.0313,3.391041650125,0.12295,-4.7789,-42.8493,-8.22895,5.7297243887,402.68669325,-4.7738334,268.1416592,-0.145133334925,61.2512495085,12.79425,97.9812985945
5,22.25,0.036675,3.22600001,0.13655,-1.72555,-37.356,-1.447775,5.7341926191,403.13871925,-4.917750017,272.016666675,-0.1237916616,61.99724971825,12.7775,98.1173125
5,22.75,0.0336,2.3311312591,0.11065,-6.2902,-40.119825,-16.2816,5.90599989285,410.028883665,-4.7439333055,268.473334235,-0.265908338425,62.49733336825,12.7775,98.1301
5,23.25,0.0346,1.911120829275,0.0912,-1.9114,-50.316025,-3.8014,5.881276277525,408.5224511725,-4.993683333575,266.4466690925,-0.083299998075,65.06200000175,12.7775,98.1478
5,23.75,0.03175,1.34508229335,0.13,-3.53555,-48.4715,-0.6861,6.1900373536,406.59089011,-4.53065006365,266.72000345,-0.043266665075,62.05858347325,12.7775,98.1581
6,0.25,0.018275,7.3523832885,0.0606,-3.670625,-23.406625,-3.724125,11.4028361175,407.5659218,-4.7866666295,291.8958358375,0.0134666666,72.695667903,16.2425,98.114225
6,0.75,0.03095,6.74033336,0.043975,-1.008625,-17.771,-1.1172,12.143532279,408.72982183,-4.783233362,291.9416615,-0.174099999,77.016667364,16.2195,98.120725
6,1.25,0.03135,7.0034124896,0.062575,-5.84525,-28.566,-3.86275,11.1319176875,407.632396095,-4.66528330005,290.80499719,-0.2184666643,78.978666297,16.085,98.090275
6,1.75,0.018525,7.12386458295,0.0503,-11.788625,-46.83075,-16.811625,11.025349779,409.164322515,-4.62466670005,290.255005195,-0.148433327,77.17499903,16.0765,98.059675
6,2.25,0.0245,7.38976354205,0.0561,-8.3818,-36.6662,-16.2772,10.890333036,408.38607744,-4.5668333045,294.1541675,-0.2181666603,78.75066563,15.95975,98.0894
6,2.75,0.027725,7.172203128825,0.046,-0.7804,-33.565975,-1.1479,10.52074907345,408.053259875,-4.276833308375,295.0166608375,-0.2763000037,79.65833193,15.885,98.0875
6,3.25,0.0229,7.011583381375,0.037,-5.30215,-28.496,-7.710325,12.2898885115,410.471847755,-4.0024166205,294.720829975,-0.2813333303,83.266668636,15.78275,98.095125
6,3.75,0.020425,6.75341770375,0.066575,-1.17445,-46.767425,-0.3368,12.58775271975,410.7675147175,-4.114083271125,288.63333045,-0.2314333276,75.6066668,15.7425,98.0980375
6,4.25,0.021625,6.4745999602,0.06175,-2.1105,-33.5496,-2.75895,11.493338275,413.4021813625,-4.43574992525,289.312493725,-0.057466667,80.823330736,15.7,98.1346375
6,4.75,0.026,6.4472333536,0.0559,1.059,-58.082,1.0454,11.59781535,414.17234982,-1.382000029125,292.4541671125,0.145333336,80.140664864,15.585,98.1640125
6,5.25,0.024375,6.48498959025,0.073175,-2.110425,-61.821675,-3.570775,10.7790395935,415.573900445,3.558208253875,293.562497475,0.5790416605,81.70833283625,15.47125,98.1884625
6,5.75,0.0289,7.7197834038,0.08825,-4.445125,-50.905625,3.102625,9.0667561073,416.8496399125,7.464166779125,294.104175025,1.226750026,82.45416529125,15.42975,98.2413125
6,6.25,0.04115,8.22575,0.1251,-5.32025,-49.960125,1.7825,10.52135462975,416.197374005,13.3666667925,297.445836225,1.6368333205,72.63083475,15.331,98.2360625
6,6.75,0.0402,9.437125,0.13375,-8.95825,-46.934,3.47075,10.99310670175,405.54525124,31.532916855,301.191661225,3.191833341625,62.2879163725,15.27225,98.249875
6,7.25,0.0395,10.620675,0.129,-6.6121,-8.078475,7.8862,11.536520492,401.96305192,32.5401661005,305.63167469,3.603125091375,62.66708229125,15.17125,98.265375
6,7.75,0.0406,11.951750002,0.118,-9.4064,-11.637,1.7485,11.647806648,398.94610958,56.466665431,310.0200033,4.3615833545,60.60833383625,15.085,98.2671875
6,8.25,0.0463,12.799383336,0.1593,-11.839125,-6.5908,1.93275,11.348569204,394.3831154,75.38591809725,307.954997855,6.4686666819,57.45416762,15.085,98.2736375
6,8.75,0.0431,13.39816666625,0.1765,-14.06075,-17.077175,0.534375,10.9368311955,390.67670462,93.00008472225,310.0866627775,7.2952167669,50.8188334195,15.0255,98.274325
6,9.25,0.060375,13.994200006,0.2056,-13.7176,-17.37675,18.1301,11.4575789875,386.425357625,104.403499875,307.1291667,6.889308366725,50.803916175,15.072,98.2606125
6,9.75,0.05205,14.8593,0.194025,-13.42855,-11.44295,12.649525,11.126285058,383.352865805,86.260830395,308.2783360775,7.70069980695,47.4623334695,15.2,98.24605
6,10.25,0.05825,15.11863334,0.22825,-13.148,-16.84135,-9.586,11.2744313705,379.232291245,105.51416569,311.35832869,10.87596662,45.868499481,15.2,98.21918840025
6,10.75,0.069,15.46626667,0.2164,-16.182625,-35.6386,8.009375,11.04575765875,378.4507641375,137.015001155,316.2141572225,9.8843334755,42.701500719,15.4,98.184550014
6,11.25,0.069275,15.7076583335,0.275875,-16.40875,-26.4406,29.663875,10.747221506,380.77446183,146.0791700275,325.375836105,16.3038333305,42.6260002805,15.4455,98.142498732
6,11.75,0.08195,15.9312126575,0.2696,-15.401775,-29.725775,17.2175,10.63471385525,380.3104425125,163.958339005,339.741658195,12.265233095,41.7723338495,15.545,98.14184804375
6,12.25,0.072025,16.144969215,0.31225,-15.8384,-60.122475,20.6374,10.3786504675,378.9882155375,167.6633333,337.395000005,9.85283314195,39.7874998995,15.7,98.1405125
6,12.75,0.0687,16.8434000065,0.3163,-15.9196,-63.90645,0.6898,10.214063232,378.16172364,161.8291660775,338.29584155,9.6045500495,38.4084993005,15.745,98.0879875
6,13.25,0.0852,17.150500303,0.2903,-17.4737,-31.531425,28.5871,10.124852586,378.5966267975,164.7933327775,339.86416825,9.48264995305,38.6303337995,15.8,98.0574388905
6,13.75,0.084375,17.3737915125,0.318,-16.9571,-39.3997,24.7046,10.09248902375,378.3292073125,169.1241645275,334.2641755275,10.633666806,37.3253327195,15.827,98.0367875
6,14.25,0.06615,17.975624537,0.33855,-16.67875,-22.3959,26.58175,10.056260729675,378.8485317675,117.283334125,330.8416699725,8.134000141375,34.97166654125,15.956,98.0035875
6,14.75,0.06675,16.798924856,0.1898,-13.614025,-34.320675,39.560575,9.8805156555,379.78747816,156.0875027225,336.8641688,8.092208362375,34.43499971125,16,97.974125
6,15.25,0.07455,17.291066198,0.212775,-13.3273,-29.9385,31.0947,9.8057373954,376.08050383,109.0625833,338.4408299725,6.730375008,33.77166745875,16.0855,97.96645
6,15.75,0.06185,17.311625144,0.27515,-13.13595,-61.58515,10.9494,9.658552545625,374.77097335,102.64816694475,332.8124967,8.24620824125,34.1633336275,16.1945,97.964175
6,16.25,0.067,16.9432746865,0.2756,-11.15585,-73.1885,21.14095,9.618655337,373.9121124,44.694000769,329.91165769,7.64604174975,33.90333270875,16.236,97.9403125
6,16.75,0.0699,16.862975,0.2325,-11.3446,-70.0588,24.2062,9.598262773525,375.6443416175,36.2861671505,329.6483328,7.09875015,33.6466670025,16.3,97.9842
6,17.25,0.061975,16.5801834755,0.1914,-8.442275,-64.5948,11.068475,9.6627407718,372.24236301,39.698999619,327.111665305,4.640249908625,34.977499875,16.3765,98.0145125
6,17.75,0.0508,16.18811459,0.145825,-5.7343,-75.600775,17.3428,9.9139327658,368.02886314,21.1038334695,334.675003305,3.268333353875,33.49791754125,16.39,98.042725
6,18.25,0.0387,15.92792708625,0.1866,-3.4952,-86.771,-15.73635,10.60615836,378.26941838,19.68349948,322.3816762,2.25816669325,36.159166295,16.39,98.0557625
6,18.75,0.026075,15.518993751,0.1554,-1.1902,-83.04315,-9.8992,9.94241895525,376.226270075,10.508366555,321.44332769,1.375291705875,40.94708403875,16.399,98.0916
6,19.25,0.029975,14.96732917075,0.1246,-2.484725,-73.74865,-18.379475,10.276510627375,380.4070232125,3.7983165969,318.465001005,-0.122625012,39.531249545,16.3945,98.107775
6,19.75,0.026125,14.11151562875,0.1281,-4.309375,-73.60685,-8.266,9.1649105685,380.662340075,-0.420583343625,315.3125004125,-0.477458327375,45.30708266375,16.3945,98.1065625
6,20.25,0.0277,13.426855215,0.079225,-1.2447,-48.163375,-5.175775,11.088783586,395.02772389,-4.9287499875,311.4666608625,-0.601458339625,48.871665795,16.39,98.1099
6,20.75,0.0298,12.70561353775,0.095,-8.244825,-39.127975,2.8436,11.9264152515,401.32402647,-5.202499903875,309.7000008375,-0.508625006625,47.58208408625,16.39,98.1333
6,21.25,0.02,11.399,0.07825,-10.2869125,-63.073,-4.997575,11.33364912775,414.2072177475,-5.1822917205,306.7166671125,-0.218374997,48.8366667475,16.245,98.122419012
6,21.75,0.0269,11.26451249875,0.06275,-12.329,-35.639625,-12.83875,11.1506172745,401.674835065,-5.291833345875,304.2124941375,-0.179041661125,51.20541766375,16.2945,98.098210487
6,22.25,0.01735,9.9139333745,0.06225,-12.74975,-12.2528,-26.92175,12.08617803,404.599245225,-4.9811667375,303.9041733625,0.041583334125,56.7908338775,16.2945,98.085176733
6,22.75,0.019,9.4764479465,0.04995,2.313225,-23.1288,-23.035425,12.160221957,408.28913326,-5.0583750295,300.3416691375,-0.2010333364,60.138333297,16.3,98.098176974
6,23.25,0.0193,8.217422930975,0.047875,0.6276,-23.1914,-1.046,11.101165087,406.50838792,-4.960166703875,296.17500045,-0.1005333357,61.812000167,16.3,98.12699465075
6,23.75,0.028,8.14398437775,0.056,-2.3141,-20.616,-1.0603,11.39364061325,411.30048943,-4.8968751045,293.162497475,-0.014599997,66.90566493,16.2425,98.1555998985
7,0.25,0.019,13.615111465,0.0716,-4.13325,-50.4019,-3.5702,12.56774153775,405.45390532,-4.151141670075,334.048335185,0.09705000165,90.70475132425,19.395,98.352825
7,0.75,0.022,13.37332292125,0.0785,-2.1788875,-23.7146,-2.692175,12.897736941375,405.00437039625,-4.155308340575,332.4416659425,0.085066667,96.46249959425,19.30475,98.3516625
7,1.25,0.02,13.0258125,0.075125,0.0414,-4.100875,-0.6377,16.838016586,409.11786494,-3.6984499075,331.5983366925,0.1269833309,97.99666921925,19.3,98.32105
7,1.75,0.02285,12.687816666,0.0734,-6.8681875,-10.7958,-10.5749125,12.30612026775,408.0208538825,-3.8837083595,329.5183315075,0.139216666925,95.31916497425,19.3,98.3415375
7,2.25,0.0222,12.215075004,0.075375,-5.642825,-14.37,-9.152025,12.018888503625,406.4209915075,-3.6776167,329.541664435,0.032816666925,94.89750003,19.20025,98.330675
7,2.75,0.018475,11.888299996,0.062325,-1.9706875,-3.079075,-1.04745,11.768710651725,410.8601498025,-4.050033196925,328.297502565,0.114549999925,93.6083345935,19.195,98.3144625
7,3.25,0.018,11.532191672,0.0554,-4.053375,-12.138375,-4.8705625,12.52353497025,405.8003398125,-3.275316667,327.838336685,0.036891667,92.43583144425,19.1,98.3193375
7,3.75,0.021475,11.21242604325,0.07515,-1.532925,-7.3083,-1.0642,12.204437163625,405.87279401125,-3.792900000075,325.920829685,-0.04316666685,93.60499882,18.995,98.349025
7,4.25,0.017,10.916716644,0.04905,-1.415875,-13.25335,-1.70155,10.6660354153,407.35662048125,-3.38591671815,325.50583745,-0.067016663075,93.87833492,18.9,98.3768625
7,4.75,0.0229,10.606491674,0.065,1.043775,-7.8434,0.683925,18.042270474,400.604523,-2.600700001425,322.57084075,0.016566667,97.626665295,18.8475,98.3739
7,5.25,0.01835,10.399749968,0.06425,-2.6715,-3.4309,-0.69275,20.773749746,408.84700686,0.72839167365,322.4708337,0.34935834075,98.32666814925,18.8,98.391975
7,5.75,0.017475,11.252249944,0.08205,3.1922,-7.158575,5.3572,18.104121008,400.79908686,8.654025040575,322.47917075,0.89875833165,97.42333370575,18.74225,98.4323875
7,6.25,0.0209,12.43909375,0.08765,-11.49015,-3.007125,-2.88635,16.0225068105,423.5348172625,27.406749925,326.093338185,2.14274166685,87.471666075,18.60475,98.453725
7,6.75,0.03035,13.5948374985,0.108525,-4.47085,-2.384,5.34925,15.957649511,418.7002608975,34.65333296925,329.14666595,4.515383333075,83.860000295,18.558,98.4932625
7,7.25,0.02965,15.038200187,0.1364,-6.58345,-9.433075,-0.0232,15.7409896075,408.784242625,51.48200059425,333.2533325575,4.25314173625,80.2145845935,18.419,98.5218375
7,7.75,0.046,16.19648133075,0.1332,-7.134125,-5.64765,-1.387775,16.0645332795,400.268266925,56.748749375,337.2524982,5.0557582925,78.812666775,18.4,98.5403125
7,8.25,0.0345,17.380455267,0.123,-9.837,-9.470625,-0.842,14.9473292125,391.056900575,88.532249925,346.4408333,4.218174985075,72.963332195,18.4,98.532675
7,8.75,0.047275,18.23795516675,0.14905,-8.7227,-7.4898,4.264625,16.09158865125,389.3814176575,106.514165785,352.80500105,8.347058536925,66.24666597,18.4095,98.51187296225
7,9.25,0.058625,19.099183334,0.17255,-8.104125,-9.905275,36.1248,14.96143817125,381.92745657,96.94833178825,354.88999925,12.6029166685,61.963249595,18.38425,98.50952081575
7,9.75,0.047425,19.9188687275,0.226475,-10.497,-5.7992,13.918,15.881560545,376.3682508375,100.34000051925,361.77166405,14.45566699925,60.2746664435,18.392,98.4769595755
7,10.25,0.052,20.771443665,0.255,-10.6503,-7.5917,14.993975,15.697291024,374.715431105,114.06833445,366.9633315,13.8920834065,56.891833,18.5505,98.4995205915
7,10.75,0.077625,20.88135414625,0.231375,-13.55,-6.43065,33.0328,16.121063994,372.92883697,116.37583435,371.2050062425,18.312916405,54.30275059425,18.62375,98.52966111425
7,11.25,0.0423,21.467942715,0.30165,-14.8254,-6.6525,10.50415,15.8717580465,369.46586497,121.523084065,372.57417445,14.76008333075,52.02349933075,18.77575,98.4963356015
7,11.75,0.0675,21.483162478,0.371675,-13.02935,-13.5897,30.982425,15.33383008375,371.46402448,166.4120807675,371.660837435,16.73408299925,47.51666563,18.86475,98.44252541625
7,12.25,0.07075,21.894708355,0.174,-17.711025,-22.281725,35.23125,15.225043382,364.40930309,87.8629992175,378.2149985,13.895166856,45.4568325565,18.90125,98.384351727
7,12.75,0.073625,22.4879211195,0.269575,-14.58615,-13.37685,52.5078,15.00448317375,361.4523867525,132.63641646,383.22416955,9.362050051925,43.7598330315,18.96625,98.360458105
7,13.25,0.0836,22.1142916875,0.2774,-15.351725,-6.748375,45.755325,14.85272168375,363.026646875,132.95333385,386.352499685,8.648633261425,42.0475835565,18.948,98.3549821265
7,13.75,0.07125,22.1244500005,0.25065,-13.4238,-18.604,26.8136,15.1924779645,366.622316985,102.61441746,384.728328935,12.66849992175,40.78108377575,19.04275,98.346875
7,14.25,0.086725,21.87669166725,0.264725,-16.03985,-25.1635,46.61565,14.80517414,364.8310214,137.2075,380.030832565,10.223966925,38.116500595,19.0375,98.3219375
7,14.75,0.082725,22.165,0.2958,-13.556,-25.754675,40.5,15.083899581,363.01049692,111.7391654675,377.9508315075,7.932533333075,38.04941659425,19.13225,98.307675
7,15.25,0.073625,21.804218701,0.292675,-12.04425,-14.313625,35.971475,14.1739799835,364.37191915,74.9306673315,377.5675048075,5.8707333225,37.14366581925,19.185,98.294625
7,15.75,0.062575,22.03715627125,0.2394,-11.1817,-23.9825,25.1534,15.03835945475,361.7316062125,90.72741725,375.7125092575,9.300074910575,37.9224165185,19.28475,98.2716125
7,16.25,0.06285,22.0535416435,0.1713,-12.6325,-22.058875,10.06065,15.26698931325,362.79396899,85.89116372,370.7216733,4.086358222575,40.498415555,19.29,98.2357625
7,16.75,0.049725,22.3246720275,0.1852,-10.322425,-21.697925,10.6412,15.2754639875,364.4324284,38.97316630075,368.7074940575,2.20756666685,41.778749745,19.29,98.2089375
7,17.25,0.0492,22.30725874,0.2302,-7.17995,-27.2073,6.19575,15.400840314,362.98262358,33.62391674425,368.3316599925,3.92002505935,40.7054998185,19.29,98.216675
7,17.75,0.04355,21.634771875,0.1896,-5.09525,-39.43025,5.61625,17.553556446,365.2293579,41.93074948,371.46332925,2.394649967,43.03233292425,19.32,98.22915
7,18.25,0.03,20.8865645645,0.18,-3.44,-37.5475,-8.34,15.832891916,369.713330605,12.794833339,368.983331065,3.36792494815,47.24683382,19.4805,98.2440625
7,18.75,0.02715,20.747645389,0.13725,-4.7927,-51.519425,-23.2326,19.0504898055,360.473874135,10.086566563825,365.146665565,1.11040001015,55.190167405,19.49,98.2400125
7,19.25,0.017775,20.38975014625,0.116975,-3.303,-36.3541,-46.7135,17.42927867,377.55843915,4.8287499375,360.3691651925,-0.231141666925,64.4621675565,19.49,98.2448
7,19.75,0.0188,18.65711901425,0.127,-5.625275,-37.4207,-15.095625,19.0569515115,376.87109814,-1.045641669075,350.010003685,-0.636225003075,68.21641703075,19.49,98.2644625
7,20.25,0.02085,17.2154729445,0.1137,-2.18395,-42.52415,-5.1769,18.00119379275,377.026246055,-3.965066737,346.0141752,-0.487900008425,67.4045002565,19.49,98.2987125
7,20.75,0.0217,16.108025004,0.0922,0.37245,-41.209625,-0.1643,18.19162428,385.27064852,-4.50803343685,347.30667405,-0.32467500775,68.48075055075,19.49,98.3081375
7,21.25,0.025,15.9152916685,0.0689,-8.04744375,-33.06075,-5.2130875,13.159837548,407.36147341875,-4.31342501815,343.27582555,-0.193749994575,79.80975066925,19.49,98.3150875
7,21.75,0.0198,15.719543753,0.0658,-7.74625,-15.67055,-8.670875,12.60878801425,401.4886889525,-4.287650067,343.0608392575,0.076424999925,80.0744167435,19.395,98.377925
7,22.25,0.017275,15.06666875,0.06555,-8.4378375,-8.93285,-15.3342,13.161067754,405.5144647225,-4.353183314925,340.1108355575,0.016766663825,88.0683315685,19.395,98.38351267825
7,22.75,0.0281,14.5675395885,0.0697,0.484,-17.9663,1.094,13.2342703495,407.17109941625,-4.34310001065,336.6400018,0.1784333285,91.6166664065,19.3,98.3742117455
7,23.25,0.023,14.2118572945,0.0614,-1.0578125,-31.633375,-1.9831,12.5206043385,405.52844126,-4.073649999925,333.5349948075,0.128158333,92.8441674435,19.3,98.370225
7,23.75,0.022525,13.7913802045,0.053675,-2.342475,-32.1725,-3.646475,12.59024768975,408.2669556275,-3.831224933,333.22416925,-0.018708332325,94.78249892575,19.195,98.3792375
8,0.25,0.0112,11.318069817,0.07635,-4.595875,-16.52925,-3.416275,13.732646958,403.34188884,-4.147716797825,312.94416655,0.07513333355,79.0776669855,18.197,98.436875
8,0.75,0.0227,10.955944735,0.085,-3.34915,-35.2629,-4.26715,13.65194160375,401.2789189625,-3.8416250625,310.30833,0.00781666895,81.50649992,18.18,98.421875
8,1.25,0.01875,10.61404159,0.0675,-1.789,-17.53855,-4.8795,13.49450113375,404.0623904875,-3.891258399175,308.6391634675,-0.003833333,81.89708312375,18.175,98.40725
8,1.75,0.016,10.224616632,0.063,-1.94775,-7.67685,-4.3382,13.5868907565,406.87738525,-4.02176666635,306.1649968,0.004291667,83.62083392,18.17125,98.3863125
8,2.25,0.015,9.811275979375,0.061,-2.90385,-23.6164,-2.02685,13.14744397125,404.455905575,-3.488491767175,305.9933299675,0.02320833325,80.10500262625,18.1625,98.3835625
8,2.75,0.023375,9.49089593435,0.0671,-3.160975,-11.680625,-0.947,13.01667223,413.66703973,-4.442383168325,310.0249966675,0.0030833345,83.024998375,18.1625,98.3819375
8,3.25,0.0232,9.2228874825,0.04775,-2.8046,-4.572,-2.0308,12.757181429,401.12883187,-4.336058333,312.23999995,-0.084666668625,85.43000062375,18.1375,98.38625
8,3.75,0.01815,9.130837596425,0.0662,-1.8914,-5.78525,-1.7916,11.8211216075,400.978073305,-3.260800001675,313.8133334175,-0.0333333348,89.82000073,17.955,98.3785
8,4.25,0.01545,8.9425999602,0.06175,-0.72125,-2.4132,-0.64415,9.8387325556,401.3110596,-4.045233334175,311.5783398,0.1280666698,91.6000018,17.955,98.414875
8,4.75,0.0195,8.52843121135,0.0566,-0.4515,-2.2062,-1.4165,12.36998299125,404.0150325375,-3.847583269175,307.1541632825,0.0179999982,93.63333167,17.874,98.410875
8,5.25,0.0166,8.48683750015,0.07875,-0.820375,-4.27745,-0.95875,10.80537307525,403.7301087225,-3.453100000325,307.2383300825,0.1751999928,94.63999867,17.84,98.4115625
8,5.75,0.0209,8.264,0.067425,-2.029175,-4.047,-2.941975,11.2048506925,413.64294265,1.11694999685,305.37167,0.3962666618,95.53333333,17.8045,98.4229375
8,6.25,0.021,8.6535,0.0866,-3.21595,-1.687,-0.47735,14.5505953185,420.31425362,5.00082499865,305.4308367175,1.1250666892,93.260001598,17.64,98.4336875
8,6.75,0.029,10.05303539175,0.096725,-1.80405,-1.236,-5.040275,14.2719232985,424.076582475,14.8704166875,304.9625033325,2.0893999952,86.913332398,17.64,98.433
8,7.25,0.032825,10.97034166825,0.10905,-5.4878,2.941975,9.775,14.19030158375,432.970824035,26.73574999175,307.7950031675,3.448125033125,84.77916608125,17.596,98.4515
8,7.75,0.041,12.62727708475,0.109525,-6.9221,-1.9952,10.746675,14.342306315,404.55841271,48.77658400825,312.143343135,6.5267500001,78.5946680155,17.46375,98.467375
8,8.25,0.0393,14.398083337,0.1303,-9.7805,-13.6147,16.67645,14.7750900795,399.87209235,64.4693337115,318.245836635,8.4712167349,71.5456651645,17.47,98.465875
8,8.75,0.040225,16.57570726525,0.208225,-25.804925,-19.724725,19.097625,15.8537912315,381.8094680025,65.526748725,325.539990385,6.39656662805,61.4961665645,17.47,98.459875
8,9.25,0.03595,16.8369219075,0.186,-11.7555,-5.45835,28.0536,14.570945,378.7263420375,43.094583625,330.795009615,4.2392834201,60.34566623,17.47,98.445625
8,9.75,0.044975,17.908,0.162425,-12.352,-7.146725,39.5378,15.109212112,376.0145619,74.61425065,333.96250675,7.2366666668,57.401000331,17.4875,98.4419375
8,10.25,0.06845,18.58,0.2103,-12.102875,-7.7816,45.549125,13.0078228735,374.62919434,95.4782506425,341.607503385,8.2089999968,53.58000067,17.49,98.4405
8,10.75,0.07115,19.464,0.21165,-15.272125,5.4206,52.739375,13.122511305,371.9984519875,84.32383536425,339.505826865,11.620333361,46.909666869,17.68,98.4199375
8,11.25,0.065375,19.6923958125,0.277875,-14.12725,3.350325,40.45045,13.9273681275,370.767051255,121.125830115,343.204163615,13.49033333575,44.75491739075,17.6805,98.4172
8,11.75,0.0775,20.4175,0.2595,-15.8676,-6.7992,47.3885,14.15840248675,368.1817634675,121.244166865,350.9075065325,12.3405000535,43.47433260925,17.6995,98.37785
8,12.25,0.0678,20.222087501,0.260675,-15.73095,-6.098825,21.587175,12.790607436,366.55428742,151.5522500825,356.9008367175,10.97000000575,39.85999983,17.9,98.3659
8,12.75,0.06135,20.695699872,0.241425,-15.052675,3.023875,33.719175,14.1254075415,364.70588691,176.2466602,359.4724967175,12.990833335,38.43583458,17.9,98.3465
8,13.25,0.0791,20.72055,0.274475,-19.082375,-5.2892,45.68325,12.67115592875,364.8896306625,121.8243330925,359.2883335,9.96841688075,37.091666165,17.91,98.33
8,13.75,0.082,20.6848875,0.31725,-17.0695,-31.955075,40.56125,13.17310073775,363.90422098,140.6164133325,359.8449967,7.77566657525,37.0424999975,18,98.3165
8,14.25,0.0624,20.777208485,0.3197,-17.2645,-8.482425,18.1576,12.770031897,364.742469475,105.4494998675,359.7933397175,10.0368666774,35.19533353,18.01,98.31875
8,14.75,0.09175,21.02895,0.2023,-16.88135,-22.787525,44.3239,12.957915052,362.45763041,92.35166735,362.043343,4.6762666998,33.9893336,18.01,98.31445
8,15.25,0.089,20.7437864175,0.27225,-14.1633,-21.27075,38.94925,13.310046348,362.2822405,114.54316985,363.89167,5.5458667202,33.596666734,18.124,98.2947
8,15.75,0.085,20.67843762,0.2102,-11.621,-9.029575,25.226125,12.716880608,362.69728997,94.29983269475,357.00583,4.2027999134,33.10666593,18.2,98.2834
8,16.25,0.06955,20.382876758,0.2774,-9.8142,-21.14725,30.4162,13.473605384,361.614067065,29.0168332055,356.02082975,2.0227333056,35.560000736,18.2015,98.26135
8,16.75,0.05935,20.6216564625,0.2137,-6.8066,-17.901125,13.9667,12.289108754,360.9266111,22.58747557,354.9691700025,1.9374000136,37.30399953,18.2185,98.27725
8,17.25,0.0582,20.7013958375,0.19925,-5.244,-27.0033,13.6825,13.9951034025,361.726757175,16.088666713,348.44000264,3.267266659675,38.29324900075,18.39025,98.27825
8,17.75,0.034175,20.488275,0.1432,-2.23205,-30.2557,-7.899325,12.23007642,362.8258005,15.483999997,345.67666636,1.5623416429,39.8113326685,18.4,98.284375
8,18.25,0.02195,19.5886667125,0.2021,-6.509925,-73.9667,-4.513125,13.61478177975,366.206449295,19.631666664,342.50332803,1.4108166905,43.9546655565,18.4,98.353875
8,18.75,0.0285,18.402083206,0.1421,-3.2638,-47.970525,-8.95245,13.07104763,371.8087384,7.149291671975,340.9808390025,-0.2739999995,54.23000092,18.4,98.3396875
8,19.25,0.02195,17.107766672,0.140725,-3.122725,-49.1656,-9.750375,14.566516835,384.13469025,-3.042341698975,335.951666445,-1.169666674,58.0800007475,18.4,98.3601875
8,19.75,0.017,16.122712499,0.12865,-2.2285,-36.280875,-5.4695,14.4905959265,392.8829347875,-4.543449994975,333.948324055,-1.0228333055,58.5725003325,18.4,98.4005625
8,20.25,0.022,15.60293229625,0.12655,-3.1497,-41.319825,-4.79965,15.130895194,406.8853183,-4.788441725525,332.400003805,-0.83966665525,62.94749958,18.4,98.4345625
8,20.75,0.0257,14.9515125,0.0805,-7.363875,-18.8116,-5.32275,14.249857996,396.86163018,-4.933650130525,329.0425033025,-0.5454166785,70.5841659975,18.4,98.462125
8,21.25,0.01635,14.280875,0.07695,-5.807975,-17.9728,-5.4286,14.98602596825,400.51572909,-4.41383336835,327.208336635,-0.245333328,77.76416708,18.4,98.4643125
8,21.75,0.020025,13.7717395855,0.063175,-3.1635,-10.1902,-4.503,14.066958754,401.30254284,-4.432133208,325.55166353,-0.1585000005,82.27333542,18.4,98.45575
8,22.25,0.018,13.297036465,0.066575,-4.125925,-18.8406,-3.74665,14.235957478,406.42968422,-4.468033361675,323.9608399175,-0.00591666575,83.8583335825,18.4,98.4643125
8,22.75,0.025,12.9032833355,0.07005,-6.435,-15.597175,-5.191075,14.308318742,406.0530655725,-4.3526499685,322.8233302,0.06850000025,86.8500003325,18.37,98.4388125
8,23.25,0.02565,12.586825002,0.0798,-2.743225,-23.5343,-2.9202,13.94004359,404.5484946,-4.18331657135,321.6541698,0.027033333,85.41333393,18.2,98.4446875
8,23.75,0.025,12.03693125,0.05165,-2.37085,-28.17825,-6.23265,13.78685476625,405.233421825,-4.36564157,320.2108332825,-0.06739999795,80.3409992155,18.2,98.4420625
9,0.25,0.010725,2.703817709275,0.074375,-1.37095,-15.77935,0.06765,11.40235775375,392.188960025,-4.723700043,267.87999967,0.00453333365,89.366666,16.1085,98.36965
9,0.75,0.02005,1.933733344,0.07,-1.997375,-8.514875,-0.77395,9.2369496174,395.28873694,-4.5597666567,267.61333303,-0.10748333365,90.10666728,15.9725,98.371475
9,1.25,0.01945,1.368277094,0.0762,-1.579,-8.6768,-5.019875,8.2622031215,393.927669725,-4.5892999964,268.78999167,-0.07414999675,90.31083475,15.9625,98.370525
9,1.75,0.017,1.3477395822,0.089175,-1.10575,-9.92105,-4.5923,8.386494795025,359.1086190825,-4.3992333303,267.933339,-0.16594166635,90.85500059475,15.91525,98.373375
9,2.25,0.0186,0.7112229153,0.068,-0.338875,-10.244,-4.478625,9.3368113948,395.65149555,-4.432599953,266.74334267,8.33333249999997e-05,90.8166648945,15.8625,98.3771
9,2.75,0.0164,0.442760417,0.064725,-0.312925,-10.14895,-2.5672,10.241602132825,400.800557535,-4.3476666497,265.45333436,-0.04240833365,87.27166557,15.85925,98.3853125
9,3.25,0.0189,0.1411333392,0.0918,-2.5906,-9.898625,-0.6802,11.439403918,404.464984385,-4.0961666997,264.77000633,-0.00248333310000001,86.234165455,15.6625,98.3955
9,3.75,0.01575,-0.1777291573,0.076,-0.7824,-12.34375,-19.69335,7.702806882375,407.73539289,-4.4175666764,262.61000267,-0.029299999675,85.257498405,15.6625,98.42645
9,4.25,0.024,-0.3471833294,0.083625,-0.6116,-25.018375,-35.7024,7.8716592684,406.20945834,-4.1350332403,259.84333067,-0.014441667,87.55083425525,15.57725,98.4293
9,4.75,0.017,-0.71671876705,0.092,0.679275,-20.104,-4.568425,8.7246881367,412.92612167,-4.4770999467,259.54999997,-0.05004999675,90.06083262,15.51375,98.41415
9,5.25,0.02355,-0.82602292435,0.078,-0.426,-8.489675,-9.60775,7.9432255096,412.79552822,-4.1797667567,258.82333003,-0.00918333365000001,88.8883332555,15.4975,98.43045
9,5.75,0.016,-1.1538906185,0.0809,0.23985,-10.920225,-2.837,8.0179809902,414.1785401025,-3.0460001233,260.48666367,0.1630333304,90.780834025,15.36725,98.437375
9,6.25,0.017725,-1.317747908925,0.07025,-0.90335,-10.11705,-7.6192,7.823220558575,419.55010632,1.8752999697,270.34000997,0.31914166975,91.56250002525,15.2975,98.4576
9,6.75,0.019,-0.904383334,0.09275,-0.5072,-22.00925,-1.1032,8.8691979656,409.80211388,7.225566747,268.4066733,0.7833333335,86.94916507475,15.25825,98.495875
9,7.25,0.024475,0.599666679225,0.1,-1.7887,-8.9257,3.76405,11.0716596835,405.654380055,16.4530003,258.28333667,1.431358367075,85.305000395,15.15025,98.479975
9,7.75,0.041075,5.1849374956,0.12945,-4.5364,-6.437425,1.1277,8.95287715975,402.11909255,25.95066577,260.55999097,2.739366762,80.315418545,15.10075,98.475025
9,8.25,0.03475,7.253125,0.1363,-6.2146,-9.77285,8.5964,8.858174804325,396.0116852825,30.954166955,264.975010025,3.158366633025,74.360416375,15.075,98.4771
9,8.75,0.0323,8.201,0.1169,-9.364325,-2.9501,15.450175,11.33162466705,394.67966974,41.6187493775,271.5500028875,4.646941595025,66.05041833,15.075,98.48555
9,9.25,0.0521,10.3575312925,0.194375,-10.499,-2.2881,23.126,9.57382676615,382.758808815,58.92000028875,278.3333321125,5.2551999695,62.28749916375,15.0525,98.48595
9,9.75,0.04735,12.40209062775,0.17975,-10.5776,3.4202,25.26405,11.2663769275,382.14792755,63.566666875,284.9374975,7.9848584205,56.7337506225,14.8435,98.50635
9,10.25,0.056125,13.35909167,0.237875,-12.0465,1.376,27.371875,9.6451685836,379.45768642,93.3383346225,290.5708366625,5.90119985555,50.02999933375,14.823,98.480675
9,10.75,0.047375,12.97176562875,0.2426,-11.339625,1.1936,33.732875,11.233505912,379.46583637,53.42833328875,294.079167475,6.776033145525,45.5699997195,14.858,98.4895625
9,11.25,0.0708,13.6469281305,0.2876,-12.651125,-1.682275,36.725375,10.698367831525,373.4075223175,80.918749125,296.58333295,5.896216635525,44.1998328695,14.7375,98.4805875
9,11.75,0.04015,14.08383541975,0.23625,-13.06675,1.54595,23.780775,10.95644149,370.447325,73.52083408,299.23750045,7.111225057,40.3918330505,14.852,98.4569375
9,12.25,0.0602,14.90115729525,0.1971,-14.506,-5.86675,33.455,10.6657069115,369.438330045,55.0124997475,301.49167,6.0413416,40.1289991995,14.9,98.437675
9,12.75,0.085375,14.8853302095,0.262675,-13.455,1.715225,41.462,9.5055504348,373.53778807,62.1733318725,301.4458353875,7.153375002475,37.0826664805,14.994,98.4164625
9,13.25,0.0742,15.18568334,0.3002,-12.22905,-2.722375,39.98565,9.9161352972,368.32027246,83.2615007195,301.924990995,7.626533443,35.1776669005,15.054,98.3841625
9,13.75,0.07495,15.620908333,0.32575,-13.246875,-8.0668,28.55225,10.68617682225,366.7961269,70.56383405,304.371660005,7.191641707525,35.2075002005,15.106,98.3356375
9,14.25,0.07595,15.1941875025,0.26495,-12.1434,-6.5195,22.8836,10.2548358125,366.1018341375,73.9545826395,304.2049988275,6.434600012475,33.1410001,15.196,98.31605
9,14.75,0.07175,15.02605729125,0.296375,-12.1926,-2.4821,32.5626,11.3768378815,364.7012590275,78.0023344355,303.9050094225,5.190516581975,31.104333281,15.408,98.2880625
9,15.25,0.0582,14.7568489595,0.24435,-10.573875,-2.849925,27.621125,11.777003331,368.08110202,37.409834,304.8999945,3.58693340395,31.12000023,15.52,98.2667
9,15.75,0.06075,14.548117715,0.226375,-11.6737,-14.67185,16.92045,10.012162046175,366.0969166025,41.62166678,305.00832505,3.374349969475,29.7318329,15.692,98.2263
9,16.25,0.0574,14.20415625,0.18285,-7.85545,-18.7779,17.94675,9.09138551985,362.027841995,38.47500052,303.843328995,1.94662496925,32.9598337495,15.78,98.217225
9,16.75,0.0435,14.2090625,0.1724,-5.24335,-20.82175,9.31125,9.901493967975,360.361215355,24.1049999505,301.3666667,1.9571083695,34.708666769,16.38,98.23535
9,17.25,0.03145,13.9474583315,0.1417,-4.02565,-35.1422,-22.08965,9.6358787623,360.5701189925,16.53999997125,299.224997475,1.3044249975,36.7933321505,16.348,98.2236625
9,17.75,0.023125,13.8765000025,0.160675,-2.2028,-31.49645,-18.3526,13.23544618625,377.7062401325,7.000733413,297.49666436,-0.3411749972,49.381999431,16.368,98.2073375
9,18.25,0.02,12.13579587575,0.14715,-4.317625,-18.4996,-7.76925,13.187582834,375.414814035,-0.8965667,293.840003,-1.272724969725,55.60249982,16.338,98.225325
9,18.75,0.020975,10.7801874805,0.130225,-4.04705,-17.9473,-7.6924,10.54457434,381.1801591775,-5.1007334767,288.9633373,-0.970116666,68.129668181,16.38,98.2402125
9,19.25,0.0208,9.421570828325,0.136,-7.41165,-12.0736,-4.3992,9.969151566,398.7648549,-5.0645334233,285.936667,-0.479016661775,67.8111664695,16.38,98.2912
9,19.75,0.01465,8.346154117,0.0991,-3.6634,-12.5682,-3.1414,9.89147326725,399.304506125,-5.017133397,283.41666464,-0.1784083328,61.75749965,16.38,98.33395
9,20.25,0.0194,7.81790001325,0.0986,-5.858,-17.4476,-2.883,9.384925420675,400.366940785,-4.9217666567,281.5866703,-0.211725005725,69.29000053,16.38,98.35535
9,20.75,0.018,7.14296353775,0.0931,-5.4835,-25.9495,-7.351,8.597920046275,400.1399981125,-5.1046333567,281.09999703,-0.3332166792,69.42791579125,16.375,98.365925
9,21.25,0.01645,6.765289596325,0.0974,-3.4626,-6.73825,-3.9782,7.72403879725,401.9062254125,-4.9924334364,280.09666436,-0.18093332715,78.46499845875,16.35625,98.3497875
9,21.75,0.012175,6.12492706275,0.073425,-5.119525,-38.6643,-6.846275,7.955859251,401.2456732,-4.844533153,276.473336,-0.07578333335,80.98791928875,16.275,98.3628375
9,22.25,0.0199,5.7935332968,0.0798,-3.181,-31.555,-2.3495,9.053030275625,402.632997775,-4.65973331,275.14332497,0.0625000003,87.02499979125,16.3,98.3580375
9,22.75,0.01975,5.148767668075,0.074275,-0.890125,-6.9646,-1.5384,7.880390443175,407.1275617375,-4.79953341,272.5866757,-0.15885000315,87.93749954125,16.24375,98.3473875
9,23.25,0.0164,4.8105030992,0.06935,-2.189075,-9.5777,-3.043,7.499812939,403.454238515,-5.1566333064,269.40666697,-0.044216667,86.78333217,16.2375,98.335325
9,23.75,0.018,3.495326056375,0.08195,-2.501,-16.0674,-2.9852,9.25809378235,411.36930322,-4.9899333503,269.47667303,0.0133333332,86.26249933625,16.1125,98.3602625
10,0.25,0.02205,-0.680175,0.094,-2.216,-86.2086,-6.116,6.435424598575,392.672252385,-4.7200666334,262.03999666,-0.1194166695,69.24983362,10.7405,98.067475
10,0.75,0.023875,-0.9336333334,0.089875,-0.1371,-81.33975,-5.97515,6.7881820191,392.85207994,-4.561000067,260.60666864,-0.08724999975,70.2673338835,10.656,98.08195
10,1.25,0.02935,-1.0470750034,0.1174,-0.137975,-61.665625,-4.942675,7.7428682676,394.318380875,-4.1955333202,257.04000266,-0.1728333355,74.33591794675,10.6425,98.116425
10,1.75,0.02015,-1.2457333334,0.083325,-3.68525,-78.83125,-19.123725,6.69491120245,391.416271465,-4.38080002,257.95333598,-0.0765333337999999,75.1596636335,10.844,98.1370375
10,2.25,0.01875,-1.2624333334,0.0779,-3.326,-64.540375,-0.293,7.1421034205,391.903448,-4.2556167,256.9733323275,0.043083333,73.90874978875,10.75,98.1220375
10,2.75,0.029,-0.96185,0.08875,-0.618325,-77.108025,-9.697125,6.792299954275,391.149768135,-4.44286664355,258.834168395,-0.071666669875,77.462667864,10.687,98.1165375
10,3.25,0.02295,-1.1100499898,0.11675,0.89305,-69.80915,-1.55235,7.222122263,401.315480945,-4.64166667195,256.96166481,-0.163583336625,76.546000198,10.527,98.122325
10,3.75,0.0238,-1.3416,0.0702,0.0119,-35.410525,-3.2594,5.9088634879,401.1464978575,-4.264266752,256.8583362,-0.11704166925,76.0599986,10.493,98.147375
10,4.25,0.022275,-1.4051333334,0.09175,-0.72675,-27.780875,-2.360625,6.550622644575,399.8192280175,-4.228041809725,255.7625039225,-0.0876666697,83.213168395,10.775,98.1685
10,4.75,0.027225,-1.5602666936,0.0934,-3.4395,-81.83,-10.3795,7.48242060735,400.230186775,-4.18425001145,255.6983354725,-0.1628666664,81.28533237,10.645,98.1835
10,5.25,0.019,-1.7583666536,0.11175,0.145125,-60.465,-4.781525,7.83755972255,398.254231475,-4.235666754725,254.3183333,-0.17428333335,80.1899989145,10.64,98.17875
10,5.75,0.02305,-1.70853332,0.083425,-0.4629,-30.50475,-0.83215,8.890745539775,399.340560565,-4.339108378,256.6191710275,-0.0639666635,76.873750295,10.45775,98.1925
10,6.25,0.0206,-1.90611251375,0.08775,-2.112,-96.172025,-27.613,8.9834079775,394.9696817,-3.4773083395,256.436666105,0.17688334585,82.681331268,10.4365,98.17475
10,6.75,0.02315,-1.7146875,0.0956,-0.921725,-114.0085,-1.466075,8.915445802975,393.9172854825,0.10058333645,262.5174994225,0.19821666075,79.84283377,10.35,98.1555
10,7.25,0.02535,-0.979633331025,0.103,-2.029075,-99.538575,0.327,8.5732074415,393.60066425,3.996183312,261.413335105,0.372083330275,77.36666537375,10.3375,98.1405
10,7.75,0.02725,-0.2848999925,0.1333,-5.389025,-102.031375,-13.2155,8.0987225708,394.6258169625,7.931408327775,262.2341710275,2.05233330505,74.47333430525,10.26,98.136
10,8.25,0.042925,0.86,0.1886,-5.2076,-14.421375,3.3093,8.367760773125,408.77430585,18.2867500605,261.1758294225,2.863558256725,70.9109996885,10.356,98.10375
10,8.75,0.04515,3.182296870875,0.129725,-5.815,-9.64975,5.503,9.145307634,409.0325516,33.2599997855,265.17834155,2.794875037,69.094334733,10.2275,98.11325
10,9.25,0.044375,4.454,0.179825,-7.14325,-63.454125,17.64625,8.826901119,392.967989025,38.906249275,265.094157855,4.5967666232,63.193251255,10.25,98.103875
10,9.75,0.057,5.69285,0.1652,-9.638725,-6.749175,18.668625,7.9852042112,398.8602179,44.491333536,267.75333602,8.4646333101,59.6288322805,10.2425,98.09525
10,10.25,0.066975,5.9427437401,0.174575,-13.0158,-93.5799,19.487,8.0764675558,386.93571594,49.678000866,272.60666,7.078725000225,54.927333664,10.25,98.08725
10,10.75,0.06755,6.8588208764,0.21555,-14.1425,-29.80025,30.913,8.5567484625,389.9101591,53.00416737775,278.40916825,7.670891844275,50.6341662475,10.1,98.0415
10,11.25,0.0631,7.2604562075,0.25505,-12.75825,-80.079375,13.125,8.052787325375,385.030006825,56.84074972225,282.1024935,6.45540836655,47.7658327475,10.1385,98.023
10,11.75,0.061875,7.7946250156,0.263125,-10.50955,-31.91835,41.24695,8.1940123187,383.9989614725,43.1301655105,284.68500395,6.33982502095,44.0093329985,10.218,98.0115
10,12.25,0.05595,8.8188000267,0.286,-12.502625,-13.6804,37.5735,7.615835932175,384.582513035,55.1786671,288.204997855,7.498224998,42.62749954325,9.727,97.986
10,12.75,0.073525,9.1530875853,0.2232,-13.25275,-72.11225,29.94425,7.5024225275,382.7013496125,70.73508284225,292.1083345275,7.0169499995,40.52666667,9.86,97.9470625
10,13.25,0.0729,9.4115917017,0.2541,-15.28435,-138.1617,33.545975,7.334228593825,380.4144146675,49.8157501145,292.07749605,5.68548332155,38.16825038475,10,97.9286125
10,13.75,0.0738,9.4424000584,0.265,-11.820625,-151.195,21.8205,6.9709891015,381.21926985,53.2426660605,288.9458382775,6.8101998801,33.3102505245,10.10375,97.935325
10,14.25,0.0704,8.9765791306,0.3022,-12.97,-40.072,19.246,7.22415399525,380.6449772875,47.14383370775,286.3300055,6.9330999899,32.89366666475,10.12,97.918825
10,14.75,0.076575,8.141291655,0.257825,-9.21675,-74.9939,17.17955,6.9435399675,381.508014625,45.55133321725,286.8625027775,5.73488330345,33.0328340005,10.2125,97.9185
10,15.25,0.04325,8.2341000434,0.248375,-8.14665,-126.1842,6.5808,6.873949811825,380.2141848325,43.7367509395,286.7408339225,5.2492000551,32.59566624025,10.22375,97.90625
10,15.75,0.0684,8.0333083517,0.2851,-8.93755,-98.2089,25.49535,6.7845435724,382.654188155,22.46783421725,285.1850022,3.1575833001,33.29058424025,10.25125,97.8944
10,16.25,0.060275,7.652401113125,0.2552,-6.411425,-114.2897,14.0724,6.5385025568,380.4986793,17.03433327225,284.105838855,2.28458336645,35.40966633,10.31,97.8994625
10,16.75,0.0439,7.285020773,0.2101,-6.491625,-89.094125,-2.96275,7.26547340655,380.938022335,7.034900050525,282.6133355,0.729899995,42.3478333315,10.31,97.9231
10,17.25,0.03535,7.07300625755,0.19575,-5.527075,-128.41945,-5.624425,7.9495326125,382.14620202,1.79263331475,281.61166395,-0.3645333319,46.63000012675,10.28075,97.9264375
10,17.75,0.02595,6.47189374755,0.148525,-4.6268,-73.75445,-18.7612,7.989201367,389.04089565,-3.9676000664,279.05334066,-1.249608332025,56.21016682,10.3,97.9261
10,18.25,0.031,5.1519103526,0.099925,-8.6268,-42.6695,-6.173,8.3378514272,402.54358042,-5.382541662775,274.2291733,-1.248975006775,55.55875133525,10.2875,97.9586625
10,18.75,0.02675,4.0353291814,0.1409,-3.5496,-36.867525,-3.1778,8.0650083734,404.50246018,-5.22679996,271.71333666,-0.7708666653,56.83058380975,10.2875,98.016175
10,19.25,0.0316,3.0492343709,0.1033,-7.16845,-74.9339749999999,-3.451425,7.953464234325,394.6045497425,-5.0134666736,269.3133387,-0.767266644275,61.50466713,10.275,98.0089375
10,19.75,0.0256,2.3704958435,0.1198,-7.15715,-42.6447,-4.3774,7.8855244718,400.44864558,-4.952,267.24666864,-0.1385999931,60.3449992925,10.245,98.0035875
10,20.25,0.0335,2.06322395845,0.104775,-15.9725,-42.84925,-14.5283,8.081645065,405.2863595,-4.9541333934,267.0799993,-0.0181666715,60.367334101,10.15,98.0249375
10,20.75,0.02375,1.824103124125,0.08485,-3.6653,-29.28625,-6.743125,7.789602490725,394.7749792825,-4.9387333534,267.53333264,-0.0504166645,62.20675003425,10.1375,98.0561875
10,21.25,0.022875,1.656252097025,0.072375,-8.803,-40.51075,-18.342,7.930180935,396.8878703,-4.82360004,267.67999736,-0.1911666665,63.71083437,10.09375,98.0628125
10,21.75,0.0214,1.242016664775,0.0872,-3.1909,-34.937075,-3.673025,7.29166069585,401.06144065,-4.8453332536,264.08667066,-0.144941661575,64.665333002,10.075,98.1004
10,22.25,0.025575,0.823717709125,0.107625,-2.3368,-45.92,-3.164525,7.795253078,402.96636918,-4.7492666334,261.60666002,-0.112983333,69.69866473,10.075,98.07975
10,22.75,0.0185,0.381453121675,0.0863,-1.548575,-62.7845,-5.2615,7.63530392615,400.798007695,-4.691333267,259.993334,0.015041666925,67.861666781,10.175,98.06375
10,23.25,0.03055,0.119343750875,0.0901,-1.0484,-65.0949,-6.1028,7.55915745425,392.39922585,-4.361541776725,262.0266715775,0.000608333075000004,67.24583325,10.655,98.0273
10,23.75,0.02665,-0.4360916666,0.072425,-1.95275,-58.364425,-12.40035,7.2002117532,393.035865235,-4.48533334,261.580002,-0.229666671,69.6771685635,10.645,98.05495
11,0.25,0.026875,-7.1145311875,0.193,-0.64055,-42.77875,0.0199499999999999,3.6368216013,412.16241693,-4.5231749425,212.8116667,-0.002166667,58.5250007135,3.565,97.2343125
11,0.75,0.0272,-7.3106979005,0.2214,-0.1568,-35.164925,-0.48525,3.60372795975,411.973433925,-4.4306833055,213.209164235,-0.0420000015,60.2149997,3.565,97.655875
11,1.25,0.02775,-7.55268750475,0.09075,-1.3619,-42.009775,-2.2512,3.6535301072,410.78511426,-4.4079167725,212.3391667,0.010833335,59.91241692525,3.5475,97.60125
11,1.75,0.02925,-7.19125,0.211275,-0.6675,-46.1028,-1.638,4.114009629425,411.82217741,-4.367416706075,212.999998515,-0.035,61.80833416375,3.495,97.360675
11,2.25,0.01705,-7.4031145915,0.0879,-3.5685,-57.511,-2.496475,3.6342146055,414.15931165,-4.0022916395,213.9875033,0.027616666525,60.1441667435,3.389375,97.5709375
11,2.75,0.030175,-7.593,0.19525,-1.126425,-51.31555,-0.674575,3.649396439,412.4500630625,-4.411400105925,212.82416575,-0.04132499775,57.96116663075,3.3875,97.55725
11,3.25,0.030625,-7.805875,0.122,-0.5925,-64.1485,-1.9015,3.652031975675,414.2499103375,-4.4217250095,205.78916905,-0.065866663,58.1270827015,3.3625,97.59625
11,3.75,0.026625,-8.009625,0.09565,-0.9766,-60.0785,-1.43915,3.6089509084,413.7166155675,-4.4269666801,203.40666668,-0.0521999998,59.52874908925,3.38725,97.660625
11,4.25,0.028925,-8.15825,0.091475,-39.4286,-57.230975,-47.74945,3.922382418825,413.8541512875,-4.3552332169,206.10333431,-0.0149333354,59.564250245,3.39,97.721225
11,4.75,0.019725,-7.8946041835,0.234575,-1.3965,-60.692225,-2.4695,3.62446411325,413.342842305,-4.2920332599,202.1100023,-0.00426666680000002,60.31925015,3.39,97.787075
11,5.25,0.0266,-7.488000059,0.1884,0.022725,-78.9545,-1.2623,3.600179851825,413.1410229,-4.5039999701,204.40499999,0.030733333,60.72266648,3.4175,97.831475
11,5.75,0.026025,-7.5211666375,0.108675,-0.3464,-39.06145,-1.79255,3.61115638865,413.04435988,-4.259233392,202.641666645,-0.0061333312,59.11974951575,3.413875,97.8545
11,6.25,0.03125,-7.63807300425,0.095,-2.4362,-37.3758,-2.6091,3.641963837975,411.8401508575,-4.21768338845,211.405002355,-0.070416662975,59.4041669975,3.41375,97.832625
11,6.75,0.031075,-7.801125021,0.2107,-1.99355,-43.6023,0.34605,3.907350741775,411.702958555,-3.412133337,205.51999899,0.0565250047,60.6108325025,3.3825,97.8510875
11,7.25,0.0344,-7.700187563,0.106375,-0.675,-44.2818,-22.0016,3.6606322058,413.1985915225,-0.0877999734249999,203.5300063,0.0977333280250001,61.0216671675,3.375,97.858725
11,7.75,0.0294,-7.41983334175,0.1431,0.12075,-80.4394,-7.18025,3.7003255615,411.7229821,0.74041663,203.1333383,0.7128749965,60.27133387,3.39,97.90025
11,8.25,0.0294,-7.1792916665,0.141625,-1.34655,-45.8486,0.7293,3.77017150765,411.64521401,5.123658391075,205.482500015,0.781799999825,54.92800013,3.4,97.86155
11,8.75,0.0442,-6.47815625425,0.1348,-3.3298,-20.3141,3.469,3.813774766,411.38615268,11.50845833425,208.76666755,2.498783328175,50.93033268,3.4,97.82785
11,9.25,0.050725,-4.3024687255,0.157925,-2.819725,-22.22215,7.4804,3.79313203235,411.9014164975,12.711083485,211.1116666425,2.3851333602,43.0012504975,3.5,97.673625
11,9.75,0.0534,-3.362718763,0.265125,-5.385625,-17.498075,10.71415,3.8503058441,411.96167754,16.64783365075,214.20999905,3.943133373,43.23474976725,3.525,97.74575
11,10.25,0.0698,-2.7596979045,0.399025,-5.809925,-8.32485,-5.221425,3.88047413415,413.229075935,30.73324960925,217.1474994075,6.615099977,44.797083405,3.607,97.701
11,10.75,0.05815,-2.14396876275,0.2929,-5.2614,-11.91915,17.7858,3.6407461208,410.45033572,27.527750095,222.154995735,8.0862498599,46.9158337475,3.625,97.703625
11,11.25,0.0675,-2.196312475,0.3545,-5.929,-13.3166,22.323,3.620915497,412.1835273,27.58483318,226.0599990925,7.86275008655,44.180416095,3.7,97.695125
11,11.75,0.0556,-1.69566666775,0.255825,-7.1556,-1.71905,17.3284,3.59368461295,411.306026995,23.98250058,230.216664975,7.28441669845,39.8611661515,3.65625,97.63875
11,12.25,0.0755,-1.2573124985,0.3201,-8.619625,2.1918,20.719175,3.461184844575,410.351288275,28.23633304425,233.2324967,7.109399927,38.106416925,3.645,97.608375
11,12.75,0.051575,-1.19278125,0.2632,-7.773075,2.3205,23.093525,3.698419858575,410.7518504125,28.394916745,232.3833344425,6.890733287,35.73924993925,3.6675,97.54325
11,13.25,0.067825,-1.485,0.354475,-7.083375,4.341075,26.53745,3.49742010935,410.2790282775,32.74466787,230.19333066,8.500533338,34.12625094075,3.71,97.509375
11,13.75,0.064025,-2.102125,0.272225,-6.1419,3.12355,16.819,4.0994808006,411.04439915,27.3006668,229.14666866,6.6213334332,33.3795838515,3.713625,97.487125
11,14.25,0.054,-2.625125,0.341775,-6.3162,-0.5292,7.1979,4.2900609149,408.9063353,21.618000076,228.04666064,5.994399853,32.480999325,3.721875,97.427625
11,14.75,0.0607,-3.072718725,0.3237,-5.800475,-7.3224,14.849475,4.091485434825,409.196116855,19.887333336,227.30666598,4.8247999002,32.8969165405,3.770875,97.43675
11,15.25,0.048625,-3.15218540375,0.353625,-3.723925,-22.99155,3.05125,3.43985830945,408.8360768225,17.213083037575,222.9058333,4.620875024875,32.37750012375,3.798375,97.43815
11,15.75,0.04435,-3.3317875,0.21475,-3.11525,-27.7438,10.3427,3.41260350035,407.262445885,12.116499995,226.525,2.077875033125,33.08641700725,3.841,97.450425
11,16.25,0.053,-3.671125,0.256125,-2.978875,-62.229,3.90075,4.0815703749,406.94646677,5.576116759425,226.7783352,1.241208311375,36.56383299275,3.8785,97.4341125
11,16.75,0.0468,-4.097225,0.1887,-1.98295,-78.3797,-1.3384,4.25669137975,409.0954114125,1.026716694075,220.2524985,0.194250002,40.5573337,3.889,97.3875875
11,17.25,0.03735,-4.6152,0.1725,-5.105975,-62.566175,-21.663975,3.674857651825,408.4280146925,-3.751183407575,225.3416666925,-0.726708311375,42.91766627,3.896,97.2938125
11,17.75,0.044525,-5.195975,0.1178,-2.0647,-66.27435,-4.039,4.5083744319,412.11435517,-5.079024984925,213.004998185,-0.497624992,52.18300023,3.91,97.3719875
11,18.25,0.025,-5.86540312515,0.09255,-4.78185,-44.017525,-4.7836,4.5143382703,411.97289258,-4.923025055075,210.40249745,-0.2188666628,52.1979172985,3.855375,97.3835375
11,18.75,0.0452,-6.105200003825,0.096,-2.8018,-85.694975,-4.273,3.51070010005,413.3600768675,-4.8015833585,207.550002475,0.0278666642,55.30208252,3.767,97.414025
11,19.25,0.0331,-6.26409062875,0.0953,-4.66975,-106.028725,-4.795825,4.0421821887,411.018462865,-4.683608346075,206.2425009075,-0.1628666666,54.574000602,3.741,97.4436
11,19.75,0.032825,-6.446334310675,0.14935,-3.62525,-123.48785,-11.784075,4.1410315016,410.43283124,-4.767858375925,205.9950009075,0.0032000012,53.36200053,3.72,97.5545
11,20.25,0.026,-6.751910455675,0.0841,-4.2092,-106.024,-10.0798,4.22218824145,412.91171426,-4.752691637,212.381664235,-0.0612666702,52.04399988,3.70075,97.021
11,20.75,0.01815,-7.09640095125,0.09355,-1.9128,-106.54655,-2.02665,4.2974357034,410.975189965,-4.6911167725,216.9725009075,0.0109333288,55.19050055275,3.671125,97.6283
11,21.25,0.0251,-7.4210583199,0.07825,-3.119225,-83.57075,-2.4096,4.7333247454,412.1014011,-4.6354834205,216.682501485,-0.0258666654,56.61208356725,3.64225,97.369225
11,21.75,0.0337,-7.727665625,0.138725,-1.73885,-80.499,-7.593325,4.1381925618,410.63373672,-4.65025833,216.131664235,-0.069391666475,59.389167125,3.6125,97.632025
11,22.25,0.03175,-7.22433539135,0.17825,-3.051025,-84.8952,-4.210425,4.4938172714,411.85169046,-4.653333233,215.850002475,0.00360832945,61.23083429125,3.618125,97.024275
11,22.75,0.03,-6.726980234425,0.0993,-6.9142,-116.992975,-12.6902,3.68863657725,412.34750102,-4.710233418,214.8299951425,-0.07877499685,59.0758346365,3.61,97.612125
11,23.25,0.02455,-6.68824895885,0.1067,-1.96375,-68.195325,-8.808,3.727587487975,413.5917803875,-4.585000018,214.7325,0.132824993325,59.61233300325,3.605,97.107175
11,23.75,0.0304,-6.84374486375,0.14925,-2.0765,-53.85125,-8.5862,3.6979627987,413.24290675,-4.453441603,212.859999985,0,58.23333233,3.6,97.5973125
12,0.25,0.02955,-13.0337,0.112925,-2.335825,-37.897,-4.09555,3.445946588,420.208668835,-4.6523999668,201.83999798,-0.156399994,66.64333367,1.6,97.42855
12,0.75,0.0364,-13.4406,0.1384,-4.272825,-34.5373,-18.127675,3.36417827935,427.2038838575,-4.6541333198,199.30666534,-0.142833333875,68.92599847,1.6,97.4497
12,1.25,0.032325,-13.9942,0.143375,-1.4006,-30.07865,-7.537,3.3894117916,420.28728604,-4.2647332802,194.76666598,-0.210816658475,68.55066673,1.6,97.254725
12,1.75,0.0249,-14.057,0.1453,-1.408,-37.4914,-1.8976,3.3770630904,419.60786462,-4.3214666532,192.12666266,-0.233091663275,69.216001236,1.6,97.5665125
12,2.25,0.02375,-13.6242,0.11375,0.0327,-29.4405,-2.4502,3.3248548143,419.44578676,-4.40613336,191.48000134,-0.1476666636,69.1433311225,1.6,97.6135
12,2.75,0.024275,-13.5354,0.11985,-0.7695,-32.10225,-0.8285,3.3132165373,419.33629224,-4.3596666068,200.45333602,-0.209199997,73.49708316375,1.6,97.600375
12,3.25,0.0231,-13.8111,0.143575,-0.33175,-33.162,-2.12625,3.326640941,419.15699435,-4.325133373,199.76666,-0.1713333298,72.5846664195,1.6,97.588
12,3.75,0.031,-13.7042,0.1174,-0.3867,-37.1286,-2.21205,3.286498444775,423.0351554125,-4.3157333598,194.693336,-0.1678666638,73.362500531,1.6,97.575075
12,4.25,0.0214,-13.3755,0.1124,-0.0214,-35.41215,-1.4111,3.3851389179,423.0300277,-4.4449333134,193.2666667,-0.1921333358,74.47766487,1.6,96.7934125
12,4.75,0.02315,-13.169025004,0.10095,-0.47425,-28.3058,-4.180925,3.4528637012,423.4437837825,-4.3279333202,191.2200007,-0.145666666,74.19433228,1.6,97.56675
12,5.25,0.028,-12.960425,0.075725,-1.01095,-49.7174,0.12405,3.548725638825,422.4874309925,-4.194799993,188.68666666,-0.132599997,75.59999999725,1.6,97.510175
12,5.75,0.0242,-12.6142,0.1264,-0.6866,-23.9104,0.2576,3.613794448975,418.3041378925,-4.18225835245,188.075830495,-0.42058333525,75.094000334,1.6,97.6075
12,6.25,0.0359,-11.2464,0.1411,-0.017025,-21.387975,-1.53165,3.607357245375,418.289938755,-4.0526666198,189.51999668,-0.43066666525,74.554665998,1.6,97.6005
12,6.75,0.0328,-11.022125,0.1462,-0.2562,-29.5104,-4.909975,3.58453851675,422.104604895,-4.1206000268,192.84666134,-0.438800004925,75.51291397,1.6,97.38
12,7.25,0.0357,-11.036625002,0.0678,-0.55615,-29.460625,-0.77455,3.571877044025,417.77913037,-3.5242000734,200.94666532,-0.4581333328,74.9749990825,1.6,97.550625
12,7.75,0.0256,-10.553,0.149875,0.1032,-30.128375,-2.2284,3.5608358412,417.56340989,0.0102666534,203.40666668,-0.3816999951,73.7424995,1.6,97.492
12,8.25,0.022625,-9.719150001,0.132875,-0.000849999999999995,-24.5944,-2.089925,3.687175345375,420.1779146225,3.7009999926,201.54666732,0.15675001075,73.368665934,1.6,97.31075
12,8.75,0.034575,-9.010041756,0.1399,0.0130000000000001,-17.3804,1.950925,3.75420589655,420.856914195,7.4754000602,193.84666534,0.656000004,70.55037400025,1.6,97.42235
12,9.25,0.0372,-8.6714666396,0.134,-1.88835,-11.421575,4.58115,3.9316531415,416.219848975,13.99733329,195.11333534,2.096433333,67.8944578125,1.6,97.588375
12,9.75,0.0305,-7.4595833272,0.1955,-1.5211,-9.46365,3.3403,3.866807204125,415.4103926525,20.415999972,196.64000466,4.657333233,66.9469156305,1.6,97.58025
12,10.25,0.044375,-7.6364666268,0.139,-1.7644,-2.74665,6.3566,4.0200133498,415.43902564,30.414666866,197.44000002,4.01306666865,65.2581663505,1.6,97.3819
12,10.75,0.0547,-7.3966749804,0.2359,-1.3672,-2.1549,8.7582,3.9008066464,416.8743224,33.652666534,199.8133327,3.974233427,60.037332802,1.6,97.575
12,11.25,0.0491,-7.1323500302,0.33535,-1.9836,0.0940000000000039,15.1971,3.896474220875,416.1184812675,42.59199973,203.52,4.811266718,56.14666663,1.6,97.5351
12,11.75,0.064,-7.0585,0.3475,-3.7119,2.28605,16.031575,3.949772157875,414.1185124025,41.891999066,210.50667066,4.710949982,55.187500165,1.6,97.5828375
12,12.25,0.0299,-7.5612,0.23195,-1.3695,-6.6265,19.195,3.9601075805,412.36212255,36.188000466,209.0200007,3.975216634725,52.64541612,1.6,97.56755
12,12.75,0.05075,-7.9413,0.295375,-1.9203,-0.214199999999999,12.2662,4.016161855125,411.1560618725,37.00466713,208.79332998,3.8627500275,50.25183355225,1.60325,97.08215
12,13.25,0.05205,-8.3652,0.22415,-2.869275,-3.026,18.7126,3.99900460525,409.3487032075,34.996000134,208.90666802,3.5752500415,47.33166661525,1.601625,97.508
12,13.75,0.035875,-9.1803,0.284875,-2.15675,-2.0088,11.945475,3.98841431185,409.2669809975,24.827333734,206.7400047,3.019391674425,46.82391586025,1.622,97.4678
12,14.25,0.0491,-10.4533,0.3673,-1.6545,-5.54545,12.3701,3.42947967055,409.19561825,22.56133333,206.57333202,2.17050828935,45.8438335255,1.631875,97.46685
12,14.75,0.0471,-11.3054,0.3127,-1.608,-4.98895,10.6625,3.4739103325,407.20837235,18.12466653,204.97333134,1.9408667286,44.5973338,1.638,97.5102
12,15.25,0.032375,-12.1223,0.269625,-1.239725,-10.617,6.454325,3.4098848299,405.65339129,16.381333598,205.57999932,1.99803334875,44.789999668,1.635625,97.521425
12,15.75,0.045075,-12.925,0.2323,-1.985975,-24.732,2.07925,3.45500559615,407.66046669,9.54866674,206.96667,0.66142499925,45.42066713,1.636,97.5096625
12,16.25,0.02695,-13.3907,0.264,-0.8072,-19.582,-5.097,3.4866707572,411.113725125,4.23266666,204.253342,0.2954583306,46.48800067,1.62,97.2159375
12,16.75,0.0365,-13.4616,0.135375,-2.03625,-30.0883,-7.72125,3.4365305625,414.75504729,0.244266646,195.85999666,-0.134191668425,51.701999734,1.6,97.5344
12,17.25,0.039075,-13.5268,0.12795,-3.787425,-40.7035,-3.883525,3.9379595421,414.494940645,-4.353533327,202.51999866,-0.481808317675,55.836000134,1.602,97.5694
12,17.75,0.019975,-13.6254,0.12075,-1.7919,-31.222,-5.6691,3.59814434025,416.348197495,-4.9705333668,195.12667002,-0.4686666586,58.2929170425,1.6,97.5983
12,18.25,0.0354,-13.7366,0.1495,-2.135,-47.14325,-3.7492,3.6365720582,416.68786112,-4.8602667268,192.2066647,-0.189958327125,58.06233243,1.6,97.6069
12,18.75,0.0359,-13.9237,0.127825,-1.061575,-33.726725,-3.3551,4.1109922312,416.61166135,-4.761200033,192.79999932,-0.45813333985,58.86424988,1.6,97.5725
12,19.25,0.034775,-14.082,0.1041,-1.979475,-38.171875,-5.037825,3.922733650225,416.5825149625,-4.7302667268,192.62000198,-0.408999997,57.4291669975,1.600625,97.5364
12,19.75,0.02795,-14.0104,0.1542,-1.634775,-49.83235,-1.428925,4.10162423925,416.8106629925,-4.63586672,188.75999866,-0.215866664,57.6067497195,1.600375,97.472925
12,20.25,0.013825,-13.8774,0.14665,-2.182,-42.73065,-5.9548,3.8806899008,419.42272176,-4.4828667598,185.19999602,-0.2515666668,57.88091728025,1.601125,97.5337125
12,20.75,0.0233,-13.9479,0.12455,-3.106,-38.806,-7.1293,3.793365003625,422.7891391725,-4.3732000198,186.93999932,-0.2510833265,57.53025043,1.601125,97.5811125
12,21.25,0.034,-14.1315,0.171975,-0.1837,-44.13355,-2.9031,4.361218246,417.909556675,-4.40420004,188.6133353,-0.25013332935,59.06883267,1.6015,97.601075
12,21.75,0.0326,-13.8855,0.14125,-1.133475,-26.267625,-2.132925,3.78467325125,420.10667465,-4.5709999798,189.29332602,-0.29795000235,64.230999103,1.60125,97.6201875
12,22.25,0.0317,-13.6715,0.1415,-1.787975,-29.723825,-4.3345,3.80287349285,420.38785342,-4.5896667532,186.54666666,-0.2379333297,63.5355010135,1.602,97.6477375
12,22.75,0.035825,-13.5525,0.15325,-0.8218,-35.947825,-1.094825,3.711160770625,417.532246525,-4.4781333266,186.26666334,-0.17446666015,63.51866695,1.603,97.6117
12,23.25,0.0294,-13.449,0.13345,-2.094675,-26.5236,-16.383175,3.6677201815,422.3253401325,-4.4317333332,189.60666732,-0.193666663275,64.25666667,1.6,97.5689625
12,23.75,0.025625,-13.2177,0.113125,-1.8125,-28.9352,-2.2439,3.56895353165,420.61637976,-4.6019999732,196.473332,-0.1698999994,66.33808332175,1.6,97.49945
