DOY2,HR2,USTAR_1_1_1,TA_1_1_1,WS_1_1_1,NEE_1_1_1,FC_1_1_1,SC_1_1_1,H_1_1_1,LE_1_1_1,G_1_1_1,TS_1_1_1,RH_1_1_1,PA_1_1_1,CO2_1_1_1,VPD_1_1_1,NETRAD_1_1_1,SW_IN_1_1_1
1,0.25,0.05025,-12.003,0.4848,-0.03525,-0.17545,-1.165,-85.484025,-5.61925,-8.61,-0.3965,40.899,99.79,392.3036,0.147,-84.55,-0.5
1,0.75,0.06815,-11.97325,0.489475,-0.2541,-0.8238,-1.513525,-81.998,-4.979125,-8.68825,-0.41675,40.55425,99.6975,392.3877,0.14,-84.1375,-0.5
1,1.25,0.042875,-12.335,0.517975,-0.14025,-0.5075,-0.86105,-85.021,-10.4811,-8.771,-0.43775,40.858,99.6975,392.5799,0.14,-84.0025,-0.5
1,1.75,0.049625,-12.836,0.50625,-0.14115,-0.16405,-0.864375,-83.3575,-4.8737,-8.8565,-0.464,41.79425,99.7,392.47375,0.13725,-84.665,-0.5
1,2.25,0.0406,-13.35225,0.586175,-0.038875,-0.2345,-0.6408,-78.11985,-13.670125,-8.952,-0.495,43.06625,99.7975,392.842775,0.13725,-83.9,-0.5
1,2.75,0.04765,-13.992,0.68125,0.055075,-0.225725,-1.1948,-90.85075,-5.171775,-9.0375,-0.526,44.18175,99.7975,392.7561,0.13725,-82.9375,-0.5
1,3.25,0.062175,-14.36375,0.7312,0.01775,-0.024775,-0.9644,-88.49565,-5.4153,-9.14025,-0.55175,45.0725,99.7,392.591975,0.13725,-83.3,-0.5
1,3.75,0.052625,-14.10275,0.638675,-0.32025,-0.05775,-1.415,-85.8173,-2.772425,-9.202,-0.55125,44.81225,99.7,392.6038,0.1345,-82.31,-0.5
1,4.25,0.0502,-13.91425,0.621375,-0.1765,-0.52385,-1.0371,-82.153175,-5.8482,-9.25275,-0.54025,42.86375,99.6975,392.330375,0.12725,-82.5375,-0.5
1,4.75,0.0328,-14.04775,0.67825,-0.2275,-0.10675,-1.56295,-82.77625,-7.7282,-9.28475,-0.52925,43.289,99.5975,392.3756,0.11725,-82.11,-0.5
1,5.25,0.03975,-14.2675,0.658125,0.092525,-0.34205,-1.04115,-82.464,-5.296,-9.31125,-0.51825,43.46175,99.5,392.10215,0.1145,-82.255,-0.5
1,5.75,0.04,-14.58525,0.6102,-0.8125,-0.4085,-1.11375,-87.1276,-5.22925,-9.383,-0.50725,44.74225,99.5,391.8256,0.129,-81.465,-0.5
1,6.25,0.0644,-14.94,0.5444,-0.4747,-0.899375,-1.13825,-75.70015,-6.66545,-9.393,-0.5015,43.91225,99.5,390.672875,0.129,-80.865,-0.5
1,6.75,0.0487,-15.0145,0.6107,-0.282,-0.8671,-1.1862,-72.441375,-6.6004,-9.393,-0.503825,44.6395,99.5,392.1509,0.13625,-82.3,-0.3
1,7.25,0.0552,-14.938,0.664325,-0.0763249999999999,-0.2346,-1.113,-77.665825,-3.05575,-9.44375,-0.495775,45.70625,99.5,392.61255,0.13175,-78.465,0
1,7.75,0.087875,-14.35825,0.642125,-1.534875,-0.845625,-1.5822,-50.636725,-4.21675,-9.46825,-0.524775,44.966,99.5,393.107125,0.12175,-56.917,2.038125
1,8.25,0.1015,-12.551,0.555575,-2.21525,-0.878025,-2.22515,-39.2454,-5.1732,-9.55275,-0.543825,43.85025,99.5975,392.996125,0.14,-23.9455,7.60725
1,8.75,0.14305,-11.643,0.705625,-4.219,-4.2135,-3.063575,-23.2836,-9.1366,-9.56275,-0.55575,42.709,99.5975,391.7617,0.17625,-5.90705,13.035
1,9.25,0.1705,-11.1375,0.705475,-5.2674,-3.34465,-4.971775,-21.6312,-16.35075,-9.57,-0.54995,37.95575,99.5975,390.398475,0.18175,3.489775,17.05
1,9.75,0.201,-10.3845,0.70475,-6.292225,-4.043,-3.79885,-14.332,-12.622625,-9.55,-0.515225,35.11025,99.5975,389.9108,0.199,5.6055,28.1475
1,10.25,0.242125,-9.60275,0.819725,-6.077775,-4.458,-3.08485,-11.59815,-2.7998,-9.482,-0.45,34.30225,99.5975,387.7345,0.20175,7.735,36.915
1,10.75,0.244,-9.273,0.836825,-4.665625,-3.8244,-2.6895,-16.3396,-1.56095,-9.411,-0.31525,32.05075,99.695,386.4814,0.229,12.391,37.0105
1,11.25,0.1953,-8.77275,0.802525,-5.69045,-4.42725,-2.199,6.148525,-2.587625,-9.31375,-0.281,29.9785,99.595,386.1446,0.24725,3.369175,33.4755
1,11.75,0.233,-8.68925,0.834925,-5.2894,-4.606175,-1.9616,8.610375,-3.107375,-9.211,-0.26575,28.6955,99.595,386.01305,0.29625,-2.00615,33.0325
1,12.25,0.2415,-8.29575,0.97305,-5.2302,-4.2775,-1.54665,3.7982,-3.9847,-9.0955,-0.2405,27.8915,99.595,385.4566,0.289,3.5816,32.3925
1,12.75,0.2927,-8.18175,0.9413,-4.6374,-4.5858,-1.5332,10.498,-2.74315,-8.98275,-0.2005,25.963,99.4975,384.88175,0.27725,5.198075,39.91125
1,13.25,0.2379,-7.6915,0.98205,-4.8645,-4.4093,-1.7522,0.366450000000001,-1.741625,-8.86,-0.191,26.022,99.5975,385.08375,0.2845,12.478,37.7775
1,13.75,0.2824,-7.8725,0.908475,-4.27675,-3.9739,-1.419,-7.019625,-9.711625,-8.7255,-0.18525,25.191,99.5975,384.3125,0.27725,12.00225,34.8725
1,14.25,0.2184,-7.56975,0.75935,-3.972375,-3.534575,-1.0893,-8.96135,-4.5882,-8.581,-0.18525,24.23725,99.5975,383.468,0.27,5.6761,26.3775
1,14.75,0.1882,-7.558,0.8852,-3.557975,-3.396175,-1.19725,-14.5748,-2.632,-8.44825,-0.18525,25.1165,99.5,383.766625,0.27,8.059,26.745
1,15.25,0.2357,-7.70825,0.74245,-3.0495,-3.1436,-1.017025,-24.0164,-5.611625,-8.31825,-0.19,26.38875,99.595,383.3262,0.27725,-2.11145,19.625
1,15.75,0.185375,-7.98425,0.733725,-1.77815,-1.9795,-0.808375,-39.9068,-3.9292,-8.23475,-0.2005,26.13975,99.6,385.111825,0.2845,-15.77875,11.78075
1,16.25,0.1267,-7.9835,0.624675,-1.120325,-1.53075,-1.206,-55.434775,-5.2441,-8.10225,-0.2,26.9595,99.6975,386.073425,0.27,-49.913,4.774325
1,16.75,0.088375,-8.5905,0.541525,-0.585975,-0.5996,-0.40775,-78.54715,-7.25465,-7.98325,-0.20525,28.745,99.6975,386.958375,0.26,-78.0825,0
1,17.25,0.0553,-9.13475,0.5598,0.4616,-0.1404,-0.358825,-94.34575,-8.4067,-7.89975,-0.21,31.016,99.6975,389.109,0.25725,-85.8825,-0.2
1,17.75,0.0451,-9.58775,0.49135,0.491175,-0.2526,-0.5902,-89.83875,-6.033725,-7.8,-0.21,30.848,99.6975,391.3632,0.2445,-87.2275,-0.5
1,18.25,0.0425,-9.89925,0.5894,0.4639,-0.36105,-0.48585,-74.201,-5.82975,-7.5985,-0.21,32.15075,99.6975,392.0678,0.2345,-86.1275,-0.5
1,18.75,0.0578,-10.01925,0.428075,0.35175,0.0257,-0.7275,-76.78725,-5.4855,-7.662,-0.21,31.85975,99.6975,392.1194,0.21725,-85.155,-0.5
1,19.25,0.056275,-10.24175,0.4386,0.096,-0.22255,-0.69475,-78.4302,-3.87585,-7.721,-0.22525,32.678725,99.795,392.08075,0.21,-85.02,-0.5
1,19.75,0.0561,-10.4755,0.46225,0.2571,-0.084325,-0.80625,-76.03275,-3.751375,-7.8255,-0.23575,34.156,99.6975,392.1565,0.18725,-85.455,-0.5
1,20.25,0.061825,-10.95575,0.4258,0.149475,-0.258125,-0.804375,-73.03275,-7.0094,-7.93275,-0.241,35.0965,99.6975,392.4954,0.17725,-84.5825,-0.5
1,20.75,0.0481,-11.076,0.469725,0.1474,-0.290375,-0.820125,-75.439,-6.49595,-8.02375,-0.26625,36.53175,99.6975,392.789225,0.16,-84.9475,-0.5
1,21.25,0.041,-11.09275,0.5516,0.23815,-0.348975,-0.7818,-72.8718,-3.47075,-8.122,-0.27575,37.6225,99.6,392.610575,0.15,-84.7825,-0.5
1,21.75,0.047,-11.062,0.417625,0.1057,-0.3302,-1.03705,-87.4701,-9.9695,-8.19,-0.28525,38.27,99.6,392.51715,0.15,-85.0275,-0.5
1,22.25,0.04575,-11.19475,0.5353,-0.335575,-0.5232,-0.999,-83.33475,-4.1671,-8.25275,-0.30525,40.68475,99.5975,392.1605,0.15,-84.655,-0.5
1,22.75,0.04,-11.635,0.54845,0.250975,-0.351,-0.7658,-85.219625,-10.7217,-8.33275,-0.3305,41.26425,99.5975,392.1591,0.15,-84.2275,-0.5
1,23.25,0.0433,-11.8655,0.45475,0.1705,-0.232125,-0.8538,-83.9295,-6.8158,-8.3955,-0.3505,40.8075,99.5,393.60615,0.15725,-83.955,-0.4699
1,23.75,0.044625,-11.81575,0.5034,-0.13495,-0.3589,-1.10775,-84.318225,-5.753875,-8.51275,-0.37525,41.20875,99.5975,392.500125,0.15,-84.22,-0.5
2,0.25,0.0414,-9.87925,0.588125,0.1466,-0.13275,-0.8916,-98.72855,-21.2662,-7.13,0.00475000000000001,35.078,99.395,392.08915,0.13725,-86.065,-0.5
2,0.75,0.05335,-10.393,0.6628,-0.44665,-0.42225,-1.1758,-93.4886,-5.963,-7.13025,0.00475000000000001,34.59375,99.2975,391.62595,0.1545,-85.61,-0.5
2,1.25,0.049,-10.57525,0.5459,-0.8148,-0.27155,-1.68315,-109.28285,-8.7606,-7.23275,-0.00049999999999999,35.2935,99.3,392.16885,0.15175,-85.41,-0.5
2,1.75,0.047175,-10.39975,0.605575,0.141375,-0.2985,-0.91515,-91.941,-11.67025,-7.3455,-0.00049999999999999,36.73775,99.3975,391.74075,0.1445,-85.7375,-0.5
2,2.25,0.0483,-10.529,0.6729,-0.024775,-0.2462,-1.354,-91.97185,-12.8438,-7.48825,-0.00049999999999999,37.8305,99.3975,391.12465,0.14175,-85.275,-0.5
2,2.75,0.0396,-11.24025,0.544725,-0.268575,-0.19,-1.1583,-94.9288,-17.551875,-7.56275,-0.00525,38.1975,99.3,391.1192,0.12725,-85.31,-0.5
2,3.25,0.0525,-11.592,0.5729,-0.3838,-0.2719,-1.656875,-83.8,-11.28145,-7.5875,-0.0105,38.64625,99.2975,391.6695,0.13,-83.855,-0.5
2,3.75,0.04,-11.56375,0.64955,-0.5185,-0.2157,-1.300725,-83.996,-12.952,-7.61225,-0.01575,39.8125,99.3,392.789625,0.12725,-83.61,-0.5
2,4.25,0.042375,-12.0155,0.676925,-0.1995,-0.3781,-1.427,-82.8371,-16.50195,-7.78925,-0.0205,40.317,99.3,393.130525,0.13,-82.3575,-0.5
2,4.75,0.042075,-12.04475,0.64725,-0.2049,-0.1034,-1.1705,-89.130425,-7.479825,-7.891,-0.01525,40.7595,99.3,393.220625,0.12725,-82.71,-0.5
2,5.25,0.02705,-12.29825,0.66105,-0.53795,-0.09095,-1.181875,-94.155575,-9.39285,-7.9465,-0.01575,41.60625,99.3,393.39625,0.12725,-84.8375,-0.5
2,5.75,0.04245,-12.44475,0.67645,0.0285,-0.110125,-0.85345,-77.10185,-14.6669,-8.09275,-0.031,42.4475,99.3,393.435,0.11725,-84.2825,-0.5
2,6.25,0.0461,-12.386,0.5886,-0.322625,-0.6147,-0.950025,-75.8128,-9.5269,-8.14925,-0.03625,40.244,99.3,393.28965,0.13175,-83.4025,-0.5
2,6.75,0.0539,-12.43275,0.524625,-1.4254,-1.046875,-1.541,-72.952825,-10.695175,-8.2065,-0.031,43.2745,99.4,393.04475,0.1345,-79.285,-2.36
2,7.25,0.0687,-12.02025,0.40015,-1.221125,-1.0487,-2.099075,-68.289025,-6.384175,-8.2575,-0.02575,41.884,99.4,392.62625,0.14,-64.313525,0
2,7.75,0.0767,-11.5055,0.615525,-1.87775,-1.123725,-2.23795,-43.597225,-10.2235,-8.3375,-0.0205,37.51025,99.3975,392.6394,0.14,-28.27225,4.89
2,8.25,0.146625,-10.5885,0.67155,-3.99145,-2.4965,-3.897,-28.94075,-20.60715,-8.35475,-0.01575,35.072,99.3975,391.45825,0.14,-25.73825,10.758
2,8.75,0.1783,-9.26775,0.715125,-4.48065,-3.00675,-3.1111,-28.813,-10.4413,-8.324,-0.0105,34.1325,99.3975,389.2955,0.15725,-15.28975,16.23875
2,9.25,0.180625,-8.6225,0.70135,-4.91695,-3.4773,-3.1615,-35.381875,-7.6505,-8.3385,0.00475000000000001,32.0715,99.3975,388.05675,0.16725,-9.26029999999999,24.8075
2,9.75,0.206675,-8.0995,0.809475,-4.995375,-3.629,-2.41795,-13.967,-5.92,-8.3275,0.0295,29.56625,99.3975,386.672275,0.17,5,28.1175
2,10.25,0.2538,-7.43775,0.958625,-5.47965,-4.154925,-2.8593,-17.97205,-5.1167,-8.2655,0.05,27.93025,99.4975,385.840825,0.1745,10.86275,33.37
2,10.75,0.25675,-6.917325,1.17355,-5.223275,-4.15705,-2.2113,-18.850425,-28.847225,-8.19,0.099,26.524,99.4975,385.76225,0.19,-0.783774999999998,36.60275
2,11.25,0.2388,-6.439775,1.082225,-5.2194,-4.60505,-2.240875,-19.9777,-6.06855,-8.071,0.124275,25.2005,99.495,386.35415,0.19725,8.853125,38.1
2,11.75,0.253075,-5.910175,0.968375,-5.238125,-4.54575,-1.9305,-17.83365,-17.93415,-7.91375,0.1469,24.7325,99.3975,385.509975,0.20725,13.86525,40.6315
2,12.25,0.2889,-5.693225,1.210525,-5.41175,-5.27215,-1.32195,-11.059525,-9.055325,-7.701,0.20425,23.25175,99.3975,385.203875,0.2145,12.65075,37.905
2,12.75,0.215,-5.538325,1.1169,-5.8042,-5.34,-1.498,-11.801625,-2.078,-7.46825,0.219,23.36625,99.2975,385.6883,0.22,9.2375,39.561
2,13.25,0.273825,-5.186675,0.942275,-5.3732,-4.669375,-1.4831,-11.19875,-2.906,-7.45075,0.19425,22.0905,99.2,386.02395,0.21725,8.72775,48.933
2,13.75,0.22715,-5.19855,1.233675,-4.874675,-5.065,-1.18155,-8.25285,-3.656,-7.4005,0.23,21.90275,99.1975,384.9659,0.22725,14.90425,43.7375
2,14.25,0.236525,-5.21615,1.167675,-4.2984,-4.02,-1.274275,-8.656625,-16.297,-7.13675,0.16475,21.60675,99.295,384.1059,0.2245,9.5441,36.98
2,14.75,0.220925,-4.724875,1.133825,-3.8646,-3.49,-1.112925,-16.40375,-7.663975,-7.0054,0.15475,21.88775,99.295,384.37435,0.22175,7.334175,30.35775
2,15.25,0.2341,-4.69045,1.024525,-3.751,-3.529,-0.871,-28.5195,-8.0088,-6.936425,0.17475,21.956,99.295,384.23145,0.22175,-0.59695,29.165
2,15.75,0.1672,-4.697875,1.03025,-3.0785,-3.083,-0.80455,-36.897225,-23.401875,-6.869625,0.16,22.43025,99.2975,384.9019,0.21,-0.85385,22.38675
2,16.25,0.132125,-4.87495,0.8718,-2.400125,-2.22945,-0.56705,-47.1842,-14.08,-6.771675,0.1195,23.54175,99.2975,385.025275,0.21,-12.34425,11.0625
2,16.75,0.10625,-4.95225,0.762725,-0.4521,-1.04175,-0.84415,-68.399625,-9.01035,-6.7129,0.079,24.759,99.2,385.940525,0.2145,-47.63475,3.3425
2,17.25,0.0906,-5.352,0.769975,-0.11645,-0.686,-0.6405,-75.315825,-10.03535,-6.6114,0.05375,26.38925,99.3,387.085,0.2045,-77.2375,0
2,17.75,0.0485,-5.99775,0.70655,0.092775,-0.22775,-0.3914,-78.70545,-18.124775,-6.5137,0.04425,28.61325,99.4,388.7082,0.18725,-87.2,-1.06
2,18.25,0.05525,-7.0245,0.7323,0.503325,-0.184875,-0.4268,-76.562825,-12.77655,-6.41025,0.0395,29.8515,99.3975,389.598,0.1845,-87.5825,-0.5
2,18.75,0.0465,-7.53675,0.73415,0.3852,0.00735,-0.5852,-78.0674,-16.017075,-6.335175,0.0395,30.829,99.495,389.573225,0.1945,-86.5825,-0.5
2,19.25,0.0453,-7.892,0.687675,0.128025,-0.150825,-0.7836,-80.3398,-7.2792,-6.306075,0.03475,31.378,99.4925,389.146875,0.19725,-87.3275,-0.5
2,19.75,0.04375,-8.28575,0.676625,0.2746,-0.2145,-0.929025,-82.314,-29.0276,-6.239275,0.03475,31.95325,99.4975,389.53035,0.18725,-86.0275,-0.5
2,20.25,0.0636,-8.589,0.74985,0.3337,-0.0075,-0.80625,-92.1464,-9.3841,-6.244625,0.03,31.934,99.5,389.2839,0.17725,-86.0275,-0.5
2,20.75,0.04875,-8.4225,0.757325,0.342425,-0.29585,-0.64445,-100.6434,-13.28305,-6.259325,0.04,32.402475,99.5,390.9724,0.16725,-86.31,-0.5
2,21.25,0.051125,-8.50375,0.76715,0.343,-0.1762,-0.9412,-89.0936,-11.1448,-6.3023,0.04,32.219725,99.595,390.9712,0.16725,-86.5,-0.5
2,21.75,0.0604,-8.85775,0.71275,0.114125,-0.096275,-1.094725,-95.94625,-8.593375,-6.304325,0.03475,31.13575,99.5,393.00905,0.1645,-86.365,-0.5
2,22.25,0.0302,-9.06025,0.7583,-0.027,-0.08545,-0.695875,-87.18325,-9.76975,-6.508775,0.02475,31.8245,99.5,392.260475,0.15725,-87.155,-0.5
2,22.75,0.0405,-9.199,0.594975,-0.02905,-0.090475,-0.8204,-87.2358,-8.7547,-6.7878,0.02475,31.38625,99.4975,392.687475,0.1545,-87.3375,-0.5
2,23.25,0.033875,-9.5775,0.588075,0.216825,-0.0951,-0.922,-94.415075,-9.86,-6.89635,0.02,32.539975,99.4975,393.431625,0.1545,-86.9275,-0.5
2,23.75,0.02985,-9.614,0.49,0.1959,0.00275,-0.86695,-83.3127,-9.74635,-6.975075,0.02,33.89825,99.4975,391.804475,0.14725,-86.4275,-0.5
3,0.25,0.0395,-5.762825,0.750175,0.17655,-0.06175,-0.645625,-77.80305,-15.15035,-7.3165,0.795575,30.47175,99.6975,390.678725,0.16725,-84.9825,-0.5
3,0.75,0.045625,-5.91525,0.645375,0.124,-0.05325,-0.795,-69.50445,-8.43475,-7.471,0.79295,30.28025,99.7,390.69195,0.16,-86.175,-0.5
3,1.25,0.0487,-6.606,0.711975,0.0723000000000001,-0.1793,-0.796825,-75.74215,-17.472425,-7.6665,0.78805,30.99975,99.6975,390.873975,0.16,-86.455,-0.5
3,1.75,0.0643,-7.2165,0.693575,0.298625,-0.157175,-0.643825,-72.7298,-6.1178,-7.82975,0.779775,31.660475,99.6,391.471725,0.15,-86.5025,-0.5
3,2.25,0.06465,-7.77675,0.52705,-0.0800000000000001,-0.05325,-1.216825,-69.499125,-5.3378,-7.92775,0.777575,32.0985,99.6,391.60625,0.1645,-85.2275,-0.5
3,2.75,0.0588,-7.57975,0.577775,0.3318,-0.1074,-0.7455,-66.731,-5.6523,-8.06825,0.774425,32.956525,99.6,391.640525,0.1645,-85.2375,-0.5
3,3.25,0.04985,-7.56875,0.605775,0.16075,-0.032125,-0.7312,-74.607775,-6.36115,-8.16875,0.769625,34.2745,99.6975,391.8853,0.15,-85.11,-0.5
3,3.75,0.063825,-7.835,0.568425,0.1682,-0.0615,-1.137125,-67.572325,-8.3076,-8.252,0.767725,34.856,99.7,392.7506,0.15,-83.8275,-0.5
3,4.25,0.049125,-8.15625,0.632825,-0.025,-0.1057,-1.446,-62.975025,-12.3048,-8.36925,0.767725,34.9085,99.7,393.346525,0.15725,-83.23,-0.5
3,4.75,0.0312,-8.53025,0.5743,0.0614000000000001,-0.0904,-1.2118,-65.6096,-18.97245,-8.503,0.76835,35.1395,99.6,393.4173,0.15725,-82.9,-0.5
3,5.25,0.057825,-8.9355,0.723575,0.123425,-0.0359,-1.00625,-64.795875,-11.0552,-8.63025,0.76875,38.11975,99.5975,393.364475,0.15725,-83.265,-0.5
3,5.75,0.046,-9.38425,0.6263,-0.520925,-0.1419,-1.385,-63.744,-6.7192,-8.7055,0.763,41.245,99.5975,393.62195,0.16,-81.3025,-0.3
3,6.25,0.05565,-9.5165,0.666425,-0.3323,-0.120825,-1.240575,-59.2885,-6.501,-8.65475,0.75885,39.6245,99.6,393.54195,0.15725,-73.7275,0
3,6.75,0.0916,-8.10275,0.66305,-2.57935,-1.074325,-2.3778,-57.5394,-15.70535,-8.61275,0.756225,39.07525,99.6,393.25115,0.15,-54.66325,1.215825
3,7.25,0.107175,-8.219,0.5745,-5.09535,-3.2752,-2.982,-46.275875,-11.318,-8.5875,0.752075,37.473,99.6,392.645875,0.16,-17.9,8.1015
3,7.75,0.1536,-7.7115,0.630375,-8.2994,-5.0625,-3.660625,-37.9238,-4.90685,-8.43875,0.7467,34.30475,99.5975,392.06125,0.14725,-6.842225,15.1175
3,8.25,0.14765,-6.415925,0.756675,-8.70805,-6.110625,-3.56,-28.7576,-10.0306,-8.279,0.746425,31.418,99.5975,391.22955,0.15,-2.609725,20.40875
3,8.75,0.1968,-5.92035,0.79635,-8.7956,-7.80665,-3.653225,-12.085,-2.1825,-8.13525,0.73795,28.7525,99.6975,390.3285,0.16,2.931825,29.64
3,9.25,0.2252,-5.239525,0.82885,-8.698,-7.2698,-2.6418,-12.43585,-7.104125,-8.0765,0.72795,28.0245,99.6975,388.5637,0.16,10.987,37.405
3,9.75,0.247425,-5.0255,1.048,-9.04095,-8.2186,-2.1555,0.59025,-5.7128,-7.4545,0.72485,26.00125,99.6975,387.87195,0.17725,16.0245,46.2925
3,10.25,0.26345,-4.70575,1.0243,-8.839375,-8.292275,-1.98945,6.26545,-2.203025,-6.495275,0.729375,23.67925,99.6,386.98855,0.24175,23.94075,62.92125
3,10.75,0.243325,-4.29875,1.1116,-9.4532,-8.6635,-1.91755,17.112775,-0.0805749999999991,-6.282575,0.73925,21.1065,99.6,386.428775,0.28175,27.28075,61.6525
3,11.25,0.2622,-3.999,1.2285,-9.13105,-8.636,-1.301,14.91875,2.674625,-6.14805,0.752375,20.45375,99.5975,386.66225,0.29,23.41075,68.83475
3,11.75,0.26695,-3.87975,1.185425,-9.28975,-8.6096,-1.27405,22.8438,-0.29325,-5.778625,0.798125,19.5005,99.5,386.6801,0.3,29.188,74.44
3,12.25,0.261825,-3.39925,1.346725,-8.818325,-8.617025,-1.49695,18.3833,6.043625,-5.413475,0.855275,18.8635,99.4975,386.04575,0.2945,31.533,68.15075
3,12.75,0.31825,-2.94725,1.19165,-8.6575,-8.4022,-1.0778,7.8784,1.123,-5.337725,0.898025,18.29275,99.4975,386.5741,0.30725,25.556,65.695
3,13.25,0.30475,-2.982,1.338875,-8.67225,-8.66055,-1.0132,10.216,2.935,-5.233025,0.94415,17.22175,99.4975,386.532375,0.29725,12.94625,52.1125
3,13.75,0.306725,-2.584,1.34515,-7.7592,-7.907925,-1.07215,0.997775000000001,2.6861,-4.843875,1.0169,17.1535,99.4,385.6843,0.32175,19.95025,55.41375
3,14.25,0.33095,-2.281,1.3939,-7.270575,-7.3233,-0.9908,-0.0946999999999973,0.1105,-4.565,1.151225,16.14825,99.4975,385.7248,0.3,19.78075,46.315
3,14.75,0.36205,-2.0715,1.40315,-7.239875,-7.55825,-1.1148,1.638,-5.7112,-4.6309,1.229,15.754,99.4975,385.33175,0.359,9.70875,40.39175
3,15.25,0.3792,-1.988,1.215725,-6.9139,-6.8035,-1.305975,-1.853925,-0.326774999999998,-4.28785,1.28105,15.42,99.5,385.09625,0.38,1.1126,28.1465
3,15.75,0.3936,-2.053,1.1168,-5.651775,-5.5272,-1.0918,-8.6055,-2.518125,-4.480975,1.3096,15.4755,99.5975,385.3535,0.32,0.807675000000001,27.231
3,16.25,0.2947,-2.0615,0.98745,-4.82105,-4.6464,-0.691,-9.5388,-2.4655,-4.382875,1.299725,15.58925,99.695,385.338225,0.29175,0.89145,21.6125
3,16.75,0.158675,-2.08425,0.997125,-4.2558,-3.81575,-0.39885,-43.023025,-8.3115,-4.31665,1.2644,15.73075,99.695,385.96,0.27,-4.34265,13.6725
3,17.25,0.1599,-2.269,0.861725,-2.7525,-2.80345,-0.566325,-61.762675,-6.3358,-4.3032,1.220675,16.85675,99.6975,386.857375,0.26175,-45.436,6.5525
3,17.75,0.10295,-2.736975,0.797475,-0.536,-0.962325,-0.3081,-77.967225,-2.837,-4.26415,1.181175,19.075,99.6975,387.923,0.27725,-74.31,0
3,18.25,0.046,-3.354125,0.66945,-0.0920249999999999,-0.060075,-0.3709,-84.051425,-16.9175,-4.2474,1.14535,19.62425,99.7,388.85825,0.2745,-89.555,-0.1285
3,18.75,0.0467,-3.766675,0.6162,0.350275,-0.1822,-0.3694,-81.3604,-14.953875,-4.798925,1.1094,22.2065,99.7975,389.1106,0.25725,-89.5025,-0.44085
3,19.25,0.056925,-4.014575,0.66935,0.2647,-0.032075,-0.753825,-77.8654,-12.1972,-5.200725,1.084025,22.85325,99.7975,388.97805,0.2445,-89.3925,-0.407
3,19.75,0.0565,-4.072875,0.5948,0.189875,-0.05,-0.626,-86.0815,-12.772975,-5.64595,1.05865,23.81625,99.795,389.3735,0.22,-89.1275,-0.41225
3,20.25,0.050375,-4.476725,0.51835,0.394,-0.3643,-0.6275,-84.26825,-10.38455,-6.03865,1.041325,25.67425,99.795,389.53375,0.2245,-88.7275,-0.34025
3,20.75,0.0573,-4.678125,0.69085,0.2366,0,-0.6195,-78.2414,-6.4982,-6.583325,1.035975,25.7745,99.8,390.1138,0.22175,-87.0375,-0.5
3,21.25,0.042,-4.728275,0.74415,-0.22055,-0.079625,-0.9315,-79.593625,-10.5098,-6.880925,1.035075,26.80325,99.8,390.5898,0.20725,-87.91,-0.5
3,21.75,0.03655,-4.6815,0.706925,0.32235,-0.0861,-0.70395,-76.660775,-12.823775,-6.843,1.0327,27.0595,99.8,390.830525,0.19725,-87.8275,-0.5
3,22.25,0.05065,-4.6135,0.74335,0.1415,-0.035125,-0.88525,-73.903825,-7.546475,-6.918775,1.0278,26.73175,99.7,390.590875,0.2,-86.9825,-0.5
3,22.75,0.031475,-5.50275,0.5947,0.241125,-0.05825,-0.55625,-71.9904,-7.5018,-7.09125,1.0205,27.1205,99.7,390.3587,0.19,-85.9925,-0.5
3,23.25,0.041875,-5.4481,0.6734,0.15175,-0.10215,-0.7915,-74.703075,-6.439,-7.1775,1.01455,29.00425,99.7,390.7008,0.18725,-85.3125,-0.5
3,23.75,0.0431,-5.704625,0.561575,-0.14075,-0.2002,-0.89995,-69.80875,-6.42375,-7.37575,1.0088,29.3735,99.7,390.491,0.17725,-86.4275,-0.5
4,0.25,0.051,0.469375,0.6088,0.24655,-0.02105,-0.8698,-74.171,-11.4559,-9.0615,5.6863,34.178,99.2975,393.84815,0.249,-84.075,-0.253
4,0.75,0.04415,0.10135,0.705175,0.748,0.00889999999999999,-1.0825,-76.6357,-11.04635,-9.6715,5.526325,35.7525,99.295,393.871375,0.239,-82.7375,-0.2671
4,1.25,0.061075,-0.1624,0.6973,0.47125,-0.0228,-0.656775,-69.70165,-18.7541,-10.22275,5.37005,35.8625,99.1975,393.8951,0.24725,-82.5825,-0.2678
4,1.75,0.07515,-0.535225,0.76605,0.673,-0.047625,-1.0733,-72.4504,-9.14565,-10.22975,5.228,38.56875,99.1975,394.614875,0.2545,-82.155,-0.2692
4,2.25,0.06725,-0.653075,0.684625,0.481,-0.229275,-0.990975,-81.56815,-8.2596,-10.0965,5.1348,40.905,99.1,393.46875,0.25725,-80.11,-0.2533
4,2.75,0.04925,-0.955975,0.65635,0.443425,-0.07775,-1.36475,-79.4364,-8.223825,-10.10475,5.05525,42.993,99.1975,394.586375,0.2545,-79.9775,-0.2692
4,3.25,0.03725,-1.216,0.60695,0.36355,-0.195975,-1.04245,-79.117275,-13.3185,-10.23275,4.995175,44.205,99.1975,394.27985,0.2545,-81.31,-0.256
4,3.75,0.046,-1.308125,0.5638,0.32375,-0.212375,-1.597125,-78.572,-9.244925,-10.36075,4.926675,45.25325,99.2925,393.4779,0.22725,-82.41,-0.253
4,4.25,0.047975,-1.2462,0.5708,-0.617575,-0.15275,-1.0082,-76.3328,-7.6134,-10.4805,4.865,44.41975,99.295,393.917975,0.2045,-82.3375,-0.253275
4,4.75,0.045,-1.3586,0.619925,-0.357625,-0.1815,-1.441375,-80.551,-11.769775,-10.479,4.823825,44.25,99.3925,393.72655,0.2,-82.455,-0.253
4,5.25,0.045,-1.42605,0.64015,0.0134000000000002,-0.59845,-1.433125,-76.174,-13.423125,-10.41375,4.7816,45.7885,99.3925,393.7151,0.19725,-80.2375,-0.0585
4,5.75,0.06,-1.206975,0.492725,-3.77875,-1.58475,-2.518,-69.825875,-7.8571,-10.635,4.7395,46.6315,99.395,393.8948,0.18725,-69.23025,0
4,6.25,0.107625,-0.428375,0.54035,-7.224375,-3.6848,-3.05515,-51.087325,-12.4683,-10.74125,4.72185,43.216,99.395,393,0.18725,-33.53975,6.4725
4,6.75,0.14465,0.22295,0.535875,-7.91455,-6.845,-3.5409,-32.61015,-7.93075,-10.53625,4.713325,40.5905,99.395,392.713175,0.1945,-21.30125,12.3065
4,7.25,0.20335,1.198375,0.497175,-10.7752,-8.2765,-3.681,-27.46155,-12.44,-9.805,4.738225,34.83225,99.395,392.50005,0.23725,0.65765,17.16
4,7.75,0.148,2.095725,0.643225,-11.1556,-9.2177,-3.6546,-25.599175,-11.8059,-8.32975,4.682075,30.70025,99.395,392.0162,0.33,2.3652,21.02
4,8.25,0.185,2.710375,0.6969,-14.4606,-11.02095,-3.5131,-24.75955,-0.895649999999999,-6.723375,4.643525,28.0175,99.3,390.9976,0.3445,9.462,31.828975
4,8.75,0.2697,3.20965,0.929775,-12.13425,-10.794175,-3.2701,-16.680125,-1.803875,-5.371725,4.627175,25.87175,99.2975,390.038375,0.3645,12.60725,35.96675
4,9.25,0.222625,3.1393,1.049825,-12.090025,-11.2796,-2.3604,-24.3284,-1.687425,-4.375775,4.625575,23.2925,99.295,388.45,0.37,22.4445,47.5985
4,9.75,0.27,3.72885,1.1657,-12.456675,-11.5593,-2.0971,-19.363125,-9.432125,-3.23965,4.66365,22.08175,99.2,387.296575,0.40725,23.51675,49.5725
4,10.25,0.237875,3.759475,1.039625,-12.7106,-12.165,-1.8141,-26.57,-6.4634,-2.30815,4.742325,20.8085,99.2,386.791125,0.44,19.943,38.902
4,10.75,0.263,3.977075,1.049975,-12.2615,-11.4274,-1.5439,-5.34735,-5.7931,-1.279575,4.9679,19.345,99.2975,386.2848,0.47175,14.419,59.33
4,11.25,0.191,4.042425,0.951625,-11.3797,-11.362625,-1.2602,0.841400000000002,-1.1536,-0.75765,5.3366,18.3835,99.2,386.537725,0.4845,30.15375,68.5025
4,11.75,0.253275,4.174325,1.315825,-11.9884,-11.8892,-1.1714,-13.798,-1.50985,-0.255175,5.9947,17.27,99.1975,387.0481,0.49725,30.51125,63.8145
4,12.25,0.234125,4.6264,1.0762,-11.935225,-11.5874,-0.9864,-15.40505,-3.89475,-0.0347,6.724975,16.388,99.1975,386.9329,0.494,31.776,70.93
4,12.75,0.228275,5.22835,1.129975,-10.34,-9.879975,-1.087975,0.961650000000001,-3.3409,-0.1358,7.20975,16.025725,99.195,386.7043,0.4745,28.96725,63.6345
4,13.25,0.268,5.346425,1.273975,-10.3765,-9.94925,-1.161275,-3.00935,0.964425,-0.0788749999999999,7.39465,15.4285,99.195,386.28675,0.578,19.1755,52.0025
4,13.75,0.299,5.1924,1.382775,-10.29575,-9.897625,-0.9194,-2.1382,-4.3404,-0.0324499999999999,7.5414,15.378,99.195,386.18345,0.598,22.119,51.50375
4,14.25,0.30505,4.947425,1.259,-9.8386,-9.780925,-0.759,-12.251725,3.1755,-0.0197249999999998,7.83055,15.23625,99.195,386.28575,0.54625,17.529,51.13125
4,14.75,0.25185,5.08455,1.16355,-9.8476,-9.768375,-0.9236,-12.829375,1.027775,-0.0285249999999998,7.865725,15.11475,99.295,385.7364,0.55,11.345,47.87175
4,15.25,0.3014,5.222675,1.17005,-8.597375,-8.518975,-0.92175,-9.3395,-1.2678,-0.171175,7.8856,15.1925,99.295,384.860125,0.49525,6.843,37.29725
4,15.75,0.3171,5.15625,1.3615,-7.8307,-7.521875,-0.7678,-24.6586,0.242575,-0.23135,7.92955,15.3145,99.295,384.9196,0.47625,4.19005,36.14
4,16.25,0.2734,4.936775,1.2288,-6.9621,-6.89025,-0.4665,-21.65325,-1.98975,-0.672075,7.9368,14.6985,99.3925,385.2892,0.48175,3.85875,28.85675
4,16.75,0.2612,4.6595,1.2259,-5.345875,-5.313025,-0.5146,-34.852,-4.631025,-0.308499999999999,7.902625,15.7725,99.3925,385.678625,0.44725,-4.701075,16.8175
4,17.25,0.1978,4.23025,1.110725,-4.315675,-4.3496,-0.344925,-43.5622,-5.2721,-0.4847,7.87265,17.16275,99.395,386.5786,0.43,-16.54075,10.05725
4,17.75,0.13675,4.04395,0.823175,-2.09945,-2.710725,-0.2992,-73.44995,-13.8801,-0.777,7.840175,19.3175,99.395,387.415,0.42,-38.598,5.5325
4,18.25,0.0915,3.9057,0.7797,-0.4864,-1.202725,-0.124425,-72.186225,-8.48835,-1.439225,7.81755,20.91325,99.395,388.8526,0.41,-78.555,0
4,18.75,0.062,3.228825,0.7248,0.592425,-0.2782,-0.1848,-84.117,-17.0976,-2.015325,7.706475,22.8905,99.3,390.44385,0.39,-90.31,-0.1328
4,19.25,0.042,2.813625,0.68005,0.96765,-0.000899999999999981,-0.16335,-76.536925,-10.773125,-3.300425,7.52825,24.28,99.3,391.74565,0.39,-88.8675,-0.3
4,19.75,0.041875,2.516175,0.62615,0.7536,0.049125,-0.345975,-87.852025,-9.586,-4.530675,7.293975,24.3,99.2975,392.8974,0.39,-87.73,-0.3
4,20.25,0.03805,1.897775,0.645975,1.02625,0.00604999999999999,-0.617125,-79.365525,-14.4303,-5.3812,7.062425,24.56,99.3925,393.3086,0.3845,-88.03,-0.3
4,20.75,0.04765,1.308625,0.566175,0.665,0.0631,-0.46165,-75.92045,-12.3962,-6.118125,6.838125,26.32,99.39,393.56615,0.3735,-86.54,-0.3
4,21.25,0.038975,1.58875,0.6359,0.2629,0.0254,-0.793625,-83.7723,-14.7426,-6.762625,6.6154,26.5175,99.39,393.8298,0.358,-88.0275,-0.3
4,21.75,0.037,1.56395,0.59455,0.804725,0.02665,-0.5088,-86.119,-9.29005,-7.2955,6.4174,28.435,99.295,393.18615,0.309,-85.9,-0.3
4,22.25,0.052,1.384,0.611175,0.66185,-0.0054,-0.821775,-82.063,-9.47815,-7.71275,6.2712,29.364,99.295,393.2639,0.2745,-85.5,-0.3
4,22.75,0.0467,0.844425,0.726275,0.43975,0.0492,-0.9401,-77.397,-12.95895,-8.17275,6.19795,29.345,99.2,393.4022,0.26725,-85.82,-0.3
4,23.25,0.049925,0.99035,0.7604,0.09945,-0.0745,-1.23155,-83.992,-15.34085,-8.6875,6.14755,30.0395,99.2,392.7916,0.2545,-85.255,-0.254
4,23.75,0.040875,0.77785,0.765275,0.0168500000000002,-0.265625,-0.980975,-87.412375,-11.961,-9.1675,6.089325,31.7745,99.2975,393.6844,0.2445,-84.0375,-0.2532
5,0.25,0.03865,5.369475,0.64325,1.3569,0.1096,-1.95095,-59.74,-9.81025,-8.933,11.448425,44.90975,99.8775,394.72025,0.29,-75.91,-0.253275
5,0.75,0.02985,5.178075,0.625525,1.2436,-0.0852,-1.6448,-67.3718,-9.50795,-8.705,11.35595,47.1735,99.8775,395.2514,0.27,-73.9375,-0.252
5,1.25,0.0395,4.80625,0.653575,0.2944,-0.020875,-1.2253,-70.181,-7.31865,-8.651,11.245825,48.589,99.8775,394.4978,0.27,-74.355,-0.253275
5,1.75,0.0436,4.7367,0.639225,0.400575,0.1636,-1.6481,-63.28125,-9.5269,-8.874,11.1795,47.093,99.8775,394.248775,0.25725,-74.495,-0.252
5,2.25,0.0571,4.44195,0.6608,0.863725,-0.08325,-1.347,-65.508,-6.609725,-9.041,11.0095,46.6935,99.8775,393.93705,0.23725,-73.4925,-0.252
5,2.75,0.0383,4.288775,0.65815,-0.1227,0.00904999999999999,-1.508375,-57.6685,-8.4194,-9.148,10.83425,49.29025,99.8775,393.6919,0.23725,-74.22,-0.253275
5,3.25,0.0559,4.331525,0.7366,0.0567,-0.206875,-1.57065,-63.3625,-7.1358,-9.16,10.6795,51.239,99.8775,394.148925,0.23725,-72.7325,-0.254
5,3.75,0.0389,4.1072,0.73425,1.0481,-0.1162,-1.5684,-57.161625,-11.0085,-9.135,10.559,51.7335,99.855,393.833875,0.23725,-74.51,-0.252
5,4.25,0.04655,3.93395,0.57165,0.1395,-0.379375,-2.797175,-57.2908,-7.767875,-9.179,10.450075,49.8405,99.855,394.34825,0.2345,-73.3025,-0.2421
5,4.75,0.0567,3.577625,0.566525,-0.6076,-0.6725,-3.293375,-63.854625,-6.9072,-9.302,10.326325,48.3065,99.8775,394.8311,0.2245,-68.16325,0
5,5.25,0.0598,3.873,0.5284,-2.9835,-1.92465,-2.73715,-50.926375,-9.015325,-9.414,10.21945,48.307,99.8775,395.0992,0.2245,-51.2225,0
5,5.75,0.081,4.98915,0.509625,-7.03115,-5.34385,-3.751425,-47.161275,-17.304075,-9.406,10.1355,49.30225,99.8775,394.0044,0.21725,-18.248,7.1175
5,6.25,0.11395,6.43975,0.58205,-10.977125,-9.1076,-4.6966,-31.9096,-17.28,-8.98,10.03925,49.614,99.8775,391.978,0.23,-6.3329,12.8175
5,6.75,0.1431,7.51725,0.622725,-12.769625,-11.249875,-5.5923,-22.8275,-1.6962,-8.864,9.973,46.43125,99.8775,391.161325,0.23725,-5.50785,19.6175
5,7.25,0.167025,8.23225,0.612225,-15.18255,-11.922,-5.7316,-18.9167,-2.9015,-5.7612,9.93725,40.618,99.9,388.65045,0.23,-0.589674999999997,24.5725
5,7.75,0.23235,8.67975,0.7127,-18.498,-15.597775,-5.0086,-11.7841,-1.32655,-4.4313,9.983,35.18,99.9,386.4492,0.24725,8.199225,37.5595
5,8.25,0.2159,9.37075,0.75125,-17.80885,-14.8376,-3.849575,-5.22199999999999,0.252175,-3.478,10.084,32.2965,99.8775,382.84,0.2645,21.83025,56.93825
5,8.75,0.2485,9.61,0.851325,-19.0554,-16.998225,-2.804175,-3.515325,2.50065,-2.5409,10.24225,29.49725,99.855,381.631125,0.2945,23.03675,56.27
5,9.25,0.2006,9.846,0.85035,-17.7777,-16.8415,-2.1469,-2.15385,1.6107,-1.9518,10.419,27.73975,99.855,379.31615,0.2945,33.43,63.495
5,9.75,0.2125,10.2235,0.968475,-18.749875,-17.8815,-1.9775,-5.5655,1.65545,-1.3807,10.64225,26.9025,99.855,377.87545,0.33725,37.03125,67.87
5,10.25,0.2162,10.36325,1.092575,-17.3705,-17.04555,-1.85625,-4.1323,5.6249,-0.9097,10.87925,24.43525,99.8,377.804475,0.42625,36.8645,93.23
5,10.75,0.20325,10.59275,1.08135,-18.7485,-18.317075,-1.50355,2.0362,1.67735,-0.3464,11.1305,23.105,99.8,378.10415,0.4,38.90025,82
5,11.25,0.27555,10.602,1.17045,-17.8656,-17.39465,-1.19855,5.00935,1.1241,-0.0866,11.475,21.6175,99.8,378.61975,0.47175,37.96025,103.9075
5,11.75,0.225975,10.34175,1.08425,-17.824375,-17.2322,-1.0296,-0.0392249999999997,2.2199,0.0575000000000001,11.839,21.03675,99.7775,378.423625,0.5645,49.3765,95.955
5,12.25,0.2752,10.3975,1.05675,-16.8344,-16.6977,-0.95505,7.073925,6.81605,-0.0352,12.1295,20.426,99.7775,378.351225,0.698,43.7445,90.98
5,12.75,0.31365,10.08,1.280775,-17.7398,-16.9141,-1.1481,8.767375,1.524275,-0.0657,12.4895,21.834,99.7775,377.787675,0.69725,41.86025,80.78
5,13.25,0.289225,9.9325,1.29715,-15.8766,-15.68,-1.029,1.73985,6.1326,-0.0838,12.696,21.31975,99.7,377.341,0.6945,35.3775,74.52
5,13.75,0.250525,9.98875,1.26085,-16.4594,-16.275,-0.802875,1.35575,2.354775,0.1101,12.7295,21.81675,99.7,377.691,0.60725,38.26275,76.865
5,14.25,0.311225,10.03325,1.39745,-14.9168,-14.978975,-0.94835,7.965,-0.666,-0.0950999999999999,12.75275,21.796,99.7775,377.73225,0.59725,38.32025,82.87
5,14.75,0.351825,10.22675,1.409075,-12.481375,-12.07,-0.947975,-2.50694999999999,-0.39525,0.0135000000000001,12.79475,21.0115,99.7775,377.695,0.59,32.07425,60.11375
5,15.25,0.31495,10.28625,1.333975,-12.612875,-12.61255,-0.8563,-2.702225,0.0807000000000005,-0.0748999999999999,12.7647,22.81025,99.78,376.940625,0.638,24.58975,61.32
5,15.75,0.254675,10.1325,1.2029,-10.379875,-10.895675,-0.918,4.08015,0.61475,-0.512125,12.769,22.97275,99.78,376.727,0.59725,22.54325,54.694
5,16.25,0.2831,9.988,1.3094,-9.2354,-10.33525,-0.874725,-9.6509,-0.39875,-0.400075,12.8098,23.15825,99.78,376.74735,0.6245,7.794125,47.2525
5,16.75,0.26925,9.879,1.155975,-7.374,-7.735,-0.7994,-21.5119,0.053,-0.3381,12.8242,22.597,99.78,376.668225,0.6445,6.88065,37.535
5,17.25,0.2492,9.76725,1.105775,-4.725,-4.879,-0.264,-49.48525,-7.680625,-0.310575,12.737175,22.688,99.8,377.58,0.61175,-1.76935,27.5335
5,17.75,0.157,9.64,0.912,-3.3175,-3.4888,-0.2048,-52.169,-2.708775,-0.595225,12.62905,23.5725,99.8,378.4992,0.58725,-20.01525,13.03175
5,18.25,0.132025,9.513,0.904725,-1.416625,-1.761475,0.0166000000000001,-66.23855,-8.9384,-0.942275,12.520375,25.46675,99.8,379.993775,0.56,-54.527,0
5,18.75,0.0898,8.848,0.76895,0.629125,-0.370325,0.1421,-71.327025,-16.8262,-1.298225,12.420675,28.23875,99.88,382.529775,0.5145,-74.1125,0
5,19.25,0.076,8.11725,0.79225,1.7993,0.1244,0.09575,-58.389,-13.503675,-1.761525,12.31955,31.971,99.88,385.03115,0.46,-85.4025,-0.0538
5,19.75,0.068,7.64425,0.69635,1.868075,0.16,-0.0284,-67.871,-9.22205,-2.417625,12.283325,33.13075,99.88,387.47455,0.44725,-84.2,-0.273275
5,20.25,0.05995,7.55325,0.70015,1.54545,0.11845,-0.24545,-57.96505,-9.203175,-3.79215,12.247575,35.67075,99.9,389.5649,0.39725,-80.175,-0.280425
5,20.75,0.06005,7.01725,0.7223,1.7475,0.0647,-0.419,-66.77545,-13.28955,-5.442675,12.152,35.8515,99.9,389.94245,0.3945,-79.685,-0.290575
5,21.25,0.051,6.87405,0.6912,1.6884,0.0738,-0.8782,-66.289,-7.533775,-6.1097,12.06025,38.785,99.9,390.8667,0.3645,-77.6825,-0.279825
5,21.75,0.0529,6.4915,0.681975,1.571275,0.193,-0.9588,-70.30065,-7.83325,-6.51115,11.9685,39.20275,99.9,391.612,0.34,-79.855,-0.292025
5,22.25,0.0685,6.427,0.7217,1.4905,0.09,-1.037975,-63.691375,-11.5441,-6.8381,11.87325,41.1725,99.9,392.0479,0.31,-79.9375,-0.258
5,22.75,0.043225,5.952525,0.7207,1.5662,0.00642499999999998,-0.796375,-67.238875,-7.6681,-7.4875,11.7095,42.39725,99.9,393.16495,0.30725,-76.91,-0.252
5,23.25,0.058775,5.947675,0.76425,1.368625,0.1827,-0.712875,-71.55215,-13.7535,-8.02,11.638,45.208,99.9,393.5324,0.29725,-76.3025,-0.254
5,23.75,0.054475,5.550225,0.74545,1.208225,0.14545,-1.0478,-71.112975,-8.6715,-8.4905,11.6232,45.7735,99.8775,395.1505,0.29,-76.175,-0.252
6,0.25,0.021725,11.61225,0.63645,1.498425,-0.6875,-2.307575,-55.098875,-6.7996,-5.107825,15.792,55.827,99.7975,394.2129,0.439,-69.18775,-0.2871
6,0.75,0.0281,11.36575,0.477,1.3976,-0.46455,-2.436,-54.731425,-8.8834,-5.36095,15.691,54.93125,99.8,393.81435,0.39,-66.908,-0.293275
6,1.25,0.023725,11.25575,0.547825,2.312525,0.0203000000000001,-1.90965,-50.739075,-6.64,-5.55665,15.566,56.55075,99.8,391.915,0.38725,-68.739,-0.27055
6,1.75,0.0407,10.95675,0.38505,1.7711,-0.0358,-2.4287,-62.5305,-7.522,-5.695575,15.431,58.6175,99.8,390.5245,0.38725,-68.41775,-0.27465
6,2.25,0.045,10.8365,0.4789,1.754,0.0819250000000001,-2.78275,-54.99,-7.4484,-5.94135,15.312,58.33925,99.8975,390.79665,0.37175,-71.11,-0.2631
6,2.75,0.0398,10.8255,0.422225,2.24995,-1.18945,-2.8912,-51.684,-6.909775,-6.299425,15.193,59.6535,99.995,392.52425,0.3745,-70.15025,-0.26955
6,3.25,0.038775,10.65925,0.50135,1.9555,-0.017,-1.8498,-55.0096,-8.0152,-6.46055,15.076,60.79025,99.9925,392.952525,0.35725,-69.478,-0.270275
6,3.75,0.032,10.35925,0.467,1.77975,-0.246525,-3.06145,-54.4496,-7.65315,-6.5874,14.969,61.9325,99.9925,392.8592,0.35,-69.8855,-0.258
6,4.25,0.0295,10.35225,0.4696,1.781,-0.292,-2.2325,-49.393,-10.59975,-6.560025,14.936,60.49975,99.995,393.49905,0.33725,-69.08275,0
6,4.75,0.0298,10.609,0.54335,0.3145,-0.2088,-3.0995,-49.7349,-8.667,-6.830775,14.912,59.6785,99.995,393.108,0.33725,-56.146,0
6,5.25,0.05575,11.1315,0.43025,-3.7454,-2.583225,-4.0981,-39.219875,-13.717875,-7.000775,14.87,58.92125,99.9,392.1957,0.34725,-35.87925,4.9075
6,5.75,0.05875,11.8375,0.44125,-9.167325,-6.0439,-7.1628,-18.97275,-12.995025,-6.89235,14.835,58.371,99.9,389.0977,0.37725,-6.49335,13.1525
6,6.25,0.11,12.55975,0.48975,-14.445375,-12.03825,-6.58825,-17.3024,-5.87185,-6.4254,14.786,56.21825,99.9,387.052,0.38725,3.768375,24.92175
6,6.75,0.149525,13.47975,0.5346,-20.9923,-15.61755,-9.16305,-7.4735,-4.63155,-5.503025,14.751,53.85025,99.8975,382.7256,0.4,10.526,35.7175
6,7.25,0.17825,13.7025,0.57985,-21.46305,-17.75575,-7.786825,-4.141,1.16545,-3.9603,14.761,51.6305,99.8975,377.862775,0.48975,18.68275,47.7255
6,7.75,0.193175,14.32425,0.773475,-20.2085,-17.6415,-5.835,-3.478475,0.53645,-2.9546,14.801,46.6965,99.8975,375.1458,0.60175,17.05825,56.2195
6,8.25,0.20805,15.134,0.7686,-23.1564,-20.97025,-5.0334,-6.90055,6.803,-1.7699,14.875,42.3375,99.8975,373.044925,0.61175,20.65525,64.71
6,8.75,0.22525,15.35425,0.778375,-24.60165,-23.0836,-4.370875,2.5905,12.972475,-1.182525,15.05225,38.0525,99.9,370.7157,0.67725,31.693,73.0675
6,9.25,0.197025,15.58625,0.836075,-23.9121,-22.9547,-3.434825,-0.0942750000000007,12.8874,-0.6403,15.1625,36.1105,99.9,370.6572,0.70175,34.325,89.11
6,9.75,0.1656,15.889,0.786825,-22.889625,-21.939125,-3.437425,3.66,17.960375,-0.134175,15.30775,34.95625,99.9,370.303,0.69175,34.568,97.6
6,10.25,0.140725,15.9245,0.946025,-23.16475,-22.6445,-2.1272,14.1886,30.902,0.2668,15.491,34.21725,99.9,370.032,0.7,49.724,113.935
6,10.75,0.19875,16.34075,0.993825,-23.48085,-23.261,-1.864225,12.72575,13.8796,0.96525,15.6905,33.040025,99.8975,369.17275,0.83875,52.60575,106.6075
6,11.25,0.255,16.459,1.04255,-22.77005,-23.12385,-1.51555,11.974275,39.0178,1.500225,15.8515,31.39925,99.9,370.048675,0.95975,55.4325,128.5275
6,11.75,0.213425,16.15475,0.9806,-24.233425,-23.493725,-1.4494,1.1475,21.5585,1.7878,15.842,29.16825,99.8975,369.9805,1.28725,49.593,116.155
6,12.25,0.249125,16.4875,1.06245,-22.457,-21.8908,-1.5133,-16.73345,42.67095,2.069925,16.135,29.17025,99.8975,369.644325,1.23325,64.817725,117.4475
6,12.75,0.2646,16.659,0.991025,-21.5776,-21.365275,-1.5263,-5.692875,12.6215,2.29555,16.486,28.56575,99.895,369.8555,1.80375,41.817,101.7425
6,13.25,0.242075,16.278,0.887125,-21.274625,-21.059375,-0.959,7.86595,37.325625,2.7411,16.938,28.3145,99.895,369.102625,1.64725,52.217,130.4725
6,13.75,0.2965,16.401775,1.1693,-20.4005,-20.3165,-1.3785,0.773425,28.9715,3.012525,17.305,27.55325,99.7975,369.5534,1.758,38.07275,102.2075
6,14.25,0.29075,16.462775,1.115525,-19.7905,-19.7138,-1.30175,-2.059875,35.43665,2.891775,17.42625,27.808,99.7,369.05955,1.6325,39.083,89.3025
6,14.75,0.321,16.308025,1.22295,-19.7032,-19.34875,-1.2164,-9.852875,31.5873,2.78455,17.52375,29.43675,99.7,369.299425,1.39725,37.8575,84.345
6,15.25,0.3083,16.28225,1.09785,-16.594,-16.143125,-1.56795,-10.265925,19.284875,2.441175,17.56625,29.73,99.6975,369.094075,1.2535,11.1619,65.135
6,15.75,0.2175,16.04525,1.1958,-15.07485,-15.075,-0.72085,-7.82975,30.7032,2.450725,17.585,29.73125,99.6975,368.9651,1.27875,0.220950000000003,29.53925
6,16.25,0.211325,15.978475,1.086075,-12.556025,-12.45,-0.613375,-19.70325,8.88665,2.371625,17.645,29.7945,99.795,368.156175,1.20425,-21.7705,39.635
6,16.75,0.22425,15.679,0.92025,-10.9892,-10.912275,-0.8654,-26.845325,11.829,2.30875,17.69625,30.148,99.795,369.06925,1.2745,2.36505,38.43
6,17.25,0.1604,15.6125,0.856375,-7.7656,-7.7447,-0.66885,-34.2558,2.104375,2.000725,17.70875,30.02775,99.795,370.20395,1.2745,-13.7085,27.2285
6,17.75,0.1594,15.67475,0.659275,-5.73975,-5.363275,-0.7627,-34.47785,-0.8344,1.6845,17.7,30.4595,99.7975,370.8845,1.05075,-15.5885,17.59
6,18.25,0.0978,15.34,0.53825,-2.1971,-2.70175,-0.48175,-46.5691,-22.7609,1.462975,17.68625,33.347025,99.8975,372.9811,0.7945,-23.293,8.57
6,18.75,0.05565,14.98175,0.445525,-0.2815,-1.051275,-0.092875,-59.56245,-9.45005,1.006075,17.67125,37.5185,99.9,374.7974,0.729,-45.6975,0
6,19.25,0.0503,14.4525,0.60175,2.3515,0.00255000000000001,0.1792,-47.718,-16.8332,0.788925,17.43,40.40575,99.9,378.6983,0.688,-70.55,0
6,19.75,0.04525,14.14525,0.5828,3.689,-0.0455749999999999,0.0688,-53.407575,-19.432625,0.100175,17.17125,43.64525,99.9,383.105225,0.6735,-72.21,-0.1422
6,20.25,0.032,13.63075,0.6227,3.3464,0.121475,-0.3374,-55.27715,-10.213,-0.530675,16.975,43.5225,99.9,384.4827,0.6945,-69.205,-0.3271
6,20.75,0.042725,13.33075,0.710775,3.06,0.052,-0.7565,-54.466775,-11.5,-1.3839,16.77875,44.38725,99.9,386.2185,0.709,-66.98025,-0.3251
6,21.25,0.025725,13.09,0.537525,2.5465,0.14185,-0.9031,-49.126975,-11.158625,-2.0154,16.6025,46.204,99.9,388.90975,0.66725,-68.5045,-0.31505
6,21.75,0.04825,12.96175,0.67635,1.947925,0.04395,-1.28895,-46.89425,-9.7786,-2.611,16.588125,47.35275,99.8,389.887,0.6145,-70.27575,-0.31555
6,22.25,0.032075,12.81975,0.571625,2.45675,0.068675,-0.786,-48.38475,-12.24125,-3.141575,16.4175,50.4425,99.8,389.698625,0.5545,-66.7915,-0.290375
6,22.75,0.0365,12.76,0.59985,2.35675,-0.0395,-2.057,-53.48025,-7.0926,-3.6996,16.287125,53.0105,99.7975,389.70725,0.5445,-68.41375,-0.3
6,23.25,0.045625,12.30625,0.506975,2.25805,-0.176725,-1.91,-54.90025,-9.632,-4.24385,16.105125,52.8135,99.7,391.591375,0.50725,-66.8595,-0.284925
6,23.75,0.0236,12.09775,0.44675,2.291275,-0.0106,-1.4758,-52.6238,-8.252525,-4.73555,15.94125,54.0065,99.7,392.7218,0.46725,-66.39275,-0.299275
7,0.25,0.0344,15.5315,0.5496,1.54,-0.0542,-3.005,-49.57575,-7.6434,-4.08305,19.00825,58.28,100.2975,387.54665,0.5945,-62.414,-0.238
7,0.75,0.03475,15.465,0.5528,2.255,-0.28785,-2.025925,-49.23355,-7.23405,-4.34625,18.82825,58.4985,100.2,389.03585,0.5845,-62.445,-0.238
7,1.25,0.0383,15.3475,0.37575,2.8885,-0.431599999999999,-1.9325,-45.5192,-8.56975,-4.5552,18.64825,59.868,100.2,388.605075,0.56,-62.03,-0.238
7,1.75,0.046775,14.8775,0.3407,2.677,0.194775,-2.597675,-48.498325,-10.6452,-4.7205,18.48275,59.932,100.2975,388.71335,0.55,-63.337,-0.238
7,2.25,0.0377,14.6185,0.4852,2.38375,0.0360000000000001,-3.56565,-47.3154,-7.627875,-4.8549,18.3195,60.06,100.2975,387.5287,0.54,-60.951,-0.238
7,2.75,0.04075,14.3655,0.5764,2.742975,0.130475,-2.8093,-46.209375,-11.39275,-4.86725,18.16625,60.948,100.2,387.24825,0.5145,-60.0935,-0.238
7,3.25,0.0245,14.2345,0.58415,1.809925,-0.173525,-3.15,-45.560625,-7.55325,-4.95005,18.054,63.1735,100.2,386.7097,0.49,-60.1785,-0.238
7,3.75,0.036,14.153,0.57225,1.676975,0.0268,-2.3706,-53.018,-7.36915,-5.1021,17.93625,64.008,100.2,386.7412,0.4545,-61.767,-0.238
7,4.25,0.03525,14.0025,0.4756,1.9054,-0.245325,-2.5424,-49.485375,-12.63825,-5.00915,17.82075,65.21945,100.2975,387.0364,0.4545,-61.545,-0.210625
7,4.75,0.02585,14.0175,0.388,-0.408725,-0.0905,-4.3949,-45.06945,-11.016325,-4.9641,17.703,66.691,100.3,387.4224,0.4345,-57.0745,0
7,5.25,0.04175,14.354,0.34135,-1.6778,-1.775975,-5.316625,-39.786375,-8.94625,-5.14925,17.603,66.1325,100.2975,385.9602,0.4545,-42.4615,0
7,5.75,0.056825,14.9625,0.42335,-6.640125,-3.7261,-5.017475,-28.7252,-5.38445,-5.4925,17.4975,62.266,100.2975,385.13755,0.4545,-19.045,5.955
7,6.25,0.110475,15.83645,0.44545,-11.565275,-8.5613,-7.1594,-21.916375,-14.5858,-5.44025,17.4475,62.0355,100.3,382.655,0.49,-11.3175,18.715
7,6.75,0.1365,16.837,0.60615,-17.3125,-13.45815,-7.199,-10.09875,-3.125125,-4.94805,17.47695,58.8065,100.3,379.4115,0.589,-0.175000000000003,23.55
7,7.25,0.173,17.538,0.58545,-19.68145,-16.090525,-8.421925,-11.3919,1.07535,-4.0517,17.69095,55.0445,100.4,374.4185,0.7935,11.41,39.7565
7,7.75,0.170375,18.468,0.65515,-23.5745,-17.417,-7.546525,-4.14775,5.7586,-2.7879,17.9469,49.6975,100.3975,370.70335,0.86,29.641,70.448
7,8.25,0.176525,18.829,0.57665,-22.5776,-20.714,-5.9838,7.66305,15.5297,-1.62515,18.13675,44.568,100.3975,369.4292,1.0745,26.181,77.13
7,8.75,0.1848,18.9945,0.73135,-24.02545,-21.67045,-5.233375,12.1895,21.9794,-0.85635,18.49125,41.364,100.3,367.904875,1.0845,44.085,112.49
7,9.25,0.2007,18.975,0.75805,-22.277,-21.675125,-3.76395,9.49925000000001,27.480475,-0.0365000000000001,18.637,36.669,100.4,365.8691,1.485,42.0695,105.415
7,9.75,0.16885,19.4295,0.7397,-23.293125,-22.2242,-2.7004,16.8048,14.17485,0.32315,18.868,34.3635,100.3975,362.11325,1.728,55.114,94.76
7,10.25,0.2162,19.7905,0.8749,-21.9814,-21.30725,-2.3796,-3.7279,30.875,0.7609,19.00375,33.1525,100.3,361.447,1.7525,36.772,98.565
7,10.75,0.201925,19.7075,0.7985,-23.02675,-22.7138,-1.9391,9.570425,66.024375,1.22425,19.298,31.794,100.3,360.039925,1.777,44.7565,94.595
7,11.25,0.236175,20.287,0.8927,-22.8675,-21.85045,-1.800625,44.05035,94.03185,1.65845,19.69225,30.556,100.3,359.1777,1.9485,57.522,118.105
7,11.75,0.20485,20.4635,0.88815,-23.690775,-23.457875,-1.72985,5.32295000000001,29.960075,1.91155,19.94,29.277,100.3,359.0714,1.907,67.8855,127.59
7,12.25,0.2312,20.2415,0.85395,-21.81725,-21.486225,-1.337,18.52785,53.983925,2.01845,20.188,28.7235,100.2,359.774375,1.7935,63.82545,146.545
7,12.75,0.238725,20.6215,0.9826,-22.2452,-21.91395,-1.2193,25.8248,53.613,2.28895,20.5245,28.005,100.2,359.6102,1.9645,48.2705,125.59
7,13.25,0.21725,20.4115,1.06385,-20.5915,-20.1853,-1.33175,7.33765,15.1888,2.7192,20.83,27.1475,100.1975,358.616,1.7125,37.22,93.5425
7,13.75,0.2498,20.3245,1.0004,-20.1672,-19.628,-1.169475,11.298,17.8017,2.84145,21.02675,27.741,100.1975,359.0177,1.63,33.739,83.07
7,14.25,0.283775,20.3555,1.0157,-19.102975,-18.68915,-1.109225,0.754300000000003,20.62755,3.21795,21.1245,27.4395,100.1,360.05125,1.6555,26.3915,77.74
7,14.75,0.29885,20.176,1.0778,-18.3825,-18.44455,-0.83305,-12.59235,5.4177,3.2484,21.169,28.312,100.1,359.68375,1.719,21.5845,76.7575
7,15.25,0.27395,20.2705,1.04465,-16.5754,-16.5607,-0.826175,-13.853575,2.579125,2.835,21.23225,28.493,100.1,359.5567,1.5445,-0.482000000000002,61.78
7,15.75,0.29465,20.0345,1.0988,-15.8002,-15.732725,-0.840375,-24.06925,3.703375,2.7788,21.25125,28.38,100.1,360.75645,1.6435,-5.54765,28.145
7,16.25,0.27985,19.738,1.1033,-13.4902,-13.838375,-0.7446,-11.887,3.2511,2.51035,21.276,29.155,100.1,360.4814,1.6645,2.4357,37.33375
7,16.75,0.2263,19.5925,0.9211,-10.5956,-10.621975,-0.699,-32.3006,0.6868,2.8295,21.41375,29.129,100.1,360.54945,1.6335,4.79135,30.595
7,17.25,0.155125,19.5245,0.7694,-8.1441,-8.10895,-0.8916,-28.61,0.0234,2.3981,21.55225,30.196,100.1,360.12,1.77,-26.142,25.152
7,17.75,0.115,19.485,0.84385,-6.088875,-7.06545,-0.702,-36.250125,-0.0225999999999999,2.113,21.51125,31.836,100.1975,359.001225,1.578,-14.6585,14.122
7,18.25,0.056925,19.18,0.63945,-4.4854,-4.135125,-0.347575,-39.8785,-2.7273,1.63855,21.3425,33.742,100.2,360.7827,1.27,-20.1195,7.0295
7,18.75,0.059,18.966,0.4918,-2.4974,-3.09465,-0.16965,-48.785,-11.52075,1.15955,21.179,37.6785,100.2,364.33685,1.264,-43.595,0
7,19.25,0.055,18.6625,0.51245,0.97825,-0.483125,-0.152775,-47.453625,-15.9876,0.56785,21.032475,42.857,100.2975,369.31575,1.1895,-63.44,0
7,19.75,0.024975,18.4045,0.56115,2.426,0.0113,-0.18315,-48.4095,-18.0636,-0.0715500000000001,20.90225,47.1525,100.2975,373.04465,1.119,-69.277,-0.2
7,20.25,0.02395,17.6425,0.58125,3.4768,0.0853500000000001,-0.5578,-48.38525,-15.4806,-0.72595,20.632475,49.5205,100.2975,376.1506,1.0335,-67.1065,-0.279
7,20.75,0.036775,17.0965,0.51545,3.05575,0.00380000000000001,-1.1626,-45.411575,-14.294675,-1.2623,20.3625,49.8935,100.2975,377.615,0.9945,-65.773,-0.27975
7,21.25,0.0309,16.814,0.46995,2.8827,0.074025,-0.85575,-47.151325,-7.00875,-1.9115,20.174175,51.985,100.3,380.604,0.909,-64.8435,-0.238
7,21.75,0.0367,16.748,0.493,2.83595,0.071025,-1.83395,-51.4568,-8.5545,-2.50085,19.987425,53.8735,100.3,382.04485,0.89,-63.9115,-0.23925
7,22.25,0.03895,16.477,0.45365,2.63,-0.356225,-1.7471,-46.336825,-6.60885,-2.7444,19.807,54.9395,100.3,382.4344,0.8835,-64.0475,-0.238
7,22.75,0.0317,16.24905,0.47985,2.8181,-0.31475,-1.2063,-59.165075,-8.422625,-3.16045,19.65125,55.7105,100.3,386.729925,0.76,-63.286,-0.239875
7,23.25,0.0418,15.96345,0.468,2.4368,0.16335,-1.716125,-53.21325,-7.083,-3.5854,19.42475,58.2775,100.2975,386.229,0.719,-63.52,-0.238
7,23.75,0.032,15.7835,0.53965,2.001,0.168875,-2.730225,-50.4439,-9.444175,-4.05545,19.20375,58.7525,100.2975,386.512675,0.6645,-63.478,-0.23925
8,0.25,0.015,14.894,0.39595,2.44575,-0.3228,-3.323,-45.5929,-7.84835,-6.510525,19.141125,63.3605,100.1,379.5992,0.60425,-63.792925,-0.5
8,0.75,0.029275,14.7755,0.374825,1.2885,-0.6469,-3.3639,-45.523075,-6.5289,-6.672875,18.99535,64.679,100.1,381.148225,0.58,-62.89225,-0.4575
8,1.25,0.0232,14.567,0.467975,1.253975,-0.9498,-2.986875,-51.1938,-7.778975,-6.76925,18.87225,65.91275,100.1,384.3412,0.55275,-64.0575,-0.4575
8,1.75,0.0326,14.16675,0.512975,1.5135,-0.70465,-2.725675,-52.1505,-5.716925,-7.0347,18.76,64.994825,100.1,384.9374,0.5285,-62.94575,-0.5
8,2.25,0.0254,14.01675,0.63195,1.640625,-0.996475,-2.329425,-50.0488,-6.42255,-7.33025,18.63,65.998,100.1975,382.43795,0.52425,-63.7065,-0.5
8,2.75,0.02545,14.148,0.4479,2.147,-0.54535,-3.7834,-48.42405,-10.0764,-7.58375,18.49225,66.34275,100.1975,380.9356,0.48,-65.14925,-0.5
8,3.25,0.02655,13.59,0.4608,0.8659,-1.4036,-3.36735,-46.5378,-6.099325,-7.762,18.35915,67.068,100.2,379.85325,0.454,-64.164,-0.5
8,3.75,0.0245,13.09,0.5618,1.17775,-0.40175,-3.797,-48.173,-7.411375,-7.914,18.24845,69.122,100.2,378.31,0.454,-66.068,-0.5
8,4.25,0.0222,13.05,0.4486,2.1508,-1.5336,-4.4493,-44.4692,-10.184575,-8.162,18.141125,68.562,100.2,382.29075,0.454,-66.316,-0.4
8,4.75,0.02745,12.902,0.4738,1.5152,-0.89145,-3.59175,-44.36315,-8.52885,-8.364,18.0418,68.096,100.2,383.815375,0.444,-62.388,-0.2
8,5.25,0.0309,13.054,0.4664,-0.44895,-0.419625,-5.059,-40.8351,-7.4069,-8.504,17.952925,68.828,100.2,385.38225,0.444,-56.614,0
8,5.75,0.0346,13.358,0.4894,-3.59675,-2.013,-5.309,-30.2192,-7.3645,-8.618,17.93,68.096,100.2,386.71665,0.466,-36.916,0
8,6.25,0.069,14.156,0.3806,-6.963,-4.274,-5.484,-19.0464,-8.51745,-8.386,17.8825,66.366,100.2,384.827175,0.542,-14.926,8.752
8,6.75,0.0833,15.214,0.3748,-12.87625,-9.441,-8.24775,-19.13405,-8.84195,-7.868,17.838775,64.3144,100.2975,381.117725,0.566,-6.998,16.216
8,7.25,0.13305,16.2624,0.3978,-19.895,-15.0467,-9.83,-14.1933,-0.152849999999999,-6.4304,17.885175,61.314,100.2975,376.5645,0.758,5.0988,29.676
8,7.75,0.1727,16.892,0.4554,-26.6448,-21.210025,-9.844825,-14.93285,-0.161825,-4.8026,17.9178,57.418,100.2975,371.63945,0.808,12.322,42.4375
8,8.25,0.1662,17.336,0.5414,-26.033125,-20.015,-7.975,-7.7529,5.84735,-3.6158,18.0485,52.492,100.2975,369.25835,1.172,12.922,57.75625
8,8.75,0.1544,17.696,0.6634,-22.52805,-19.728,-6.407025,-3.2518,15.2121,-2.8194,18.17175,48.278,100.2,365.65715,1.232,29.028,66.8375
8,9.25,0.134125,17.974,0.7054,-22.58075,-22.371875,-4.46975,1.9262,34.6034,-1.8056,18.295,44.902,100.2,364.36275,1.336,26.206,74.2125
8,9.75,0.1618,18.522,0.681,-22.239375,-21.00105,-3.372375,5.3442,50.026325,-1.2082,18.4815,41.224,100.1975,362.459,1.384,44.248,86.775
8,10.25,0.21935,18.964,0.786,-23.29275,-22.4842,-2.95745,9.783325,40.26005,-0.581,18.688,38.686,100.1975,361.7814,1.556,34.57,85.5
8,10.75,0.167675,19.202,0.7668,-22.7747,-21.729875,-1.986875,12.023575,32.6812,-0.1196,18.9,37.672,100.1,361.924,1.772,38.152,94.92
8,11.25,0.151775,19.496,0.7238,-22.043,-20.3504,-1.789575,4.327475,37.80125,0.1986,19.20025,35.196,100.1,361.0846,1.884,27.22,82.5
8,11.75,0.169375,19.69,0.7634,-22.211175,-21.7998,-1.403,2.00805,49.323325,0.4132,19.539,33.88,100.1,360.232,1.618,34.368,75.48
8,12.25,0.146,19.9,0.8288,-21.566475,-21.075475,-1.022,-1.0772,47.2883,0.6666,19.86125,33.338,100.0975,360.2722,1.558,25.002,66.646
8,12.75,0.192875,19.8025,0.7354,-20.5829,-20.499225,-1.0765,-2.14145,20.716075,1.046925,20.03,32.60625,100.0975,360.5512,1.32275,16.52325,67.604
8,13.25,0.2006,19.66425,0.892975,-21.6493,-21.235775,-1.1716,4.37475,23.33,1.280225,20.148,31.56,100.0975,360.9649,1.4905,9.673,55.02
8,13.75,0.196025,19.6725,0.8538,-19.0518,-18.67765,-1.2125,-4.1622,24.999,1.371775,20.278,30.958,100.0975,359.85885,1.507,14.94825,64.934
8,14.25,0.228575,19.561,0.9087,-18.32325,-17.4726,-0.96975,-7.096,15.3995,1.356975,20.408,30.2715,100.0975,359.488,1.58425,15.46025,61.8604
8,14.75,0.210075,19.663,0.784825,-17.58395,-17.620375,-0.726475,-13.770375,26.952575,0.965925,20.52575,30.523,100.0975,360.577425,1.38975,10.3755,52.705
8,15.25,0.156825,19.69975,0.8625,-15.61575,-14.8125,-0.9478,-15.402725,8.814,1.195175,20.6027,30.35575,100,361.2181,1.45525,5.29825,39.0405
8,15.75,0.19575,19.6,0.811225,-13.342875,-13.45965,-1.094,-32.749625,6.13415,1.21675,20.66675,31.857,100.095,361.34225,1.4685,0.171150000000002,30.77175
8,16.25,0.2048,19.26925,0.832825,-11.5536,-11.26775,-1.005575,-29.06935,24.129825,1.051825,20.719,32.62325,99.9975,360.22345,1.32675,-3.35585,24.76825
8,16.75,0.1723,18.85975,0.682625,-8.470425,-8.599575,-0.756225,-20.19605,0.771425000000001,0.8063,20.786,33.72375,100,361.7425,1.25,-7.062175,30.4375
8,17.25,0.0905,18.71075,0.701075,-7.225525,-6.58635,-0.6918,-29.41225,-2.024,0.758675,20.8935,35.40075,100.1,363.1035,1.17975,-6.9367,17.9425
8,17.75,0.064675,18.47475,0.572525,-3.038,-3.6068,-0.4328,-39.01855,-9.96185,0.55425,20.877,37.2395,100.1,363.37125,1.1225,-20.449,9.2815
8,18.25,0.0649,18.3605,0.478775,-1.698275,-1.637725,-0.0856999999999999,-41.44825,-9.945375,0.243975,20.76575,42.48925,100.1975,365.217475,1.16125,-48.036,0
8,18.75,0.03655,17.63425,0.4538,0.3853,-0.78195,0.2286,-44.38775,-22.8435,-0.60365,20.6425,46.428,100.2,368.0476,1.0485,-67.237,0
8,19.25,0.0315,17.2,0.409525,2.275,-0.254075,0.0128,-43.88575,-14.670625,-1.43275,20.4745,49,100.2,371.3605,1.02425,-68.593,-0.2
8,19.75,0.02665,16.697,0.41765,0.4413,-0.1133,-0.530475,-42.73775,-14.7497,-1.96335,20.31315,51.2175,100.2,374.511275,0.92,-65.843,-0.5
8,20.25,0.03725,16.46975,0.54155,2.32565,-0.06425,-1.1841,-42.3915,-18.6463,-3.051675,20.2153,52.8915,100.2,376.3165,0.8885,-63.738925,-0.4
8,20.75,0.035,16.183325,0.52085,2.001,-0.1293,-1.8167,-44.53615,-9.21995,-3.8338,20.10225,54.9715,100.2,378.82425,0.86425,-61.12725,-0.4575
8,21.25,0.02925,15.83,0.485375,1.97575,-0.113,-2.065225,-46.30725,-10.085625,-4.257525,19.949,55.918,100.2,380.3095,0.83425,-62.36825,-0.4
8,21.75,0.031,15.6445,0.408675,1.164,-0.30375,-2.03345,-44.2304,-11.0428,-4.727425,19.80125,57.64625,100.2,375.91305,0.81,-64.555425,-0.5
8,22.25,0.02325,15.4825,0.4058,0.375875,-0.0994,-2.222,-51.27425,-9.38525,-5.116075,19.65125,58.35325,100.2,376.287,0.72975,-64.21175,-0.4575
8,22.75,0.01955,15.39275,0.374875,0.29575,-0.0608,-1.9193,-49.97425,-18.75395,-5.431325,19.50125,58.619,100.2,379.025,0.76425,-63.40175,-0.5
8,23.25,0.02815,15.2065,0.4559,2.36445,-0.4409,-2.37245,-45.19925,-16.3985,-5.699125,19.3845,60.9365,100.2,378.617375,0.69425,-65.784,-0.5
8,23.75,0.02595,15.042,0.471725,0.68635,-0.03335,-3.177625,-45.1155,-11.40825,-6.036825,19.2645,61.73875,100.2,380.962525,0.62425,-65.818575,-0.5
9,0.25,0.037525,9.708,0.2541,1.3085,-0.0429,-2.8998,-65.656,-5.2134,-7.35525,15.61675,61.3295,100.4975,382.3265,0.51475,-69.4015,-0.705
9,0.75,0.0271,9.3825,0.1875,1.1609,-0.0526,-3.024,-51.8245,-6.76565,-7.56675,15.5045,60.1235,100.4975,382.0284,0.50475,-68.51875,-0.6
9,1.25,0.029525,8.9455,0.169325,0.918975,-0.2251,-2.627125,-54.708,-9.033975,-7.7745,15.40775,61.71075,100.495,382.24925,0.4995,-70.06225,-0.6
9,1.75,0.023525,8.8295,0.213175,1.40775,-0.1906,-3.238875,-56.2875,-10.854125,-7.99325,15.363,64.546725,100.495,382.53015,0.48475,-71.005,-0.6
9,2.25,0.02505,8.456,0.1795,1.475125,-0.12575,-4.44125,-52.632075,-6.672275,-8.254,15.315,64.253,100.4975,382.9926,0.4495,-70.239,-0.5525
9,2.75,0.02155,8.41725,0.00732500000000001,1.89995,-0.549375,-3.187125,-59.3935,-6.371,-8.42525,15.2515,64.725,100.4975,382.42825,0.44,-69.36325,-0.6
9,3.25,0.0265,8.46525,0.128025,0.32025,-0.1815,-3.291,-51.82155,-5.0942,-8.5945,15.19025,66.0345,100.5,382.5496,0.44475,-68.33675,-0.5525
9,3.75,0.028525,7.9685,0.1343,0.7742,-0.05485,-1.89265,-50.6805,-6.3974,-8.66575,15.11575,65.97325,100.5,382.38435,0.42475,-68.58675,-0.6
9,4.25,0.0325,7.84825,0.092275,1.210975,-0.00949999999999999,-2.74945,-54.6914,-5.416,-8.77675,15.049,66.223,100.5975,382.50775,0.43,-69.64775,-0.5525
9,4.75,0.0392,7.868,0.08895,1.6213,-0.0101,-2.9625,-62.6685,-5.54105,-8.88275,14.98225,67.24925,100.5,382.47405,0.4395,-71.9575,-0.6
9,5.25,0.0335,7.46925,0.0228000000000001,-0.526775,-0.055875,-2.400525,-61.9991,-8.7256,-8.98725,14.89125,67.18425,100.5,381.8764,0.40475,-70.405,-0.2694
9,5.75,0.042425,7.32175,0.001,-3.56,-1.9639,-4.644875,-60.3186,-8.168025,-9.357,14.80575,67.096,100.5,381.9992,0.38475,-64.381,0
9,6.25,0.038375,7.84125,0,-7.378125,-3.4238,-5.7912,-54.20115,-5.38335,-9.21875,14.73025,65.904,100.5,381.6022,0.4195,-56.794,3.9118
9,6.75,0.08605,9.139,0.05035,-9.45505,-8.36205,-5.3836,-34.7575,-5.537875,-9.247,14.66475,63.47125,100.5,379.7134,0.4585,-13.1725,11.355
9,7.25,0.10325,10.397,0.017775,-14.5745,-10.588425,-8.325925,-29.51095,-7.76915,-9.003,14.64375,59.88125,100.5,379.09855,0.5995,1.66445,24.5125
9,7.75,0.131975,11.698,0.049025,-19.09125,-15.279675,-8.66475,-12.2048,-2.208125,-8.247,14.6525,56.88375,100.5,377.019025,0.7395,8.162,32.1135
9,8.25,0.13775,12.923,0.12825,-18.931425,-17.24925,-6.9373,-9.59285,-0.872899999999999,-7.163,14.7,52.094,100.4975,374.48045,0.869,20.817,51.51525
9,8.75,0.1564,13.7885,0.188375,-20.5299,-18.477325,-5.922925,-1.53885,-0.0369499999999995,-5.952075,14.728,45.823,100.4975,371.9935,0.929,23.517,50.17525
9,9.25,0.21615,14.4985,0.537425,-19.5436,-17.84905,-4.2027,3.22135,0.4081,-4.97185,14.816,41.85975,100.4,370.647025,0.98275,32.88425,64.158
9,9.75,0.1761,15.073,0.6364,-22.11825,-20.4719,-2.951125,8.32545,7.5254,-3.7542,14.96725,38.3895,100.3975,368.383,1.01,27.925,67.5665
9,10.25,0.242925,15.595,0.743225,-21.2823,-20.41925,-2.3648,2.0952,1.2384,-2.5977,15.17175,34.2865,100.3975,367.20455,1.1075,41.63675,73.7105
9,10.75,0.188625,15.9315,0.5045,-20.8514,-20.6133,-2.230925,4.512525,2.048,-2.0174,15.43375,32.5085,100.3,367.4327,1.1545,39.117,82.75
9,11.25,0.2154,15.98295,0.54775,-20.4136,-20.08875,-1.7552,-4.84474999999999,2.8508,-1.3268,15.91,31.744,100.3,367.463825,1.039,41.6585,97.78
9,11.75,0.2456,16.429,0.6958,-20.4031,-20.342875,-1.4764,10.120625,6.794,-0.9912,16.3625,30.433,100.3,367.5265,1.116,47.996,91.225
9,12.25,0.18105,16.50375,0.5082,-18.594875,-18.24585,-1.5822,7.0625,10.81,-0.86195,16.90225,30.2095,100.2975,367.5358,1.3395,47.4435,93.6075
9,12.75,0.170525,16.539,0.544125,-20.112925,-19.600125,-1.064,3.33575,17.807,0.257075,17.06,29.12575,100.2,367.3305,1.25425,36.4715,82.3525
9,13.25,0.2319,16.67325,0.556525,-20.034,-19.393875,-1.198,4.304875,13.39765,0.184425,17.2,28.40725,100.2,366.6844,1.48975,29.49775,80.6
9,13.75,0.226,16.7535,0.5407,-18.759325,-17.69525,-1.2326,-7.780225,22.877,0.1116,17.32,27.286,100.2,366.87975,1.5965,22.6355,72.37
9,14.25,0.1552,16.497,0.622175,-16.930925,-16.63005,-1.199775,-11.7429,13.475025,0.162825,17.419,26.248,100.2,366.16815,1.95575,28.3825,71.6
9,14.75,0.24185,16.494025,0.5465,-16.2782,-15.461,-0.92415,-9.10855,0.286625,0.26615,17.4745,27.22525,100.2,365.7255,1.5335,20.686,65.555
9,15.25,0.1719,16.39425,0.533075,-12.9275,-13.025125,-0.918375,-18.36175,0.5686,0.394425,17.52,26.65175,100.195,365.7694,1.4565,6.76105,45.56
9,15.75,0.1745,16.2295,0.485775,-11.082625,-11.05925,-1.07965,-16.958,-4.09835,0.187525,17.56225,28.924,100.195,366.0236,1.25075,12.0335,39.1075
9,16.25,0.185,16.169475,0.5343,-9.805375,-9.985675,-0.96495,-33.2437,-1.45725,-0.3439,17.5545,30.073,100.195,366.4168,1.25975,-3.125,23.8725
9,16.75,0.116675,15.8175,0.264975,-6.2571,-6.23085,-1.181375,-45.26325,-3.977375,-0.677625,17.5445,31.23975,100.195,366.8614,1.2375,-19.205,14.5325
9,17.25,0.056,15.00475,0.156075,-3.733875,-3.5478,-0.308,-51.1695,-5.881125,-1.145825,17.50575,34.40375,100.2,367.0898,1.22475,-38.00875,7.1949
9,17.75,0.037425,14.49475,0.179075,-1.3412,-1.3516,-0.2035,-58.012875,-10.782425,-1.553725,17.42925,37.9735,100.2,368.449575,1.1665,-66.5525,0
9,18.25,0.037625,13.64175,0.252525,2.009075,-0.26405,-0.04995,-61.42895,-14.66025,-2.014375,17.307,42.08475,100.2,371.13875,1.136,-73.6,-0.1473
9,18.75,0.03515,13.08,0.07425,2.806875,-0.102,0.05175,-57.62505,-12.140275,-2.8251,17.1525,45.0905,100.295,375.2706,1.03325,-75.3625,-0.755
9,19.25,0.034,12.62,0.164375,2.21065,0.00100000000000002,-0.358175,-54.7321,-11.9702,-3.491925,16.9835,45.2435,100.295,377.93845,0.9785,-74.405,-1.175
9,19.75,0.019575,12.06425,0.2357,1.5844,-0.093625,-0.7696,-52.443975,-7.610375,-4.0863,16.809,47.2675,100.295,378.9489,0.92475,-72.905,-0.71
9,20.25,0.021,11.7665,0.161575,1.7931,-0.1325,-1.79155,-47.530225,-10.3853,-4.565125,16.62675,50.686,100.295,379.6168,0.88475,-72.8625,-0.9525
9,20.75,0.02655,11.637,0.164375,1.74865,0.00780000000000001,-1.655375,-53.78815,-8.931525,-5.1457,16.48675,52.32075,100.295,379.506225,0.78475,-72.0975,-0.7575
9,21.25,0.02565,11.3315,0.0954000000000002,1.486025,-0.10075,-1.8344,-49.798625,-6.7122,-5.578475,16.34125,51.516,100.39,380.2718,0.77375,-73.7025,-0.805
9,21.75,0.018575,11.29025,0.0422750000000001,1.94875,-0.03505,-1.96625,-56.8991,-4.63525,-5.9069,16.21375,53.55925,100.395,381.3502,0.69475,-71.625,-0.6
9,22.25,0.02815,11.09475,0.0812250000000003,1.7716,-0.378625,-1.39735,-52.525875,-7.6392,-6.2545,16.104,54.83425,100.3,381.858875,0.68,-72.215,-0.6
9,22.75,0.033825,10.7395,0.1206,1.63805,-0.0155,-1.421375,-52.39595,-7.7172,-6.55385,15.97875,56.767,100.395,381.587125,0.62,-71.2575,-0.705
9,23.25,0.025,10.4195,0.250825,1.51625,-0.1386,-2.804575,-61.767575,-9.853825,-6.822875,15.864725,58.6655,100.395,382.0966,0.58,-69.8435,-0.7
9,23.75,0.045925,9.92425,0.1916,1.6455,-0.270225,-3.113225,-63.22105,-5.4038,-7.08825,15.73675,59.23825,100.39,381.9792,0.53,-69.48275,-0.8
10,0.25,0.0352,3.037575,0.690475,0.74325,0.061375,-2.6145,-73.31775,-6.5456,-10.0225,10.02275,57.64375,99.9,385.3236,0.3895,-75.1525,-0.5
10,0.75,0.03555,2.983975,0.650325,0.833025,-0.231875,-2.5216,-76.722875,-5.926525,-10.2135,9.95075,57.372,99.9,385.279,0.37475,-75.2625,-0.5
10,1.25,0.046,2.5938,0.586325,1.1985,-0.060375,-1.794075,-66.00475,-8.5161,-10.38025,9.872,57.75125,99.9,385.5639,0.35475,-75.015,-0.4525
10,1.75,0.0326,2.6175,0.54895,0.83335,0.0997,-2.011,-72.2595,-5.763,-10.555,9.82525,56.96975,99.9,386.3456,0.329,-78.615,-0.5
10,2.25,0.04125,2.21935,0.588725,0.7848,0.0254,-1.969,-78.21995,-5.054775,-10.72575,9.8205,59.4945,99.9,386.8389,0.3095,-75.9775,-0.5
10,2.75,0.0414,1.918875,0.6054,0.8465,0.0429,-2.178125,-69.844325,-6.60425,-10.84675,9.8125,60.07075,99.9,387.242375,0.2895,-76.0775,-0.5
10,3.25,0.02775,2.01375,0.547925,0.73645,0.0126,-2.604,-68.3195,-10.720875,-10.93575,9.8145,61.5305,99.9,386.2554,0.26475,-76.5525,-0.5
10,3.75,0.039325,1.80585,0.592825,0.962825,0.057,-2.901375,-70.959125,-5.5477,-11.0445,9.80875,63.57525,99.9,386.07535,0.27475,-75.9625,-0.5
10,4.25,0.0256,1.539325,0.555125,0.868,-0.12695,-2.7306,-73.5449,-8.107825,-11.2375,9.78075,64.07375,99.995,386.4841,0.26,-74.9675,-0.5
10,4.75,0.0512,1.3509,0.6124,1.08645,0.0323000000000001,-2.5565,-68.8959,-9.684,-11.2845,9.72175,63.9185,99.995,386.979225,0.26,-74.6525,-0.5
10,5.25,0.02975,1.5074,0.645425,0.670625,-0.01615,-2.451675,-74.588,-10.524,-11.24775,9.64275,65.480025,100,386.9192,0.25475,-74.715,-0.5
10,5.75,0.0451,1.521675,0.613225,0.7026,-0.2881,-3.2822,-66.56015,-10.8632,-11.09925,9.55825,65.60675,100,386.843,0.24475,-73.6525,-0.2
10,6.25,0.0613,1.39855,0.65985,-1.553,-0.527375,-2.618875,-66.790925,-11.88595,-10.91975,9.456,64.86975,99.995,386.913725,0.23475,-68.71225,0
10,6.75,0.067625,1.816675,0.5851,-4.7088,-3.1093,-3.55415,-53.8885,-7.3468,-10.88025,9.36375,64.797025,99.9,386.112375,0.2595,-42.23525,4.876325
10,7.25,0.09465,3.157075,0.560475,-9.870375,-7.0502,-4.41385,-42.76325,-7.518,-11.0095,9.47525,61.61625,99.9925,385.0455,0.3195,-13.889,9.6475
10,7.75,0.1321,4.48585,0.48995,-13.32275,-9.843,-5.647375,-35.2951,-8.458725,-11.28625,9.666,58.09025,99.9,381.9153,0.36,-0.888549999999996,16.5375
10,8.25,0.155475,5.46835,0.47345,-13.881075,-12.252,-4.814375,-21.176775,-3.5669,-11.27525,9.735,53.50675,99.9,381.097275,0.4295,3.104875,23.975
10,8.75,0.17075,6.50375,0.604475,-16.549,-13.319925,-6.0847,-13.071925,-3.547375,-10.6835,9.781,48.60725,99.9,380.45,0.47475,7.438425,34.059
10,9.25,0.2184,7.3175,0.56675,-15.03165,-13.5446,-4.40925,-6.319,-1.4426,-9.74625,9.82325,44.60425,99.9,375.178,0.48,11.7765,37.4085
10,9.75,0.2055,7.6495,0.834425,-16.2436,-14.181,-3.964,-0.565199999999998,1.2302,-7.9115,9.88875,39.781,99.895,373.061475,0.46425,17.0535,49.22275
10,10.25,0.1514,8.253,0.79605,-16.3144,-15.55695,-2.6161,0.796800000000001,3.24035,-6.939775,9.98175,37.3475,99.895,374.737875,0.48475,19.73425,54.9125
10,10.75,0.20575,8.91975,0.76395,-15.214,-14.89575,-2.285,-1.5886,6.631,-6.03835,10.118,34.25825,99.8,372.0047,0.52,27.457,61.6745
10,11.25,0.2197,8.98225,0.82425,-14.548625,-14.07475,-1.7513,-6.9007,0.395700000000003,-5.51735,10.33175,32.05475,99.7,371.793475,0.58425,19.21775,61.185
10,11.75,0.2106,9.06375,0.831875,-15.4553,-14.7977,-1.747425,0.947375,3.081,-5.16355,10.68375,30.785,99.7,371.694,0.62425,20.55125,63.31475
10,12.25,0.15575,9.00075,0.808825,-15.66915,-15.310275,-1.262,1.1574,0.996,-4.77235,10.981,31.177,99.7,372.1433,0.66475,20.13225,55.449
10,12.75,0.204,9.20875,0.81195,-13.704,-14.1124,-1.211875,-8.881125,-1.9902,-4.6995,11.07625,30.12225,99.795,373.60175,0.67,19.6465,51.295
10,13.25,0.156075,9.2355,0.8002,-13.03595,-12.5097,-1.0804,-21.336625,-1.985,-4.55535,11.1305,30.3785,99.7975,373.329675,0.63,10.29175,43.59
10,13.75,0.1877,9.3385,0.948875,-12.8987,-12.6705,-0.850125,-7.120475,0.282,-4.371625,11.176,29.907,99.8,373.00515,0.629,11.43675,38.34775
10,14.25,0.2502,9.13975,0.877275,-12.187425,-11.9167,-0.90485,-5.15745,-0.498,-4.11835,11.2105,29.49525,99.8,373.2269,0.63,9.86975,41.764
10,14.75,0.228475,9.1615,0.94145,-10.6049,-10.3305,-0.7845,-21.114,-0.0654499999999998,-4.06645,11.24825,30.297,99.8,373.7733,0.60475,4.857625,32.295525
10,15.25,0.15425,9.1795,0.6845,-8.53065,-8.499,-0.6146,-32.779675,-3.879375,-4.0843,11.24825,30.87325,99.9,373.918475,0.6,0.448425000000002,24.04225
10,15.75,0.139,8.76475,0.728225,-7.154,-6.8992,-0.643475,-49.218,-0.872625,-4.10175,11.21275,31.5195,99.9,375.2266,0.58,-11.1055,17.3525
10,16.25,0.09775,8.2475,0.709075,-5.7876,-5.46915,-0.3129,-58.355975,-7.6201,-4.53675,11.15725,33.7495,99.9975,376.1256,0.5495,-27.11575,8.095
10,16.75,0.0595,7.947,0.482525,-3.3598,-3.36525,-0.2959,-71.511,-3.834975,-4.6945,11.16175,38.61325,99.9975,377.62355,0.529,-61.3195,2.2375
10,17.25,0.0435,7.306,0.53455,-0.214,-0.4345,-0.0931,-84.4324,-7.5787,-4.7851,11.1595,42.528,99.9975,378.35235,0.5185,-79.1,0
10,17.75,0.047,7.0039,0.6649,1.4056,0.007125,-0.056125,-85.2215,-9.370125,-4.94665,11.134,44.19475,99.9975,380.18355,0.54,-80.71,-0.3525
10,18.25,0.03945,6.556025,0.6877,2.06505,0.02115,-0.340275,-87.803175,-6.63495,-5.370075,11.10725,45.3325,99.9975,381.941825,0.52375,-80.305,-0.4
10,18.75,0.0382,6.2276,0.684125,1.6282,0.024875,-0.6458,-78.3561,-5.756175,-6.046825,11.07025,46.21925,100,383.174825,0.52375,-81.12,-0.4525
10,19.25,0.046,5.96175,0.7239,1.222,0.13045,-0.6952,-79.31675,-4.90435,-6.72115,10.90375,46.477,100,384.296,0.49475,-79.605,-0.4
10,19.75,0.03545,5.62895,0.731425,1.491,0.0152,-1.20235,-79.84975,-6.978,-7.30725,10.6795,48.22,100,385.4241,0.51375,-80.2575,-0.5
10,20.25,0.0286,5.089925,0.716425,1.093875,-0.00625,-0.9661,-68.0746,-9.0515,-7.82675,10.48075,49.6835,100,385.4137,0.47,-79.905,-0.5
10,20.75,0.047,4.956775,0.686375,0.6893,-0.063,-1.33345,-71.364725,-7.047125,-8.2805,10.3175,49.88275,100.0975,385.3442,0.46475,-79.7875,-0.5
10,21.25,0.033,4.793625,0.722975,0.480975,0.0259,-1.7495,-72.70375,-16.8301,-8.66625,10.203,50.52975,100,385.138125,0.429,-77.91,-0.5
10,21.75,0.037275,4.368475,0.81885,0.689875,0.0246,-1.608875,-77.0455,-5.05855,-8.97725,10.1195,51.88575,100,385.20035,0.3795,-77.62,-0.5525
10,22.25,0.039,4.205825,0.80895,1.283,0.095,-2.1106,-80.20445,-6.7012,-9.34525,10.02275,51.71025,99.9975,386.5245,0.379,-79.2575,-0.5
10,22.75,0.0478,4.09565,0.68335,1.224,-0.035275,-1.3215,-83.635125,-10.582,-9.56675,9.90725,52.838,99.9975,385.75325,0.39475,-77.7525,-0.5
10,23.25,0.03405,3.73275,0.70165,1.4902,-0.240425,-1.9826,-69.875775,-3.7862,-9.7,9.794,55.22375,99.9975,385.6469,0.41,-76.9675,-0.5
10,23.75,0.045825,3.21335,0.620225,0.6351,-0.0391,-1.909325,-73.8077,-8.00575,-9.8625,9.704,56.63125,99.995,387.349325,0.42475,-77.0575,-0.5
11,0.25,0.03145,-3.3342,0.6038,-0.26895,-0.19175,-1.6884,-77.3022,-13.6762,-11.632,5.1525,42.89,99.9,390.829,0.333,-84.77,-0.4736
11,0.75,0.038025,-3.825,0.6213,0.1788,-0.008,-1.58215,-75.281675,-8.42255,-11.74725,5.135,44.4705,99.8975,392.582775,0.35275,-85.87,-0.477725
11,1.25,0.041025,-4.1325,0.6039,0.06825,0.0303,-1.53225,-81.316,-5.7769,-11.809,5.11,44.962,99.8975,390.091425,0.346,-84.68,-0.405075
11,1.75,0.049,-4.0952,0.7381,0.322975,0.0452,-1.6029,-74.3967,-6.87015,-11.921,5.085,46.206,99.89,389.2941,0.285,-84.46,-0.478
11,2.25,0.0491,-4.231575,0.671325,0.3755,-0.150025,-1.762,-81.832675,-6.77755,-11.94575,5.05125,47.44925,99.89,388.50725,0.27825,-82.4175,-0.5
11,2.75,0.046,-4.4445,0.70325,0.3733,-0.141,-1.447875,-75.674075,-5.12995,-12.0275,5.045,48.0825,99.8,389.6935,0.2725,-83.075,-0.39055
11,3.25,0.05385,-4.3675,0.63975,-0.097625,-0.00847499999999998,-1.3057,-78.8982,-8.00815,-12.015,5.03875,48.7325,99.7,388.597,0.255,-84.075,-0.4
11,3.75,0.0534,-4.268725,0.612275,-0.11725,-0.154975,-1.74,-72.559875,-9.70575,-11.91,5.0225,49.51925,99.7,388.5708,0.25275,-85.5675,-0.4
11,4.25,0.04105,-4.389,0.56495,-0.0313,-0.21205,-1.3624,-74.435,-9.5922,-12.06725,5.00625,50.176,99.795,388.45585,0.2555,-83.345,-0.39475
11,4.75,0.058325,-4.4925,0.500925,0.2648,-0.193125,-1.3955,-73.9371,-7.022825,-12.179,4.978125,50.46425,99.795,388.9005,0.24275,-83.8725,-0.40375
11,5.25,0.059425,-4.58725,0.6755,0.123,-0.3316,-1.2296,-65.2264,-5.54425,-12.27625,4.935625,50.17375,99.7,388.77455,0.24825,-83.0975,-0.4
11,5.75,0.062425,-4.780775,0.6872,0.3674,0.0128,-1.4516,-71.31425,-3.5548,-12.36,4.894375,49.207,99.795,387.39195,0.22825,-84.435,-0.4
11,6.25,0.05,-4.940925,0.61975,-0.112,-0.13205,-1.9224,-64.855625,-5.577,-12.47175,4.85925,49.48425,99.795,386.85745,0.25925,-82.1425,-0.254875
11,6.75,0.050225,-4.968275,0.70795,-2.7612,-1.780375,-2.4265,-63.34295,-12.2605,-12.489,4.834875,50.33375,99.89,386.74145,0.2855,-80.59,0
11,7.25,0.0459,-4.504275,0.724,-4.3835,-2.2376,-3.332925,-53.281825,-11.0942,-12.516,4.81975,49.75075,99.895,386.136,0.28375,-54.336,3.635675
11,7.75,0.0895,-3.8815,0.62155,-5.7494,-3.9308,-3.64165,-37.631175,-9.0019,-12.50725,4.80425,47.44775,99.895,385.78355,0.32275,-21.2955,6.0607
11,8.25,0.1115,-3.23615,0.577475,-8.54725,-6.18915,-4.5108,-18.728,-7.411725,-12.365,4.813375,45.82025,99.8975,384.688,0.35,-7.94475,12.71
11,8.75,0.16235,-2.2768,0.6992,-9.5805,-7.2454,-5.239475,-17.25305,-12.68425,-12.29775,4.83625,42.8495,99.8,383.7659,0.35275,-4.685775,17.5825
11,9.25,0.215375,-1.740675,0.745375,-11.08525,-8.315375,-4.829,-20.0165,-3.5572,-11.7715,4.884875,38.393,99.8,382.45255,0.37275,-0.270024999999999,19.11725
11,9.75,0.1904,-1.0921,0.7951,-10.59125,-7.9905,-3.594475,-9.82675,-3.7518,-11.35,4.908375,34.571,99.795,380.7639,0.373,2.9194,26.37
11,10.25,0.21655,-0.9759,0.8364,-10.400025,-9.1784,-2.716,-5.29525,-1.99975,-11.145,4.871125,32.745,99.7,379.267875,0.38,8.416,35.5
11,10.75,0.255,-0.4931,0.8398,-9.9529,-9.09995,-2.20365,-23.375625,1.0528,-10.551,4.865375,30.67,99.7,378.689475,0.393,10.518,37.03
11,11.25,0.2457,0.0435,0.8406,-9.607875,-9.150675,-1.9995,-34.3956,0.0810000000000001,-10.084,4.956,27.459,99.7,378.3685,0.409,11.015,42.5
11,11.75,0.20975,0.4748,0.7935,-9.366,-8.82475,-1.175625,-13.404875,-0.958225,-9.655,5.0311,26.228,99.7,378.3706,0.423,6.2292,49.7
11,12.25,0.23765,0.7215,0.7848,-10,-9.6852,-1.1754,-26.370875,-2.098525,-9.504,5.186375,26.035,99.6975,377.786375,0.423,7.375,41.888
11,12.75,0.2226,1.137,0.8997,-8.85515,-8.077625,-1.105,-14.9956,-3.3567,-9.03,5.373,26.286,99.6975,376.776375,0.493,7.178,31.558
11,13.25,0.254,1.1402,0.8846,-9.3511,-8.803875,-0.8398,-13.07375,-2.3828,-8.568,5.48475,25.322,99.7,376.7092,0.448,8.423,39.56
11,13.75,0.254675,1.1251,0.8047,-8.202025,-7.9059,-0.9905,-15.635,-1.69345,-8.161,5.558125,24.712,99.7,377.631,0.47,6.5538,34.809
11,14.25,0.231575,1.359,0.8804,-8.170125,-7.995,-0.711775,-38.684,-6.759825,-8.528,5.5675,24.239,99.7,377.1992,0.476,-1.3021,27.741
11,14.75,0.1536,1.34,0.953,-5.4128,-5.60175,-0.9425,-31.792625,-0.830149999999999,-8.514,5.534875,24.387,99.7,377.20495,0.516,-5.6729,20.9515
11,15.25,0.1344,1.332,0.8014,-4.70135,-4.5245,-0.5277,-46.9198,-3.067,-8.184,5.476625,25.325,99.795,378.8186,0.506,-14.976,16.2807
11,15.75,0.0547,0.974,0.7132,-3.38165,-3.04515,-0.2454,-60.985475,-5.443,-7.996,5.415375,27.731,99.8,379.921,0.493,-39.247,9.326
11,16.25,0.0418,0.405,0.6087,-0.792725,-1.0422,-0.272,-83.55625,-4.9286,-8.287,5.35525,28.228,99.8,381.2162,0.48,-67.828,2.96
11,16.75,0.02785,-0.2688,0.4761,0.705175,-0.17895,-0.12715,-83.399625,-7.524075,-8.713,5.375,30.482,99.8,383.36745,0.446,-84.1,0.0210000000000001
11,17.25,0.03675,-1.0316,0.461,1.23975,-0.0646,-0.27,-79.5974,-7.5873,-8.728,5.39775,33.544,99.9,384.73705,0.446,-85.61,-0.3
11,17.75,0.03675,-1.495,0.5309,0.987,-0.180125,-0.48385,-70.6928,-9.526875,-8.576,5.43625,34.934,99.9,385.05515,0.44,-84.7,-0.33225
11,18.25,0.032825,-1.5198,0.5754,0.7515,-0.1138,-0.4142,-79.12525,-11.665625,-9.061,5.4512,36.083,99.9,385.2023,0.43,-85.05,-0.60675
11,18.75,0.018275,-1.9237,0.6257,0.95675,-0.0294,-0.6804,-70.2222,-8.457,-9.184,5.36025,36.198,99.9,386.520125,0.42,-83.94,-0.4615
11,19.25,0.03285,-2.0725,0.5759,0.8326,-0.0491,-0.7338,-78.116375,-6.90715,-9.662,5.2866,36.646,100,388.692,0.413,-85.79,-0.386
11,19.75,0.0287,-1.8781,0.5038,0.75175,-0.03055,-0.6634,-72.86475,-5.11705,-10.113,5.21595,37.262,100,388.896,0.41,-86.95,-0.3195
11,20.25,0.035,-1.8372,0.697,0.738,-0.062325,-0.76875,-73.189,-6.7972,-10.456,5.2269,38.705,99.9975,388.9905,0.396,-84.9,-0.35625
11,20.75,0.0327,-2.0168,0.6635,0.7856,-0.1996,-0.7093,-74.3882,-11.7084,-10.592,5.27015,39.601,100,389.996225,0.383,-83.54,-0.3956
11,21.25,0.03435,-2.2271,0.4915,0.862325,-0.0422,-0.97475,-77.94605,-8.541075,-10.829,5.1825,39.924,100,390.28975,0.336,-82.85,-0.3894
11,21.75,0.036425,-2.3968,0.5767,0.69735,-0.3555,-0.945325,-80.511375,-9.8587,-10.977,5.1025,40.76,99.9975,390.54195,0.313,-83.4,-0.39395
11,22.25,0.0278,-2.6999,0.6492,0.77915,-0.3422,-0.9962,-75.909375,-7.50225,-11.086,5.0155,40.34,99.9975,390.783925,0.283,-84.87,-0.4
11,22.75,0.029125,-2.859,0.6716,0.9105,-0.247125,-1.2296,-84.018875,-7.73525,-11.183,4.9355,40.292,99.9975,389.727625,0.283,-85.47,-0.4
11,23.25,0.032925,-2.978,0.5731,0.2534,-0.12965,-1.100625,-80.537875,-8.4151,-11.27,4.8755,39.156,99.995,390.3184,0.265,-84.91,-0.4791
11,23.75,0.0263,-3.0836,0.6633,0.630375,-0.0768,-1.30855,-77.35715,-4.0615,-11.43,4.8125,40.893,99.9,390.028,0.261,-84.07,-0.42465
12,0.25,0.0664,-6.409525,0.80385,-0.7641,-0.311525,-2.204025,-77.5631,-14.409025,-9.84,1.78245,46.04675,99.3825,385.1267,0.16,-82.4675,-0.6
12,0.75,0.0455,-6.62545,0.6784,0.10955,-0.1596,-1.881,-74.04255,-9.4484,-9.837,1.75725,45.11675,99.4,387.7864,0.15,-82.245,-0.6
12,1.25,0.0454,-6.7918,0.628075,0.22485,-0.1629,-1.189925,-76.193825,-5.00105,-9.94125,1.73275,47.141,99.4825,386.309125,0.15,-81.8225,-0.6
12,1.75,0.04485,-7.008775,0.56055,-0.1456,-0.07035,-1.409,-75.832,-7.19525,-10.16675,1.7248,46.53125,99.5,386.6488,0.15775,-83.0675,-0.6
12,2.25,0.0522,-7.349,0.6037,-0.37935,-0.83155,-1.1632,-83.6736,-6.23365,-10.24025,1.7181,47.03025,99.4,387.104175,0.15,-81.6225,-0.5
12,2.75,0.0427,-7.52,0.6633,0.12425,-0.337625,-0.942525,-75.510775,-7.9071,-10.3535,1.7008,48.24875,99.4,387.449225,0.15,-81.78,-0.6
12,3.25,0.03985,-7.659,0.645125,0.082,-0.239125,-1.172625,-80.0427,-6.63105,-10.47225,1.6913,49.40775,99.37,387.5481,0.15,-81.4225,-0.5225
12,3.75,0.0455,-8.1125,0.5768,-0.0509999999999999,-0.1306,-1.1849,-83.1203,-5.95635,-10.478,1.6551,48.35325,99.3,387.8554,0.15,-81.99,-0.6
12,4.25,0.047,-8.216,0.649225,0.0579250000000001,-0.3838,-1.423,-79.665,-7.705525,-10.5625,1.6203,47.501,99.385,389.023375,0.15,-81.3225,-0.5225
12,4.75,0.05185,-8.429,0.733975,0.15115,-0.118325,-1.08745,-84.7135,-6.654475,-10.58375,1.5916,45.60125,99.455,389.3252,0.15775,-81.78,-0.6
12,5.25,0.047375,-8.5945,0.66565,-0.186375,-0.0288,-1.3709,-81.3875,-7.402,-10.6725,1.56975,46.84325,99.555,389.02225,0.1555,-81.235,-0.6
12,5.75,0.036875,-8.7195,0.7088,0.181025,-0.0549,-1.1505,-78.737,-10.25375,-10.65,1.5627,46.53575,99.555,388.3583,0.16325,-83.5125,-0.6
12,6.25,0.0396,-8.93675,0.623075,-0.0622,-0.27835,-1.299825,-75.03745,-7.634,-10.65225,1.54855,46.45675,99.655,388.3588,0.1655,-81.8225,-0.5
12,6.75,0.034775,-9.119,0.6733,0.1425,-0.125375,-1.7163,-71.77955,-5.274425,-10.79,1.55325,46.8415,99.67,388.84915,0.15775,-81.2575,-0.4
12,7.25,0.064875,-9.22075,0.652175,-1.065125,-0.311,-2.09335,-61.390875,-17.2795,-10.7775,1.5395,47.554,99.6,389.2997,0.14775,-73.79,0
12,7.75,0.090875,-8.63875,0.660375,-1.903,-1.45215,-1.810875,-53.65945,-17.371,-10.76,1.5547,47.949,99.6,388.848,0.15775,-46.2955,3.153375
12,8.25,0.1088,-7.70975,0.57575,-3.946175,-2.4506,-2.991025,-43.8208,-6.9205,-10.7925,1.56785,45.24525,99.57,388.1567,0.18,-21.932,7.2325
12,8.75,0.126,-6.807725,0.5113,-6.32405,-4.11425,-3.7859,-38.9062,-8.9596,-10.7825,1.5829,43.3275,99.57,388.6219,0.19775,-2.1332,15.8785
12,9.25,0.123825,-5.651025,0.615925,-7.7782,-5.48925,-4.198,-20.0822,-11.78625,-10.7575,1.61535,41.562,99.585,388.8591,0.21775,2.07685,19.3625
12,9.75,0.18725,-5.074025,0.599575,-7.703625,-6.22895,-3.8576,-23.045475,-5.603275,-10.695,1.6643,38.501,99.6,388.3224,0.2255,6.303125,23.71
12,10.25,0.16775,-4.5114,0.719875,-7.5265,-6.24,-3.2189,-13.739,-5.9068,-10.5775,1.6056,34.445,99.67,387.5141,0.22,7.939,31.375
12,10.75,0.243,-4.09525,0.84075,-8.25555,-7.0656,-2.9915,-10.621,-2.8072,-10.2475,1.64055,33.1265,99.5825,387.096,0.22775,12.5325,40.33
12,11.25,0.234,-4.181725,0.94265,-7.7353,-6.8112,-2.376125,-9.143,-4.6071,-10.1225,1.71715,31.546,99.5825,387.0995,0.23775,12.61475,35.325
12,11.75,0.2255,-3.9374,0.9698,-7.2397,-6.77775,-1.48325,-16.18745,-7.498875,-9.93125,1.7893,30.0105,99.4825,387.2926,0.23,14.1835,31.225
12,12.25,0.239,-3.80725,0.90715,-7.685,-7.521,-1.905625,-19.398,-7.5003,-9.5065,1.8605,29.86025,99.4825,386.7078,0.24,11.661,30.275
12,12.75,0.242,-3.733275,0.912875,-7.919,-8.080125,-1.8182,-28.243975,-6.658,-9.13025,1.93165,29.02725,99.4825,387.5072,0.23325,5.013275,32.105
12,13.25,0.2565,-3.628775,0.973325,-6.6584,-6.066,-1.2882,-28.3735,-3.9637,-8.93,1.95175,28.096,99.5,386.68985,0.22325,2.87945,26.4225
12,13.75,0.22425,-3.48595,0.81045,-5.546,-5.3254,-1.027,-39.90715,-4.59425,-8.78,1.9017,27.771,99.4825,386.64015,0.19325,2.014825,23.4065
12,14.25,0.2102,-3.6222,0.777,-5.2676,-5.045975,-1.1359,-48.12155,-9.2455,-8.5575,1.9588,28.2635,99.5,386.2752,0.19325,-0.423325,21.32
12,14.75,0.1723,-3.749,0.7928,-4.2088,-4.4914,-0.729575,-51.970825,-4.4544,-8.5125,1.91895,27.92475,99.5,385.6745,0.19775,-6.969325,11.661
12,15.25,0.11745,-3.699625,0.638925,-2.9172,-2.865075,-0.5946,-55.8395,-14.777525,-8.451,1.9286,28.29075,99.4825,385.57865,0.2055,-17.5435,9.33
12,15.75,0.069775,-3.65195,0.657775,-1.46195,-1.6927,-0.612475,-63.466925,-8.272675,-8.501,1.92475,29.38375,99.4,385.787,0.19,-56.66125,4.41105
12,16.25,0.0657,-3.848,0.658325,-0.2168,-0.7045,-0.83015,-70.883125,-14.822675,-8.433,1.902,30.8575,99.4825,386.9112,0.1955,-72.635,1.218
12,16.75,0.0465,-3.95175,0.4727,-1.4811,-0.42395,-2.625,-75.61555,-7.753375,-8.422,1.89285,33.78525,99.3825,387.3862,0.19775,-84.2675,-0.122675
12,17.25,0.04,-4.038725,0.552075,0.80175,-0.112,-0.3287,-73.96,-7.01625,-8.4,2.0222,35.31325,99.3,386.518,0.201,-83.925,-0.5
12,17.75,0.033975,-4.36325,0.49735,0.1355,-0.145,-0.5284,-81.4933,-10.3755,-8.44475,1.99855,36.62375,99.365,386.2025,0.18875,-83.9,-0.6
12,18.25,0.039,-4.445575,0.553475,0.3485,-0.50965,-0.7774,-72.042,-11.812175,-8.532,1.9771,36.9885,99.365,385.61,0.18875,-82.7225,-0.5
12,18.75,0.035,-4.597975,0.534425,0.639,-0.1036,-0.7964,-74.694925,-5.6795,-8.59225,1.9605,38.80175,99.365,386.15995,0.1865,-83.035,-0.6
12,19.25,0.02955,-4.88615,0.367075,0.629,-0.09655,-0.6862,-77.64775,-6.0113,-8.74475,1.9309,39.67125,99.365,387.209525,0.19325,-82.5225,-0.6
12,19.75,0.0313,-5.318375,0.454125,0.5194,-0.093875,-0.5224,-65.3924,-10.89755,-8.89775,1.9296,37.64775,99.365,387.9247,0.19,-83.045,-0.6
12,20.25,0.03285,-5.6815,0.546875,0.203575,-0.122125,-0.97245,-74.07185,-9.933075,-8.9625,1.915275,40.654,99.3825,386.171125,0.18775,-83.1,-0.6
12,20.75,0.033125,-5.69275,0.63035,0.4742,-0.1105,-1.495125,-78.04175,-7.2155,-9.09,1.892525,40.5875,99.3,385.89955,0.18,-82.535,-0.6
12,21.25,0.03755,-6.013725,0.5172,0.5414,-0.2235,-1.255125,-71.8978,-7.52985,-9.32,1.881675,39.96175,99.3,386.02875,0.17,-81.945,-0.6
12,21.75,0.03465,-6.136475,0.5962,0.1878,-0.046725,-1.36775,-70.3951,-6.1257,-9.4475,1.876675,42.33175,99.4,385.817625,0.17775,-81.28,-0.6
12,22.25,0.03255,-6.102875,0.47895,-0.435,-0.28175,-1.381,-73.0296,-8.01,-9.55,1.86745,43.05825,99.3825,385.94785,0.18,-82.19,-0.5225
12,22.75,0.0488,-6.274075,0.62765,0.35925,-0.1159,-1.1705,-73.0439,-9.88085,-9.66,1.8269,43.03975,99.3825,385.505275,0.1755,-82.79,-0.6
12,23.25,0.055775,-6.530625,0.65185,-0.74255,-0.133625,-1.585,-73.867625,-7.6384,-9.759,1.80435,41.94975,99.4,385.117025,0.17775,-82,-0.5
12,23.75,0.045375,-6.731,0.72085,-0.27375,-0.04375,-2.062875,-79.0179,-12.01675,-9.8145,1.78125,42.70875,99.4,385.261,0.16,-82.5,-0.6
