DOY2,HR2,USTAR,WS,TA,T_SONIC,RH,SW_IN,SW_OUT,NETRAD,G,H,LE,FC,TS
1,0.25,0.32,2.345,8.405,9.3075,56.675,-3.23,2.805,-62.7725,4.5975,0.3825,4.9275,0.3,4.595
1,0.75,0.3175,2.205,8.3025,9.2625,55.965,-2.9575,2.265,-58.555,4.4325,0.23,8.675,0.37,4.62
1,1.25,0.285,2.22,8.3725,9.42,56.065,-2.4925,2.5475,-53.63,3.3675,0.94,3.22,0.315,4.7725
1,1.75,0.29,2.365,8.485,9.44,52.985,-2.2625,2.2725,-50.84,4.66,2.5425,4.16,0.3,4.58
1,2.25,0.29,2.28,8.46,9.495,46.3,-2.1075,2.285,-47.6425,5.07,-0.34,4.6575,0.33,4.44
1,2.75,0.3,2.22,8.6,9.4375,46.2625,-2.05,2.56,-50.87,6.24,0.55,4.33,0.27,4.745
1,3.25,0.29,2.19,8.3225,9.39,47.53,-2.14,3.0725,-50.6,6.47,0.65,3.26,0.27,4.89
1,3.75,0.3225,2.1875,8.225,9.26,46.495,-2.01,3.4525,-50.7975,3.29,1.1,3.46,0.305,4.75
1,4.25,0.32,2.415,8.2925,9.41,50.76,-2.2325,4.745,-51.4325,8.015,1.245,6.25,0.305,4.53
1,4.75,0.2825,2.26,8.3925,9.36,50.54,-2.5325,4.4125,-51.89,8.745,1.0375,2.91,0.2425,4.545
1,5.25,0.29,2.37,8.3375,9.33,46.41,-2.0325,4.33,-50.5,8.18,1.6175,6.42,0.36,4.68
1,5.75,0.305,2.2275,8.2925,9.2,49.94,-2.1275,3.54,-49.3225,6.875,1.51,5.2625,0.285,4.765
1,6.25,0.3175,2.22,8.3,9.2,47.54,-1.84,3.7725,-52.5,9.605,1.895,4.7125,0.285,4.68
1,6.75,0.33,2.385,8.3225,9.37,48.42,-1.7225,4.1,-52.485,8.94,1.3475,4.9825,0.31,4.395
1,7.25,0.325,2.42,8.315,9.245,44.98,7.2875,7.3525,-42.0975,9.9,1.99,4.85,0.26,4.87
1,7.75,0.315,2.1575,8.3925,9.34,44.235,87.91,14.36,-27.1275,7.15,3.5425,5.91,0.11,4.93
1,8.25,0.33,1.9325,8.63,9.48,45.46,186.1375,24.055,3.52,9.495,10.385,15.09,-0.1,4.855
1,8.75,0.3625,1.79,8.8425,9.625,49.585,230.21,37.0125,48.355,8.07,26.05,37.25,-0.4875,4.76
1,9.25,0.4,1.79,9.0725,9.68,47.6775,331.5675,42.03,82.2475,10.11,47.025,52.01,-1.315,4.495
1,9.75,0.45,1.8925,9.385,9.92,49.355,384.15,48.405,114.6825,9.75,65.88,70.835,-1.57,5.005
1,10.25,0.45,1.92,9.295,10.115,52.62,319.2325,57.0625,237.315,7.85,83.92,100.385,-3.125,4.76
1,10.75,0.4525,2.1,9.445,10.2,52.11,505.6575,61.675,316.8825,3.395,123.05,96.9725,-2.9525,4.86
1,11.25,0.5,2.3875,9.415,10.2775,52.6225,603.6675,64.4675,333.7025,10.65,148.98,97.695,-3.93,5.355
1,11.75,0.49,2.33,9.3975,9.9975,59.4775,625.1575,69.965,369.1675,3.71,162.6075,115.1,-3.7375,5.15
1,12.25,0.53,2.4175,9.3625,10.1,56.1425,636.3225,71.5775,377.29,10.465,172.03,100.73,-4.2975,5.24
1,12.75,0.53,2.54,9.5325,10.19,57.7,614.6675,68.29,365.81,10.835,155.2125,111.03,-4.045,5.24
1,13.25,0.5,2.3475,9.4025,10.1725,58.215,587.47,66.115,346.42,9.38,161.75,98.3525,-3.33,5.06
1,13.75,0.5225,2.49,9.235,10.2375,59.975,545.59,62.59,313.92,5.09,155.9675,88.905,-3.43,5.52
1,14.25,0.5,2.45,9.16,9.84,61.31,484.46,60.22,265.79,10.535,136.125,84.53,-2.6575,5.195
1,14.75,0.5,2.44,9.155,9.605,63.26,396.09,51.32,201.37,8.965,111.88,82.3025,-2.48,5.29
1,15.25,0.44,2.26,8.9025,9.68,64.78,312.725,44.9575,139.5075,10.435,90.695,65.3625,-2.1575,5.235
1,15.75,0.42,2.255,8.765,9.39,61.06,217.595,40.9275,66.725,4.615,54.755,54.3375,-0.87,5.08
1,16.25,0.37,2.16,8.69,9.125,62.96,122.425,31.2575,14.195,7.215,19.74,33.7775,-0.1925,4.935
1,16.75,0.32,2.3425,8.345,9.05,67.22,37.595,18.3875,-11.56,7.015,6.03,17.99,0.29,5.125
1,17.25,0.3175,2.45,8.135,9.0475,69.395,1.625,5.79,-24.85,6.91,1.16,11.2325,0.68,5.06
1,17.75,0.3375,2.34,8.0975,9.2,69.72,-1.655,3.6875,-32.52,5.1,-0.6425,9.22,0.57,5.205
1,18.25,0.3,2.23,8.1775,9.2525,67.96,-1.8075,3.6325,-33.335,3.875,-1.21,10.215,0.4375,5.225
1,18.75,0.2825,2.37,8.145,9.255,65.055,-2.0925,4.05,-34.905,3.685,-0.095,13.4,0.44,5.055
1,19.25,0.325,2.295,8.3425,9.2525,65.2375,-1.905,3.335,-37.22,2.68,0.69,9.5425,0.36,5.19
1,19.75,0.3225,2.3875,8.28,9.2875,62.39,-1.78,3.4025,-42.03,3.32,0.045,11.32,0.3575,4.875
1,20.25,0.33,2.4525,8.165,9.2775,60.06,-1.9725,3.5125,-42.1,2.27,-0.2075,6.9025,0.6125,5.29
1,20.75,0.29,2.2575,8.1225,9.1925,58.02,-1.835,3.8325,-54.695,2.825,0.9,5.1675,0.36,5.01
1,21.25,0.3,2.1525,8.22,9.295,57.33,-2.745,3.3325,-54.0225,4.725,0.89,5.31,0.3975,5.305
1,21.75,0.28,2.175,8.31,9.4,59.61,-2.7625,3.2925,-57.7625,1.84,0,5.7875,0.3575,4.765
1,22.25,0.29,2.215,8.32,9.22,59.7775,-3.0225,2.7075,-57.6325,3.37,0.135,6.04,0.27,4.985
1,22.75,0.3,2.4575,8.45,9.32,58.51,-2.915,2.935,-59.3175,2.855,0.55,5.595,0.38,4.945
1,23.25,0.31,2.28,8.47,9.39,55.0275,-2.5325,2.23,-60.675,2.965,0.3,6.105,0.325,4.67
1,23.75,0.3075,2.31,8.4275,9.2675,54.44,-2.5,2.72,-59.39,2.79,1.26,4.405,0.33,4.895
2,0.25,0.3,2.13,7.48,9.09,78.055,-1.5525,2.9075,-38.0875,4.34,1.36,8.22,0.28,4.9475
2,0.75,0.31,2.2625,7.54,8.91,75.5675,-1.525,2.745,-33.905,2.3375,1.545,6.3,0.4025,4.7275
2,1.25,0.305,2.135,7.3,8.965,70.04,-1.1175,2.5425,-33.1375,2.255,1.2,7.5425,0.7,4.8675
2,1.75,0.31,2.2175,7.56,9.08,74.2,-1.3225,3.3225,-38.7125,2.44,1.2325,4.55,0.43,4.8825
2,2.25,0.3225,2.3225,7.455,9.05,66.82,-1.07,3.265,-34.9475,4.24,-0.095,7.43,0.5775,4.905
2,2.75,0.32,2.34,7.67,9,65.52,-1.13,2.985,-35.1775,1.715,0.8625,4.55,0.3625,4.69
2,3.25,0.315,2.435,7.7225,9.0625,65.955,-1.235,3.11,-37.0075,7.165,1.425,5.02,0.3675,5.08
2,3.75,0.2775,2.44,7.72,9.05,73.07,-1.57,2.67,-37.9425,6.3725,1.13,4.585,0.295,4.805
2,4.25,0.3,2.38,7.6825,8.8825,69.24,-1.44,2.6475,-35.915,5.3875,0.9775,5.6575,0.305,4.8975
2,4.75,0.29,2.175,7.68,8.87,70.89,-1.4625,3.1625,-32.5525,6.31,0.91,7.62,0.35,4.7975
2,5.25,0.29,2.475,7.605,8.79,67.78,-1.7075,2.9825,-38.11,5.775,1.44,7.29,0.2875,4.99
2,5.75,0.33,2.46,7.54,8.76,68.39,-1.7075,2.5825,-46.6475,7.1675,0.4975,4.275,0.37,4.7675
2,6.25,0.31,2.425,7.5525,8.8775,64.98,-1.5875,3.265,-42.6775,6.2225,1.0125,4.89,0.31,4.705
2,6.75,0.3,2.4,7.61,8.915,64.85,5.375,5.2925,-41.235,6.7275,1.6,4.75,0.3,4.7225
2,7.25,0.2975,2.49,7.5425,8.9475,61.01,35.7175,15.2125,-27.7725,9.92,2.5075,7.0425,0.235,4.9475
2,7.75,0.32,2.15,7.6125,8.93,61.8125,168.745,28.0225,8.4025,7.05,14.72,17.9075,0.1225,4.7025
2,8.25,0.38,2.01,7.8025,9.3,61.415,283.9375,42.655,73.785,8.9225,31.775,39.2575,-0.26,5.095
2,8.75,0.44,1.9375,7.815,9.19,64.665,387.495,45.0825,134.335,8.665,59.03,57.7675,-1.22,4.805
2,9.25,0.4725,2.165,8.06,9.35,64.2275,377.2975,56.7725,160.675,7.09,82.395,84.4575,-1.595,4.9875
2,9.75,0.5075,2.2725,8.0975,9.29,65.57,497.735,64.925,158.2525,9.845,108.5,107.14,-2.805,4.835
2,10.25,0.51,2.3075,8.23,9.45,69.29,421.52,72.5925,232.21,4.9875,148.02,113.64,-3.14,4.75
2,10.75,0.51,2.5,8.4,9.6575,74.375,497.955,84.37,400.54,4.9,174.52,119.33,-3.865,4.745
2,11.25,0.5575,2.5975,8.48,9.875,80.4625,715.52,87.1025,441.3725,12.4625,196.0075,132.795,-3.78,4.995
2,11.75,0.575,2.68,8.5,9.91,84.92,747.275,92.31,476.4925,10.2975,227.92,136.645,-4.43,5.3125
2,12.25,0.58,2.88,8.5,9.54,88.03,771.835,93.2525,490.3125,8.26,229.48,124.745,-4.0225,5.1375
2,12.75,0.58,2.8475,8.4575,9.84,87.905,757.6475,90.81,485.2475,12.6975,230.705,121.8125,-4.2475,4.8125
2,13.25,0.59,2.86,8.26,9.5325,91.0775,725.14,87.91,460.85,10.9,214.02,132.42,-3.57,5.09
2,13.75,0.595,2.89,8.37,9.6975,92.5275,674.875,84.045,420.84,11.4725,216.7275,117.345,-3.855,5.36
2,14.25,0.585,2.7,8.26,9.7075,93.085,605.72,77.84,372.46,14.51,194.36,123.1075,-3.645,4.965
2,14.75,0.56,2.67,8.235,9.82,94.585,539.2875,70.9325,319.995,13.485,186.7,124.875,-3.02,5.115
2,15.25,0.52,2.6425,8.35,9.68,94.4525,450.34,61.57,248.53,10.52,146.22,125,-2.91,5.16
2,15.75,0.5,2.5125,8.3275,9.505,94.45,340.57,51.6575,165.46,9.7075,115.205,83.525,-2.015,5.455
2,16.25,0.46,2.455,8.1025,9.2,94.13,221.56,42.15,78.4925,10.11,64.225,60.54,-0.585,5.725
2,16.75,0.38,2.26,8.02,9.22,94.355,123.67,30.98,20.19,10.51,25.8,33.87,0.06,5.55
2,17.25,0.34,2.26,7.71,9.32,94.62,40.86,15.5,-3.66,8.825,9.23,18.135,0.17,5.52
2,17.75,0.37,2.24,7.56,9.315,94.255,2.39,5.17,-22.51,9.26,4.06,27.33,0.65,5.49
2,18.25,0.33,2.17,7.51,9.415,93.635,-0.85,2.54,-28.29,7.175,0.29,22.5725,0.845,5.49
2,18.75,0.31,2.1675,7.53,9.51,92.8925,-1.11,3.06,-27.21,6.77,0.505,12.785,0.81,5.435
2,19.25,0.32,2.1775,7.65,9.5,93.3525,-1.36,2.74,-32.64,6.03,-0.1175,8.205,0.78,5.42
2,19.75,0.3475,2.2575,7.67,9.4725,92.835,-1.31,1.74,-42.59,3.805,1.3475,7.76,0.57,5.53
2,20.25,0.3,2.165,7.52,9.42,90.2825,-1.29,2.18,-40.19,4.23,0.73,12.7775,0.4425,5.32
2,20.75,0.33,2.37,7.5,9.2875,87.4925,-1,2.85,-43.82,5.01,0.57,9.06,0.525,5.385
2,21.25,0.33,2.19,7.51,9.04,85.5825,-1.24,2.57,-42.13,3.73,0.1,8.125,0.55,5.18
2,21.75,0.3225,2.17,7.41,8.905,84.11,-0.99,2.1,-37.23,3.87,1.295,6.435,0.39,4.89
2,22.25,0.31,2.295,7.33,8.9,82.6925,-0.84,2.07,-33.25,2.03,0.82,6.4925,0.6025,4.89
2,22.75,0.32,2.29,7.35,8.91,83.2125,-0.9,1.87,-29.34,3.5,1.59,6.75,0.39,5.14
2,23.25,0.32,2.1125,7.35,9.12,83.61,-0.93,1.95,-32.54,2.225,0.92,8.69,0.545,5.035
2,23.75,0.33,2.26,7.49,9.2,80.57,-1.15,2.89,-33.84,2.315,1.45,4.1,0.33,5.18
3,0.25,0.33,1.97,6.535,8.35,76.87,-1.9675,2.96,-34.0775,2.36,1.92,7.41,0.425,6.8
3,0.75,0.36,2.1175,6.6525,8.69,76.695,-2,2.81,-36.995,1.53,0.5675,6.805,0.72,6.63
3,1.25,0.335,2.09,6.745,8.83,74.89,-1.8675,3.07,-38.2175,1.515,0.925,9.6375,0.51,6.6225
3,1.75,0.36,2.155,7.02,8.86,76.16,-1.8975,3.2425,-37.3225,4.315,2.31,5.2975,0.44,6.585
3,2.25,0.3,2.165,7.0625,8.51,74.985,-1.7425,3.31,-37.55,3.58,1.78,8.7275,0.3825,6.595
3,2.75,0.2975,2.085,7.16,8.7,72.59,-2.06,3.4225,-39.2,4.3975,0.7375,6.405,0.41,6.405
3,3.25,0.31,2.36,7.15,8.6425,74.63,-2.44,3.1875,-46.665,5.2175,0.9325,6.265,0.45,6.3975
3,3.75,0.29,2.265,7.36,8.77,74.5825,-2.105,4.1375,-45.0475,5.47,1.28,7.275,0.3825,6.2625
3,4.25,0.3,2.29,7.33,8.675,71.43,-2.315,4.065,-47.075,7.1475,0.545,5.785,0.4,6.4275
3,4.75,0.31,2.275,7.27,8.68,70.51,-2.2575,5.2375,-51.06,7.2875,1.66,5.0425,0.3475,6.4325
3,5.25,0.32,2.17,7.45,8.66,73.26,-2.6575,4.385,-46.4075,5.565,0.945,7.65,0.26,6.365
3,5.75,0.28,2.09,7.42,8.705,74.65,-1.225,4.755,-42.54,4.7625,0.8275,7.81,0.325,6.285
3,6.25,0.32,2.12,7.43,8.62,77.005,26.1425,8.1025,-36.015,5.555,0.91,4.82,0.41,6.1425
3,6.75,0.29,2.07,7.11,8.645,72.53,117.89,17.9925,-18.13,7.2175,4.0575,9.9525,0.12,6.1425
3,7.25,0.37,1.905,7.22,8.87,70.455,232.445,34.4925,25.07,6.755,22.28,26.345,-0.17,5.8675
3,7.75,0.41,1.785,7.58,9.28,71.115,333.2,46.1825,108.5325,8.795,56.2575,51.57,-0.975,6.1925
3,8.25,0.44,1.9,7.78,9.4,71.1,459.8675,51.6525,206.5725,8.0175,77.7075,70.4525,-2.09,6.1475
3,8.75,0.47,2.0575,7.99,9.31,72.035,579.575,62.215,308.25,7.0325,113.14,96.22,-3.11,6.005
3,9.25,0.52,2.37,8.2,9.495,77.57,676.8325,70.4925,379.145,5.86,141.56,121.545,-3.945,6.15
3,9.75,0.5425,2.56,8.81,10.01,82.975,620.39,83.815,335.1675,12.675,192.73,120.5425,-4.6925,6.1575
3,10.25,0.6,2.78,8.74,10.045,81.9425,688.5,95.8625,311.065,8.4125,231.545,141.03,-5.7875,6.17
3,10.75,0.6025,2.86,8.5725,9.925,81.855,519.57,108.82,329.56,12.03,257.195,144.76,-5.48,6.725
3,11.25,0.6475,2.95,8.585,10.0825,83.59,703.385,116.69,586.12,20.2125,275.03,156.0675,-6.0775,6.165
3,11.75,0.65,3.1225,8.75,9.9375,83.9475,924.69,115.855,609.58,19.3025,300.1925,153.6925,-6.0025,6.4225
3,12.25,0.68,3.065,8.69,9.945,87.695,921.705,115.7325,614.325,13.2,312.82,173.385,-6.57,6.6725
3,12.75,0.68,3.12,8.66,9.975,90.505,901.4325,115.225,606.91,19.355,313.26,145.835,-7.04,7.115
3,13.25,0.67,3.15,8.7425,9.8225,91.2375,864.765,111.78,580.75,18.36,303.44,149.455,-6.3275,7.05
3,13.75,0.6725,3,8.68,9.85,91.1125,806.145,102.4525,538.95,19.8,282.305,128.3725,-6.345,6.99
3,14.25,0.665,2.9725,8.55,9.7025,93.9375,732.14,88.8225,479.9275,19.83,271.88,138.0225,-5.465,7.22
3,14.75,0.64,2.92,8.43,9.6425,94.18,651.1575,80.22,413.7625,25.7425,255.425,130.8375,-4.97,7.3475
3,15.25,0.6475,2.7925,8.5,9.6475,94.2825,553.3775,68.8725,344.8675,14.8075,217.86,102.6075,-4.18,7.3025
3,15.75,0.58,2.71,8.33,9.535,95.08,442.1975,58.575,262.22,11.875,174.03,86.42,-3.14,7.43
3,16.25,0.56,2.695,8.04,9.15,95.095,344.45,48.695,177.9125,14.895,137.1075,75.22,-2.43,7.305
3,16.75,0.515,2.4875,7.7,9.135,95.725,227.63,39.1575,91.0475,13.9625,76.79,59.95,-1.07,7.5275
3,17.25,0.435,2.27,7.45,8.9175,95.85,124.2925,28.4925,23.2225,13.1025,32.03,44.18,-0.095,7.635
3,17.75,0.36,2.28,7.14,8.775,94.555,36.275,15.24,-2.41,10.32,8.7525,16.73,0.4875,7.405
3,18.25,0.34,2.39,7.14,8.74,93.245,0.8925,6.3975,-19.5625,8.81,1.27,9.23,0.885,7.4875
3,18.75,0.32,2.3,7.06,8.82,92.89,-1.1775,4.495,-23.3175,8.36,0.18,14.76,1.0225,7.57
3,19.25,0.33,2.0375,7.1,8.73,92.12,-1.685,4.0525,-33.3,4.82,1.32,19.64,0.75,7.46
3,19.75,0.34,2.03,7.15,8.86,91.23,-1.7825,3.7925,-38.5825,4.24,0.8875,9.75,0.68,7.59
3,20.25,0.34,2.06,6.82,8.6825,87.69,-1.915,3.5775,-34.715,3.395,0.5575,16.785,0.64,7.4575
3,20.75,0.31,1.9225,6.89,8.765,84.06,-2.3325,3.3625,-46.41,2.1625,2.135,8.9025,0.575,7.2375
3,21.25,0.3125,2.04,6.83,8.84,81.985,-2.2475,3.4825,-44.3625,0.5525,1.015,12.755,0.55,7.2425
3,21.75,0.29,2.19,6.63,8.7125,82.98,-2.16,3.3875,-43.3175,1.3425,1.35,9.095,0.34,6.8725
3,22.25,0.3075,1.97,6.66,8.625,82.77,-2.12,2.965,-36.815,2.18,1.535,7.105,0.46,6.955
3,22.75,0.3,1.945,6.65,8.4125,79.255,-2.385,2.705,-40.705,0.85,1.24,6.705,0.4125,6.8325
3,23.25,0.29,1.9425,6.63,8.53,77.785,-2.0025,2.8425,-36.9125,0.6575,1.315,6.6,0.3825,7.1
3,23.75,0.29,2.02,6.64,8.4675,78.295,-1.8375,3.0325,-33.3425,1.27,0.635,8.41,0.505,6.64
4,0.25,0.285,2.03,8.4675,10.085,79.0925,-2.805,2.05,-66.545,-0.66,1.46,5.66,0.52,9.31
4,0.75,0.2875,2.02,8.4775,10.07,78.45,-3.085,1.79,-63.37,-1.66,1.49,4.66,0.495,9.36
4,1.25,0.3,1.99,8.5525,10.13,75.61,-2.64,2.25,-60.535,-0.94,0.97,6.385,0.585,9.31
4,1.75,0.29,2.13,8.745,10.27,78.33,-2.37,2.59,-56.175,-0.0775,1.5125,7.015,0.62,8.925
4,2.25,0.275,1.96,8.13,9.785,78.69,-2.065,2.295,-55.97,-1.16,1.98,7.22,0.4875,9.1075
4,2.75,0.28,2.15,8.23,9.83,77.06,-2.495,2.93,-54.875,0,1.27,7.6025,0.44,9.05
4,3.25,0.3,2.125,8.58,10.05,77.2825,-2.225,3.095,-56.495,-1.2825,0.535,6.0725,0.53,9.065
4,3.75,0.3,2.1,8.58,9.8975,74.555,-2.5,3.405,-60.495,-0.4525,1.2625,6.265,0.4,9.025
4,4.25,0.28,2.18,8.355,9.76,69.92,-2.94,3.65,-62.325,0.38,1.335,5.1125,0.4175,8.99
4,4.75,0.28,2.3025,8.35,9.76,70.53,-3.03,4.3,-68.63,-1.63,1.2075,6.365,0.4375,9.03
4,5.25,0.31,2.335,8.36,9.745,71.46,1.755,4.805,-61.43,0.46,1.48,6.075,0.55,8.73
4,5.75,0.33,2.365,8.415,9.77,71.115,54.305,9.82,-48.48,-0.53,0.79,6.0975,0.2625,8.81
4,6.25,0.34,2.08,8.545,10.06,69.2,164.95,20.625,-21.325,2.47,9.34,15.38,-0.05,8.64
4,6.75,0.3775,1.89,8.845,10.27,70.9375,282.335,34.47,46.795,2.05,28.31,46.98,-0.325,8.75
4,7.25,0.39,1.865,8.93,10.295,70.08,403.665,46.37,138.425,2.8,57.6275,74.31,-2.145,8.71
4,7.75,0.45,2.14,9.085,10.4075,69.94,524.15,57.815,241.225,4.36,89.92,109.9075,-3.07,8.83
4,8.25,0.49,2.29,9.25,10.58,74.215,633.145,64.14,343.135,3.52,125,133.785,-2.99,8.79
4,8.75,0.52,2.43,9.645,10.885,78.535,731.82,78.225,451.655,10.45,182.47,147.22,-4.49,8.76
4,9.25,0.57,2.74,9.595,11.09,81.505,818.64,87.335,526.295,12.43,226.52,160.43,-4.4,8.83
4,9.75,0.6,2.88,10.1075,11.23,83.35,870.4175,96.2325,510.1575,23.07,255.57,160.04,-5.365,8.73
4,10.25,0.64,3,10.075,11.355,85.68,763.9,104.74,417.415,28.42,291.6675,182.37,-5.885,9.11
4,10.75,0.68,3.13,10.2825,11.4975,87.05,670.53,113.53,306.5625,39.21,332.52,180.36,-6.36,9.03
4,11.25,0.72,3.2625,10.145,11.4975,88.295,669.3925,121.5775,708.14,43.24,354.985,178.38,-6.935,9.14
4,11.75,0.71,3.255,10.125,11.425,90.285,1047.725,121.35,725.1025,31.6975,356,180.4425,-6.3925,9.59
4,12.25,0.74,3.365,10.325,11.545,91.845,1038.64,124.0425,722.235,32.3675,356.6,194.71,-6.87,9.78
4,12.75,0.78,3.3375,10.34,11.71,93.66,1015.92,116.99,705.26,27.295,366.645,212.19,-7.02,9.845
4,13.25,0.745,3.34,10.35,11.4075,93.23,973.03,114.0625,675.92,26.905,353.25,172,-6.34,9.675
4,13.75,0.73,3.36,10.3775,11.415,94.25,924.615,113.235,644.645,31.93,371.4,175.275,-6.515,9.785
4,14.25,0.74,3.29,10.46,11.44,93.71,853.85,96.3625,592.25,23.775,355.7825,161.7275,-5.76,10.06
4,14.75,0.72,3.265,10.665,11.46,92.47,766.7375,83.615,530.9175,14.535,309.43,153.725,-3.465,10.22
4,15.25,0.695,3.22,10.5725,11.5975,93.65,674.51,78.04,458.54,39.905,278.1575,138.97,-3.58,10.285
4,15.75,0.685,3.1275,10.395,11.555,93.2575,567.315,67.98,369.945,30.605,240.24,108.9475,-3.63,10.545
4,16.25,0.625,3.04,10.465,11.43,93.785,454.66,55.215,279.705,8.985,179.1525,110.685,-2.1425,10.545
4,16.75,0.56,2.8,10.175,11.31,95.1825,338.83,46.575,186.595,16.06,138.79,86.69,-1.385,10.66
4,17.25,0.4925,2.58,9.8925,11.0975,94.16,223.295,38.465,95.75,15.95,77.7625,63.415,-0.74,10.755
4,17.75,0.42,2.4,9.635,11.07,93.4275,114.775,27.065,17.89,15.795,33.5375,40.1475,0.1025,10.89
4,18.25,0.36,2.26,9.3275,10.73,94.605,32.855,12.795,-20.35,12.365,5.45,17.08,0.82,10.87
4,18.75,0.37,2.43,9.32,10.695,91.32,-0.235,4.695,-47.335,9.12,0.745,11.8475,1.0725,10.54
4,19.25,0.37,2.37,9.1475,10.5,91.425,-2.305,3.76,-52.825,6.47,-0.13,19.02,0.94,10.83
4,19.75,0.34,2.29,9.2,10.585,93.625,-2.28,2.665,-56.27,4.74,0.24,12.115,0.9575,10.605
4,20.25,0.32,2.225,9.0425,10.4975,89.895,-2.605,2.83,-56.27,1.715,2.04,8.51,0.73,10.455
4,20.75,0.32,2.29,9.0525,10.49,84.77,-2.975,2.67,-61.93,-1.095,0.3025,9.43,0.635,10.23
4,21.25,0.27,2.305,8.8775,10.37,82.7,-2.79,2.21,-62.48,-0.02,1.3075,6,0.4625,10.03
4,21.75,0.28,2.315,8.8475,10.22,81.82,-2.95,2.395,-65.7,-1.43,1.14,8.1125,0.7025,9.915
4,22.25,0.29,2.11,8.75,10.255,83.185,-2.765,2.36,-61.46,-1.91,0.86,7.7,0.6325,10.2
4,22.75,0.3,2.19,8.83,10.235,81.87,-2.725,1.805,-60.965,-3.44,0.46,5.95,0.6025,10.285
4,23.25,0.29,2.085,8.7275,10.1,80.77,-2.72,2.035,-63.415,-2.45,0.475,7.73,0.665,9.785
4,23.75,0.32,2.1125,8.84,10.215,79.86,-3.14,1.535,-63.51,-2.145,0.43,8.985,0.735,9.67
5,0.25,0.27,1.85,11.4875,12.8975,72.97,-1.2575,1.195,-75.195,-8.3425,0.7325,4.56,0.48,12.6125
5,0.75,0.2625,1.71,11.275,12.7825,71.675,-1.325,1.105,-72.815,-7.8525,0.25,3.12,0.565,12.305
5,1.25,0.2775,1.8225,11.26,12.7075,69.93,-1.1425,0.88,-73.61,-8.2,1.2825,8.09,0.405,12.3
5,1.75,0.26,2.03,11.21,12.6575,69.7225,-1.1,0.9325,-72.775,-7.24,0.895,6.125,0.61,12.3175
5,2.25,0.25,1.88,11.2,12.58,70.29,-1.0225,1.3925,-73.115,-7.97,0.97,5.275,0.41,11.895
5,2.75,0.25,1.8575,11.415,12.815,70.725,-0.98,1.25,-74.055,-7.6625,0.9,7.035,0.6475,12.33
5,3.25,0.255,1.76,11.2525,12.8075,69.6575,-1.2175,1.2725,-73.4425,-7.8225,0.98,7.19,0.58,11.7975
5,3.75,0.28,2.03,11.32,12.8125,71.8075,-0.6625,1.0775,-72.1825,-7.645,0.27,7.49,0.65,11.81
5,4.25,0.28,1.845,11.3025,12.73,71.79,-0.7875,1.2575,-67.2,-7.42,0.7625,5.835,0.555,11.53
5,4.75,0.25,1.87,11.385,12.715,69.41,2.4525,1.8525,-63.6575,-7.8675,0.175,5.8225,0.43,11.72
5,5.25,0.28,1.87,11.47,12.685,66.76,45.4825,6.235,-50.005,-7.3625,1.57,7.06,0.45,11.51
5,5.75,0.3,1.73,11.58,12.7125,70.0525,148.8725,15.8075,-14.645,-3.5575,9.6225,18.7525,-0.07,11.615
5,6.25,0.31,1.61,11.8375,13,70.045,258.74,25.5225,25.805,-2.3125,30.78,38.63,-0.9625,11.645
5,6.75,0.3325,1.64,12.195,13.185,67.5925,371.9575,36.2,112.125,-2.675,55.405,69.465,-2.565,11.5275
5,7.25,0.4,1.89,12.43,13.41,68.19,491.8075,46.0425,206.69,0.38,87.49,119.4775,-3.65,11.29
5,7.75,0.45,2.06,12.6875,13.4575,71.0175,604.175,56.495,293.375,-1.31,129.365,130.4,-4.7725,11.125
5,8.25,0.49,2.35,12.6775,13.6725,70.9,709.78,67.2575,381.08,4.5225,168.855,160.79,-5.4,11.3925
5,8.75,0.51,2.5375,12.745,13.81,73.6075,805.7025,73.3725,479.44,10.1575,203.225,187.3425,-5.62,11.225
5,9.25,0.5725,2.79,12.8125,14.14,75.4425,886.215,79.6725,581.61,29.29,268.9175,188.825,-6.625,11.485
5,9.75,0.61,3.005,12.96,14.25,76.85,956.195,84.055,656.84,47.0325,310.97,191.315,-6.99,11.545
5,10.25,0.6775,3.1,12.8875,14.34,79.3675,1002.945,86.8725,659.8325,66.6375,355.61,235.84,-7.795,12
5,10.75,0.72,3.265,13.145,14.405,82.44,973.2125,90.415,608.0225,72.0625,395.2625,217.6575,-7.77,11.8675
5,11.25,0.75,3.3025,13.1575,14.455,83.2325,678.55,93.57,764.6425,62.075,414.62,219.0825,-7.775,12.5475
5,11.75,0.75,3.4125,13.2875,14.6375,83.55,1088.0125,100.77,775.255,48.675,435.34,218.6425,-7.7275,12.84
5,12.25,0.75,3.5425,13.55,14.78,84.0875,1081.6375,100,775.2275,39.465,419.115,210.35,-7.33,13.285
5,12.75,0.7925,3.46,13.3875,14.78,83.67,1058.085,99.3125,758.7275,34.57,445.6,213.5,-7.57,13.365
5,13.25,0.795,3.455,13.415,14.8725,84.16,1023.1025,95.99,730.34,32.5175,447.98,199.48,-7.425,13.3425
5,13.75,0.77,3.52,13.7025,15.0725,81.765,967.49,92.7075,695.895,30.7075,433.7875,191.3225,-7.155,13.3625
5,14.25,0.78,3.53,13.69,14.94,81.175,904.3575,88.45,649.29,13.9775,414.2325,179.81,-6.8925,13.775
5,14.75,0.7825,3.3625,13.78,14.9,81.505,826.93,82.0825,588.57,15.8475,391.62,177.485,-6.35,14.19
5,15.25,0.74,3.29,13.86,14.89,81.77,733.82,75.2,510.305,78.2475,350.685,168.495,-5.29,14.005
5,15.75,0.72,3.2325,13.725,14.7,78.71,637.4475,67.1125,435.42,2.9225,302.575,151.2325,-4.96,14.6025
5,16.25,0.69,3.14,13.6625,14.705,77.7,528.5275,58.3525,345.89,6.3325,256.08,142.66,-3.75,14.365
5,16.75,0.63,2.965,13.35,14.43,77.73,414.46,49.3975,249.8025,10.4075,189.54,120.74,-2.66,14.4325
5,17.25,0.56,2.845,13.17,14.1475,76.84,299.03,39.2725,155.7975,10.93,119.02,88.3,-1.34,14.67
5,17.75,0.48,2.58,12.795,13.7875,77.85,188.7275,30.9475,66.3625,7.135,69.3175,59.08,-0.3325,14.635
5,18.25,0.38,2.4,12.3475,13.55,79.3425,92.985,23.8175,2.05,2.2675,15.51,33.71,0.51,14.3725
5,18.75,0.3325,2.31,12.08,13.295,78.9,20.8975,8.955,-43.625,2.4225,1.615,12.56,0.7325,14.33
5,19.25,0.3375,2.42,11.8875,13.41,80.05,-0.735,0.9325,-61.55,-1.5725,-0.26,9.51,0.99,14.0275
5,19.75,0.37,2.275,11.905,13.34,79.76,-1.5375,0.9675,-70.38,-1.125,0.68,6.1875,0.72,13.98
5,20.25,0.355,2.16,11.87,13.315,77.6625,-1.0575,0.805,-69.195,-1.2575,-0.19,10.22,0.8875,13.64
5,20.75,0.32,2.12,12.0625,13.2975,76.91,-1.2625,0.9675,-71.03,-5.4425,0.0825,8.28,0.585,13.5075
5,21.25,0.33,2.1275,11.94,13.31,77.015,-1.025,0.88,-72.095,-6.0775,0.335,9.9275,0.68,13.515
5,21.75,0.32,2.11,11.92,13.26,75.85,-1.3,0.71,-72.635,-8.0225,1.0125,9.67,0.62,13.27
5,22.25,0.28,2.07,11.7525,13.225,72.85,-1.1725,0.95,-73.175,-7.775,0.055,4.745,0.575,13.215
5,22.75,0.28,1.965,11.7675,13.1875,72.955,-1.4625,0.94,-74.335,-8.345,0.6175,9.04,0.46,13.1
5,23.25,0.27,1.79,11.72,13.08,73.56,-1.555,1.0825,-73.765,-8.7725,0.83,6.8325,0.51,12.985
5,23.75,0.255,1.77,11.635,13.06,73.08,-1.525,1.22,-74.4275,-9.1475,-0.0025,5.73,0.5525,13.02
6,0.25,0.2,1.71,16.9925,18.6,58.1275,-3.3125,0.43,-81.455,-12.4,0.66,5.345,0.4025,16.18
6,0.75,0.19,1.7675,16.91,18.4,58.035,-3.37,0.4,-81.43,-10.9275,0.62,3.845,0.32,16.145
6,1.25,0.22,1.75,16.78,18.415,57.325,-2.73,0.44,-80.85,-9.1275,0.6725,4.93,0.35,16.035
6,1.75,0.2075,1.7525,16.75,18.32,57.085,-3.24,0.45,-81.01,-8.365,0.88,4.28,0.365,15.945
6,2.25,0.21,1.65,16.63,18.3775,57.445,-2.94,0.51,-80.79,-9.79,1.0625,4.87,0.365,15.765
6,2.75,0.22,1.69,16.68,18.37,55.975,-2.55,0.34,-82.49,-8.535,0.89,5.6875,0.275,15.83
6,3.25,0.19,1.855,16.74,18.38,54.7225,-3.12,0.49,-82.28,-9.5075,1.2875,6.1225,0.43,15.58
6,3.75,0.21,1.89,16.74,18.4,54.9825,-2.89,0.52,-83.26,-8.765,0.91,5.905,0.37,15.6525
6,4.25,0.21,1.89,16.75,18.63,54.9825,-2.71,0.5,-82.22,-8.18,0.605,3.8675,0.35,15.565
6,4.75,0.22,1.89,16.78,18.55,55.7725,8.62,1.18,-76.16,-7.4825,0.965,6.26,0.24,15.1325
6,5.25,0.23,1.87,16.91,18.575,55.9575,68.02,6.58,-64.29,-5.525,1.07,8.635,0.22,15.125
6,5.75,0.25,1.64,16.95,18.75,54.82,165.33,15.7,-37.35,-4.75,9.38,21.5825,-0.17,15.2775
6,6.25,0.3,1.54,17.21,19.03,53.695,273.36,23.9,37.77,0.4575,27.81,60.105,-1.7,15.04
6,6.75,0.34,1.6225,17.64,19.14,56.0725,387.44,32.6,128.82,1.05,53.9725,93.8875,-2.46,15.23
6,7.25,0.38,1.82,17.78,19.28,55.38,502.69,41.7,221.24,8.0425,79.95,131.975,-2.635,15.005
6,7.75,0.4,2.1,17.88,19.41,57.865,613.57,50.56,305.03,-0.4,111.97,167.47,-3.055,15.0875
6,8.25,0.44,2.2625,18.11,19.58,58.1625,716.87,60.04,385.25,11.0075,164.62,173.1625,-3.02,15.2425
6,8.75,0.48,2.4325,18.14,19.835,60.5375,810.06,68.13,469.62,9.14,221.48,201.82,-3.85,15.235
6,9.25,0.55,2.72,18.38,20.115,62.075,891.6,74.45,561.17,36.705,264.34,213.28,-4.3825,15.605
6,9.75,0.6075,2.86,18.26,20.085,64.88,962.4,78.72,658.53,57.7375,338.7125,214.86,-5.23,15.8675
6,10.25,0.66,3.115,18.2,20.01,64.2075,1019.28,83.29,718.16,74.475,382.56,226.11,-4.7375,16.0875
6,10.75,0.69,3.2,18.37,20.2525,65.1325,1010.28,86.85,751.02,76.3,412.26,235.56,-5.25,16.3775
6,11.25,0.71,3.3,18.45,20.33,65.4875,1072.73,89.86,731.1,63.7,435.2525,239.855,-5.7,16.975
6,11.75,0.73,3.34,18.52,20.49,65.835,1037,95.0475,796.3775,48.305,442.29,225.8175,-5.8375,17.1125
6,12.25,0.78,3.39,18.66,20.52,66.26,1095.77,95.38,795.62,41.7275,515.1275,232.0875,-6.39,17.2775
6,12.75,0.81,3.57,18.95,20.72,66.37,1077.35,97.09,784.68,46.17,524.4,217.93,-5.875,17.26
6,13.25,0.79,3.52,18.93,20.735,65.97,1045.24,97.34,758.21,18.545,493.07,233.3,-5.82,17.33
6,13.75,0.79,3.5,19.09,20.855,63.74,997.68,95.06,722.93,7.125,498.31,230.2925,-5.5425,17.63
6,14.25,0.82,3.45,19.32,20.88,62.76,937.59,89.25,679.26,22.4475,484.655,220.8625,-5.57,18.015
6,14.75,0.79,3.385,19.19,20.9,62.2475,864.27,83.48,623.4,17.5725,470.77,199.275,-4.955,18.2775
6,15.25,0.79,3.315,19.38,20.87,60.61,781.56,77.24,555.64,29.225,428.665,204.285,-3.9825,18.55
6,15.75,0.72,3.29,19.22,21.01,60.69,687.17,70.11,479.22,-19.1425,367.6,159.14,-3.145,18.915
6,16.25,0.69,3.17,19.15,20.69,60.355,586.38,61.07,397.34,5.5525,287.805,145.925,-2.44,18.76
6,16.75,0.6375,3.1125,18.95,20.51,60.025,478.51,51.24,306.12,9.955,242.955,133.795,-1.5325,18.83
6,17.25,0.58,2.9225,18.86,20.3625,60.075,368.38,41.72,209.99,8.3375,167.595,107.46,-0.47,18.77
6,17.75,0.49,2.73,18.65,20.0775,61.0625,257.61,28.84,116.06,3.2825,98.0525,80.1,0.855,18.6275
6,18.25,0.39,2.5,18.11,19.65,60.78,154.93,26.6,31.55,1.8575,38.585,56.0875,1.05,18.1525
6,18.75,0.28,2.18,17.82,19.4,61.0075,62.99,15.66,-31.4,-1.235,3.6775,24.2425,0.96,18.1475
6,19.25,0.3,2.3225,17.43,19.3275,60.2175,6.49,1.38,-73.05,-4.6325,-1.43,12.87,1.11,17.645
6,19.75,0.33,2.41,17.25,19.2075,61.605,-2.56,0.2,-81.3,-4.0075,-1.4925,13.3225,1.1425,18.085
6,20.25,0.32,2.1925,17.29,19.2175,61.5875,-2.92,0.23,-79.43,-6.1,-0.1675,12.92,1.025,17.4575
6,20.75,0.28,2.14,17.56,19.2425,59.53,-3.12,0.17,-79.16,-9.5225,0.71,11.98,0.86,17.43
6,21.25,0.2775,2.0625,17.62,19.4875,59.18,-3.22,0.03,-80.52,-11.145,0.575,10.2425,0.765,17.1775
6,21.75,0.24,1.9725,17.61,19.4175,57.68,-3.21,0.27,-80.7,-11.66,1.08,7.91,0.775,17.07
6,22.25,0.22,1.8725,17.41,19.2575,58.365,-3.36,0.32,-79.9,-13.355,0.22,5.845,0.63,16.9175
6,22.75,0.21,1.9,17.35,19.2325,59.575,-3.8,0.36,-80.73,-10.9025,0.705,5.1675,0.48,16.9
6,23.25,0.2,1.8125,17.33,19.065,58.6525,-3.68,0.29,-81.59,-12.5025,0.62,3.76,0.3475,16.725
6,23.75,0.19,1.71,17.2,19.0325,57.95,-3.38,0.36,-81.58,-11.755,0.36,4.13,0.375,16.515
7,0.25,0.18,1.49,19.49,21.1525,48.75,-2.8,0.3725,-81.7975,-12.05,1.1375,3.765,0.32,17.8175
7,0.75,0.17,1.59,19.65,21.11,49.905,-2.7,0.1125,-81.835,-11.5425,0.9125,4.895,0.315,17.67
7,1.25,0.18,1.5725,19.5425,21.05,49.8725,-2.86,-0.255,-82.54,-12.29,0.92,6.42,0.4775,17.4225
7,1.75,0.18,1.5525,19.4,20.995,48.4575,-2.47,-0.4425,-82.1825,-11.2075,0.22,4.29,0.31,17.295
7,2.25,0.16,1.63,19.415,20.985,48.875,-2.555,0.3125,-81.815,-9.83,0.44,5.15,0.2925,17.4225
7,2.75,0.17,1.58,19.415,20.905,50.625,-2.3525,0.255,-81.5425,-9.185,0.5225,2.92,0.27,17.17
7,3.25,0.18,1.61,19.22,20.8625,50.1125,-2.43,0.16,-82.0275,-8.12,0.8625,4.265,0.37,17.095
7,3.75,0.17,1.6625,19.235,20.8325,49.95,-2.265,0.165,-81.85,-7.97,0.56,4.115,0.34,17.02
7,4.25,0.1825,1.6025,19.185,20.6825,49.4925,-2.3525,0.225,-80.2175,-7.6425,0.34,4.53,0.33,17.165
7,4.75,0.18,1.6,19.0675,20.5575,49.695,2.5675,0.16,-77.88,-7.25,0.935,4.985,0.39,16.9775
7,5.25,0.17,1.64,19.1125,20.61,50.05,43.1,2.215,-66.2275,-5.7975,0.7375,5.665,0.22,16.7325
7,5.75,0.2,1.6375,19.055,20.5725,49.4725,140.905,9.71,-45.8975,-4.265,4.185,15.77,0.1,16.7875
7,6.25,0.22,1.37,19.3225,20.7525,48.9175,245.6225,17.4,12.4175,-1.5875,16.5625,41.65,-0.7,16.65
7,6.75,0.2625,1.44,19.6225,21.0075,48.925,355.8075,26.2975,98.7875,0.03,32.6575,84.03,-1.4925,16.585
7,7.25,0.3225,1.64,19.845,21.1625,50.62,470.0475,36.895,190.0225,4.8075,56.83,122.04,-2.1025,16.795
7,7.75,0.39,1.9,20.18,21.44,51.4,583.0225,45.8775,275.3925,0.565,100.015,162.1125,-2.355,16.92
7,8.25,0.43,2.13,20.3175,21.6275,52.185,686.92,56.525,357.7775,12.25,147.6,189.9,-2.3775,16.95
7,8.75,0.48,2.3775,20.32,21.855,51.92,781.0375,63.705,446.21,6.865,202.655,209.655,-3.18,17.17
7,9.25,0.51,2.5675,20.4425,21.8525,53.355,865,69.505,543.805,30.8825,236.05,209.6475,-3.46,17.52
7,9.75,0.59,2.7275,20.72,22,54.525,938.26,75.265,638.75,52.6175,309.255,241.0675,-3.9,17.76
7,10.25,0.65,2.92,20.91,22.215,55.4175,996.76,80.255,699.23,67.02,366.015,245.675,-4.485,18.1325
7,10.75,0.67,3.0525,20.9275,22.3925,55.77,988.945,84.97,697.8925,70.7675,405.9575,253.43,-4.815,18.565
7,11.25,0.72,3.1025,21.2025,22.655,55.31,1018.6775,88.305,718.275,60.475,443.655,276.315,-5.17,19.1
7,11.75,0.77,3.325,21.2425,22.7,55.6725,1068.185,93.3225,781.55,46.89,484.345,263.4925,-6.235,19.325
7,12.25,0.7825,3.355,21.325,22.83,55.8,1084.1,97.595,783.8875,35.055,491.17,256.13,-5.49,19.52
7,12.75,0.8,3.455,21.565,22.925,54.61,1066.9825,97.5875,775.495,37.185,493.47,270.83,-5.415,19.43
7,13.25,0.81,3.4725,21.8125,23,54.69,1034.5475,97.735,753.28,30.01,499.835,250.16,-5.83,19.38
7,13.75,0.81,3.4425,21.83,23.18,52.71,989.0525,96.6325,719.4325,18.405,506.57,259.975,-5.0225,19.755
7,14.25,0.81,3.3825,21.8975,23.1275,52.125,930.915,91.965,676.4275,21.255,476.9975,262.46,-5.025,19.955
7,14.75,0.81,3.3,22.0075,23.2525,51.57,856.9875,84.555,621.39,10.94,472.49,236.61,-4.17,20.445
7,15.25,0.7625,3.24,22.1225,23.2925,50.81,773.3475,79.2625,554.465,61.545,405.005,220.59,-3.7225,20.83
7,15.75,0.74,3.1125,22.0225,23.1,49.21,682.8575,71.8225,477.6525,0.425,379.98,211.5275,-2.775,21
7,16.25,0.69,3.04,21.9,23.0575,49.9,580.7,63.7275,391.5075,-2.775,312.78,192.6175,-1.75,20.81
7,16.75,0.64,2.92,21.62,22.805,48.825,475.47,53.3225,300.7775,7.32,251.31,160.39,-0.61,20.945
7,17.25,0.55,2.8,21.36,22.545,48.6,365.2475,43.9325,207.4,7.54,175.51,130.605,0.51,20.63
7,17.75,0.47,2.5725,21.1025,22.3175,49.49,254.38,31.1725,113.6025,3.315,105.4475,96.19,1.23,20.18
7,18.25,0.37,2.3825,20.7825,21.895,50.08,149.785,27.5225,27.4775,-0.665,38.3675,58.52,1.62,20.06
7,18.75,0.2725,2.21,20.325,21.7425,49.755,59.8875,17,-35.7925,-3.975,4.1325,21.82,0.995,19.595
7,19.25,0.28,2.0725,20.05,21.7025,50.465,5.2675,0.5775,-78.065,-5.515,-0.6,12.43,0.805,19.45
7,19.75,0.29,2.1525,20.0625,21.7325,50.05,-3.5725,-0.2075,-83.5525,-6.87,-0.105,11.3475,0.78,19.3
7,20.25,0.29,2.1125,20.07,21.725,49.155,-3.14,-2.565,-83.3275,-9.24,-0.43,13.7,0.88,19.105
7,20.75,0.25,2.01,20.08,21.67,47.5825,-3.025,-0.7125,-82.9925,-11.31,0.59,14.45,0.725,18.57
7,21.25,0.2,1.92,19.9675,21.6,47.765,-2.6075,-1.7675,-82.9625,-11.405,0.395,7.26,0.675,18.47
7,21.75,0.17,1.835,19.895,21.445,47.8075,-3.195,-0.91,-82.7575,-14.15,0.255,3.92,0.61,18.345
7,22.25,0.18,1.835,19.725,21.2775,48.2,-3.1675,-0.3675,-83.125,-14.22,0.185,4.14,0.5125,18.335
7,22.75,0.1625,1.8125,19.72,21.18,48.5725,-2.6875,-0.3275,-82.835,-14.045,0.62,3.48,0.4525,18.16
7,23.25,0.17,1.595,19.5525,21.1125,48.3275,-2.88,-0.525,-82.12,-14.035,0.4325,4.5175,0.37,17.875
7,23.75,0.17,1.5525,19.57,21.1125,48.4675,-2.8525,-0.27,-83.1625,-13.335,0.4225,2.91,0.62,17.97
8,0.25,0.18,1.6,19.25,20.7875,42.93,-2.6325,-2.345,-85.665,-8.555,0.7775,3.755,0.275,17.59
8,0.75,0.19,1.5875,19.11,20.83,41.9675,-2.4175,-0.34,-86.2725,-9.2375,0.965,4.225,0.33,17.64
8,1.25,0.1825,1.5325,18.99,20.645,42.64,-2.87,-0.4075,-86.0075,-9.6175,1,4.3,0.2925,17.4725
8,1.75,0.18,1.62,19.045,20.6025,43.1325,-3.125,-0.73,-86.09,-6.8475,1.0375,5.675,0.41,17.2875
8,2.25,0.1825,1.66,19.0325,20.6375,43.62,-3.21,-0.6525,-86.39,-7.7275,0.72,5.375,0.33,17.105
8,2.75,0.18,1.7425,19.03,20.5325,42.1,-2.535,-0.2,-87.3375,-6.92,0.8475,3.41,0.27,17.365
8,3.25,0.18,1.61,18.9425,20.4225,42.085,-2.085,-0.2075,-86.5,-7.685,1.215,5.4925,0.36,17.16
8,3.75,0.19,1.62,18.8075,20.305,43.0675,-2.1575,0.0725,-85.995,-3.115,1.04,4.6025,0.23,17.2325
8,4.25,0.18,1.715,18.9075,20.3025,43.8225,-2.935,0.01,-87.13,-4.825,0.4775,2.8725,0.23,17.2625
8,4.75,0.17,1.795,18.7675,20.245,43.3275,-2.5325,-0.1925,-86.835,-1.49,0.5525,2.8475,0.29,17.0875
8,5.25,0.19,1.76,18.78,20.28,43.365,5.79,0.52,-81.94,-3.6575,0.4275,6.265,0.27,17.2475
8,5.75,0.18,1.8,18.7025,20.29,43.2225,69.8025,4.0875,-71.305,-4.1825,1.265,7.65,0.27,17.15
8,6.25,0.2,1.535,18.895,20.4325,42.9325,173.805,12.945,-41.6075,-0.215,7.38,17.545,-0.1,16.9625
8,6.75,0.27,1.39,19.0625,20.525,42.565,286.4825,23.115,42.49,1.63,28.9275,51.9675,-1.05,17.0325
8,7.25,0.33,1.55,19.5125,20.885,42.545,405.5125,33.97,140.9925,4.19,58.7375,97.02,-1.6625,17.32
8,7.75,0.38,1.8825,19.6025,20.915,43.695,519.4025,43.0925,233.945,9.875,94.3375,128.29,-1.78,17.1625
8,8.25,0.45,2.14,19.6925,21.0575,44.8625,630.2675,51.2825,329.775,9.43,144.0525,168.9125,-2.0075,17.575
8,8.75,0.48,2.35,19.925,21.36,45.22,728.69,57.07,433.9675,14.87,197.99,182.165,-2.27,17.53
8,9.25,0.56,2.51,20.09,21.54,45.9025,816.87,64.2775,531.84,35.09,266.7675,190.2825,-2.6725,17.625
8,9.75,0.63,2.8,20.23,21.69,46.67,889.01,69.29,601.6075,47.1,321.935,201.365,-2.87,17.9975
8,10.25,0.67,2.9525,20.34,21.8925,47.21,926.415,74.75,588.91,53.53,385.5325,206.4975,-2.73,18.235
8,10.75,0.71,3.1925,20.43,21.985,47.4925,781.06,80.365,326.9775,54.0825,416.775,204.545,-2.68,18.7025
8,11.25,0.77,3.31,20.73,22.13,47.3225,509.32,84.5125,684.27,48.1025,472.6725,226.45,-3.21,18.85
8,11.75,0.81,3.4325,20.7325,22.2275,47.265,1051.31,89.6425,747.6275,39.26,500.6775,223.72,-3.49,19.2325
8,12.25,0.82,3.45,21.0125,22.4825,46.73,1050.4075,95,752.185,27.8025,528.01,235.39,-3.1075,19.1425
8,12.75,0.84,3.4825,21.1025,22.5525,45.955,1032.5275,93.1575,739.7775,23.2675,542.3125,223.11,-2.78,19.3625
8,13.25,0.83,3.5425,21.25,22.5625,46.6925,1000.7,93.04,716.77,31.62,550.16,216.99,-3,19.255
8,13.75,0.84,3.5625,21.355,22.6125,45.8625,954.3,91.55,682.4025,43.16,523.54,208.72,-2.3675,19.58
8,14.25,0.85,3.47,21.3975,22.6775,45.8625,888.24,86.2375,634.8675,17.615,503.81,198.2675,-2.16,19.885
8,14.75,0.81,3.4,21.5575,22.76,44.66,814.5575,79.8625,576.715,6.83,499.705,194.98,-1.9125,20.2525
8,15.25,0.8,3.29,21.4725,22.745,44.765,730.6425,74.0575,510.3925,42.2325,433.31,165.765,-1.36,20.31
8,15.75,0.76,3.2425,21.4575,22.6625,43.8225,630.95,65.855,428.605,44.135,385,158.125,-1.05,20.6625
8,16.25,0.7,3.0825,21.3075,22.4625,43.77,528.195,57.755,346.055,-20.395,322.8625,147.965,-0.37,20.43
8,16.75,0.64,2.92,21.0275,22.1825,43.2625,415.46,49.005,249.41,2.265,240.265,124.25,0.77,20.53
8,17.25,0.55,2.7725,20.6275,21.8525,44.2525,302.6675,39.465,154.7825,4.17,161.79,97.24,1.48,20.3
8,17.75,0.45,2.5525,20.155,21.4725,44.67,190.055,27.81,58.34,4.06,76.9725,62.91,1.555,19.9575
8,18.25,0.32,2.25,19.765,21.08,44.885,90.345,18.4075,-16.2375,-0.84,21.0275,31.7325,1.45,19.6275
8,18.75,0.27,2.07,19.405,20.9825,45.805,17.88,1.6875,-71.2175,-6.7025,0.78,12.3925,1.025,19.6125
8,19.25,0.3,2.1425,19.325,21.0125,45.5625,-2.0175,-0.2175,-87.17,-6.875,0.04,8.785,0.685,19.265
8,19.75,0.2825,2.23,19.25,21.05,45.145,-3.005,-0.3175,-86.2875,-8.635,0.1575,11.135,0.5525,18.7775
8,20.25,0.2725,1.9825,19.3525,21.1225,45.4575,-3.0525,-0.1375,-85.77,-10.8175,0.7975,9.97,0.545,18.67
8,20.75,0.21,2.0075,19.51,21.2,44.86,-2.845,-0.095,-86.5475,-12.31,0.67,10.54,0.6025,18.5625
8,21.25,0.2,1.9575,19.47,21.1625,43.2,-2.8575,-0.65,-87.08,-13.34,0.2425,7.69,0.75,18.225
8,21.75,0.17,1.86,19.37,21.04,42.52,-2.905,-0.3,-86.6425,-13.17,0.7225,4.86,0.46,17.8625
8,22.25,0.18,1.73,19.2725,20.94,43.1025,-2.865,-0.3575,-86.5675,-14.1875,0.4075,4.245,0.5525,18.13
8,22.75,0.16,1.66,19.1625,20.8075,42.5425,-3.0375,-4.34,-87.3775,-12.06,0.505,3.26,0.385,17.625
8,23.25,0.18,1.655,19.1925,20.88,42.0675,-2.61,-1.8625,-86.11,-12.9525,0.365,2.805,0.38,17.8725
8,23.75,0.18,1.6225,19.255,20.7775,42.0675,-2.18,-1.2025,-87.085,-11.745,0.44,4.74,0.31,17.5725
9,0.25,0.18,1.78,18.2,19.6275,45.3175,-2.87,0.7,-84.87,-3.76,-0.05,3.71,0.315,15.8825
9,0.75,0.21,1.7425,18.2,19.655,45.5675,-2.71,0.84,-84.39,-5.4775,0.2775,3.73,0.25,16.1025
9,1.25,0.21,1.7925,18.26,19.66,45.585,-2.77,0.8,-85.3,-5.1275,0.695,5.245,0.31,15.91
9,1.75,0.2,1.8,18.2,19.54,45.7475,-2.49,0.82,-84.95,-3.05,0.9575,2.97,0.2775,16.0075
9,2.25,0.2,1.93,18.2,19.6,45.13,-2.66,0.6,-85.45,-4.1925,0.3825,4.53,0.3725,15.8725
9,2.75,0.2,1.93,18.1575,19.57,45.705,-3.2,0.835,-85.43,1.1625,0.165,4.52,0.3725,16.0625
9,3.25,0.21,1.9825,18.16,19.4625,45.6725,-3.15,0.76,-85.59,-1.31,0.8325,3.31,0.3425,16.1975
9,3.75,0.2125,2.01,18.19,19.53,44.985,-2.9325,0.755,-86.2025,-2.4925,0.4425,3.52,0.2725,15.97
9,4.25,0.21,2.035,18.15,19.4175,44.835,-2.89,0.62,-86.53,0.1775,0.5,3.2,0.2825,15.9675
9,4.75,0.21,2.01,18.1375,19.4175,45.07,-3.0025,0.485,-86.3225,-1.285,0.28,3.35,0.3425,15.89
9,5.25,0.2,2.1825,17.98,19.3,44.6825,-2.35,0.7,-85.88,1.08,0.3475,3.96,0.28,15.79
9,5.75,0.21,2.115,17.925,19.2975,45.515,15.3725,2.135,-79.7875,-1.4875,0.955,3.79,0.34,16.055
9,6.25,0.22,1.98,17.92,19.36,45.265,99.93,10.34,-62.54,2.945,2.45,5.8525,0.22,15.595
9,6.75,0.29,1.725,18.1875,19.415,44.5525,208.6275,21.2975,-8.2375,1.9925,18.5725,26.7525,-0.29,15.8575
9,7.25,0.36,1.635,18.58,19.82,42.905,323.66,36.42,87.33,4.505,54.75,57.245,-1.3675,15.8375
9,7.75,0.42,1.77,19.1975,20.145,43.14,438.6825,39.9675,195.5525,12.58,90.72,86.92,-1.1825,16.095
9,8.25,0.44,2.09,19.39,20.3475,44.6375,546.38,43.64,293.56,13.01,135.365,114.77,-1.055,16.1025
9,8.75,0.49,2.34,19.64,20.6575,44.59,637.86,50.32,378.6,16.755,181.61,142.15,-0.92,16.055
9,9.25,0.5475,2.6075,19.6325,20.9075,45.81,727.28,55.9375,448.1,14.51,244.75,147.97,-1.58,16.53
9,9.75,0.62,2.88,19.84,20.98,46.61,751.62,63.42,422.8,19.485,298.86,147.01,-1.85,16.76
9,10.25,0.68,3.08,19.915,21.04,46.69,698.7825,69.915,337.8,26.96,363.21,159.995,-1.65,16.745
9,10.75,0.73,3.1625,20.08,21.215,47.25,538.59,76.37,459.91,25.725,416.89,166.615,-1.92,17.275
9,11.25,0.78,3.3,20.1,21.45,47.87,877.81,79.43,658.31,31.85,450.54,164.4,-1.465,17.3825
9,11.75,0.8,3.37,20.3575,21.55,48.525,966.095,82.5075,672.825,26.045,488.83,170.2675,-1.935,17.6025
9,12.25,0.83,3.53,20.39,21.65,47.79,966.12,87.1,679.4,24.05,516.67,171.8225,-1.2775,17.8725
9,12.75,0.85,3.57,20.4775,21.71,48.81,942.7575,87.045,668.13,23.5125,515.34,157.24,-1.3725,17.65
9,13.25,0.85,3.68,20.53,21.61,47.595,910.18,85.83,640.89,25.8825,492.455,149.2475,-1.08,18.01
9,13.75,0.85,3.55,20.605,21.63,48.3,853.1775,82.695,596.9725,26.2525,500.405,150.0075,-0.64,17.815
9,14.25,0.8,3.52,20.5,21.56,46.69,785.83,78.2,543.68,49.5225,461.4375,136.985,-1.12,17.855
9,14.75,0.8,3.45,20.6725,21.56,47.975,705.5125,71.2875,478.2425,9.83,415.615,127.6175,-0.105,17.9875
9,15.25,0.78,3.31,20.6,21.49,46.84,612.27,64.3,403.18,20.2375,384.185,116.04,0.2,18.1325
9,15.75,0.72,3.13,20.4825,21.23,47.545,511.855,55.995,319.3725,28.1875,315.345,98.965,0.53,18.1025
9,16.25,0.67,2.9975,20.1375,21.12,47.71,397.4925,46.93,225.845,12.505,245.23,80.965,1.21,18.3275
9,16.75,0.6,2.77,19.905,20.8675,48.33,281.9625,38.6175,131.6225,9.63,164.65,62.01,1.6025,18.12
9,17.25,0.47,2.51,19.4875,20.5475,49.145,166.885,28.9125,37.755,6.41,85.1725,42.195,1.5275,17.8825
9,17.75,0.33,2.2475,18.9375,20.3475,51.22,65.7475,16.0025,-30.155,4.9125,19.0775,20.055,1.11,17.825
9,18.25,0.27,2.19,18.7125,20.1475,50.83,7.365,1.02,-79.955,-2.725,-0.07,12.4025,1.06,17.4225
9,18.75,0.28,2.365,18.6,20.2175,50.02,-3.01,0.4975,-85.665,-2.8475,0.61,12.3575,0.895,17.51
9,19.25,0.31,2.155,18.5375,20.1075,50.395,-2.7875,0.5675,-84.6625,-4.2,0.09,12.1475,0.73,17.1775
9,19.75,0.2775,2.0575,18.545,19.9825,49.285,-3.155,0.66,-84.655,-7.4875,0.16,5.2975,0.4525,16.9975
9,20.25,0.26,2.0875,18.495,20.0775,47.345,-3.425,0.54,-85.8175,-7.0775,0.18,10.58,0.7,16.9225
9,20.75,0.21,2.06,18.585,20.14,46.4475,-3,0.72,-86.1125,-9.15,0.235,5.8175,0.51,16.62
9,21.25,0.21,1.9025,18.3475,20.03,46.2125,-2.825,0.61,-85.755,-10.6625,0.18,5.1125,0.61,16.655
9,21.75,0.19,1.8475,18.375,19.9775,46.48,-3.015,0.795,-85.87,-9.0575,0.4,4.315,0.415,16.315
9,22.25,0.2,1.88,18.315,19.89,45.9,-3.1225,0.78,-85.38,-9.17,0.52,4.6775,0.485,16.2825
9,22.75,0.2,1.7675,18.29,19.7525,44.845,-4.175,0.79,-85.465,-7.0525,0.51,3.3,0.4025,16.285
9,23.25,0.19,1.8,18.205,19.6775,44.905,-3.2775,0.6725,-85.4225,-7.38,0.28,3.695,0.35,16.0325
9,23.75,0.19,1.85,18.32,19.59,44.775,-2.6475,0.855,-85.635,-5.175,0.265,2.91,0.335,15.7825
10,0.25,0.23,1.8825,14.79,15.855,63.8575,-3.8325,1.415,-79.1525,-2.7575,0.38,5.1575,0.3375,12.7275
10,0.75,0.2325,1.84,14.93,16.12,60.145,-4.2825,0.9675,-79.105,-2.245,1.105,6.31,0.4375,12.775
10,1.25,0.23,1.88,14.81,15.9325,59.675,-3.925,1.4175,-80.16,-1.5275,0.41,6.885,0.44,12.755
10,1.75,0.24,2.03,14.82,15.8475,61.12,-3.7125,1.495,-79.9625,-2.1225,0.2475,6.1325,0.48,12.9925
10,2.25,0.26,2.01,14.61,16.015,58.915,-3.685,1.1525,-80.7525,-1.705,0.29,3.7725,0.415,12.735
10,2.75,0.26,2.055,14.64,15.9875,57.105,-3.96,1.7075,-79.955,-0.6625,0.8375,5.305,0.44,12.7575
10,3.25,0.24,2.085,14.62,15.9525,58.2325,-4.0175,1.2,-80.91,2.775,0.245,3.82,0.335,12.7975
10,3.75,0.25,2.02,14.85,16.165,57.62,-4.62,1.2775,-81.7475,3.7375,0.47,3.23,0.29,12.9975
10,4.25,0.23,2.0475,14.89,16.165,58.865,-4.4275,1.4075,-81.94,3.5,1.07,3.3125,0.31,12.69
10,4.75,0.25,2.115,14.81,16.12,58.74,-4.3825,1.62,-83.2375,2.74,1.3475,3.095,0.34,12.775
10,5.25,0.23,2.06,14.87,16.135,58.14,-4.545,1.6575,-81.86,3.66,-0.05,4.9325,0.51,12.9425
10,5.75,0.23,2.1275,14.68,16.01,54.8975,-2.0475,1.8825,-79.5575,4.18,0.71,3.4625,0.315,12.9025
10,6.25,0.24,2.06,14.8,15.9275,53.7825,26.195,6.4925,-72.19,3.1575,0.0175,3.4575,0.35,12.8625
10,6.75,0.2625,1.945,14.8,16.01,54.665,116.72,14.2225,-64.3,4.8,5.845,11.72,0.16,13.085
10,7.25,0.31,1.88,14.82,16.02,53.2925,234.075,26.1275,20.965,7.7925,25.88,26.54,-0.505,13.0075
10,7.75,0.38,1.6775,15.14,16.165,53.59,352.8075,34.9325,128.0175,8.7975,54.3925,61.055,-1.545,12.575
10,8.25,0.43,1.925,15.52,16.495,56.84,460.3675,36.5975,218.9325,8.075,94.7825,88.58,-1.5875,12.87
10,8.75,0.49,2.1575,15.7725,16.705,60.65,560.19,40.36,255.27,6.805,138.38,107.595,-1.2275,12.975
10,9.25,0.5275,2.38,16.0175,16.905,60.82,556.92,47.35,289.44,12.635,195.5575,125.88,-1.79,13.0325
10,9.75,0.56,2.565,16.0575,17.035,64.97,625.08,54.38,288.71,6.405,235.29,119.57,-2.13,13.335
10,10.25,0.6125,2.84,16.06,17.26,65.25,537.045,60.6275,386.37,14.315,293.1,140.87,-2.075,13.2725
10,10.75,0.66,3.09,15.825,17.255,65.02,681.4325,63.36,497.195,20.52,321.475,146.455,-2.02,13.47
10,11.25,0.68,3.13,16.27,17.455,66.0925,818.97,65.9,559.67,25.175,367.375,138.9175,-1.7425,13.715
10,11.75,0.76,3.245,16.32,17.32,68.82,849.85,69.04,567.71,20.4025,398.5775,164.18,-1.81,13.3925
10,12.25,0.74,3.33,16.205,17.36,70.035,837.535,71.435,565.53,25.0775,416.415,148.97,-1.64,13.94
10,12.75,0.74,3.2625,16.21,17.225,70.1625,811.66,71.2575,550.84,21.5425,401.43,134.7275,-1.76,13.945
10,13.25,0.73,3.26,16.33,17.3075,71.685,755.8875,68.5975,506.9925,23.66,389.1925,128.005,-1.53,14.01
10,13.75,0.72,3.2225,16.38,17.1875,72.575,694.765,65.9375,459.78,24.485,383.75,116.48,-1.45,13.905
10,14.25,0.7,3.1575,16.27,17.0175,72.94,623.0925,60.7275,402.5575,22.61,339.58,105.6,-1.29,13.805
10,14.75,0.68,3.14,16.14,16.765,73.01,535.5625,55.055,333.7325,24.425,294.5825,96.065,-1.0575,14.17
10,15.25,0.63,2.995,15.9,16.625,74.27,434.8575,47.365,251.725,12.8025,243.56,85.36,0.095,13.9025
10,15.75,0.59,2.79,15.69,16.42,72.605,331.2075,40.3225,167.495,11.52,182.3025,73.5275,0.205,14.0925
10,16.25,0.51,2.565,15.3125,16.1125,73.33,223.64,32.4,77.13,14.655,117.735,47.63,1.35,13.85
10,16.75,0.44,2.37,15.2625,15.93,75.175,115.95,22.92,5.4,10.955,59.9775,31.91,1.33,14.33
10,17.25,0.31,2.28,15.12,15.93,75.215,29.67,9.79,-40.875,6.945,11.2075,18.23,1.0625,13.62
10,17.75,0.28,2.1325,14.905,16.0975,75.3775,-0.6,2.9,-71.59,4.435,0.04,9.025,0.87,13.93
10,18.25,0.3,2.105,14.73,15.945,74.48,-2.47,1.53,-72.79,3.215,0.255,9.2375,1.1075,13.49
10,18.75,0.29,2.0175,14.7575,15.945,75.1025,-2.73,1.01,-72.78,1.465,-0.42,10.6325,1.005,13.495
10,19.25,0.27,1.92,14.7525,15.93,71.9375,-3.34,1.28,-75.33,-3.445,0.59,10.57,0.875,13.46
10,19.75,0.26,1.945,14.8325,16.045,69.5,-3.22,1.12,-74.13,-1.8,-0.2375,7.83,0.8825,13.415
10,20.25,0.24,1.975,14.85,15.925,70.29,-3.45,1.22,-75.45,-2.985,-0.08,5.84,0.76,13.21
10,20.75,0.24,2.0925,14.7825,15.775,68.8675,-3.56,1.16,-77.3,-3.435,0.5325,5.06,0.6475,13.08
10,21.25,0.25,1.95,14.58,15.705,68.82,-3.75,1.29,-77.14,-5.3,0.4425,5.93,0.635,12.85
10,21.75,0.23,1.975,14.545,15.7225,67.68,-3.67,1.75,-76.76,-5.945,0.5625,3.535,0.545,12.94
10,22.25,0.24,1.9,14.61,15.735,66.5375,-4.03,1.51,-76.59,-3.615,0.425,4.695,0.66,13.25
10,22.75,0.24,1.89,14.66,15.81,67.22,-3.93,1.37,-77.86,-4.775,0.625,4.8875,0.47,12.855
10,23.25,0.22,1.97,14.715,15.685,64.2625,-4.04,1.16,-79.29,-4.225,-0.04,5.1125,0.4275,12.785
10,23.75,0.23,1.8075,14.55,15.695,64.165,-4.25,1.25,-79.09,-2.07,0.445,5.69,0.465,12.97
11,0.25,0.265,2.06,10.82,12.075,62.34,-2.675,1.955,-70.845,1.21,0.81,5.2,0.3125,8.34
11,0.75,0.27,2.12,10.89,12.16,61.31,-2.65,2,-71.665,2.11,0.18,7.49,0.405,8.22
11,1.25,0.2375,2.21,10.86,12.1675,58.01,-2.515,2.295,-73.09,0.8,1.57,4.78,0.45,8.31
11,1.75,0.26,2.2075,10.855,12.24,56.8075,-2.865,2.525,-73.255,0.685,1.4125,4.93,0.305,8.4125
11,2.25,0.28,2.095,10.71,12.2,55.695,-2.395,2.03,-68.405,2.285,0.895,4.71,0.28,8.5675
11,2.75,0.27,2.1675,10.81,12.025,54.71,-1.985,2.23,-65.055,3.3925,0.1525,6.18,0.3875,8.35
11,3.25,0.27,2.3125,10.665,11.99,54.085,-2.3775,2.1325,-66.6375,3.445,0.5525,6.4,0.375,8.47
11,3.75,0.275,2.35,10.66,11.77,55.1825,-2.465,2.85,-67.805,5.7425,0.4425,5.49,0.26,8.3525
11,4.25,0.27,2.2675,10.69,11.845,53.8025,-2.245,3,-68.94,5.7725,0.64,4.7575,0.4475,8.2
11,4.75,0.27,2.305,10.64,11.805,55.7175,-2.405,3.51,-69.045,4.4925,-0.87,2.95,0.2975,8.585
11,5.25,0.285,2.32,10.91,11.97,54.78,-2.595,3.325,-72.945,4.005,0.95,5.45,0.365,8.665
11,5.75,0.27,2.225,10.9,12.135,52.445,-2.305,3.39,-72.58,5.8575,0.83,5.8525,0.415,8.44
11,6.25,0.27,2.115,10.89,12.2,51.4425,-1.025,4.735,-71.49,5.7225,0.09,4.05,0.33,8.2625
11,6.75,0.28,2.135,10.84,12.1325,50.165,15.87,8.535,-63.93,6.505,0.815,4.64,0.39,8.3225
11,7.25,0.2775,1.91,10.85,12.165,49.5875,121.44,15.895,-23.305,6.18,5.5875,7.95,0.06,8.405
11,7.75,0.3075,1.975,10.93,12.16,52.8125,224,28.39,36.8,6.4825,17.0525,26.53,-0.515,8.4075
11,8.25,0.35,1.6075,11.23,12.45,52.6775,324.56,33.21,67.925,8.01,37.455,50.445,-1.53,8.645
11,8.75,0.39,1.8675,11.3,12.62,58.0675,312.29,39.815,138.43,7.9275,51.93,60.6,-2.3175,8.4875
11,9.25,0.38,1.95,11.73,12.6975,63.135,453.945,42.97,141.335,6.025,83.7,86.22,-3.18,8.5925
11,9.75,0.43,2.12,11.62,12.885,63.165,335.755,49.24,176.275,7.5725,109.785,98.84,-3.6325,8.5625
11,10.25,0.48,2.27,11.92,13.37,70.205,414.54,57.51,361.75,5.7,138.075,119.17,-3.6825,8.5575
11,10.75,0.51,2.37,11.925,13.08,70.71,664.28,59.61,387.3075,9.52,161.0425,129.0875,-3.96,8.905
11,11.25,0.54,2.5475,12.08,13.29,76.1,670.61,61.525,421.945,11.2925,186.74,145.15,-3.5675,8.9925
11,11.75,0.58,2.63,11.95,13.085,79.22,689.46,62.33,434.465,11.3575,206.415,135.63,-3.555,8.755
11,12.25,0.54,2.6675,11.96,13.115,82.6425,677.665,66.14,429.795,18.15,212.5875,135.58,-3.06,8.935
11,12.75,0.58,2.7125,11.905,12.97,81.1,643.68,61.305,404.8,15.1825,206.67,117.1,-3.44,8.875
11,13.25,0.57,2.7,11.94,12.915,85.32,602.995,60.145,373.03,16.42,215.775,118.37,-3.3,9.2425
11,13.75,0.5525,2.64,11.93,12.9,89.37,545.96,56.75,327.86,17.6675,191.795,115.31,-2.0625,9.0325
11,14.25,0.57,2.6,11.83,12.9925,89.1,467.89,52.775,269.645,17.895,165.61,106.7375,-2.305,9.205
11,14.75,0.5,2.475,11.7075,12.88,88.15,378.6975,48.335,195.8225,17.26,131.6525,100.0725,-1.305,9.25
11,15.25,0.47,2.2625,11.6025,12.72,87.16,288.7525,42.7175,124.395,10.525,94.5325,74.1975,-0.3425,9.1925
11,15.75,0.41,2.1075,11.4175,12.5475,89.0425,184.5375,34.84,43.9125,14.8,46.68,54.44,0.33,9.27
11,16.25,0.35,2.255,11.39,12.5425,89.44,88.235,24.03,1.875,12.605,14.27,41.73,0.585,9.3275
11,16.75,0.33,2.47,10.95,12.265,89.3225,18.24,10.365,-29.59,8.3175,3.6325,22.15,0.92,9.3725
11,17.25,0.32,2.46,10.85,12.42,85.97,-1.145,3.8,-49.875,11.4,1.3,16.3475,1.05,9.1275
11,17.75,0.33,2.295,10.71,12.4075,85.3,-2.01,2.55,-53.88,6.835,-0.3625,21.36,1.135,9.3
11,18.25,0.31,2.295,10.74,12.3825,81.955,-1.9,1.78,-63.01,5.7875,0.1275,18.09,0.945,9.1925
11,18.75,0.3075,2.445,10.75,12.305,80.02,-2.205,2.455,-62.525,3.385,-0.19,8.52,0.845,9.1725
11,19.25,0.3,2.34,10.59,12.31,76.04,-1.675,3.395,-60.97,3.8625,0.56,7.14,0.865,9.0925
11,19.75,0.28,2.38,10.66,12.245,75.6,-2.37,3.255,-63.51,-1.0175,0.04,7.24,0.765,8.6525
11,20.25,0.29,2.3825,10.81,12.155,69.14,-1.915,3.06,-67.055,1.58,-0.07,10.89,0.63,8.435
11,20.75,0.26,2.31,10.53,12.02,67.1,-2.25,3.385,-68.325,0.64,-0.0275,6.75,0.335,8.7
11,21.25,0.26,2.1625,10.62,11.9425,69.59,-2.405,2.515,-63.925,1.2625,-0.12,4.85,0.4175,8.65
11,21.75,0.27,2.22,10.51,12.14,65.68,-2.855,2.01,-65.695,0.285,-0.21,5.22,0.585,8.2025
11,22.25,0.24,2.21,10.72,12.205,67.76,-3.07,2.235,-70.965,-0.225,0.08,3.1825,0.3725,8.5225
11,22.75,0.28,2.11,10.74,12.0225,67.5575,-3.07,2.375,-70.67,1.44,0.75,4.0025,0.525,8.25
11,23.25,0.29,2.02,10.75,12.0675,64.55,-3.45,2.5,-74.105,0.055,0.29,7.57,0.48,8.5475
11,23.75,0.28,1.905,10.47,12.0525,62.22,-3.61,2.37,-72.935,0.52,0.6675,6.97,0.5,8.7175
12,0.25,0.33,2.2,7.28,8.495,61.26,-1.84,2.64,-28.19,2.2675,0.97,4.6825,0.5,6.05
12,0.75,0.32,2.42,7.285,8.61,64.86,-1.915,3.54,-30.2875,3.5275,0.4875,7.12,0.48,5.7625
12,1.25,0.34,2.42,7.34,8.45,64.38,-1.5975,2.91,-30.21,3.775,0.075,8.12,0.49,5.835
12,1.75,0.31,2.54,7.315,8.36,59.8,-1.8925,2.465,-31.105,3.795,0.43,5.82,0.47,6.06
12,2.25,0.32,2.49,7.5175,8.64,51.075,-1.6475,3.7,-31.7175,5.405,0.33,4.73,0.315,6.0025
12,2.75,0.32,2.66,7.5575,8.5675,51.02,-1.5825,4.12,-32.2375,3.2,0.315,6.3875,0.36,5.93
12,3.25,0.3225,2.65,7.44,8.545,49.16,-1.7875,4.715,-33.77,5.3025,0.43,3.14,0.35,5.735
12,3.75,0.34,2.595,7.55,8.67,50.5,-1.935,5.315,-34.74,2.445,0.92,4.58,0.56,5.665
12,4.25,0.31,2.65,7.48,8.53,53.56,-2.005,4.4825,-28.2825,6.73,0.1325,4.9725,0.3275,6.005
12,4.75,0.33,2.3425,7.63,8.4775,49.52,-2.3875,4.74,-33,3,1.105,5.88,0.4025,5.9725
12,5.25,0.33,2.3675,7.605,8.5575,50.58,-2.525,3.6625,-37.7225,6.55,-0.03,3.7525,0.33,5.89
12,5.75,0.33,2.45,7.46,8.56,52.51,-2.57,4.365,-43.445,3.86,0.76,3.0875,0.38,5.89
12,6.25,0.33,2.51,7.355,8.46,52.395,-2.15,4.545,-39.605,5.71,-0.145,5.8075,0.46,5.9
12,6.75,0.3,2.545,7.425,8.5325,51.745,-1.05,5.15,-36.765,4.16,0.435,3.09,0.35,5.59
12,7.25,0.315,2.455,7.46,8.475,44.72,24.845,10.195,-29.4725,7.08,-0.34,4.73,0.2525,5.91
12,7.75,0.33,2.21,7.43,8.58,44.41,111.54,18.15,-12.285,4.58,3.9725,8.3,0.19,5.76
12,8.25,0.33,1.9475,7.635,8.745,45.08,173.45,28.29,17.4,6.62,16.25,16.76,0.055,5.92
12,8.75,0.38,1.97,7.905,9.035,49.5675,279.695,40.795,34.18,7.94,34.43,35.6,-0.215,5.61
12,9.25,0.42,2.0025,8.005,9.13,50.5,350.665,42.415,81.635,7.26,51.37,45.7525,-0.13,5.84
12,9.75,0.4,2.1,7.97,9.2175,52.82,300.755,48.905,139.215,6.21,75.2775,63.36,-0.85,5.82
12,10.25,0.4525,2.2025,7.89,9.325,55.87,338.185,54.575,257.36,6.73,91.2425,77.76,-1.1425,5.65
12,10.75,0.485,2.29,8.285,9.6225,55.9175,548.02,58.005,290.46,9.28,119.99,94.175,-1.93,5.46
12,11.25,0.51,2.43,8.3225,9.5225,59.0825,569.295,61.155,323.16,8.51,149.13,94.055,-1.75,5.91
12,11.75,0.5775,2.6725,8.4275,9.5975,59.755,595.41,63.195,339.095,2.22,172.72,113.78,-2.5775,6.03
12,12.25,0.55,2.665,8.2375,9.4,63.62,592.77,65.57,342.765,12.2,170.92,103.52,-2.1,6.06
12,12.75,0.55,2.81,8.2975,9.575,65.9625,569.57,63.41,330.03,26.72,171.49,104.945,-2.51,6.01
12,13.25,0.58,2.71,8.2875,9.37,66.42,531.94,60,300.575,0.87,177.7625,93.8825,-2.38,6.07
12,13.75,0.58,2.65,8.165,9.63,72.69,477.1,57.455,259.435,11.87,153.415,82.355,-1.765,6.18
12,14.25,0.5575,2.64,8.2075,9.2,71.995,406.84,53.715,205.59,14.28,132.605,84.6775,-1.6,6.21
12,14.75,0.52,2.55,8.305,9.11,73.46,324.835,48.115,141.105,14.81,109.7325,58.7175,-1.36,6.41
12,15.25,0.46,2.45,8.0325,9.0475,73.76,233.025,42.05,73.425,9.97,66.795,45.3925,-0.7825,6.42
12,15.75,0.42,2.295,7.81,8.79,75.64,136.915,34.52,16.005,8.25,34.5,32.3675,-0.29,6.63
12,16.25,0.355,2.4525,7.4775,8.435,73.245,53.23,22.725,-3.87,10.16,8.7,22.27,0.43,5.9
12,16.75,0.34,2.64,7.1125,8.37,72.2,3.33,8.55,-15.925,8.92,3.22,12.47,0.51,6.26
12,17.25,0.37,2.475,7.1325,8.39,74.52,-1.095,4.025,-20.97,6.5,0.455,11.1,0.98,6.22
12,17.75,0.36,2.4375,7.035,8.475,72.035,-1.035,4.205,-19.965,5.6,-0.13,15.0475,0.93,6.19
12,18.25,0.36,2.28,7.17,8.46,69.095,-0.99,3.84,-19.5,6.88,1.0725,14.13,0.9175,6.37
12,18.75,0.345,2.16,7.1975,8.695,70.875,-0.98,3.66,-22.495,4.5,0.1,9.155,0.45,6.04
12,19.25,0.33,2.26,6.9525,8.53,65.6125,-1.24,2.83,-20.155,2.97,1.1575,8.65,0.755,5.73
12,19.75,0.29,2.46,7.0575,8.58,65.755,-1.405,2.785,-24.295,3.75,1.305,7.0325,0.6025,5.97
12,20.25,0.29,2.345,7.0725,8.3925,61.285,-1.615,3.265,-28.865,2.91,-0.2275,4.82,0.4975,6.14
12,20.75,0.31,2.24,7.085,8.2875,59.67,-1.16,3.45,-25.085,2.74,1.6175,7.38,0.585,6
12,21.25,0.3325,2.3925,6.9575,8.61,62.1325,-1.27,2.855,-25.82,4.23,1.115,5.6625,0.735,5.98
12,21.75,0.35,2.41,7.0025,8.68,61.63,-1.48,2.57,-24.855,0.97,0.85,5.6875,0.425,6.06
12,22.25,0.32,2.335,6.8925,8.44,66.1325,-1.605,2.465,-28.795,2.3,0.49,4.93,0.6825,5.97
12,22.75,0.33,2.405,7.21,8.415,61.975,-1.61,2.365,-30.55,2.97,0.525,2.78,0.39,5.88
12,23.25,0.32,2.32,6.9275,8.585,60.7825,-1.77,2.155,-35.29,2.54,0.03,7.12,0.57,5.94
12,23.75,0.33,2.1,7.1925,8.6,62.215,-1.815,2.5,-27.23,3.06,0.425,5.49,0.445,5.66
