DOY2,HR2,CO2,H2O,FC,H,LE,WS,USTAR,U_SIGMA,V_SIGMA,W_SIGMA,PA,RH,TA,VPD,T_SONIC,T_SONIC_SIGMA,TS_1_1_1,TS_1_2_1,PPFD_IN,SW_IN,SW_OUT,LW_IN,LW_OUT
1,0.25,379.39,4.575,0.055,-27.722,2.9305,1.21,0.274,0.5145,0.5705,0.326,100.02,69.163,2.0375,2.08,3.672,0.2785,7.265,8.827,0,-1.759,2.144,274.41,322.3
1,0.75,378.35,4.513,0.027,-28.274,3.1,1.098,0.259,0.4855,0.5495,0.332,100.01,68.798,1.902,2.055,3.368,0.269,7.275,8.797,0,-1.786,2.127,270.9,322.46
1,1.25,379.42,4.332,5e-04,-25.0055,2.683,1.092,0.267,0.4675,0.5525,0.331,100,69.146,1.874,2.04,3.363,0.272,7.273,8.774,0,-1.867,2.309,271.8,322.85
1,1.75,380.47,4.4795,0.0485,-24.603,2.342,1.051,0.236,0.4505,0.512,0.3005,100,70.497,1.8435,1.99,3.229,0.2685,7.281,8.774,0,-1.595,2.31,276.04,322.12
1,2.25,380.84,4.64,0.072,-25.972,2.627,1.037,0.248,0.44,0.515,0.307,100,70.996,1.4945,1.94,2.6715,0.279,7.289,8.777,0,-1.799,2.262,276.79,322.66
1,2.75,380.485,4.734,-0.0185,-23.409,1.444,1.053,0.252,0.447,0.5165,0.3095,100.01,71.244,1.3,1.86,2.6085,0.271,7.27,8.767,0,-1.494,2.33,278.07,322.11
1,3.25,381.11,4.539,-0.074,-23.626,2.0455,1.067,0.244,0.479,0.5265,0.3075,100.01,74.131,1.0345,1.7,2.541,0.2655,7.246,8.767,0,-1.633,2.296,280.27,322.35
1,3.75,380.895,4.579,0.077,-21.868,2.542,1.059,0.24,0.481,0.5295,0.3195,100.02,76.007,1.014,1.61,2.755,0.2625,7.23,8.76,0,-1.615,2.246,282.22,321.94
1,4.25,380.08,4.609,-0.001,-20.799,2.235,1.059,0.2385,0.44,0.537,0.285,100.01,75.556,1.1215,1.57,2.605,0.255,7.22,8.76,0,-1.444,2.129,287.1,320.75
1,4.75,380.555,4.603,0.102,-20.497,2.017,1.0225,0.23,0.4575,0.4855,0.28,99.9995,75.847,0.9165,1.48,2.714,0.2505,7.2,8.74,0,-1.468,2.2,286.11,320.4
1,5.25,381.175,4.4505,-0.114,-18.836,2.169,1.043,0.2315,0.4485,0.498,0.294,100.01,76.979,0.886,1.53,2.743,0.247,7.18,8.744,0,-1.388,2.14,286.41,318.47
1,5.75,380.81,4.65,-0.052,-20.316,2.497,1.043,0.24,0.4625,0.5075,0.3065,100.02,77.415,0.782,1.43,2.521,0.2475,7.17,8.747,0,-1.353,1.996,286.39,318.84
1,6.25,382.38,4.588,-0.0265,-19.293,2.1175,1.027,0.247,0.461,0.501,0.288,100.02,77.4965,0.649,1.4,2.515,0.243,7.15,8.724,0,-1.482,2.009,285.36,318.67
1,6.75,382.585,4.75,-0.057,-17.8185,1.729,1.041,0.2245,0.424,0.482,0.2765,100.025,78.041,0.487,1.335,2.386,0.2475,7.18,8.684,0,-1.398,2.146,284.12,318.59
1,7.25,382.225,4.412,0.183,-17.8625,2.194,0.99,0.238,0.443,0.4985,0.2835,100.06,79.806,0.19,1.27,2.389,0.243,7.17,8.707,1,0.576,2.28,288.56,316.84
1,7.75,382.835,4.533,0.04,-16.385,2.205,1.043,0.241,0.4325,0.516,0.2905,100.09,79.728,0.1875,1.23,2.3025,0.2285,7.16,8.707,42,21.659,5.472,293.49,318.04
1,8.25,382.45,4.3715,-0.407,-10.2145,5.7725,1.127,0.2795,0.488,0.527,0.319,100.11,75.925,0.906,1.45,2.799,0.241,7.14,8.687,142.9,67.427,10.436,291.02,320.78
1,8.75,382.33,4.2525,-1.1985,-0.461,10.735,1.168,0.306,0.604,0.62,0.3965,100.135,70.476,1.535,1.855,3.619,0.28,7.13,8.694,278,124.78,17.177,283.38,325.95
1,9.25,381.41,4.425,-2.1175,20.287,19.431,1.248,0.385,0.689,0.733,0.452,100.145,65.5555,2.787,2.37,4.384,0.313,7.13,8.677,418,221.11,29.022,278.92,332.77
1,9.75,381.54,4.3165,-3.327,47.735,25.847,1.488,0.475,0.793,0.879,0.538,100.17,60.266,3.9595,2.91,5.8105,0.3305,7.116,8.677,542.1,291.32,35.908,279.88,340.21
1,10.25,381.19,4.304,-4.584,71.975,33.5905,1.6135,0.489,0.8445,0.92,0.5655,100.185,56.407,5.009,3.48,6.34,0.377,7.117,8.647,661.09,351.1,38.408,277.71,345.76
1,10.75,380.61,4.274,-5.002,104.41,38.015,1.542,0.511,0.905,1.003,0.601,100.18,52.302,5.9925,4.02,7.111,0.421,7.11,8.637,781.1,420.26,42.646,280.22,350.77
1,11.25,379.44,4.27,-5.797,111.83,43.529,1.725,0.528,0.9665,1.0615,0.6255,100.15,49.8135,6.555,4.38,7.632,0.425,7.107,8.64,851,432.56,45.387,286.01,354.83
1,11.75,377.8,4.538,-5.742,128.68,50.892,1.7405,0.5495,0.926,1.0505,0.6275,100.095,48.495,6.802,4.64,7.892,0.468,7.11,8.667,888,457.92,46.11,285.28,359.89
1,12.25,377.345,4.638,-5.401,134.87,59.6385,1.729,0.5595,0.9495,1.091,0.6315,100.035,46.874,7.36,5.04,8.163,0.4565,7.155,8.6935,905.73,487.99,48.973,287.09,362.26
1,12.75,377.325,4.451,-5.15,137.11,56.645,1.722,0.558,0.991,1.1085,0.6405,99.9535,44.574,7.895,5.4,8.545,0.4625,7.17,8.6835,917.845,493.74,50.141,277.22,367.41
1,13.25,377.81,4.231,-4.936,126.63,58.7955,1.768,0.554,0.991,1.134,0.639,99.915,42.521,8.175,5.76,8.896,0.438,7.11,8.617,879,481.99,48.846,276.29,369.22
1,13.75,376.82,4.2975,-5.883,116.125,57.728,1.728,0.559,0.97,1.119,0.6475,99.888,41.7195,8.5245,6.035,9.381,0.4055,7.112,8.677,820.5,410.05,44.82,286.76,366.34
1,14.25,377.65,4.376,-4.903,86.147,53.654,1.7545,0.5315,0.946,1.071,0.597,99.881,40.4575,8.882,6.225,9.6585,0.353,7.142,8.714,741,379.28,41.045,279.95,365.87
1,14.75,377.19,4.198,-4.775,68.712,52.5815,1.688,0.537,0.919,1.098,0.614,99.866,40.697,9.081,6.445,9.545,0.301,7.15,8.72,631,319.89,37.232,285.11,365.21
1,15.25,377.51,4.1545,-3.5755,38.165,48.828,1.712,0.5115,0.8635,1.036,0.591,99.8485,40.578,8.895,6.33,9.7665,0.2485,7.195,8.724,508,272.02,33.162,275.08,363.67
1,15.75,377.055,4.251,-3.5945,9.72,41.2355,1.656,0.4925,0.8425,0.972,0.566,99.854,40.775,8.69,6.2,9.525,0.2095,7.21,8.747,336,177.53,24.33,274.545,358.45
1,16.25,377.78,4.275,-2.118,-7.9935,31.197,1.542,0.45,0.774,0.869,0.4945,99.868,41.6795,8.417,5.945,9.4005,0.1925,7.21,8.77,212,106.01,15.145,273.87,352.18
1,16.75,377.04,4.487,-0.751,-21.844,19.811,1.298,0.38,0.657,0.728,0.4455,99.87,43.592,8.2205,5.6,8.9845,0.2265,7.22,8.764,89.37,39.2965,7.851,273.71,347.205
1,17.25,378.12,4.382,0.2965,-23.656,8.1795,1.095,0.281,0.496,0.571,0.334,99.875,46,7.4305,5,8.419,0.3,7.25,8.764,9,7.476,3.2065,266.295,340.19
1,17.75,377.095,4.556,0.2775,-18.929,3.25,0.979,0.1955,0.3885,0.439,0.259,99.887,50.5775,6.4835,4.33,7.735,0.3235,7.26,8.764,0,-1.627,2.363,264.01,334.705
1,18.25,377.075,4.577,0.067,-18.219,2.875,0.895,0.169,0.333,0.4095,0.2255,99.953,52.75,5.671,3.81,7.198,0.3295,7.28,8.764,0,-2.6145,2.3235,267.65,332.545
1,18.75,378.475,4.41,0.109,-18.806,1.5475,0.9165,0.174,0.3375,0.4125,0.2195,99.979,56.292,5.0415,3.45,6.501,0.3265,7.283,8.764,0,-2.4605,2.4615,268.115,330.785
1,19.25,378.62,4.563,0.152,-17.488,2.1405,0.893,0.189,0.358,0.4345,0.23,99.989,58.837,4.309,3.15,6.0775,0.3185,7.27,8.757,0,-2.186,2.471,263.79,328.22
1,19.75,378.42,4.2915,0.175,-21.326,2.28,1.022,0.199,0.382,0.453,0.251,100.01,59.066,3.972,2.95,5.955,0.307,7.27,8.76,0,-2.2995,2.3595,256.635,326.385
1,20.25,378.23,4.3475,0.0185,-21.0875,1.986,0.983,0.1915,0.388,0.44,0.241,100.01,61.46,3.5995,2.77,5.459,0.301,7.26,8.78,0,-2.114,2.4105,262.775,325.84
1,20.75,378.74,4.625,0.115,-27.76,1.845,1.0455,0.2115,0.3855,0.448,0.2475,100.01,64.191,3.61,2.73,5.132,0.2975,7.26,8.78,0,-1.981,2.2625,273.1,324.635
1,21.25,378.73,4.611,0.166,-27.608,1.957,1.036,0.209,0.404,0.456,0.262,100.03,65.699,3.1625,2.66,4.7715,0.31,7.23,8.774,0,-1.987,2.3725,263.805,323.89
1,21.75,378.865,4.589,0.1405,-27.195,2.358,1.023,0.2365,0.441,0.49,0.282,100.03,66.167,2.705,2.55,4.381,0.297,7.21,8.777,0,-1.92,2.424,267.625,323.235
1,22.25,379.06,4.4865,0.1075,-27.381,1.757,1.0505,0.2315,0.4595,0.4965,0.295,100.04,65.989,2.875,2.54,4.2415,0.302,7.242,8.78,0,-1.9745,2.342,266.275,323.05
1,22.75,379.33,4.314,0.0225,-28.579,1.816,1.105,0.2445,0.468,0.5195,0.308,100.03,67.648,2.636,2.45,3.833,0.309,7.231,8.784,0,-1.9405,2.3675,269.67,322.34
1,23.25,379.025,4.214,0.059,-28.3355,2.6295,1.109,0.25,0.47,0.565,0.308,100.055,68.883,2.369,2.21,3.481,0.295,7.238,8.784,0,-1.831,2.3655,266.32,321.94
1,23.75,379.74,4.353,0.0865,-29.5415,2.8975,1.188,0.266,0.512,0.602,0.337,100.035,68.617,2.0825,2.12,3.333,0.289,7.242,8.774,0,-1.8225,2.312,270.075,321.635
2,0.25,380.27,4.8935,0.1275,-22.4,2.781,1.209,0.2485,0.4705,0.5065,0.301,99.952,66.951,3.069,2.29,4.6385,0.2815,7.22,7.509,0,-1.822,2.331,263.13,322.2
2,0.75,381.575,4.8515,0.041,-22.568,2.569,1.086,0.225,0.4825,0.5135,0.2845,99.939,68.806,2.944,2.27,4.2915,0.285,7.196,7.51,0,-1.625,2.077,265.35,321.78
2,1.25,381.945,4.435,0.059,-22.009,2.115,1.1335,0.2225,0.456,0.473,0.262,99.939,69.371,2.546,2.05,4.229,0.28,7.18,7.51,0,-1.924,2.183,259.24,320.39
2,1.75,381.24,4.521,0.163,-24.705,2.842,1.1495,0.2495,0.473,0.468,0.303,99.933,69.904,2.452,2.05,3.828,0.287,7.15,7.51,0,-1.71,2.19,260.51,320.04
2,2.25,381.05,4.405,0.036,-23.207,2.6215,1.177,0.2595,0.4885,0.485,0.303,99.927,71.576,2.259,2.06,3.951,0.27,7.13,7.507,0,-1.707,2.323,257.02,319.79
2,2.75,381.32,4.589,0.11,-21.7035,2.989,1.118,0.2395,0.452,0.5,0.286,99.906,73.283,1.826,1.93,3.737,0.248,7.12,7.504,0,-1.719,2.212,259.56,319.98
2,3.25,380.92,4.768,0.03,-18.682,3.5925,1.0715,0.2415,0.441,0.481,0.292,99.906,74.896,1.913,1.78,3.417,0.252,7.11,7.484,0,-1.671,2.275,262.82,319.15
2,3.75,381.25,4.521,0.127,-19.317,2.978,1.067,0.23,0.452,0.527,0.283,99.902,75.509,1.824,1.695,3.153,0.252,7.09,7.464,0,-1.707,2.16,267.15,318.97
2,4.25,382.21,4.1965,0.1,-19.933,2.462,1.113,0.219,0.442,0.495,0.267,99.916,77.1475,1.686,1.67,2.953,0.2515,7.06,7.444,0,-1.821,2.226,259,318.06
2,4.75,383.34,4.512,0.225,-18.9985,3.508,1.0635,0.2385,0.428,0.508,0.2805,99.952,78.999,1.524,1.465,3.0395,0.2635,7.05,7.417,0,-1.696,2.26,256.32,317.4
2,5.25,383.8,4.729,0.0635,-17.219,3.047,1.112,0.2575,0.4555,0.5225,0.294,99.969,80.1235,1.464,1.44,3.039,0.26,7.02,7.397,0,-1.726,2.307,251.45,317.32
2,5.75,384.07,4.7235,0.049,-18.2425,1.761,1.076,0.218,0.442,0.494,0.275,99.969,80.879,1.061,1.345,2.9365,0.2535,7.004,7.389,0,-1.889,2.361,244.07,316.72
2,6.25,384.435,4.817,0.049,-18.3565,2.3525,1.061,0.238,0.469,0.491,0.289,99.994,80.936,0.764,1.305,2.7,0.2525,6.998,7.389,0,-1.873,2.416,245.24,316.58
2,6.75,384,4.784,-0.0325,-17.364,2.987,1.047,0.25,0.432,0.484,0.2645,100,80.978,0.727,1.33,2.2095,0.246,6.976,7.379,0,-0.517,2.382,248.8,314.96
2,7.25,383.725,4.457,-0.124,-19.919,2.697,1.1,0.245,0.4795,0.5155,0.283,100.01,80.988,0.661,1.27,2.364,0.2485,6.953,7.379,17.76,10.009,4.42,248.06,314.19
2,7.75,384.42,4.627,-0.485,-9.8055,5.868,1.183,0.286,0.511,0.548,0.3325,100.08,80.124,0.824,1.48,2.735,0.2345,6.947,7.379,89.45,61.408,14.894,248.48,317.91
2,8.25,383.7,4.404,-1.69,0.253,11.8565,1.3255,0.3705,0.596,0.657,0.404,100.08,74.401,2.176,1.82,3.2895,0.244,6.946,7.369,223.9,149.08,26.684,254.03,323.46
2,8.75,382.545,4.3965,-2.6765,19.8035,18.992,1.54,0.435,0.747,0.799,0.486,100.1,66.865,3.381,2.46,4.263,0.306,6.934,7.369,360.65,220.73,32.076,253.38,328.04
2,9.25,382,4.375,-4.432,50.309,29.45,1.616,0.481,0.826,0.902,0.555,100.12,59.862,4.633,3.09,5.1465,0.323,6.942,7.369,527,323.99,41.023,241.68,333.31
2,9.75,382.32,4.34,-5.1075,95.062,33.945,1.716,0.532,0.901,0.995,0.61,100.12,54.167,5.676,3.8,5.965,0.3925,6.946,7.369,685.5,423.23,49.492,245.73,338.85
2,10.25,382.24,4.519,-6.454,134.305,44.961,1.7515,0.5675,0.98,1.087,0.627,100.125,50.249,6.497,4.58,6.47,0.443,6.949,7.379,829,490.5,55.23,243.72,343.76
2,10.75,381.49,4.394,-6.63,151.42,51.023,1.831,0.527,1.038,1.074,0.621,100.115,47.22,7.32,5.15,7.063,0.481,6.9485,7.3915,945,545.25,59.034,252.26,348.36
2,11.25,380.495,4.279,-7.4325,178.06,59.033,1.807,0.552,1.003,1.094,0.628,100.095,44.145,8.05,5.545,7.544,0.522,6.9825,7.389,1030.5,585.31,62.206,255.53,352.41
2,11.75,380.245,4.3915,-7.697,177.61,64.506,1.7525,0.548,0.991,1.095,0.602,100.045,42.2105,8.38,5.985,8.054,0.523,7.0135,7.374,1092.5,623.46,63.308,260.44,356.06
2,12.25,380.06,4.409,-8.16,193.05,70.057,1.859,0.542,1.027,1.121,0.627,100.01,40.751,8.87,6.32,8.3905,0.541,7.0195,7.3665,1143,650.98,64.579,262.09,360.68
2,12.75,379.87,4.534,-7.386,187.76,67.518,1.852,0.551,1.025,1.15,0.626,99.979,40.107,9.39,6.73,8.877,0.539,7.06,7.368,1151.5,643.52,64.958,262.59,363.28
2,13.25,379.45,4.667,-7.989,170.83,72.817,1.9445,0.5565,1.008,1.139,0.608,99.93,38.541,9.778,6.955,9.175,0.5115,7.072,7.373,1097.5,593.595,61.7665,262.15,363.3
2,13.75,379.07,4.506,-7.2015,165.19,72.0695,1.8395,0.54,1.01,1.111,0.612,99.89,37.445,10.075,7.42,9.6165,0.502,7.085,7.3815,1035.5,580.01,61.409,263.01,362.965
2,14.25,379.41,4.658,-6.703,144.59,70.455,1.794,0.528,0.963,1.064,0.593,99.875,36.2375,10.225,7.53,9.633,0.457,7.1315,7.4065,944.5,517.935,57.0235,264.455,361.77
2,14.75,378.355,4.604,-7.168,119.135,67.374,1.757,0.52,0.9325,1.0575,0.591,99.85,36.02,10.2505,7.46,9.85,0.4065,7.16,7.422,851.5,454.305,52.35,263.015,362.175
2,15.25,379.685,4.847,-6.185,73.559,68.449,1.745,0.491,0.918,1.027,0.575,99.848,36.333,10.3625,7.59,10.008,0.319,7.185,7.425,705.5,377.7,45.414,264.525,360.865
2,15.75,378.335,4.904,-4.771,50.1575,61.2315,1.6655,0.4735,0.8755,0.9605,0.5275,99.842,36.081,10.241,7.545,10.154,0.2625,7.21,7.4335,565,308.555,39.994,264.445,358.62
2,16.25,379.055,4.86,-4.253,9.153,51.235,1.6055,0.447,0.816,0.929,0.5015,99.8075,37.084,10.032,7.38,10.141,0.197,7.241,7.4565,354,214.815,31.4485,261.845,356.44
2,16.75,379.6,4.872,-2.217,-9.424,40.5225,1.596,0.425,0.783,0.851,0.492,99.8245,38.1715,9.5595,7.005,10.016,0.193,7.259,7.4845,232.37,118.5,22.611,264.605,352.16
2,17.25,379.76,4.8755,-0.659,-23.193,26.626,1.373,0.389,0.671,0.724,0.406,99.8455,40.9815,8.9535,6.365,9.678,0.242,7.265,7.5145,101.35,42.863,12.7805,259.695,349.795
2,17.75,379.87,4.881,0.4075,-26.857,15.713,1.122,0.28,0.4965,0.579,0.3185,99.863,44.31,8.0695,5.64,9.238,0.3055,7.2795,7.531,10,7.906,3.679,255.735,344.435
2,18.25,380.055,4.892,0.253,-21.1125,6.978,1.04,0.21,0.392,0.4465,0.2585,99.857,47.9695,7.1505,4.86,8.7635,0.3035,7.294,7.544,0,-1.8865,2.532,258.2,339.845
2,18.75,379.91,4.666,0.232,-19.608,3.0205,0.988,0.192,0.348,0.3955,0.2305,99.869,50.32,6.5035,4.45,7.869,0.297,7.313,7.556,0,-2.7025,2.5285,260.45,337.555
2,19.25,380.15,4.636,0.0415,-19.494,1.722,0.9775,0.1985,0.3855,0.423,0.25,99.892,53.556,5.8705,4.065,7.627,0.297,7.325,7.566,0,-2.549,2.45,255.12,335.695
2,19.75,380.05,4.733,0.062,-20.188,1.969,0.9825,0.2175,0.39,0.458,0.254,99.924,55.2355,5.3895,3.845,7.071,0.291,7.321,7.5775,0,-2.525,2.54,260.15,333.585
2,20.25,380.1,4.757,0.058,-21.28,1.907,1.016,0.22,0.403,0.4615,0.259,99.914,56.175,5.059,3.59,6.808,0.297,7.3065,7.586,0,-2.293,2.5725,262.03,332.555
2,20.75,380.595,4.9165,0.2365,-21.195,2.441,1.079,0.223,0.4415,0.4805,0.274,99.96,57.92,4.879,3.43,6.578,0.2985,7.292,7.589,0,-2.2505,2.5335,253.135,330.815
2,21.25,380.505,4.845,0.083,-24.322,2.529,1.062,0.251,0.43,0.5105,0.2885,99.96,59.929,4.3645,3.295,6.454,0.318,7.279,7.604,0,-2.1025,2.3275,257.85,330.385
2,21.75,380.985,4.739,0.034,-22.994,2.667,1.101,0.237,0.487,0.537,0.292,99.979,59.9565,4.331,3.08,6.101,0.31,7.2685,7.613,0,-1.9515,2.535,250.85,329.48
2,22.25,381.105,4.5985,0.1215,-22.883,2.065,1.0905,0.233,0.4715,0.4925,0.284,99.987,62.1925,4.3545,2.855,5.7955,0.303,7.269,7.603,0,-1.861,2.551,258.45,329.14
2,22.75,380.11,4.6865,0.1145,-23.727,2.9075,1.157,0.241,0.452,0.519,0.29,99.97,63.848,4.061,2.795,5.811,0.302,7.27,7.604,0,-1.81,2.5005,259.43,327.325
2,23.25,380.48,4.694,0.167,-24.596,2.488,1.133,0.222,0.449,0.456,0.277,99.97,65.323,3.8205,2.6,5.65,0.283,7.268,7.6105,0,-1.905,2.348,258.97,325.74
2,23.75,381.24,4.655,0.007,-21.3445,2.052,1.126,0.226,0.481,0.48,0.286,99.967,67.276,3.437,2.36,5.123,0.2835,7.237,7.5985,0,-1.93,2.311,256.66,325.1
3,0.25,380.7,6.444,0.715,-31.124,3.562,1.264,0.295,0.51,0.587,0.358,99.84,71.6,7.45,2.8,9.459,0.3085,9.47,9.755,0,-2.203,2.568,267.13,345.235
3,0.75,380.89,6.244,0.4765,-31.475,3.5015,1.221,0.282,0.504,0.551,0.335,99.852,73.754,7.315,2.735,9.1,0.285,9.44,9.755,0,-2.175,2.459,270.02,342.93
3,1.25,381.65,6.344,0.335,-28.632,3.857,1.1985,0.2705,0.505,0.552,0.326,99.8465,74.347,7.14,2.49,9.132,0.291,9.4,9.765,0,-2.075,2.519,274.13,340.84
3,1.75,382.16,6.308,0.464,-29.544,3.567,1.151,0.275,0.53,0.534,0.331,99.8385,75.4195,7.09,2.25,8.44,0.297,9.37,9.75,0,-2.219,2.411,273.51,339.245
3,2.25,382.41,6.4825,0.468,-25.321,3.183,1.183,0.25,0.4555,0.4875,0.3055,99.8465,77.2055,6.6105,1.99,8.0475,0.2965,9.34,9.747,0,-2.158,2.289,272.24,339.905
3,2.75,381.68,6.5875,0.453,-23.786,3.3395,1.1935,0.258,0.4905,0.489,0.307,99.8435,78.0255,6.511,1.93,7.515,0.2885,9.31,9.75,0,-2.009,2.284,276.44,338.59
3,3.25,381.79,6.689,0.342,-19.0185,3.992,1.086,0.242,0.447,0.462,0.282,99.852,80.2395,6.4785,1.7,7.338,0.287,9.3,9.755,0,-2.0305,2.219,273.05,337.09
3,3.75,382.01,6.349,0.406,-24.149,3.715,1.112,0.248,0.472,0.485,0.2885,99.876,81.8195,6.31,1.63,7.532,0.278,9.28,9.745,0,-2.0255,2.2725,274.93,334.725
3,4.25,382.45,6.301,0.335,-20.221,2.909,1.091,0.257,0.501,0.495,0.309,99.876,82.548,5.955,1.695,7.424,0.276,9.27,9.745,0,-1.928,2.3825,274.97,335.2
3,4.75,382.14,6.4565,0.3735,-21.125,3.3715,1.154,0.255,0.494,0.504,0.308,99.887,82.7475,5.781,1.715,7.321,0.263,9.25,9.735,0,-1.83,2.305,276.63,334.98
3,5.25,382.275,6.3825,0.2805,-22.085,2.8645,1.0955,0.2505,0.487,0.509,0.301,99.944,83.3165,5.586,1.65,7.09,0.268,9.24,9.73,0,-1.865,2.346,272.46,334.33
3,5.75,381.33,6.33,0.312,-20.5155,3.873,1.092,0.262,0.475,0.5315,0.3185,99.961,84.528,5.4135,1.38,6.9345,0.2675,9.2,9.72,0,-1.791,2.478,276.17,333.75
3,6.25,384.55,6.5465,0.5305,-20.475,3.809,1.114,0.251,0.473,0.547,0.316,99.967,85.735,5.477,1.24,6.997,0.269,9.17,9.7,1.513,0.3085,2.759,271.34,334.195
3,6.75,382.69,6.166,0.1525,-18.8555,5.545,1.172,0.2495,0.4625,0.509,0.3115,99.996,87.2335,5.383,1.205,6.344,0.251,9.17,9.675,28.8,17.917,5.9815,276.175,334.985
3,7.25,382.52,6.327,-0.236,-6.983,10.796,1.126,0.292,0.532,0.586,0.357,100.02,85.572,5.685,1.385,6.508,0.245,9.16,9.665,132.1,78.7665,19.039,282.46,336.17
3,7.75,383.28,6.736,-2.148,0.9435,19.0815,1.251,0.3555,0.5915,0.6385,0.4015,100.04,80.7855,6.386,1.905,7.3295,0.257,9.16,9.645,269.4,173.435,28.825,277.895,343.335
3,8.25,382.175,6.5125,-4.565,23.355,31.441,1.385,0.419,0.712,0.807,0.486,100.05,75.238,7.3865,2.625,8.039,0.312,9.16,9.625,447.45,282.81,36.746,274.365,350.475
3,8.75,380.245,6.8745,-5.345,57.679,45.271,1.488,0.464,0.774,0.874,0.5285,100.06,67.5295,8.605,3.59,9.228,0.3855,9.13,9.605,657.65,388.04,46.88,270.205,359.115
3,9.25,378.56,6.934,-8.106,95.543,59.246,1.571,0.509,0.857,0.942,0.5685,100.08,60.7035,9.279,4.45,9.8545,0.44,9.13,9.585,828,480.735,54.1735,274.08,364.75
3,9.75,378.16,6.497,-9.314,134.45,76.646,1.682,0.537,0.914,1.019,0.6045,100.04,57.09,9.97,5.27,10.708,0.514,9.14,9.565,999,560.075,59.926,278.365,372.8
3,10.25,377.42,6.356,-9.625,187.015,82.5015,1.773,0.5695,0.9515,1.076,0.64,100.03,52.48,11.25,5.985,11.6495,0.5615,9.16,9.545,1147.5,639.53,66.7735,279.43,380.395
3,10.75,376.86,6.433,-10.955,206.49,92.63,1.8595,0.5605,0.954,1.0995,0.65,100,48.809,11.9065,6.745,12.219,0.581,9.14,9.525,1264.6,708.325,70.9455,278.66,385.98
3,11.25,376.92,6.612,-11.433,226.08,112.325,1.8705,0.578,0.982,1.145,0.666,99.999,46.209,12.67,7.5,13.082,0.633,9.13,9.516,1355.35,743,74.0075,282.885,390.955
3,11.75,376.355,6.829,-11.182,241.555,116.91,1.9085,0.595,1.0065,1.187,0.685,99.9675,44.15,13.6295,8.365,13.5535,0.6355,9.16,9.525,1387.35,775.4,76.2195,291.38,393.285
3,12.25,375.725,6.684,-11.471,240.47,125.71,1.9685,0.605,1.0675,1.1745,0.6895,99.9255,42.618,14.4965,8.905,14.0155,0.6305,9.23,9.555,1410.4,774.86,75.0325,291.58,394.895
3,12.75,374.71,6.663,-11.5165,239.08,127.72,1.99,0.59,1.041,1.244,0.677,99.8785,40.6785,14.789,9.425,14.667,0.619,9.25,9.585,1381.2,754.49,76.234,292.21,399.18
3,13.25,374.97,6.67,-10.117,232.64,124.44,2.0125,0.6035,1.054,1.281,0.691,99.823,40.025,15.0865,9.82,15.358,0.605,9.29,9.625,1351,750.22,75.4585,297.91,401.88
3,13.75,374.525,6.963,-10.272,205.39,125.15,1.962,0.5995,1.0525,1.2565,0.7055,99.784,39.582,15.4635,10.295,15.514,0.567,9.3,9.597,1257,703.6,72.5705,296.95,399.225
3,14.25,374.52,6.688,-9.732,180.74,114.96,1.993,0.584,1.049,1.214,0.682,99.7595,38.0595,15.633,10.64,15.666,0.504,9.3175,9.632,1165.55,624.805,69.6075,304.115,399.845
3,14.75,375.545,6.603,-7.498,160.665,116.05,2.0045,0.619,1.062,1.222,0.678,99.76,37.6755,15.668,10.875,16.187,0.454,9.38,9.65,1064.8,584.53,65.4145,300.105,399.775
3,15.25,374.87,6.817,-7.677,107.295,111.375,1.9025,0.5875,1.0195,1.1715,0.6605,99.754,38.0185,15.6625,10.71,16.1845,0.362,9.45,9.697,894.5,502.24,59.0615,300.705,398.47
3,15.75,374.56,6.985,-6.101,66.073,101.19,1.9115,0.5725,0.997,1.109,0.629,99.729,37.687,15.61,10.53,16.466,0.292,9.49,9.66,764.5,422.22,51.631,299.61,394.35
3,16.25,373.76,6.9695,-5.235,26.121,88.344,1.873,0.5355,0.944,1.0705,0.6045,99.729,38.289,15.4375,10.575,16.0985,0.2355,9.53,9.66,578.885,316.49,43.439,296.805,389.165
3,16.75,374.75,7.058,-4.149,0.4815,75.331,1.7925,0.5145,0.8805,1.04,0.576,99.72,39.113,15.1975,10.295,15.981,0.2075,9.58,9.68,363.115,239.38,34.6575,292.08,385.605
3,17.25,375.99,7.246,-1.258,-16.89,63.188,1.653,0.462,0.8095,0.924,0.5195,99.73,40.6065,14.821,9.74,15.769,0.2135,9.583,9.72,225,131.71,23.3925,293.365,380.61
3,17.75,376.69,7.42,0.785,-33.065,38.516,1.385,0.376,0.656,0.72,0.416,99.744,43.459,14.242,8.875,15.284,0.2895,9.59,9.874,96.197,41.68,11.0585,285.635,374.91
3,18.25,378.38,7.3255,2.092,-31.54,19.391,1.189,0.288,0.489,0.5705,0.328,99.759,48.984,12.9175,7.35,14.4565,0.3565,9.59,9.885,5.696,6.877,3.5725,280.88,368.575
3,18.75,378.43,7.046,1.654,-21.632,9.9175,1.084,0.209,0.396,0.452,0.254,99.775,52.616,12.387,6.22,14.05,0.347,9.6,9.895,0,-2.3945,2.3995,279.8,362.895
3,19.25,376.08,7.06,0.657,-22.726,6.6,1.046,0.2145,0.393,0.4125,0.2465,99.804,56.976,11.6525,5.45,13.287,0.343,9.62,9.895,0,-2.838,2.5085,281.895,358.095
3,19.75,376.77,7.3565,0.619,-26.58,5.0015,1.154,0.2125,0.3915,0.435,0.2405,99.804,58.721,10.96,4.89,12.902,0.3535,9.64,9.905,0,-2.754,2.518,277.42,356.76
3,20.25,376.25,7.372,0.484,-24.246,6.2675,1.12,0.232,0.409,0.463,0.262,99.81,60.871,10.49,4.34,12.46,0.327,9.64,9.895,0,-2.731,2.559,275.4,355.45
3,20.75,377.73,7.1705,0.659,-23.403,4.7385,1.134,0.227,0.413,0.456,0.277,99.833,63.058,10.192,4.01,12.068,0.343,9.64,9.9,0,-2.445,2.545,279.29,354.71
3,21.25,377.91,6.647,0.507,-24.937,4.703,1.08,0.2355,0.42,0.501,0.2765,99.852,65.27,9.88,4.03,11.799,0.317,9.65,9.92,0,-2.367,2.474,277.74,353.27
3,21.75,379.375,6.679,0.712,-28.7215,5.738,1.135,0.275,0.483,0.554,0.319,99.865,65.971,9.504,3.64,11.493,0.323,9.64,9.93,0,-2.197,2.469,281.64,352.725
3,22.25,379.14,6.838,0.688,-27.467,4.821,1.093,0.259,0.4705,0.5265,0.3005,99.856,66.912,9.19,3.55,11.263,0.315,9.61,9.95,0,-2.312,2.521,274.99,349.99
3,22.75,379.555,6.414,0.4515,-28.584,3.529,1.095,0.2505,0.462,0.519,0.293,99.858,68.17,8.86,3.32,10.882,0.322,9.61,9.95,0,-2.336,2.46,273.56,348.24
3,23.25,380.83,6.557,0.596,-26.32,4.381,1.172,0.264,0.462,0.516,0.299,99.873,70.176,8.51,2.96,10.486,0.313,9.58,9.94,0,-2.247,2.572,270.66,346.42
3,23.75,381.33,6.7725,0.614,-25.8625,4.385,1.26,0.284,0.488,0.537,0.331,99.873,71.258,8.021,2.82,10.21,0.307,9.565,9.8675,0,-2.237,2.479,271.91,346.025
4,0.25,380.125,10.571,1.0735,-31.195,6.073,1.235,0.2735,0.499,0.495,0.319,99.704,77.906,12.703,3.29,15.0755,0.318,12.6665,12.3185,0,-2.0385,2.1875,306.605,368.745
4,0.75,382.59,10.287,1.209,-26.896,5.098,1.18,0.2485,0.461,0.504,0.2985,99.679,79.345,12.237,2.91,14.2895,0.3075,12.61,12.3185,0,-1.9475,2.1385,305.385,368.13
4,1.25,381.03,10.652,1.3615,-29.57,5.622,1.207,0.269,0.4915,0.535,0.32,99.657,80.197,11.9655,2.56,14.008,0.291,12.605,12.257,0,-1.864,2.2135,305.23,366.595
4,1.75,382.19,10.662,1.323,-28.954,5.466,1.169,0.262,0.4675,0.527,0.3255,99.65,80.592,11.682,2.33,13.852,0.2765,12.555,12.292,0,-1.895,2.2425,302.11,365.38
4,2.25,383.475,10.46,1.001,-25.819,4.4665,1.2045,0.2645,0.463,0.503,0.3,99.636,82.942,11.6665,2.19,13.814,0.302,12.5255,12.2905,0,-1.8845,2.231,300.61,363.24
4,2.75,383.695,10.635,0.937,-25.165,3.912,1.096,0.245,0.46,0.4975,0.305,99.6475,84.343,11.545,1.95,13.8165,0.29,12.504,12.272,0,-1.885,2.254,302.125,360.54
4,3.25,384.16,10.5685,0.956,-25.219,2.9,1.061,0.23,0.43,0.476,0.289,99.6525,85.8565,11.16,1.725,13.632,0.296,12.4925,12.2535,0,-1.934,2.2045,300.525,359.98
4,3.75,386.4,10.4895,0.587,-17.294,2.733,0.987,0.223,0.4285,0.467,0.286,99.6835,86.0035,10.746,1.54,13.287,0.2925,12.4875,12.252,0,-1.7935,2.3015,298.86,358.77
4,4.25,385.08,10.521,0.727,-18.84,2.803,1.0135,0.205,0.442,0.464,0.268,99.684,87.7665,10.274,1.435,12.76,0.281,12.48,12.2505,0,-1.836,2.3035,299.49,358.29
4,4.75,386.76,10.209,0.855,-15.603,1.55,1.0275,0.199,0.394,0.4365,0.244,99.6975,89.778,10.07,1.315,12.287,0.2775,12.475,12.2505,0,-1.7925,2.271,299.43,357.29
4,5.25,385.77,9.959,0.695,-15.649,2.118,0.959,0.169,0.395,0.4215,0.2305,99.7235,90.569,9.935,1.115,12.1635,0.277,12.459,12.225,0,-1.1915,2.3945,302.27,355.445
4,5.75,388.08,10.062,0.679,-13.19,1.533,1.0135,0.2005,0.382,0.427,0.245,99.7255,90.5405,9.625,1.1,11.79,0.272,12.445,12.207,6.432,3.756,3.198,301.095,355.38
4,6.25,388.315,10.209,0.697,-10.383,5.318,1.01,0.189,0.397,0.48,0.27,99.7385,91.379,9.735,1.17,11.918,0.25,12.4275,12.182,62.64,41.0795,11.1625,301.905,358.615
4,6.75,386.54,10.4215,-0.401,-4.731,17.097,1.0665,0.2335,0.446,0.494,0.296,99.744,89.495,10.3595,1.4,12.8175,0.288,12.4115,12.169,190.5,114.31,23.8275,308.01,363.285
4,7.25,385.38,10.612,-1.927,8.237,40.241,1.191,0.303,0.5435,0.594,0.351,99.7555,83.6725,11.6945,2.44,13.3595,0.317,12.3965,12.147,357,214.925,38.6485,307.345,368.21
4,7.75,383.66,10.7295,-6.217,39.028,65.8145,1.2905,0.3665,0.652,0.716,0.431,99.7545,74.351,13.3335,3.97,14.624,0.336,12.37,12.122,550,329.975,46.002,307.865,377.24
4,8.25,381.66,10.8275,-8.59,68.702,87.527,1.5285,0.454,0.7995,0.8605,0.513,99.757,67.953,14.876,5.35,15.48,0.387,12.37,12.082,747.5,428.625,53.867,307.655,385.105
4,8.75,378.66,10.609,-11.136,102.36,107.65,1.641,0.474,0.836,0.933,0.5545,99.7625,62.553,15.5005,6.36,16.407,0.431,12.35,12.057,952.5,533.28,62.05,310.15,390.19
4,9.25,378.31,10.5775,-11.6735,123.365,128.845,1.7575,0.5035,0.9,1.017,0.577,99.759,58.082,16.3825,7.61,17.299,0.474,12.36,12.027,1120,619.55,67.0855,317.525,394.975
4,9.75,376.56,10.529,-14.3645,139.22,155.93,1.706,0.511,0.931,1.023,0.5905,99.762,53.932,17.2695,8.98,17.914,0.517,12.355,12,1263.8,700.97,72.899,320.7,400.62
4,10.25,375.4,10.714,-13.63,169.685,174.27,1.798,0.536,0.953,1.09,0.623,99.763,50.71,18.18,10.175,18.759,0.564,12.383,11.974,1390,752.34,78.541,323.46,406.28
4,10.75,374.57,9.988,-15.3845,196.78,183.125,1.8015,0.53,0.9645,1.111,0.6295,99.7585,47.5055,19.155,11.21,19.419,0.587,12.385,11.96,1480,795.32,79.555,329.14,409.57
4,11.25,372.645,9.9615,-14.372,193.75,185.77,1.764,0.538,0.9725,1.1525,0.63,99.745,44.51,19.625,12.335,19.988,0.6035,12.39,11.98,1529.5,791.625,81.042,334.03,413.97
4,11.75,371.8,10.272,-14.542,209.06,199.19,1.791,0.531,1.008,1.198,0.6405,99.723,42.8125,20.1855,12.95,20.2255,0.6185,12.387,11.994,1576,846.57,83.927,336.06,416.64
4,12.25,371.025,10.138,-14.87,219.46,210.96,1.882,0.568,1.0265,1.19,0.655,99.71,40.7935,20.4,13.76,20.4845,0.609,12.41,12.01,1586.5,849.85,83.248,338,419.08
4,12.75,371.23,9.9515,-14.486,202.93,210.14,1.931,0.571,1.07,1.2175,0.647,99.671,39.052,20.7415,14.065,21.0795,0.5925,12.453,12.057,1492,802.48,81.428,336.27,422.75
4,13.25,369.82,10.1255,-13.818,199.355,202.51,1.966,0.583,1.0515,1.193,0.6505,99.639,37.908,20.9665,14.97,21.3705,0.585,12.5,12.057,1514.5,813.38,82.489,339.83,422.83
4,13.75,370.22,9.985,-12.1965,169.08,191.03,1.9615,0.5855,1.045,1.218,0.66,99.631,36.7945,21.1855,15.425,21.651,0.534,12.54,12.057,1412.5,731.985,79.652,339.33,423.81
4,14.25,368.65,9.7365,-12.92,153.07,191.65,1.8435,0.5745,1.064,1.216,0.654,99.609,36.698,21.174,15.645,21.7345,0.499,12.56,12.044,1302,683.19,75.37,339.46,422.55
4,14.75,368.7,9.6185,-10.6635,138.85,191.93,1.89,0.551,1.039,1.165,0.638,99.542,35.5845,21.325,15.705,21.8305,0.473,12.592,12.047,1254,650.29,74.967,338.93,421.975
4,15.25,368.82,9.419,-9.933,106.39,175.08,1.941,0.553,1.0015,1.197,0.6385,99.5215,35.9725,21.223,16.22,22.161,0.394,12.635,12.044,1123,555.9,70.221,338.885,420.505
4,15.75,367.88,9.649,-7.428,66.426,153.31,1.895,0.553,0.9915,1.1265,0.615,99.52,37.0895,21.3865,15.945,22.31,0.323,12.698,12.1,967.925,478.355,60.597,336.225,419.815
4,16.25,367.37,9.7415,-6.843,35.3005,139.72,1.787,0.52,0.903,1.0445,0.564,99.5135,37.0325,21.305,15.645,22.275,0.265,12.73,12.1,779,382.57,50.4965,335.245,417.04
4,16.75,367.425,9.6085,-5.1955,5.3305,109.485,1.69,0.491,0.826,0.989,0.554,99.5155,37.212,20.99,15.355,22.307,0.229,12.75,12.2,594.335,304.615,40.619,329.47,413.835
4,17.25,370.03,9.642,-3.2265,-13.324,86.613,1.513,0.437,0.743,0.852,0.473,99.527,39.0825,20.504,14.45,21.7485,0.238,12.78,12.2,414,206.815,30.2295,325.945,409.4
4,17.75,369.5,9.876,-0.7,-27.7,62.426,1.3775,0.384,0.632,0.714,0.411,99.5245,42.2775,19.6525,12.915,20.8735,0.2985,12.79,12.2,242,117.815,20.1995,322.36,403.59
4,18.25,370.915,9.9735,0.9275,-27.829,31.683,1.1895,0.2715,0.516,0.535,0.335,99.5595,47.2245,18.995,10.935,20.3405,0.376,12.81,12.3,99,44.1325,10.6,318.745,397.04
4,18.75,371.765,10.2845,2.118,-25.071,12.2185,1.1235,0.201,0.3755,0.3985,0.2345,99.572,55.2425,17.554,8.83,19.623,0.425,12.835,12.3,0,3.749,2.9945,312.895,390.69
4,19.25,375.02,10.4,1.918,-18.705,7.0995,1.136,0.198,0.376,0.4035,0.2375,99.5795,60.2055,16.1,7.21,18.856,0.405,12.84,12.3,0,-2.688,2.1775,314.375,385.845
4,19.75,375.4,10.4295,0.98,-22.907,7.214,1.084,0.217,0.4025,0.419,0.253,99.614,63.424,15.5895,6.18,18.298,0.38,12.818,12.3,0,-2.8175,2.3765,311.17,382.795
4,20.25,376.87,10.572,1.3305,-26.734,8.261,1.155,0.245,0.4155,0.4555,0.261,99.6265,66.1755,15.28,5.315,17.747,0.367,12.81,12.31,0,-2.3755,2.591,309.5,380.135
4,20.75,378.17,10.454,1.171,-32.5585,6.843,1.2,0.271,0.4695,0.512,0.286,99.639,68.2845,15.1125,5.3,17.23,0.352,12.81,12.33,0,-2.335,2.5925,310.14,378.96
4,21.25,380.07,10.444,1.282,-31.1905,8.128,1.156,0.268,0.4615,0.488,0.2855,99.655,69.8385,14.775,4.635,16.869,0.342,12.77,12.347,0,-2.21,2.563,309.11,376.09
4,21.75,380.07,10.847,1.334,-30.539,6.977,1.182,0.246,0.467,0.508,0.284,99.696,70.9775,14.545,4.33,16.433,0.316,12.8,12.36,0,-2.172,2.541,307.99,375.5
4,22.25,377.395,10.701,1.432,-33.3255,7.957,1.1205,0.27,0.5125,0.514,0.3285,99.694,71.647,14.185,4.31,16.409,0.322,12.7775,12.425,0,-2.153,2.487,309.69,373.28
4,22.75,377.77,10.6605,1.485,-32.886,7.793,1.161,0.2745,0.494,0.52,0.311,99.7,73.437,13.6555,4.02,15.99,0.3105,12.78,12.437,0,-1.908,2.389,308.96,372.26
4,23.25,378.5,10.739,1.511,-32.482,6.5605,1.205,0.248,0.475,0.488,0.31,99.695,75.314,13.2785,3.68,15.641,0.311,12.7615,12.4185,0,-2.011,2.417,310.03,370.45
4,23.75,378.97,10.757,1.299,-29.1285,5.356,1.235,0.263,0.503,0.518,0.309,99.7025,76.253,13.0465,3.42,15.476,0.318,12.744,12.4185,0,-2.1235,2.3665,307.63,369.31
5,0.25,380.2,13.8355,1.951,-18.028,3.3865,0.974,0.189,0.358,0.41,0.236,99.731,92.4085,15.8935,1.285,18.2635,0.3,15.4815,14.9805,0,-1.5405,2.2835,331.715,388.065
5,0.75,380.79,13.9355,1.397,-16.944,3.107,0.9925,0.1895,0.369,0.416,0.241,99.722,92.429,15.6615,1.335,18.268,0.3,15.485,14.9755,0,-1.523,2.299,330.52,387.73
5,1.25,381.88,13.772,1.723,-16.3065,2.867,0.951,0.183,0.374,0.4165,0.229,99.697,92.8375,15.455,1.23,17.78,0.289,15.4575,14.972,0,-1.6015,2.1245,326.63,387.24
5,1.75,383.87,13.399,1.6475,-14.728,2.412,0.957,0.169,0.362,0.4035,0.2225,99.697,93.796,15.3035,1.065,17.764,0.276,15.4675,14.9635,0,-1.615,2.087,327.58,384.565
5,2.25,386.46,13.745,1.655,-16.659,1.46,0.9115,0.165,0.3445,0.3935,0.217,99.667,94.521,15.0535,0.805,17.0715,0.282,15.4265,14.917,0,-1.574,2.0625,326.775,383.245
5,2.75,385.29,13.526,1.5865,-13.03,2.1065,0.862,0.16,0.339,0.392,0.211,99.663,95.2035,14.6715,0.785,16.5365,0.282,15.4105,14.9035,0,-1.634,2.1465,326.535,381.41
5,3.25,386.435,13.518,1.328,-14.3365,2.365,0.876,0.1575,0.3365,0.381,0.2135,99.696,96.0595,14.469,0.66,16.305,0.2775,15.42,14.8935,0,-1.572,2.1155,329.775,381.18
5,3.75,385.08,13.189,1.4215,-14.6,1.118,0.945,0.167,0.343,0.393,0.216,99.692,96.2645,14.3805,0.64,16.245,0.278,15.4,14.8885,0,-1.4665,2.122,330.705,380.4
5,4.25,387.39,12.8725,1.588,-14.157,1.8985,0.91,0.164,0.354,0.402,0.231,99.673,96.7805,14.311,0.57,16.08,0.292,15.4,14.8835,0,-1.5495,2.0985,333.275,379.93
5,4.75,387.17,12.8415,1.447,-12.098,1.224,0.994,0.155,0.361,0.412,0.224,99.6725,96.588,14.0225,0.53,15.9585,0.261,15.3585,14.8785,0,-1.1505,2.2365,331.7,378.605
5,5.25,389.825,12.757,1.377,-11.592,1.3895,0.998,0.151,0.355,0.391,0.212,99.71,97.1485,13.77,0.47,15.667,0.262,15.319,14.89,11.745,5.0505,3.3045,329.515,377.945
5,5.75,389.67,12.9485,1.223,-9.708,4.632,0.992,0.186,0.3605,0.4325,0.241,99.743,97.1425,13.7765,0.5,15.394,0.2415,15.3,14.9,73,41.629,10.7495,330.42,378.125
5,6.25,386.09,13.22,0.107,-5.341,15.354,1.016,0.226,0.412,0.4785,0.2655,99.753,96.1205,14.3655,0.64,15.7,0.267,15.3,14.8525,203,115.19,24.3425,326.915,381.88
5,6.75,382.86,13.305,-2.496,3.744,38.277,1.131,0.286,0.465,0.565,0.335,99.777,93.059,14.8535,1.07,16.487,0.306,15.254,14.839,356.05,214.205,34.8815,325.58,387.8
5,7.25,378.195,13.8485,-5.245,25.7415,65.5795,1.163,0.3245,0.55,0.621,0.392,99.806,88.563,15.959,2.14,17.495,0.335,15.234,14.825,535,303.98,44.7265,327.315,397.355
5,7.75,374.525,14.154,-9.021,51.732,91.733,1.249,0.376,0.639,0.695,0.424,99.83,82.036,17.277,3.555,18.677,0.371,15.2415,14.8185,739.625,418.225,55.2275,328,403.005
5,8.25,369.55,14.507,-12.1895,84.096,123.965,1.3445,0.403,0.6845,0.7755,0.4685,99.826,75.5905,18.4395,5.485,19.4515,0.4225,15.206,14.8085,921,520.005,65.2235,331.575,408.59
5,8.75,366.24,14.442,-14.063,101.44,145.91,1.465,0.434,0.766,0.8715,0.509,99.834,71.786,19.5055,6.455,20.2545,0.444,15.234,14.7985,1100.5,611.795,72.079,333.15,416.135
5,9.25,364.08,14.421,-16.153,122.42,170.505,1.4875,0.4535,0.782,0.9045,0.524,99.832,68.1865,20.1555,7.625,20.962,0.469,15.2365,14.792,1277.5,690.82,75.945,340.995,420.015
5,9.75,363.75,14.348,-17.71,157.37,194.87,1.594,0.478,0.841,0.994,0.5665,99.8335,63.095,20.945,9.105,21.601,0.533,15.231,14.7835,1434,764.035,81.772,339.065,425.09
5,10.25,362.845,14.1445,-18.1165,175.92,218.76,1.5885,0.486,0.892,1.0255,0.589,99.822,59.3185,21.715,10.555,22.479,0.568,15.2175,14.7735,1567,836.62,88.073,339.125,430.155
5,10.75,361.685,14.2005,-19.369,195.71,245.495,1.574,0.477,0.8945,1.0345,0.587,99.8045,57.714,22.1445,11.435,23.02,0.595,15.2,14.767,1619,874.1,91.1545,346.78,433.695
5,11.25,361.12,14.433,-17.9465,194.4,252.48,1.628,0.4865,0.9095,1.055,0.5885,99.786,55.766,22.747,12.515,23.5,0.608,15.2,14.774,1685.55,913.305,93.5525,348.65,438.2
5,11.75,360.31,14.056,-18.6255,208.05,264.235,1.594,0.4895,0.904,1.056,0.574,99.7625,54.4615,23.058,13.14,24.022,0.627,15.269,14.7475,1698.2,914.39,93.378,353.9,440.39
5,12.25,359.58,13.944,-18.148,194.86,267.045,1.7065,0.4975,0.926,1.066,0.6,99.7515,52.4165,23.345,13.775,24.236,0.617,15.2615,14.769,1622,864.7,89.26,356.49,443.47
5,12.75,358.495,13.927,-18.704,186.65,274.16,1.685,0.511,0.9165,1.097,0.603,99.744,51.0645,23.8935,14.41,24.7045,0.5965,15.29,14.8,1608,866.79,90.8795,361.08,445.09
5,13.25,358.73,13.922,-16.8065,174.88,248.39,1.696,0.489,0.933,1.101,0.589,99.726,50.198,24.0395,14.94,24.9,0.568,15.3,14.8,1540,837.69,88.701,361.94,445.74
5,13.75,357.28,13.9285,-15.376,147.32,249.51,1.603,0.495,0.884,1.084,0.572,99.687,50.0955,24.2145,15.615,25.0755,0.5235,15.3,14.804,1463,805.33,86.335,363.305,447.255
5,14.25,356.345,13.989,-15.09,137.27,232.67,1.656,0.486,0.903,1.065,0.571,99.662,49.546,24.4955,15.985,25.152,0.489,15.363,14.827,1363,744.76,83.5455,364.965,446.795
5,14.75,355.575,13.986,-13.875,123.65,223.11,1.598,0.468,0.854,1.037,0.56,99.6355,49.521,24.557,16.25,25.288,0.462,15.405,14.857,1271,641.355,76.356,363.315,445.5
5,15.25,356.1,13.512,-12.513,90.5675,200.6,1.6095,0.469,0.8715,1.001,0.5615,99.6175,48.543,24.69,16.23,25.279,0.3905,15.422,14.884,1153,604.06,69.7055,362.895,443.93
5,15.75,355.07,13.685,-10.255,68.083,181.895,1.599,0.4485,0.824,0.948,0.525,99.6155,49.4,24.33,15.75,25.234,0.339,15.42,14.9,1052,548.895,65.4815,361.075,440.195
5,16.25,355.195,13.586,-9.311,46.996,160.84,1.4695,0.42,0.7815,0.893,0.4895,99.601,50.657,24.3,15.35,25.0305,0.307,15.463,14.9,837,446.275,54.226,354.27,436.06
5,16.75,356.385,13.646,-6.746,19.1765,133.4,1.333,0.388,0.691,0.798,0.446,99.594,51.36,23.839,14.39,24.917,0.257,15.5,14.9,676,342.7,43.9315,354.3,432.83
5,17.25,356.44,13.8715,-4.246,0.587,104.605,1.182,0.34,0.609,0.683,0.4,99.614,54.138,23.29,13.32,24.669,0.22,15.5,14.9,488,267.54,36.198,352.14,429.145
5,17.75,355.92,14.4155,-2.5875,-6.029,72.999,1.099,0.285,0.4935,0.5765,0.3375,99.6055,58.418,22.912,12.23,24.175,0.2355,15.5,14.9,335.06,176.105,28.9905,345.335,426.135
5,18.25,358.03,14.413,0.0025,-12.528,33.992,0.941,0.188,0.359,0.42,0.225,99.603,64.553,22.068,9.26,23.673,0.3085,15.5,14.917,178,91.752,18.269,343.52,420.1
5,18.75,363.74,14.968,1.431,-9.774,13.167,0.796,0.138,0.282,0.332,0.16,99.618,71.542,20.575,6.75,22.571,0.413,15.53,14.937,62.61,29.1415,7.0305,339.99,411.835
5,19.25,367.93,14.796,1.4295,-9.8995,8.773,0.743,0.099,0.249,0.299,0.126,99.632,77.547,19.269,4.795,21.709,0.426,15.55,14.967,0,1.134,1.8445,339.575,404.11
5,19.75,367.05,14.696,1.501,-7.1845,3.977,0.717,0.093,0.23,0.2725,0.117,99.638,82.087,18.22,3.685,21.024,0.362,15.56,14.977,0,-2.675,2.0885,337.485,399
5,20.25,369.02,14.649,0.826,-7.358,3.194,0.677,0.0925,0.254,0.306,0.124,99.652,85.986,17.669,2.94,20.325,0.363,15.585,14.9455,0,-2.467,2.1685,333.6,395.75
5,20.75,371.02,14.673,1.197,-7.783,2.3925,0.756,0.101,0.256,0.319,0.138,99.701,88.0985,17.08,2.28,20.072,0.3455,15.59,15,0,-2.1925,2.37,332.05,393.81
5,21.25,372.29,14.109,0.76,-10.8425,2.447,0.841,0.126,0.265,0.312,0.162,99.728,89.577,16.801,2.045,19.706,0.32,15.6,15,0,-1.926,2.4315,332.52,391.165
5,21.75,375.39,14.202,1.2685,-11.57,3.051,0.829,0.146,0.301,0.354,0.172,99.74,90.517,16.5,1.81,19.3215,0.3235,15.594,15,0,-1.7945,2.453,331.25,392.42
5,22.25,376.68,14.173,1.468,-15.7495,2.696,0.844,0.161,0.3225,0.376,0.1955,99.729,91.143,16.409,1.69,19.2355,0.319,15.5815,15,0,-1.729,2.2935,332.85,391.945
5,22.75,377.3,14.337,1.619,-14.853,3.233,0.8715,0.1515,0.311,0.3745,0.1985,99.728,92.118,16.351,1.43,19.047,0.304,15.574,14.9985,0,-1.677,2.37,332.785,391.03
5,23.25,379.14,14.136,1.7455,-18.425,3.778,0.961,0.175,0.358,0.4065,0.2305,99.734,92.134,16.371,1.35,18.764,0.31,15.58,14.9985,0,-1.6045,2.323,333.81,390.945
5,23.75,379.78,14.167,1.833,-14.9485,2.876,0.99,0.181,0.3715,0.4035,0.2215,99.7275,91.974,16.261,1.32,18.5765,0.31,15.5775,15,0,-1.624,2.2275,332.81,391.315
6,0.25,386.02,19.948,2.2685,-13.315,2.058,0.746,0.147,0.2985,0.364,0.188,99.752,94.9935,19.97,1.175,22.8765,0.2795,19.18,18.724,0,-1.079,1.793,374.23,414.47
6,0.75,389.95,19.633,2.465,-12.658,1.8405,0.775,0.15,0.3095,0.349,0.201,99.7315,95.405,19.73,0.995,22.496,0.269,19.16,18.717,0,-1.231,1.874,372.43,413.585
6,1.25,391.19,19.456,2.288,-14.726,1.197,0.7575,0.147,0.3205,0.349,0.1925,99.722,95.491,19.51,0.97,22.2,0.268,19.16,18.727,0,-1.218,1.792,371.89,412.105
6,1.75,393.69,19.263,2.2655,-11.3385,1.6305,0.753,0.121,0.316,0.338,0.173,99.692,95.647,19.26,0.865,22.094,0.252,19.12,18.717,0,-1.174,1.732,370.56,410.615
6,2.25,394.18,19.371,2.276,-11.987,0.8965,0.7065,0.133,0.2975,0.311,0.171,99.691,95.5345,19.11,0.925,21.864,0.2615,19.11,18.7,0,-1.159,1.727,368.64,410.835
6,2.75,395.12,19.318,2.361,-10.4965,0.856,0.737,0.1225,0.288,0.318,0.169,99.6805,95.5025,19.05,0.93,21.67,0.264,19.1,18.7,0,-1.058,1.649,367,409.37
6,3.25,398.31,19.283,2.2815,-10.8535,0.415,0.716,0.131,0.296,0.324,0.17,99.682,96.5995,18.99,0.7,21.39,0.257,19.09,18.7,0,-1.088,1.753,369.07,409.08
6,3.75,399.48,19.301,2.111,-9.715,0.165,0.712,0.1215,0.2995,0.332,0.162,99.669,96.558,18.75,0.66,21.2175,0.2505,19.07,18.7,0,-1.008,1.663,370.66,407.765
6,4.25,398.31,19.227,1.982,-8.696,0.3495,0.6925,0.1155,0.266,0.304,0.153,99.687,97.231,18.64,0.515,21.0235,0.236,19.01,18.7,0,-1.175,1.765,370.03,406.75
6,4.75,399.99,19.005,2.204,-7.383,0.53,0.706,0.1065,0.2755,0.2995,0.1525,99.692,97.712,18.445,0.465,20.8735,0.2475,19,18.7,0,-0.192,1.777,369.87,405.95
6,5.25,400.34,19.017,2.1125,-7.6745,1.1905,0.677,0.107,0.284,0.319,0.152,99.736,98.0605,18.47,0.37,20.856,0.215,18.98,18.69,28,13.441,3.928,367.86,406.09
6,5.75,399.13,19.041,1.543,-6.204,5.3525,0.772,0.127,0.2815,0.32,0.17,99.745,97.9475,18.71,0.45,20.864,0.2265,18.97,18.68,111.1,53.647,10.879,368.3,408.33
6,6.25,393.22,19.47,0.656,-1.712,16.718,0.777,0.171,0.3265,0.352,0.21,99.752,97.15,19.18,0.62,21.4495,0.2655,18.94,18.6,235.45,118.36,19.305,369.8,412.07
6,6.75,386.835,19.784,-1.396,7.981,37.8915,0.8585,0.232,0.397,0.436,0.277,99.768,94.847,19.98,1.25,22.169,0.305,18.91,18.6,375,196.15,26.665,371.22,416.81
6,7.25,382.305,20.076,-4.198,24.7465,67.055,0.978,0.296,0.497,0.536,0.34,99.808,91.092,20.964,2.11,23.159,0.346,18.9,18.6,547.3,283.19,36.219,369.35,424.895
6,7.75,378.23,20.35,-7.361,50.057,97.853,1.0945,0.3255,0.537,0.611,0.367,99.828,86.001,22.062,3.83,24,0.37,18.83,18.59,711,383.73,44.6,370.3,430.23
6,8.25,372.1,20.56,-12.359,71.948,130.82,1.181,0.348,0.617,0.666,0.406,99.827,80.48,23.06,5.33,24.8,0.42,18.83,18.59,929.935,470.97,54.664,371.84,434.99
6,8.75,367.755,20.733,-13.931,93.048,175.91,1.174,0.371,0.626,0.713,0.433,99.815,74.715,23.86,7.33,25.581,0.463,18.81,18.574,1112,574.46,62.556,373.85,440.39
6,9.25,364.58,20.0355,-15.458,113.28,201.95,1.223,0.3955,0.699,0.781,0.4625,99.809,70.8485,24.685,8.885,26.348,0.491,18.82,18.55,1261.9,621.32,66.74,378.58,445.12
6,9.75,362.33,19.805,-17.0095,130.515,228.525,1.252,0.41,0.723,0.8085,0.471,99.806,67.7585,25.33,10.215,26.9725,0.506,18.872,18.55,1399,709.44,71.862,382.61,450.02
6,10.25,360.615,19.5395,-17.729,150.195,249.1,1.352,0.439,0.751,0.846,0.507,99.808,65.035,25.865,11.665,27.4,0.544,18.89,18.54,1513.95,777.19,78.597,385.22,454.475
6,10.75,359.84,19.616,-19.156,162.79,283.69,1.325,0.439,0.759,0.861,0.501,99.805,62.657,26.7875,13.16,28.057,0.568,18.9,18.554,1613,824.64,80.88,389.67,458.88
6,11.25,358.765,19.591,-18.205,171.16,297.92,1.345,0.427,0.779,0.8825,0.505,99.789,60.014,27.13,14,28.5645,0.598,18.963,18.557,1635.5,834.66,82.375,393.05,461.98
6,11.75,357.885,19.383,-18.1965,170.65,306.06,1.37,0.434,0.795,0.9,0.5065,99.78,58.856,27.607,15.09,28.9545,0.595,18.96,18.55,1640.45,842.65,82.438,393.75,463.51
6,12.25,357.17,19.195,-18.149,164.515,280.155,1.402,0.434,0.787,0.913,0.52,99.758,57.429,27.7075,15.62,29.0595,0.582,19.025,18.56,1658.05,825.42,79.985,396,464.34
6,12.75,356.52,19.249,-17.615,162.12,298.8,1.298,0.442,0.8065,0.8975,0.523,99.732,56.0705,28.132,16.405,29.504,0.5835,19.05,18.57,1669.5,827.39,84.468,397.46,468.21
6,13.25,356.24,19.289,-18.1635,162.95,319.855,1.406,0.461,0.831,0.944,0.534,99.702,54.268,28.448,17.81,29.664,0.577,19.124,18.582,1601,828.99,82.551,395.45,468.14
6,13.75,355.54,18.723,-16.432,149.6,286.13,1.368,0.4355,0.77,0.924,0.505,99.679,53.495,28.692,18.64,29.873,0.549,19.14,18.58,1474.65,762.61,80.121,399.38,468.29
6,14.25,355.33,18.722,-15.377,126.355,274.885,1.289,0.429,0.767,0.879,0.497,99.662,52.876,28.7735,18.65,30.069,0.509,19.16,18.557,1452.5,686.67,75.729,399.18,469.51
6,14.75,354.83,18.8,-13.337,104.81,254.21,1.2945,0.404,0.712,0.85,0.475,99.648,52.8075,28.65,18.32,29.893,0.457,19.18,18.6435,1293.4,608.08,65.456,399.39,464.45
6,15.25,354.35,19.106,-11.5665,74.27,221.48,1.261,0.388,0.711,0.806,0.449,99.644,52.5165,28.52,18.06,29.904,0.435,19.2225,18.652,1111.5,520.12,55.113,398.84,464.32
6,15.75,353.815,19.3105,-10.908,57.3865,197.62,1.242,0.376,0.659,0.767,0.439,99.62,53.04,28.398,18.195,29.722,0.391,19.244,18.674,1005.05,489.74,54.449,396.34,464.18
6,16.25,354.89,19.7185,-9.852,41.975,184.915,1.2245,0.388,0.667,0.7235,0.4325,99.6215,55.094,28.332,16.775,29.6065,0.3535,19.26,18.6985,882.125,431.78,50.069,394.575,464
6,16.75,353.26,19.505,-6.277,21.516,147.48,1.225,0.354,0.631,0.719,0.4135,99.605,58.087,27.71,15.805,29.477,0.3,19.29,18.7185,691.15,327.9,40.002,392.34,458.82
6,17.25,354.63,19.912,-4.44,6.0515,114.655,1.1045,0.316,0.531,0.62,0.3595,99.611,62.2935,27.247,14.305,29.089,0.248,19.3,18.7335,494.6,227.01,27.958,389.47,454.74
6,17.75,355.965,20.047,-1.532,-2.196,75.409,0.968,0.263,0.458,0.503,0.306,99.61,65.4145,26.57,11.635,28.731,0.235,19.3175,18.75,359.015,174.29,22.193,387.55,449.4
6,18.25,356.63,20.837,0.28,-7.648,46.0035,0.8915,0.1965,0.3745,0.3955,0.24,99.621,70.1995,25.94,9.67,28.205,0.2675,19.334,18.755,232.2,112.64,15.141,385.2,445.055
6,18.75,360.05,21.311,0.8855,-8.837,19.0605,0.794,0.142,0.3005,0.334,0.188,99.625,76.8215,25.115,7.495,27.3345,0.326,19.33,18.7635,101.24,48.119,7.391,380.69,438.505
6,19.25,368.26,21.3495,2.803,-9.237,9.525,0.7,0.1035,0.2605,0.2965,0.139,99.629,82.887,24.005,4.83,26.185,0.363,19.339,18.7735,23,11.421,2.344,378.95,430.885
6,19.75,372.62,21.2545,1.919,-9.405,5.451,0.7385,0.1125,0.265,0.287,0.146,99.639,85.909,22.85,3.49,25.4085,0.363,19.34,18.782,0,-1.033,1.341,377.37,426.65
6,20.25,372.66,20.919,2.184,-8.192,2.622,0.6645,0.11,0.274,0.2925,0.138,99.653,89.379,22.005,2.68,24.954,0.339,19.34,18.7985,0,-1.725,1.598,376.63,425.005
6,20.75,373.62,20.734,2.051,-9.46,2.71,0.6125,0.106,0.266,0.297,0.136,99.683,91.809,21.52,2.11,24.646,0.322,19.33,18.805,0,-1.635,1.594,373.49,422.735
6,21.25,376.4,21.116,1.681,-11.564,1.706,0.657,0.113,0.287,0.306,0.154,99.715,92.4165,21.07,1.795,24.3335,0.325,19.314,18.8185,0,-1.516,1.689,369.38,420.705
6,21.75,379.74,20.944,2.555,-11.951,2.646,0.7105,0.1215,0.279,0.3315,0.147,99.738,93.111,20.96,1.66,24.1395,0.303,19.299,18.825,0,-1.279,1.791,372.49,419.865
6,22.25,381.755,20.8515,2.11,-15.111,2.185,0.729,0.148,0.3035,0.344,0.1855,99.744,93.37,20.88,1.57,23.946,0.289,19.27,18.8,0,-1.313,1.804,370.03,418.86
6,22.75,383.32,20.6465,2.173,-12.833,1.715,0.714,0.134,0.3095,0.346,0.18,99.749,93.512,20.63,1.47,23.484,0.281,19.273,18.8,0,-1.093,1.796,373.79,417.38
6,23.25,385.495,20.679,2.538,-13.381,1.979,0.709,0.1365,0.3205,0.3495,0.183,99.748,94.095,20.542,1.315,23.367,0.2885,19.258,18.8,0,-1.207,1.848,373.65,416.385
6,23.75,385.64,20.396,2.1995,-13.087,1.7055,0.709,0.1515,0.337,0.379,0.191,99.746,94.5245,20.22,1.195,23.151,0.293,19.24,18.8,0,-1.065,1.854,374.91,415.835
7,0.25,394.71,23.89,2.251,-8.878,0.813,0.6025,0.1195,0.284,0.312,0.15,99.7155,96.238,21.34,0.83,24.202,0.253,21.4415,20.787,0,-1.194,1.862,381.325,423.04
7,0.75,397.78,23.9495,1.807,-7.571,0.7085,0.658,0.115,0.28,0.326,0.157,99.692,96.979,21.14,0.73,23.801,0.231,21.42,20.8,0,-1.179,1.8245,379.505,422.155
7,1.25,400.025,23.9535,2.143,-6.4035,0.356,0.609,0.122,0.288,0.3285,0.164,99.6995,96.943,21.0155,0.69,23.73,0.223,21.405,20.8,0,-1.14,1.76,380.685,420.585
7,1.75,402.595,23.91,2.4,-7.796,0.006,0.641,0.127,0.299,0.311,0.172,99.683,96.914,20.852,0.765,23.627,0.222,21.395,20.8,0,-1.029,1.7465,379.775,420.98
7,2.25,402.925,23.682,2.441,-7.855,0.147,0.5945,0.121,0.2965,0.3025,0.1615,99.659,97.267,20.6715,0.67,23.554,0.224,21.3715,20.8,0,-1.1035,1.7975,380.15,420.395
7,2.75,404.65,23.658,2.318,-7.519,0.341,0.6395,0.1215,0.2935,0.29,0.1695,99.685,97.8145,20.6055,0.515,23.4065,0.218,21.3345,20.8,0,-1.1085,1.8125,381.3,420.03
7,3.25,406.18,23.434,2.239,-7.8845,0.1855,0.614,0.124,0.2715,0.3045,0.159,99.664,98.06,20.51,0.44,23.3135,0.2115,21.32,20.8,0,-1.0355,1.7395,380.355,419.8
7,3.75,407.86,23.2765,2.206,-8.065,-0.134,0.574,0.112,0.253,0.3055,0.149,99.6545,98.548,20.4205,0.32,23.259,0.207,21.31,20.7,0,-0.9905,1.7805,381.99,419.465
7,4.25,408.955,23.1705,1.864,-7.982,-0.073,0.566,0.116,0.269,0.289,0.157,99.675,98.794,20.279,0.29,23.096,0.208,21.2715,20.7,0,-1.066,1.846,379.45,419.07
7,4.75,411.08,23.271,1.7115,-6.267,0.1685,0.611,0.114,0.2495,0.287,0.154,99.698,98.639,20.31,0.3,23.137,0.2215,21.255,20.7,0,-0.821,1.8385,382.54,418.925
7,5.25,411.8,23.284,2.035,-5.9655,0.219,0.649,0.103,0.2555,0.2875,0.137,99.718,98.969,20.326,0.23,23.129,0.2085,21.2375,20.7,10.05,5.0525,2.6875,382.76,418.53
7,5.75,412.155,23.2465,1.836,-5.963,2.875,0.652,0.1175,0.284,0.2915,0.151,99.7335,99.044,20.478,0.22,23.1,0.199,21.221,20.7,67.747,37.7885,8.457,383.31,419.84
7,6.25,406.25,23.582,1.452,-1.544,13.254,0.679,0.152,0.3145,0.323,0.1895,99.748,99.0255,20.828,0.26,23.441,0.2495,21.2115,20.7,176,103.32,18.601,380.32,423.37
7,6.75,398.445,23.8125,-0.1405,5.906,37.733,0.782,0.208,0.373,0.398,0.252,99.7615,97.575,21.5435,0.655,24.1,0.306,21.2,20.7,311.4,187.08,28.2545,376.775,428.265
7,7.25,390.855,24.3025,-3.8345,21.134,71.017,0.8225,0.253,0.448,0.469,0.3005,99.793,94.038,22.35,1.64,24.9375,0.3435,21.18,20.665,463.91,278.33,36.28,375.32,432.79
7,7.75,381.24,24.703,-7.7515,42.7855,100.11,0.9205,0.291,0.507,0.5385,0.33,99.8045,88.818,23.21,3.215,25.696,0.368,21.17,20.662,647.36,376.9,45.6575,376.875,440.12
7,8.25,376.49,25.002,-11.145,68.978,147.33,0.962,0.321,0.5455,0.593,0.3695,99.826,83.321,24.378,5.13,26.421,0.4065,21.155,20.6485,839,481.035,54.869,379.27,446.87
7,8.75,369.27,24.751,-14.2235,86.0375,175.28,0.968,0.3455,0.571,0.642,0.397,99.8365,78.387,25.373,7.38,27.2705,0.4405,21.158,20.6355,1013.2,574.17,60.7645,381.385,453.51
7,9.25,366.18,24.647,-16.247,109.85,224.88,1.055,0.365,0.598,0.6905,0.422,99.844,74.0625,26.22,8.965,27.74,0.465,21.13,20.624,1164.75,651.04,65.642,386.25,458.305
7,9.75,362.47,24.571,-18.271,124.67,253.905,1.0995,0.3825,0.657,0.749,0.448,99.837,70.224,26.9785,10.72,28.587,0.494,21.1445,20.607,1323.5,718.485,69.3265,392.705,462.52
7,10.25,360.89,24.683,-19.766,137.15,292.115,1.132,0.397,0.689,0.7555,0.456,99.827,66.906,27.7305,12.35,29.154,0.526,21.15,20.6,1424.2,774.655,72.7055,398.755,466.005
7,10.75,359.07,24.496,-19.4255,147.125,310.115,1.182,0.4025,0.7145,0.801,0.4755,99.8515,64.181,28.265,13.74,29.6755,0.529,21.2,20.61,1531.35,830.925,76.4355,401.935,469.46
7,11.25,358.04,24.257,-20.215,161.895,340.32,1.127,0.405,0.731,0.799,0.479,99.8215,61.307,28.6515,15.16,30.1595,0.555,21.205,20.6,1574.25,834.17,77.9455,404.15,472.73
7,11.75,356.675,24.1855,-19.717,152.015,330.005,1.153,0.4015,0.743,0.83,0.4825,99.806,60.115,29.1295,16.08,30.399,0.574,21.21,20.6,1576.5,841.5,78.6735,407.835,476.09
7,12.25,355.12,23.85,-19.457,152.285,350.8,1.18,0.407,0.721,0.819,0.483,99.786,59.074,29.3235,16.88,30.535,0.567,21.2705,20.592,1592.45,841.69,77.533,411.68,477.515
7,12.75,354.71,23.7705,-18.444,144.705,347.37,1.2085,0.404,0.757,0.8315,0.48,99.765,58.141,29.5845,17.63,30.8055,0.559,21.2925,20.6335,1545.2,801.765,76.0375,412.69,479.655
7,13.25,354.935,23.549,-17.9525,137.3,334.96,1.1815,0.4025,0.745,0.839,0.486,99.741,57.4705,29.9085,17.695,31.203,0.5405,21.3275,20.6455,1520,802.665,76.19,412.73,479.825
7,13.75,353.81,23.4365,-17.258,119.905,319.02,1.1515,0.4085,0.747,0.81,0.4725,99.695,57.6535,29.9985,18.285,31.3975,0.5025,21.3715,20.627,1506.5,757.43,73.686,413.64,480.83
7,14.25,353.59,23.277,-16.2715,106.98,313.75,1.1765,0.393,0.734,0.8305,0.475,99.673,57.8665,30.07,18.375,31.3,0.48,21.4,20.65,1411.5,704.925,71.532,412.965,479.96
7,14.75,353.275,23.5055,-15.1215,86.244,290.78,1.224,0.378,0.713,0.787,0.458,99.644,58.146,30.105,18.435,31.364,0.424,21.415,20.687,1319.5,659.915,66.9275,410.44,479.425
7,15.25,353.4,23.129,-14.062,72.566,293.05,1.181,0.397,0.719,0.784,0.455,99.624,57.956,30.223,18.3,31.301,0.399,21.46,20.7,1226,623.9,62.1325,407.815,479.76
7,15.75,353.765,23.259,-10.749,51.715,234.17,1.179,0.379,0.671,0.751,0.431,99.621,58.785,30.0025,17.94,31.4,0.375,21.4815,20.705,1070.5,537.955,56.379,404.715,478.18
7,16.25,353.55,23.5335,-9.437,37.707,214.5,1.151,0.363,0.661,0.7145,0.41,99.6175,60.706,29.6545,17,31.105,0.342,21.5,20.7285,944.5,489.26,51.0645,402.755,474.595
7,16.75,353.71,23.82,-7.466,13.192,170.78,1.0885,0.3585,0.6185,0.679,0.4055,99.618,62.6105,29.307,15.895,30.8965,0.2855,21.51,20.7535,719.025,376.57,39.8015,402.155,471.35
7,17.25,353.725,24.355,-4.141,3.4605,137.51,1.055,0.316,0.5295,0.569,0.3515,99.606,65.1115,28.5475,13.75,30.3735,0.255,21.535,20.7785,540.45,272.71,30.5235,400.84,465.915
7,17.75,354.79,24.59,-1.955,-4.661,90.964,0.949,0.2695,0.457,0.5055,0.301,99.612,68.7605,27.752,11.96,29.842,0.26,21.5615,20.8,375.5,186.18,22.1365,393.325,460.91
7,18.25,357.385,25.163,0.433,-8.76,49.406,0.8155,0.1905,0.36,0.3825,0.226,99.6105,73.2,27.023,9.575,29.2,0.265,21.5715,20.8,233.625,101.8795,13.505,391.03,454.565
7,18.75,361.61,25.633,1.896,-8.592,21.1575,0.748,0.139,0.287,0.323,0.172,99.62,79.254,26.155,7.36,28.572,0.329,21.595,20.8135,105.7,45.8615,7.028,389.015,448.5
7,19.25,368.025,25.9475,4.666,-9.342,10.46,0.638,0.109,0.257,0.2715,0.1415,99.6275,84.26,24.932,5.08,27.576,0.365,21.5865,20.837,22.09,10.5675,2.2145,388.07,441.405
7,19.75,374.65,25.12,2.784,-6.999,6.201,0.638,0.091,0.251,0.255,0.131,99.645,87.775,23.8885,3.69,26.714,0.338,21.595,20.8785,0,-1.327,1.149,384.3,436.415
7,20.25,375.585,24.847,2.487,-6.9705,4.132,0.5765,0.093,0.248,0.28,0.127,99.6805,90.244,23.225,2.815,26.285,0.297,21.5855,20.847,0,-1.789,1.601,387.36,433.535
7,20.75,378.2,24.95,2.469,-8.575,2.7295,0.609,0.117,0.2665,0.2995,0.1345,99.6975,91.985,22.758,2.095,25.785,0.294,21.579,20.897,0,-1.468,1.776,385.48,431.275
7,21.25,381.6,24.641,1.7625,-9.0525,2.582,0.591,0.117,0.265,0.3055,0.1395,99.733,93.3485,22.5245,1.725,25.3535,0.2715,21.585,20.9,0,-1.4845,1.814,383.805,430.035
7,21.75,385.02,24.542,2.154,-10.277,2.8235,0.589,0.11,0.258,0.302,0.135,99.736,94.991,22.215,1.28,25.015,0.284,21.554,20.9,0,-1.1775,1.874,383.275,428.545
7,22.25,387.12,24.327,1.889,-8.817,2.059,0.602,0.115,0.2725,0.305,0.1415,99.7285,95.483,21.98,1.25,24.778,0.2465,21.561,20.9,0,-1.1975,1.8565,384.25,427.3
7,22.75,390.4,24.1845,1.8675,-8.594,2.3955,0.622,0.123,0.2975,0.329,0.1625,99.7325,95.815,21.805,1.09,24.65,0.2415,21.5,20.9,0,-1.1635,1.7685,383.5,426.81
7,23.25,391.715,24.004,2.195,-9.1985,2.082,0.604,0.135,0.3015,0.311,0.1595,99.729,95.929,21.645,0.96,24.413,0.245,21.5,20.9,0,-1.217,1.852,378.675,425.745
7,23.75,394.055,23.8035,2.263,-10.0665,1.998,0.599,0.124,0.2895,0.3315,0.161,99.7125,96.2745,21.5055,0.905,24.469,0.248,21.5,20.9,0,-1.1305,1.8225,381.7,425.23
8,0.25,396.985,23.824,1.9955,-6.146,0.3285,0.5735,0.0965,0.237,0.27,0.119,99.727,97.615,21.4945,0.65,24.299,0.254,22.279,21.8,0,-1.2135,1.71,380.855,423.285
8,0.75,399.72,23.855,2.2355,-6.715,-0.1295,0.528,0.088,0.25,0.2575,0.1165,99.7025,96.573,21.39,0.8,24.075,0.248,22.265,21.797,0,-1.1555,1.7795,381.56,422.495
8,1.25,399.49,23.906,1.991,-6.479,0.329,0.575,0.0955,0.2605,0.255,0.1285,99.691,97.428,21.285,0.565,24.0965,0.246,22.2515,21.795,0,-1.123,1.6885,381.605,422.22
8,1.75,398.48,23.647,1.955,-4.844,0.000999999999999997,0.528,0.082,0.25,0.284,0.1165,99.667,98.136,21.0905,0.52,23.756,0.237,22.235,21.7935,0,-1.0615,1.64,382.475,421.88
8,2.25,401.69,23.691,1.885,-5.8,0.0855,0.497,0.082,0.2585,0.257,0.111,99.66,98.759,21.0275,0.3,23.5965,0.2505,22.1955,21.7935,0,-1.031,1.7005,385.205,421.855
8,2.75,403.005,23.51,1.772,-5.5885,-0.252,0.543,0.09,0.237,0.263,0.122,99.661,98.992,20.816,0.22,23.471,0.234,22.204,21.795,0,-1.0745,1.7265,382.415,420
8,3.25,402.28,23.31,2.027,-5.538,-0.214,0.548,0.083,0.2285,0.259,0.112,99.661,99.2255,20.741,0.175,23.4415,0.2235,22.19,21.785,0,-1.048,1.71,382.295,420.38
8,3.75,408.115,23.1815,1.819,-5.3475,-0.52,0.546,0.0775,0.224,0.2625,0.116,99.6655,99.346,20.6125,0.145,23.257,0.213,22.1525,21.7835,0,-1.0345,1.6705,382.845,419.69
8,4.25,407.09,23.287,1.582,-4.6855,-0.61,0.5145,0.076,0.21,0.255,0.104,99.692,99.565,20.533,0.1,23.245,0.2175,22.15,21.77,0,-1.011,1.662,382.94,418.69
8,4.75,406.45,23.366,1.697,-4.3355,-0.1045,0.506,0.077,0.2275,0.254,0.1085,99.692,99.686,20.474,0.1,23.3365,0.213,22.13,21.754,0,-0.9805,1.6365,383.52,418.32
8,5.25,412.465,23.035,1.874,-4.291,-0.303,0.543,0.078,0.228,0.2455,0.106,99.712,99.806,20.4175,0.06,23.1015,0.223,22.109,21.735,0,-0.2365,1.651,386.1,417.94
8,5.75,415.11,23.037,2.161,-4.154,0.168,0.5655,0.091,0.2395,0.257,0.124,99.739,99.882,20.484,0.03,23.014,0.2095,22.0865,21.714,20.285,9.81,2.9015,387.02,417.995
8,6.25,413.21,23.256,1.735,-2.724,4.607,0.586,0.1,0.2705,0.2785,0.138,99.758,99.95,20.6035,0.02,23.146,0.2225,22.0525,21.697,94.3365,54.188,10.89,389.58,421.625
8,6.75,403.975,23.7975,1.579,1.438,18.3755,0.652,0.152,0.3195,0.326,0.187,99.769,99.818,21.085,0.07,23.87,0.28,22.0565,21.687,211.355,133.31,21.1845,388.73,426.675
8,7.25,391.95,24.148,-1.3935,13.668,45.369,0.769,0.2195,0.398,0.393,0.248,99.794,98.343,21.977,0.4,24.581,0.336,22.04,21.669,377.285,218.815,31.3635,388.645,431.535
8,7.75,383.3,25.037,-3.769,30.732,74.0105,0.824,0.261,0.4515,0.47,0.3,99.811,94.9995,22.8915,1.25,25.423,0.37,22.035,21.6605,561,317.08,40.1435,390.705,436.065
8,8.25,376.07,25.263,-8.715,57.043,112.005,0.944,0.296,0.523,0.54,0.351,99.8305,90.144,23.6685,3.1,26.3785,0.401,22.029,21.6585,737.205,412.28,46.0185,390.66,441.21
8,8.75,369.105,25.2795,-11.778,85.418,149.445,1.0155,0.337,0.579,0.607,0.385,99.852,84.3985,24.763,5.05,26.967,0.441,22.035,21.617,916.5,508.885,52.3615,392.735,446.575
8,9.25,364.68,25.264,-13.367,109.53,170.28,0.997,0.342,0.62,0.655,0.395,99.866,78.226,25.667,7.31,27.813,0.484,22.022,21.6085,1083.95,600.84,57.0095,394.735,452.3
8,9.75,361.245,25.2475,-15.244,127.53,202.515,1.117,0.373,0.658,0.684,0.4305,99.8735,73.66,26.5595,9.27,28.6,0.5325,22.035,21.6,1197,667.505,60.0965,397.515,456.735
8,10.25,359.31,24.945,-16.161,147.25,246.24,1.105,0.381,0.706,0.735,0.436,99.874,69.878,27.293,11.27,29.106,0.553,22.024,21.6,1316.5,734.42,66.0325,402.785,461.255
8,10.75,357.03,24.5455,-16.302,157.47,256.72,1.155,0.3855,0.697,0.776,0.456,99.843,66.959,28.028,12.73,29.696,0.579,22.02,21.5935,1409,763.8,68.612,404.815,464.215
8,11.25,356.78,24.3925,-17.7375,172.28,269.25,1.163,0.41,0.732,0.783,0.478,99.827,64.439,28.592,14.45,30.015,0.592,22.0485,21.5935,1480.35,779.48,69.65,407.94,467.855
8,11.75,355.45,23.5755,-18.091,159.11,279.44,1.157,0.393,0.756,0.786,0.4825,99.8065,61.398,28.9225,15.66,30.589,0.5905,22.05,21.592,1485.25,793.345,70.5535,412.65,471.38
8,12.25,354.385,23.4135,-16.8475,168.285,279.24,1.207,0.4015,0.771,0.826,0.4865,99.789,60.657,29.44,16.65,30.8615,0.6055,22.0665,21.595,1440,785.07,70.7005,413.305,473.05
8,12.75,353.73,23.285,-15.5585,160.06,277,1.186,0.407,0.768,0.833,0.477,99.7675,59.294,29.447,17.15,30.943,0.592,22.0815,21.6,1477.95,792.51,71.025,411.445,473.835
8,13.25,353.64,23.185,-14.86,158.41,283.515,1.2235,0.4045,0.765,0.845,0.482,99.746,58.213,29.791,17.38,31.202,0.591,22.11,21.609,1446.5,762.52,69.755,413.56,474.765
8,13.75,353.445,23.264,-13.848,140.13,279.885,1.204,0.395,0.753,0.8305,0.469,99.71,56.7925,30.01,18.34,31.2555,0.562,22.15,21.635,1396,754.21,69.7335,414.36,475.14
8,14.25,353.06,22.846,-13.651,131.01,253.475,1.181,0.398,0.771,0.811,0.474,99.67,56.486,30.0615,18.25,31.508,0.545,22.16,21.652,1365.55,695.305,68.399,411.67,475.995
8,14.75,352.595,23.205,-12.285,95.7235,250.665,1.192,0.387,0.747,0.767,0.447,99.648,56.657,29.7615,17.615,31.6355,0.4795,22.1995,21.677,1201,599.39,62.278,410.275,474.16
8,15.25,352.38,23.29,-10.482,70.036,231.195,1.208,0.388,0.724,0.762,0.447,99.636,57.3635,29.73,17.555,31.645,0.43,22.2235,21.69,1097.15,574.305,60.395,409.505,475.02
8,15.75,351.44,23.156,-9.267,52.404,203.655,1.15,0.362,0.7,0.704,0.424,99.623,58.717,29.6775,17.3,31.51,0.376,22.223,21.7,954,492.455,52.69,407.355,472.365
8,16.25,351.89,23.284,-7.0705,31.287,176.95,1.1245,0.3755,0.6475,0.689,0.411,99.615,60.328,29.3725,16.57,31.369,0.344,22.24,21.73,795.325,415.4,44.8335,404.105,470.045
8,16.75,351.405,23.4595,-5.624,14.2685,133.4,1.057,0.341,0.5935,0.614,0.369,99.613,62.826,28.8755,15.14,30.9805,0.29,22.27,21.724,621.45,318.865,36.364,400.47,467.215
8,17.25,351.5,23.948,-2.5005,1.935,102.92,0.9355,0.286,0.51,0.5165,0.3315,99.619,66.594,28.4655,12.55,30.66,0.2425,22.28,21.777,439.545,228.745,27.7275,396.735,464.02
8,17.75,352.17,23.85,-0.538,-4.446,58.302,0.846,0.222,0.425,0.441,0.258,99.619,73.522,27.9165,9.705,30.141,0.238,22.298,21.797,266.62,136.63,19.074,392.74,460.13
8,18.25,356.29,24.241,1.752,-7.354,28.7515,0.709,0.154,0.325,0.332,0.1765,99.6185,79.987,26.9375,7.115,29.333,0.3505,22.31,21.8,129.4,63.9375,10.4025,390.41,453.78
8,18.75,366.51,24.205,2.7945,-6.483,10.427,0.6065,0.097,0.231,0.261,0.126,99.627,85.1145,25.833,4.89,28.307,0.42,22.33,21.8,36,16.5345,3.006,387.585,446.06
8,19.25,374.655,24.2345,2.145,-6.8755,5.811,0.547,0.089,0.2295,0.244,0.11,99.6365,89.997,24.602,3.15,27.436,0.3775,22.34,21.817,0,-0.7855,1.132,386.135,439.185
8,19.75,376.34,24.689,1.842,-6.22,4.1495,0.47,0.0795,0.239,0.232,0.105,99.645,92.295,23.9335,2.15,26.826,0.359,22.33,21.83,0,-2.1825,1.49,384.695,434.99
8,20.25,377.455,24.8035,1.617,-6.92,3.105,0.5025,0.0765,0.2335,0.2445,0.0955,99.6735,94.398,23.39,1.4,26.373,0.297,22.32,21.847,0,-1.8405,1.738,382.885,432.51
8,20.75,380.37,24.817,1.922,-7.154,1.885,0.551,0.087,0.231,0.249,0.108,99.704,95.998,23.0435,1.1,25.9,0.3,22.33,21.857,0,-1.614,1.84,379.155,430.9
8,21.25,381.31,24.768,1.727,-6.4915,1.395,0.5615,0.09,0.236,0.268,0.113,99.729,96.413,22.619,1.02,25.6855,0.2955,22.31,21.87,0,-1.535,1.8495,378.025,429.135
8,21.75,385.87,24.415,2.166,-7.35,1.55,0.563,0.088,0.237,0.25,0.106,99.712,96.504,22.398,1.06,25.397,0.297,22.32,21.884,0,-1.3795,1.847,377.75,427.885
8,22.25,388.655,24.3625,1.847,-6.417,1.0255,0.547,0.088,0.243,0.265,0.1095,99.728,96.796,22.25,0.8,25.062,0.288,22.315,21.887,0,-1.352,1.796,379.36,426.68
8,22.75,391.08,24.027,2.413,-8.0885,0.912,0.555,0.0915,0.252,0.244,0.122,99.73,96.418,22.0145,0.92,24.845,0.28,22.325,21.89,0,-1.2705,1.7875,381.25,425.9
8,23.25,392.26,23.966,2.2575,-7.6985,1.0155,0.548,0.091,0.246,0.264,0.13,99.739,97.17,21.807,0.73,24.7,0.282,22.3,21.884,0,-1.2085,1.759,379.49,424.09
8,23.75,391.64,23.868,2.036,-7.9835,0.2965,0.5815,0.102,0.266,0.264,0.13,99.736,96.852,21.7165,0.815,24.5,0.26,22.2825,21.835,0,-1.221,1.8285,378.79,423.15
9,0.25,385.46,19.748,1.515,-11.2745,0.107,0.683,0.117,0.296,0.312,0.161,99.912,97.857,18.95,0.49,21.407,0.275,20.9765,21.049,0,-1.4225,2.0465,361.925,407.64
9,0.75,386.34,19.719,1.884,-10.8775,-0.042,0.707,0.128,0.288,0.3,0.168,99.9045,98.549,18.7715,0.34,21.095,0.263,20.9525,21.0205,0,-1.4125,1.977,360.19,406.88
9,1.25,385.235,19.608,2.022,-10.819,0.219,0.745,0.117,0.2895,0.291,0.1575,99.89,98.615,18.545,0.345,21.076,0.264,20.9355,21.017,0,-1.3995,1.9095,360.795,405.96
9,1.75,387.9,19.387,1.678,-9.0255,-0.3175,0.702,0.1075,0.27,0.297,0.15,99.885,99.048,18.295,0.22,20.607,0.246,20.8915,21.0525,0,-1.3465,1.835,364.485,404.515
9,2.25,388.215,19.497,2.183,-10.123,-0.459,0.712,0.1275,0.304,0.2985,0.1505,99.882,99.0555,18.247,0.235,20.3,0.236,20.853,21.012,0,-1.271,1.742,361.8,404.655
9,2.75,387.82,19.44,1.6255,-8.719,0.185,0.7195,0.134,0.296,0.31,0.175,99.8725,98.565,18.1395,0.28,20.2945,0.245,20.8225,21.012,0,-1.3075,1.819,362.105,403.605
9,3.25,389.48,19.464,1.588,-8.536,-0.0765,0.695,0.129,0.281,0.293,0.153,99.866,98.751,18.001,0.24,20.209,0.235,20.8185,21.0165,0,-1.223,1.8365,365.415,403.49
9,3.75,389.6,19.363,1.6545,-9.0515,0.062,0.754,0.133,0.294,0.311,0.156,99.868,98.841,17.9425,0.21,20.12,0.225,20.8385,21.0135,0,-1.0545,1.781,367.08,402.905
9,4.25,387.22,19.017,1.787,-11.093,1.041,0.754,0.166,0.321,0.318,0.192,99.873,99.257,17.915,0.18,20.07,0.235,20.8285,21.005,0,-1.128,1.711,372.815,402.9
9,4.75,387.97,19.1725,1.395,-11.712,0.422,0.7855,0.1515,0.339,0.325,0.1905,99.883,98.854,17.7295,0.24,19.946,0.218,20.8085,21.002,0,-1.0945,1.675,372.86,402.785
9,5.25,387.255,19.109,1.778,-9.6645,0.2865,0.8325,0.155,0.311,0.33,0.1985,99.892,99.1075,17.7775,0.185,20.039,0.2195,20.7785,20.9985,0,-1.116,1.636,372.6,402.615
9,5.75,390.605,19.29,1.9045,-8.546,0.7825,0.82,0.15,0.311,0.328,0.191,99.899,99.358,17.6305,0.13,19.7685,0.204,20.7475,20.9855,1.0615,0.263,1.7755,373.68,401.785
9,6.25,389.98,19.204,1.427,-7.77,1.719,0.8135,0.162,0.32,0.336,0.192,99.9235,99.646,17.595,0.1,19.811,0.19,20.72,20.9685,33.4415,16.504,5.3375,373.345,402.64
9,6.75,390.49,19.773,0.9745,-3.674,10.5565,0.8255,0.1935,0.354,0.385,0.223,99.972,99.248,17.7435,0.155,20.1275,0.236,20.71,20.938,128.05,69.7595,14.5305,373.66,405.965
9,7.25,383.3,20.29,-0.863,3.994,27.68,0.961,0.256,0.419,0.421,0.272,99.975,97.9525,18.485,0.425,20.6695,0.306,20.695,20.9,270.95,160.925,25.09,375.635,412.79
9,7.75,377.925,20.9465,-3.071,16.207,51.18,1.07,0.303,0.511,0.564,0.327,99.991,95.124,19.395,1.02,21.866,0.365,20.685,20.9,426.65,260.2,33.34,367.885,421.74
9,8.25,372.72,20.8925,-6.731,42.9245,84.815,1.205,0.352,0.599,0.625,0.394,99.996,92.33,20.66,1.785,22.983,0.389,20.66,20.887,587.3,348.2,39.229,371.27,425.835
9,8.75,367.65,21.036,-9.263,63.092,116.11,1.208,0.3915,0.651,0.688,0.4295,100,87.042,21.551,3.19,24.048,0.418,20.67,20.877,774.625,451.42,46.445,371.975,429.745
9,9.25,363.175,20.4845,-12.614,91.698,146.99,1.3005,0.413,0.737,0.753,0.469,100.01,80.6655,22.471,5.225,24.683,0.433,20.68,20.867,909.5,534.505,49.1165,372.305,434.31
9,9.75,361.565,20.1595,-14.1475,115.43,176.38,1.357,0.4465,0.7885,0.8405,0.4845,100.03,75.302,23.528,7.18,24.977,0.474,20.69,20.854,1065.5,610.58,53.797,371.11,440.055
9,10.25,359.25,19.954,-15.092,130.28,198.17,1.351,0.4405,0.833,0.846,0.502,100.01,72.065,24.28,8.82,25.673,0.497,20.69,20.8,1167.2,656.01,58.2435,375.585,442.99
9,10.75,357.865,20.0355,-16.627,137.045,218.38,1.371,0.446,0.839,0.88,0.517,100.01,69.653,24.8995,9.84,26.157,0.518,20.7,20.8,1267.55,688.35,61.4115,378.885,446.975
9,11.25,356.93,19.932,-17.029,141.045,236.1,1.3915,0.454,0.865,0.8955,0.538,100,67.293,25.535,10.82,26.631,0.523,20.71,20.8,1306,742.15,64.2975,385.47,449.915
9,11.75,355.205,19.8215,-16.1305,156.29,242.07,1.365,0.4485,0.852,0.882,0.521,99.995,65.684,25.872,11.7,27.0935,0.557,20.718,20.804,1297.8,709.925,60.948,384.375,451.615
9,12.25,355.09,19.638,-16.077,143.09,238.53,1.383,0.4565,0.841,0.904,0.527,99.972,63.378,26.2045,12.375,27.545,0.556,20.73,20.804,1303,703.96,62.8525,390.805,454.57
9,12.75,353.89,19.777,-16.013,136.9,251.515,1.352,0.439,0.8545,0.895,0.5145,99.936,62.2935,26.5115,13.46,27.855,0.5175,20.76,20.804,1298.2,716.305,63.186,392.66,457.58
9,13.25,353.385,19.44,-14.4315,121.01,231.165,1.358,0.4285,0.822,0.8835,0.5145,99.898,60.7655,26.4775,13.435,27.895,0.502,20.77,20.807,1171,673.625,60.0685,391.64,459.07
9,13.75,353.1,19.535,-14.09,108.35,231.48,1.32,0.425,0.835,0.8875,0.496,99.88,60.395,26.7605,14.305,28.2,0.4995,20.8,20.814,1206.7,620.035,58.1915,391.885,459.59
9,14.25,353.06,19.425,-13.556,82.482,216.365,1.343,0.433,0.814,0.85,0.496,99.856,61.314,26.895,14.11,28.156,0.456,20.83,20.82,1019.4,561.39,54.0705,391.74,457.79
9,14.75,352.66,19.212,-10.909,61.009,193.2,1.3225,0.4205,0.789,0.8185,0.486,99.811,60.454,26.682,14.08,28.206,0.3845,20.865,20.83,964.73,537.87,51.6665,389.62,457.12
9,15.25,351.73,19.579,-9.0405,39.85,164.43,1.279,0.391,0.755,0.764,0.453,99.8085,61.462,26.302,13.42,27.958,0.318,20.87,20.85,826.5,456.925,47.922,387.1,455.415
9,15.75,352.8,19.297,-7.553,23.2915,143.24,1.183,0.382,0.6975,0.7325,0.4335,99.8005,62.221,26.1895,12.915,27.926,0.2965,20.883,20.864,687.645,370.765,39.815,384.35,454.045
9,16.25,351.87,19.7115,-5.421,6.631,122.975,1.1265,0.345,0.621,0.66,0.39,99.785,62.473,25.955,11.73,27.888,0.272,20.9,20.88,502.6,283.39,32.003,380.1,452.06
9,16.75,350.97,20.183,-3.3315,-4.511,86.639,1.056,0.321,0.5505,0.596,0.353,99.795,67.708,25.502,10.11,27.6555,0.244,20.92,20.897,357.685,199.075,24.847,375.33,447.955
9,17.25,352.2,20.448,-0.6815,-10.06,50.626,0.945,0.247,0.456,0.458,0.279,99.7935,72.842,24.8605,8.26,27.234,0.265,20.93,20.917,221.63,110.045,15.275,372.92,443.5
9,17.75,357.065,21.1885,0.724,-11.9415,20.3045,0.817,0.164,0.345,0.329,0.201,99.7975,79.979,24.0465,6.07,26.405,0.356,20.94,20.93,96.6395,41.564,7.3485,369.015,437.465
9,18.25,364.16,21.43,1.513,-8.1595,8.1765,0.747,0.118,0.267,0.283,0.147,99.798,84.628,22.935,4.03,25.5315,0.413,20.93,20.947,14,7.6195,2.149,365.515,432.61
9,18.75,369.39,21.5605,1.672,-12.025,6.952,0.645,0.1015,0.257,0.26,0.135,99.8045,89.885,22.0625,2.64,24.9105,0.351,20.96,20.96,0,-1.7115,1.564,365.49,427.115
9,19.25,368.175,21.2465,1.1925,-9.652,3.5855,0.65,0.092,0.249,0.263,0.1275,99.822,92.084,21.3465,2.01,24.296,0.3335,20.98,20.974,0,-2.0155,1.822,362.19,423.76
9,19.75,370.63,21.088,1.1375,-9.978,2.5155,0.639,0.098,0.266,0.262,0.1315,99.866,93.555,20.868,1.5,23.7335,0.307,20.99,20.95,0,-1.9015,1.943,362.165,420.565
9,20.25,372.45,20.685,1.45,-12.446,2.7175,0.6555,0.109,0.28,0.275,0.158,99.8585,95.3415,20.577,1.075,23.567,0.3005,20.99,20.975,0,-1.531,2.0215,361.435,419.01
9,20.75,374.74,20.891,1.205,-11.731,1.875,0.729,0.119,0.275,0.289,0.149,99.866,95.8425,20.33,0.995,23.2515,0.279,20.98,21,0,-1.6645,1.914,358.52,416.92
9,21.25,377.34,20.567,1.393,-11.334,1.89,0.686,0.1175,0.278,0.292,0.155,99.8705,96.1105,20.105,0.95,22.8915,0.292,20.99,21,0,-1.563,2.0715,358.7,415.61
9,21.75,379.35,20.162,1.607,-12.419,1.71,0.7085,0.1205,0.291,0.299,0.163,99.8775,95.8065,19.9245,0.92,22.776,0.286,20.98,21,0,-1.5675,2.131,359.14,413.495
9,22.25,382.055,20.2125,1.399,-10.412,1.1,0.677,0.106,0.284,0.314,0.161,99.8865,96.2065,19.671,0.85,22.448,0.269,20.96,20.9,0,-1.5995,1.913,360.11,412.795
9,22.75,382.765,20.063,1.88,-11.4,1.058,0.742,0.136,0.3195,0.3085,0.172,99.887,96.485,19.53,0.67,22.3,0.2655,20.94,21,0,-1.517,1.9265,360.225,411.31
9,23.25,383.75,19.917,2.222,-12.599,0.87,0.739,0.131,0.2975,0.3145,0.1755,99.889,97.385,19.201,0.53,21.9225,0.267,20.93,21.01,0,-1.397,1.898,360.485,410.395
9,23.75,382.975,19.8855,1.694,-12.01,0.742,0.725,0.14,0.297,0.315,0.178,99.889,97.771,18.984,0.44,21.654,0.2715,20.9115,21.002,0,-1.4435,1.9315,362,408.4
10,0.25,380.765,14.2005,0.875,-9.2075,1.346,0.764,0.125,0.305,0.304,0.17,99.848,96.314,13.6865,0.57,15.43,0.285,17.1375,17.7645,0,-1.4285,1.9175,331.885,381.1
10,0.75,382.05,13.966,0.9785,-10.7015,1.143,0.702,0.134,0.336,0.315,0.184,99.8515,96.31,13.585,0.54,15.3245,0.297,17.1,17.7525,0,-1.4035,2.0405,329.625,380.705
10,1.25,383.495,13.8455,0.863,-10.095,1.613,0.698,0.13,0.33,0.317,0.178,99.853,96.222,13.55,0.54,15.106,0.287,17.1,17.75,0,-1.411,2.076,331.975,380.065
10,1.75,384.61,13.592,0.864,-10.63,0.8035,0.7215,0.135,0.313,0.309,0.165,99.8445,96.384,13.44,0.53,14.756,0.284,17.105,17.7375,0,-1.4935,1.9815,334.025,379.945
10,2.25,383.485,13.003,0.864,-9.3385,0.748,0.6915,0.1105,0.3025,0.285,0.15,99.845,96.829,13.22,0.48,14.4815,0.2775,17.1125,17.725,0,-1.4165,1.911,334.315,379.805
10,2.75,384.425,12.8415,0.6765,-8.2655,1.5885,0.68,0.12,0.3155,0.2895,0.1645,99.837,96.871,13.045,0.42,14.548,0.267,17.1075,17.6995,0,-1.3015,1.9495,336.485,380.355
10,3.25,384.5,12.507,0.897,-9.0985,0.894,0.726,0.127,0.297,0.288,0.167,99.8415,97.537,12.997,0.315,14.354,0.2765,17.075,17.675,0,-1.246,1.8525,340.835,379.495
10,3.75,383.485,12.531,0.642,-8.291,0.889,0.755,0.1115,0.3035,0.2995,0.155,99.8445,97.498,12.937,0.31,14.3165,0.27,17.035,17.65,0,-1.0415,1.728,342.48,378.275
10,4.25,383.875,12.23,0.888,-7.87,1.2445,0.716,0.108,0.272,0.2775,0.143,99.8565,97.743,12.841,0.27,14.4805,0.2545,17.0175,17.64,0,-1.1385,1.671,344.695,378.16
10,4.75,385.07,11.707,0.895,-8.3125,0.762,0.765,0.128,0.309,0.285,0.16,99.8615,98.189,12.644,0.23,14.215,0.248,16.985,17.6275,0,-1.168,1.6895,347.44,377.195
10,5.25,385.905,11.898,0.973,-9.4565,1.108,0.7945,0.125,0.302,0.3145,0.1595,99.875,98.2775,12.575,0.215,14.174,0.249,16.99,17.6125,0,-1.004,1.7675,346.165,377.28
10,5.75,387.13,12.1405,1.0665,-8.671,1.2515,0.7535,0.126,0.294,0.302,0.157,99.878,98.636,12.605,0.21,13.98,0.244,16.955,17.6125,0,-1.1885,1.644,346.76,377.275
10,6.25,387.92,12.434,1.077,-7.2845,1.745,0.762,0.127,0.317,0.288,0.163,99.885,98.561,12.426,0.19,13.97,0.241,16.915,17.5875,4,1.087,2.1625,348.465,376.955
10,6.75,385.37,11.734,0.573,-7.67,3.963,0.785,0.143,0.313,0.327,0.181,99.8965,97.933,12.644,0.22,14.0075,0.252,16.8995,17.575,46.655,24.2905,6.016,347.11,377.805
10,7.25,382.72,12.636,-0.524,-3.73,11.844,0.87,0.189,0.378,0.383,0.223,99.9185,98.001,13.129,0.34,14.637,0.318,16.8775,17.5625,166,90.502,12.862,346.91,381.39
10,7.75,380.185,13.6085,-2.066,2.436,25.842,0.987,0.256,0.462,0.468,0.295,99.9445,96.9035,13.6835,0.49,15.366,0.399,16.85,17.55,323.88,183.175,24.207,350.665,385.89
10,8.25,376.1,14.425,-4.573,22.141,50.897,1.055,0.306,0.571,0.533,0.342,99.967,93.427,14.698,1.2,16.184,0.39,16.81,17.5625,476.4,275.855,30.725,347.1,392.73
10,8.75,373.16,14.767,-7.441,47.393,75.399,1.185,0.372,0.677,0.651,0.416,99.989,87.526,15.711,2.03,17.58,0.401,16.805,17.5375,638.25,360.14,35.4855,326.13,397.995
10,9.25,369.855,14.814,-11.245,73.966,102.42,1.339,0.4175,0.715,0.742,0.464,99.989,81.2795,16.688,4.03,18.121,0.391,16.79,17.5375,786.5,447.73,40.9025,328.3,402.475
10,9.75,368.12,13.922,-11.999,99.443,120.415,1.3885,0.432,0.7775,0.7845,0.475,99.9845,73.159,17.8935,5.6,19.0435,0.4265,16.805,17.531,946,520.145,46.3115,336.5,409.84
10,10.25,366.41,13.72,-12.809,112.525,133.06,1.4325,0.444,0.822,0.85,0.497,100.005,69.009,18.93,6.93,19.864,0.453,16.819,17.516,1044.5,561.185,48.314,336.735,413.87
10,10.75,364.23,13.714,-14.5235,132.995,153.845,1.4305,0.4435,0.8395,0.8715,0.5125,99.994,65.516,19.567,7.98,20.2625,0.5,16.86,17.5,1148.5,621.195,52.9295,341.465,417.395
10,11.25,362.375,14.201,-14.09,142.56,167.31,1.446,0.4335,0.839,0.869,0.5075,99.989,61.434,19.946,8.78,20.9,0.5185,16.905,17.5,1205.5,646.2,52.5315,341.72,420.955
10,11.75,361.335,13.696,-13.753,142.48,169.47,1.38,0.438,0.849,0.904,0.512,99.956,58.661,20.378,9.52,21.49,0.516,16.9225,17.5,1220,665.935,54.2735,344.66,421.275
10,12.25,361.29,13.682,-13.9835,137.55,179.715,1.3425,0.429,0.855,0.89,0.508,99.93,56.53,20.98,9.93,21.824,0.515,16.94,17.5125,1209.5,655.91,55.2115,349.105,424.275
10,12.75,360.825,13.761,-13.276,131.88,179.99,1.343,0.434,0.825,0.901,0.5055,99.884,56.164,21.2285,10.62,22.271,0.509,17.0025,17.525,1208.5,648.895,55.7475,348.135,425.4
10,13.25,360.78,13.521,-12.9585,111.26,170.36,1.357,0.432,0.813,0.855,0.495,99.85,54.696,21.475,10.885,22.487,0.468,17.039,17.525,1128.5,612.385,52.13,347.095,426.9
10,13.75,359.17,13.556,-11.8895,87.222,149.03,1.3135,0.416,0.791,0.839,0.485,99.7955,54.082,21.605,11.33,22.6095,0.407,17.0615,17.5225,1011.5,512.275,47.338,351.45,427.67
10,14.25,359.35,13.798,-10.5005,67.596,139.765,1.3095,0.4215,0.786,0.808,0.475,99.788,53.758,21.6965,11.275,22.603,0.375,17.07,17.525,885.27,481.605,44.802,350.34,429
10,14.75,358.645,13.829,-8.388,43.948,118.75,1.21,0.391,0.745,0.7695,0.444,99.775,53.9195,21.6585,11.17,22.6,0.315,17.089,17.526,776.605,421.865,40.821,347.43,429.02
10,15.25,358.49,14.0635,-7.5045,20.369,108.59,1.231,0.3865,0.7055,0.721,0.4285,99.768,55.1925,21.47,10.795,22.55,0.254,17.095,17.5305,646.715,347.525,33.716,346.815,427.7
10,15.75,359.55,14.361,-5.055,1.354,89.404,1.1945,0.3595,0.66,0.659,0.392,99.7655,56.84,21.321,10.48,22.528,0.231,17.11,17.5535,496.85,264.38,29.1045,344.485,424.56
10,16.25,358.56,14.768,-2.9605,-7.543,61.063,1.0905,0.2985,0.55,0.575,0.35,99.7555,59.708,20.849,9.48,22.287,0.236,17.19,17.576,293.7,169.815,21.774,339.525,422.93
10,16.75,360.755,15.162,-0.741,-10.1525,32.95,0.887,0.2155,0.44,0.435,0.25,99.7565,64.708,20.2185,7.94,21.903,0.282,17.189,17.5985,180.5,80.144,12.8275,338.7,418.515
10,17.25,364.96,15.37,0.6225,-9.742,13.129,0.759,0.1335,0.294,0.303,0.17,99.7685,72.505,19.3025,5.83,21.067,0.397,17.25,17.6125,63.194,23.7695,4.4375,334.91,409.37
10,17.75,371.61,15.5235,0.813,-7.773,4.706,0.673,0.084,0.242,0.235,0.119,99.7905,82.1905,18.057,3.5,19.706,0.447,17.244,17.6235,0,0.33,1.564,334.83,402.95
10,18.25,371.885,15.6825,1.0675,-7.0185,3.7585,0.5645,0.081,0.242,0.244,0.1065,99.812,87.685,17.165,2.26,18.676,0.3795,17.2475,17.64,0,-2.5145,1.5225,330.725,396.91
10,18.75,370.78,15.2405,0.6705,-6.6835,2.255,0.6515,0.083,0.243,0.242,0.106,99.834,89.932,16.4,1.59,18.279,0.355,17.23,17.6755,0,-2.474,2.0655,328.27,393.43
10,19.25,372.085,14.971,0.713,-6.328,1.6425,0.637,0.073,0.262,0.254,0.113,99.8555,92.0365,15.805,1.255,17.6865,0.343,17.2455,17.6885,0,-1.991,2.218,330.87,390.6
10,19.75,374.1,14.442,0.754,-8.339,1.8765,0.6915,0.085,0.273,0.2755,0.127,99.863,93.3595,15.515,1.08,17.26,0.341,17.242,17.7125,0,-1.8335,2.2715,332.225,389.165
10,20.25,374.6,13.94,0.6695,-8.884,1.817,0.695,0.0965,0.289,0.282,0.15,99.881,94.452,15.131,0.89,16.867,0.316,17.199,17.7225,0,-1.7145,2.088,333.28,386.725
10,20.75,376.4,13.864,0.902,-10.945,1.4965,0.7585,0.1085,0.296,0.2775,0.158,99.885,95.758,14.761,0.74,16.565,0.3275,17.18,17.7325,0,-1.643,2.088,332.7,385.525
10,21.25,377.465,13.9595,0.7785,-11.3405,1.675,0.806,0.143,0.325,0.312,0.187,99.895,95.7475,14.473,0.74,16.4335,0.287,17.16,17.741,0,-1.689,2.0915,328.96,384.72
10,21.75,377.295,13.73,1.0295,-11.252,1.639,0.796,0.1365,0.344,0.317,0.181,99.916,95.8355,14.2205,0.72,16.255,0.31,17.15,17.7475,0,-1.7525,2.095,329.005,384.66
10,22.25,377.23,13.683,0.879,-11.092,1.8865,0.759,0.129,0.3295,0.3165,0.174,99.9085,95.912,14.0625,0.67,15.7525,0.308,17.115,17.75,0,-1.6065,2.0765,330.145,384.105
10,22.75,378.35,13.5925,0.808,-10.63,1.228,0.8045,0.12,0.325,0.312,0.17,99.889,96.342,13.82,0.61,15.7235,0.2965,17.1,17.75,0,-1.553,2.0405,328.28,382.55
10,23.25,379.875,13.2515,0.7765,-12.572,1.802,0.815,0.135,0.337,0.319,0.186,99.8845,96.2325,13.72,0.605,15.538,0.285,17.0775,17.75,0,-1.492,1.9475,329.415,382.565
10,23.75,378.745,13.3155,0.747,-11.0755,1.64,0.78,0.117,0.314,0.3025,0.175,99.877,96.02,13.613,0.51,15.206,0.286,17.059,17.7375,0,-1.421,2.0525,330.08,381.8
11,0.25,378.45,7.42,0.446,-15.3845,1.698,0.863,0.1505,0.337,0.351,0.208,100.11,85.925,7.564,1.28,9.212,0.346,13.135,13.167,0,-1.723,2.649,277.65,346.87
11,0.75,378.11,7.568,0.4735,-13.846,1.506,0.882,0.152,0.3275,0.362,0.204,100.06,86.54,7.48,1.16,9.1965,0.338,13.124,13.156,0,-1.713,2.557,276.91,346.83
11,1.25,379.83,7.605,0.304,-15.203,1.602,0.827,0.155,0.3225,0.381,0.195,100.06,87.029,7.38,1.195,8.9365,0.3245,13.109,13.1435,0,-1.663,2.608,274.97,347.27
11,1.75,379.095,7.678,0.42,-14.7595,1.597,0.899,0.149,0.3175,0.366,0.1995,100.07,87.649,7.07,0.98,8.861,0.3165,13.075,13.14,0,-1.633,2.467,279.87,347.14
11,2.25,378.51,7.609,0.515,-13.857,1.686,0.884,0.15,0.323,0.3755,0.1985,100.07,89.036,6.912,0.97,8.839,0.3075,13.04,13.1275,0,-1.627,2.458,275.15,346.56
11,2.75,378.625,7.6035,0.467,-14.194,1.3775,0.948,0.169,0.3475,0.389,0.21,100.07,89.976,6.828,0.8,8.558,0.3075,13.029,13.1275,0,-1.616,2.482,279.32,344.24
11,3.25,380.56,7.2545,0.276,-12.828,1.736,0.923,0.159,0.3295,0.3615,0.191,100.08,90.755,6.538,0.91,8.365,0.2965,13.0125,13.1135,0,-1.588,2.316,279.59,343.56
11,3.75,381.22,7.3425,0.278,-13.878,1.556,0.92,0.159,0.3285,0.372,0.2035,100.08,90.608,6.497,0.78,8.371,0.293,13.01,13.1015,0,-1.494,2.467,273.77,345.02
11,4.25,380.73,7.087,0.245,-12.165,1.154,0.888,0.147,0.301,0.331,0.188,100.09,91.446,6.487,0.8,8.583,0.301,13.0025,13.09,0,-1.566,2.328,280.01,342.21
11,4.75,381.3,7.219,0.161,-12.593,1.7455,0.9195,0.1475,0.309,0.359,0.193,100.11,92.132,6.174,0.7,8.14,0.309,12.9615,13.0715,0,-1.558,2.404,280.98,339.36
11,5.25,382,7.131,0.1555,-11.926,1.27,0.899,0.135,0.3005,0.377,0.183,100.11,91.7625,6.203,0.63,7.8795,0.311,12.93,13.0595,0,-1.61,2.545,269.49,338.09
11,5.75,380.85,7.056,0.245,-11.245,1.829,0.9085,0.1555,0.316,0.357,0.19,100.12,92.374,5.901,0.6,7.69,0.31,12.93,13.0465,0,-1.519,2.496,273.18,336.45
11,6.25,380.34,7.026,0.395,-10.473,1.469,0.899,0.1325,0.298,0.341,0.181,100.12,92.91,5.815,0.58,7.605,0.298,12.915,13.036,0,-1.434,2.533,274.24,336.34
11,6.75,382.74,7.1735,0.103,-10.984,1.435,0.9045,0.1365,0.3205,0.355,0.178,100.14,93.703,5.579,0.56,7.537,0.303,12.885,13.03,6.821,2.204,3.258,267.99,336.34
11,7.25,382.39,6.959,-0.1725,-12.317,2.588,0.923,0.166,0.326,0.3775,0.199,100.15,93.272,5.776,0.6,7.777,0.307,12.88,13.007,49.094,31.507,8.777,273.62,339.05
11,7.75,381.71,7.495,-1.164,-5.928,9.456,0.945,0.195,0.371,0.431,0.237,100.19,91.836,6.531,0.815,8.5855,0.38,12.825,13.002,160.5,112.36,20.272,274.17,345.25
11,8.25,380.28,7.552,-2.705,0.606,20.673,1.065,0.257,0.455,0.507,0.298,100.21,88.573,7.755,1.19,9.88,0.418,12.825,12.9955,317.4,198.91,27.585,270.27,355.45
11,8.75,379.055,7.556,-4.809,20.207,37.886,1.1365,0.3445,0.579,0.592,0.374,100.24,78.592,9.4,2.25,10.693,0.413,12.85,12.987,477,286.96,33.797,270.44,363.43
11,9.25,377.07,7.605,-6.778,46.912,57.27,1.302,0.3955,0.653,0.737,0.449,100.25,69.5715,11.126,3.49,11.861,0.42,12.86,12.982,623.385,358.94,38.03,275.89,369.01
11,9.75,376.01,7.431,-8.732,80.296,69.045,1.408,0.448,0.7305,0.8155,0.495,100.26,61.402,12.411,4.85,12.653,0.425,12.875,12.9735,739.5,428.47,42.871,274.05,374.69
11,10.25,375.77,7.557,-10.16,101.01,84.635,1.524,0.481,0.81,0.918,0.5355,100.26,55.8795,13.514,5.86,13.5075,0.458,12.905,12.9415,868.5,499.03,48.175,280.44,381.26
11,10.75,374.655,7.6385,-10.47,116.57,94.172,1.527,0.499,0.85,0.943,0.571,100.25,52.8975,14.193,6.65,14.364,0.452,12.905,12.9415,931.885,527.64,51.29,286.59,385.38
11,11.25,372.845,7.4605,-11.2225,127.03,102.44,1.568,0.497,0.846,0.975,0.563,100.22,50.6415,14.633,7.18,14.975,0.471,12.9275,12.9415,987.325,554.64,52.52,281.77,389.26
11,11.75,372.44,7.67,-10.197,132.45,108.975,1.59,0.516,0.881,1.058,0.578,100.17,48.95,15.05,7.89,15.4295,0.477,12.9375,12.929,1024.55,577.57,52.5695,284.995,392.385
11,12.25,371.54,7.862,-10.289,130.305,111.86,1.596,0.49,0.8785,1.0385,0.565,100.135,46.947,15.431,8.14,15.7,0.458,12.9765,12.9335,996.655,564.68,52.3295,287.675,394.76
11,12.75,371.265,8.2045,-9.8735,120.63,110.905,1.5415,0.47,0.8625,0.98,0.557,100.095,45.212,15.763,8.42,16.2735,0.4405,13.035,12.9385,961.625,533.2,50.691,290.095,396.3
11,13.25,370.87,7.664,-9.073,101.695,117.275,1.589,0.4795,0.865,1.005,0.55,100.05,44.354,16.085,9.02,16.645,0.403,13.084,12.9435,891,512.285,49.421,290.495,397.545
11,13.75,370.31,7.842,-8.624,85.392,103.17,1.542,0.464,0.8395,0.948,0.5345,100.025,42.244,16.317,9.45,16.762,0.381,13.115,12.9455,796.83,474.475,47.0475,291.685,398.365
11,14.25,370.44,7.834,-8.082,56.7055,98.6915,1.49,0.457,0.819,0.976,0.525,100.01,42.368,16.26,9.22,16.9345,0.317,13.14,12.952,695.38,409.395,42.2595,293.945,396.81
11,14.75,370.13,8.048,-6.44,31.172,91.901,1.475,0.443,0.7815,0.9385,0.497,100.01,43.0185,16.3455,9.365,16.852,0.273,13.16,12.965,593.5,345.035,36.7415,297.535,396.505
11,15.25,371.285,7.935,-5.1375,1.9485,81.091,1.372,0.418,0.7305,0.8525,0.4665,100.01,43.405,16.3205,9.41,16.952,0.23,13.17,12.9705,434,258.625,30.3665,290.61,393.965
11,15.75,370.23,7.885,-3.111,-12.636,57.976,1.258,0.382,0.642,0.717,0.42,100.005,45.014,16.08,9.15,16.994,0.221,13.1765,12.977,272.5,184.085,24.059,285.37,390.575
11,16.25,371.46,8.079,-0.653,-23.759,38.644,1.114,0.294,0.5495,0.603,0.34,100.005,48.304,15.5545,8.34,16.887,0.266,13.16,12.982,170.25,86.6185,16.681,284.11,386.02
11,16.75,371.69,7.835,0.374,-20.244,14.608,0.9255,0.187,0.373,0.417,0.24,100.005,53.901,14.9,7.1,16.455,0.345,13.165,12.992,62.271,26.7465,8.7025,286.155,377.8
11,17.25,374.33,8.0595,0.6905,-11.5775,4.413,0.7855,0.1025,0.2805,0.3125,0.1595,100.025,61.62,13.473,5.67,15.2825,0.4185,13.1765,13.004,2,0.6135,2.534,286.235,369.71
11,17.75,374.02,8.057,0.4635,-10.689,3.522,0.719,0.095,0.238,0.282,0.12,100.055,65.878,12.2555,4.71,14.3695,0.406,13.1865,13.009,0,-3.1105,2.255,283.855,364.6
11,18.25,374.01,8.109,0.22,-10.844,2.114,0.7365,0.0925,0.243,0.29,0.121,100.075,67.656,11.3525,4.05,13.268,0.409,13.2015,13.0155,0,-2.807,2.63,276.43,361.22
11,18.75,374.17,8.135,0.283,-9.669,1.8605,0.747,0.098,0.273,0.283,0.126,100.09,69.719,10.95,3.38,12.764,0.389,13.189,13.0205,0,-2.789,2.661,272.695,357.035
11,19.25,374.63,8.076,0.23,-9.8615,1.471,0.749,0.115,0.2785,0.2975,0.145,100.09,74.128,10.44,2.84,12.2,0.392,13.174,13.025,0,-2.438,2.757,272.49,354.18
11,19.75,375.98,8.019,0.2505,-13.5965,1.33,0.7795,0.1165,0.27,0.32,0.151,100.11,76.359,9.73,2.42,11.826,0.365,13.175,13.027,0,-2.39,2.731,275.41,353.14
11,20.25,376.76,8.0075,0.352,-14.85,1.601,0.822,0.125,0.29,0.321,0.162,100.12,78.333,9.214,2.27,11.404,0.357,13.1775,13.039,0,-2.2,2.745,272.99,351.01
11,20.75,376.3,7.903,0.2105,-12.2405,1.8035,0.813,0.1205,0.293,0.33,0.167,100.12,81.191,9.247,2,10.8265,0.356,13.155,13.05,0,-2.065,2.771,274.06,350.2
11,21.25,376.69,7.57,0.2925,-14.464,1.303,0.843,0.129,0.3045,0.354,0.1745,100.13,81.756,9.098,1.98,10.597,0.336,13.148,13.04,0,-2.019,2.707,271.69,349.93
11,21.75,377.635,7.7915,0.3625,-12.779,1.81,0.843,0.126,0.3,0.367,0.177,100.14,82.147,8.63,1.76,10.162,0.352,13.1225,13.039,0,-1.965,2.645,272.85,348.06
11,22.25,378.275,7.635,0.4325,-13.07,1.4415,0.837,0.145,0.3065,0.3375,0.1765,100.14,84.229,8.323,1.5,10.2455,0.3495,13.095,13.024,0,-1.873,2.653,271.43,347.53
11,22.75,378.45,7.419,0.5135,-13.399,1.674,0.84,0.147,0.309,0.3335,0.1835,100.13,85.132,7.9,1.4,9.6,0.333,13.073,13.0125,0,-1.873,2.62,274.93,347.65
11,23.25,377.38,7.5385,0.388,-14.742,1.893,0.841,0.147,0.309,0.36,0.194,100.12,84.932,7.737,1.33,9.5515,0.323,13.055,13.01,0,-1.599,2.734,282.35,345.29
11,23.75,378.175,7.508,0.379,-16.224,1.919,0.8785,0.149,0.313,0.351,0.203,100.12,85.89,7.61,1.3,9.398,0.332,13.0365,13.009,0,-1.711,2.599,273.4,345.48
12,0.25,379.34,4.9975,0.07,-18.85,1.763,0.982,0.201,0.443,0.4325,0.272,100.03,74.7685,4.059,1.905,5.2135,0.3115,9.3075,10.159,0,-1.635,2.401,262.47,329.69
12,0.75,378.47,5.008,0.0945,-18.269,1.787,1.014,0.2205,0.415,0.433,0.257,100,75.689,3.9855,1.79,4.7025,0.303,9.3,10.1385,0,-1.457,2.296,263.69,329.08
12,1.25,378.77,5.055,0.0605,-18.371,2.077,1.014,0.213,0.3965,0.456,0.2755,99.995,76.259,3.926,1.62,4.8395,0.2965,9.3015,10.15,0,-1.567,2.27,261.31,328.9
12,1.75,378.69,4.9715,0.072,-18.382,1.6485,1.0165,0.2075,0.4095,0.4595,0.271,100,77.303,3.796,1.67,4.44,0.28,9.2875,10.1545,0,-1.475,2.354,266.22,325.38
12,2.25,378.13,4.844,0.0685,-20.231,1.538,0.977,0.2155,0.403,0.453,0.2765,100.02,77.0045,3.703,1.735,4.435,0.288,9.265,10.175,0,-1.46,2.297,272.14,324.52
12,2.75,379.26,4.897,0.094,-17.3045,2.6855,1.023,0.209,0.432,0.447,0.265,100.04,77.648,3.469,1.69,4.25,0.282,9.255,10.142,0,-1.392,2.303,260.74,324.13
12,3.25,380.01,4.938,0.106,-17.745,2.7775,1.051,0.233,0.462,0.479,0.279,100.02,77.626,3.3175,1.6,4.142,0.286,9.2525,10.1435,0,-1.435,2.264,271.09,324.75
12,3.75,380.16,4.887,0.122,-19.8325,2.72,1.075,0.232,0.45,0.475,0.295,100.02,78.3825,3.145,1.635,3.743,0.291,9.2575,10.1655,0,-1.474,2.254,269.69,324.84
12,4.25,379.09,4.899,0.033,-17.6435,2.614,1.0505,0.2285,0.434,0.455,0.27,100.01,78.384,2.8845,1.66,3.6735,0.283,9.269,10.16,0,-1.17,2.19,268.98,325.22
12,4.75,379.76,5.01,0.093,-15.753,2.351,0.999,0.22,0.438,0.446,0.255,100.02,79.502,2.902,1.59,3.327,0.276,9.259,10.145,0,-1.335,2.131,277.78,326.07
12,5.25,380.09,4.85,0.185,-15.657,3.068,1.004,0.206,0.44,0.439,0.274,100.035,79.9,2.6335,1.49,3.0495,0.272,9.2365,10.1305,0,-1.415,2.077,280.43,325.79
12,5.75,379.57,4.834,0.109,-15.166,2.4255,0.977,0.205,0.4265,0.455,0.2545,100.08,80.336,2.491,1.4,3.0175,0.2635,9.214,10.135,0,-1.341,2.177,276.96,324.48
12,6.25,380.77,4.9,0.063,-14.92,2.7505,1.021,0.195,0.407,0.427,0.247,100.11,81.6805,2.306,1.305,3.066,0.273,9.2015,10.13,0,-1.429,2.188,272.13,322.89
12,6.75,381.825,4.9195,0.018,-14.667,2.009,0.9965,0.18,0.414,0.4455,0.2415,100.12,82.249,2.341,1.245,3.0995,0.28,9.179,10.1135,0,-1.343,2.106,279.02,322.98
12,7.25,381.99,4.918,0.0215,-13.5845,2.802,1.009,0.215,0.442,0.4635,0.26,100.13,81.687,2.165,1.26,2.961,0.28,9.1475,10.107,5,2.244,2.879,278.11,322.88
12,7.75,382,4.781,-0.264,-12.675,3.686,0.9865,0.2355,0.4365,0.4695,0.28,100.14,81.886,2.072,1.28,3.471,0.265,9.125,10.105,53.59,33.8,7.861,275.12,324.75
12,8.25,380.96,4.915,-0.8205,-5.746,6.854,1.065,0.27,0.4765,0.519,0.315,100.16,79.258,2.8235,1.49,3.955,0.3065,9.1205,10.094,164.9,101.41,17.278,269.35,330.87
12,8.75,380.82,5.107,-2.1635,5.016,12.5385,1.197,0.327,0.577,0.62,0.385,100.19,73.388,3.9175,1.82,4.715,0.314,9.103,10.096,288,162.93,23.338,269.24,335.62
12,9.25,380.41,5.269,-3.7115,25.7145,23.539,1.272,0.376,0.6365,0.699,0.429,100.22,66.682,5.273,2.62,5.703,0.3235,9.0965,10.0975,423,247.29,29.196,261.71,342.89
12,9.75,380.09,5.196,-5.0035,50.398,31.937,1.403,0.436,0.741,0.7965,0.493,100.25,62.09,6.3125,3.37,6.656,0.3535,9.105,10.0955,554.7,330.14,34.655,265.25,348.3
12,10.25,379.18,5.043,-6.195,81.7825,44.8085,1.51,0.473,0.81,0.869,0.521,100.25,57.152,7.4445,4.065,7.296,0.3945,9.109,10.1085,678.4,387.99,39.199,262.37,353.64
12,10.75,378.905,5.0435,-7.314,96.529,49.832,1.5715,0.5075,0.8535,0.9485,0.5545,100.25,53.288,8.4305,4.63,8.098,0.408,9.11,10.105,773,423.86,43.285,261.15,358.01
12,11.25,376.96,4.988,-6.9335,115.79,56.3245,1.636,0.5155,0.8735,0.994,0.588,100.22,51.662,8.884,5,8.89,0.4315,9.1265,10.102,829,471.27,45.885,258.29,364.58
12,11.75,376.39,5.141,-6.734,122.05,64.238,1.65,0.513,0.9035,1.0405,0.6075,100.17,50.3735,9.7095,5.53,9.7,0.437,9.1315,10.1085,872.21,499.11,46.449,261.22,368.76
12,12.25,376.465,5.3245,-7.482,117.685,65.215,1.6915,0.5365,0.913,1.02,0.584,100.12,47.998,10.3915,5.94,10.3965,0.42,9.15,10.117,870.63,486.26,47.602,265.04,369.29
12,12.75,375.07,5.173,-6.997,114.77,69.906,1.6675,0.518,0.913,1.037,0.591,100.085,47.728,10.9145,6.18,10.756,0.418,9.16,10.117,844,479.26,47.076,266.34,371.12
12,13.25,374.955,5.1465,-6.8095,101.535,70.5395,1.573,0.509,0.8615,1.001,0.577,100.045,45.126,11.231,6.37,11.238,0.3765,9.165,10.1145,786,439.15,43.117,267.79,372.68
12,13.75,375.345,5.103,-6.6385,81.215,67.144,1.628,0.497,0.868,0.993,0.553,100.03,44.462,11.422,6.72,11.593,0.352,9.1765,10.1045,726,400.3,41.291,270.24,372.46
12,14.25,375.04,5.109,-6.3125,58.1245,61.741,1.602,0.507,0.849,0.971,0.541,100.03,44.681,11.6005,6.81,11.713,0.292,9.19,10.101,605,345.97,38.068,268.19,372.48
12,14.75,374.73,5.2,-4.873,30.8,57.8745,1.559,0.485,0.775,0.907,0.534,100.01,44.638,11.365,6.77,11.854,0.244,9.2175,10.095,502,296.27,34.085,266.12,370.74
12,15.25,374.085,5.343,-4.006,6.91,50.8185,1.44,0.454,0.755,0.858,0.511,100.01,44.68,11.082,6.6,11.778,0.217,9.2365,10.09,369,226.73,27.806,270.09,367.84
12,15.75,374.625,5.261,-2.5715,-10.5195,37.066,1.377,0.4125,0.67,0.77,0.445,100.005,45.1865,11.061,6.385,11.684,0.197,9.285,10.1025,225.75,144.43,17.101,269.64,365.59
12,16.25,374.765,5.307,-0.987,-24.874,26.124,1.234,0.343,0.618,0.683,0.4,100.025,47.128,10.535,5.915,11.472,0.251,9.31,10.1425,130,59.739,10.968,263.79,360.7
12,16.75,375.875,5.127,0.471,-24.8295,12.0785,1.12,0.257,0.477,0.536,0.3175,100.03,51.138,9.9475,5.3,10.723,0.306,9.319,10.1425,36.465,19.195,4.593,262.73,353.47
12,17.25,376.82,5.171,0.189,-17.728,5.1225,0.945,0.1745,0.37,0.438,0.239,100.03,55.688,8.805,4.6,9.793,0.3255,9.33,10.154,0,-1.036,2.428,259.88,348.79
12,17.75,375.72,5.146,0.145,-14.9175,3.612,0.865,0.152,0.33,0.375,0.1885,100.03,58.881,7.933,4.04,9.141,0.3365,9.3425,10.1625,0,-2.64,2.53,262.85,344.21
12,18.25,375.36,5.114,0.044,-16.207,2.192,0.949,0.152,0.3305,0.376,0.1875,100.04,60.825,7.1405,3.725,8.585,0.3365,9.344,10.1535,0,-2.505,2.607,261.43,343.14
12,18.75,376.12,5.115,0.056,-15.009,1.43,0.877,0.146,0.343,0.369,0.19,100.035,63.9255,6.481,3.335,8.241,0.328,9.343,10.1685,0,-2.529,2.552,258.21,342.27
12,19.25,376.14,5.271,0.059,-15.314,2.075,0.89,0.1655,0.3315,0.3875,0.2005,100.09,66.4245,6.029,3.115,7.713,0.338,9.334,10.1705,0,-2.383,2.584,259.05,337.87
12,19.75,376.91,5.224,0.022,-15.8385,2.231,0.905,0.178,0.357,0.395,0.216,100.095,66.985,5.8775,2.84,7.128,0.32,9.325,10.172,0,-2.228,2.569,257.4,335.94
12,20.25,377.77,5.2125,0.049,-15.4,2.2105,0.8805,0.173,0.3525,0.4005,0.2265,100.105,68.6545,5.4915,2.67,6.768,0.315,9.3265,10.175,0,-1.935,2.613,257.9,334.58
12,20.75,377.615,5.218,0.012,-16.849,2.287,0.907,0.19,0.361,0.391,0.225,100.085,70.183,5.632,2.53,6.7665,0.318,9.3265,10.175,0,-1.962,2.53,257.61,333.18
12,21.25,377.57,5.0615,0.087,-19.305,2.07,0.932,0.198,0.3755,0.412,0.239,100.1,71.055,5.278,2.395,6.513,0.309,9.32,10.1745,0,-1.71,2.553,259.92,332.13
12,21.75,378.13,4.967,0.065,-19.4615,1.8255,0.942,0.193,0.386,0.421,0.239,100.065,70.6245,5.0505,2.305,5.955,0.302,9.295,10.174,0,-1.681,2.623,258.61,331.25
12,22.25,377.85,4.958,0.024,-19.998,2.096,0.936,0.196,0.396,0.422,0.249,100.035,72.015,4.621,2.23,5.687,0.315,9.288,10.1615,0,-1.652,2.594,258.76,330.45
12,22.75,378.44,4.99,0.097,-19.101,1.833,0.97,0.211,0.3965,0.4135,0.241,100.02,72.363,4.305,2.17,5.654,0.3145,9.26,10.1725,0,-1.729,2.419,264.59,331.03
12,23.25,378.52,4.978,0.045,-18.2775,2.1535,0.964,0.209,0.4005,0.4375,0.247,100.03,73.278,4.3955,2.04,5.4085,0.3025,9.2315,10.1675,0,-1.646,2.348,267.72,331.7
12,23.75,378.645,4.888,0.139,-19.8095,1.895,0.996,0.21,0.422,0.449,0.266,100.015,74.25,4.363,2.1,5.248,0.31,9.2225,10.1645,0,-1.559,2.385,261.85,330.86
