DOY2,HR2,LE,H,FC,USTAR,TA,WS,CO2,VPD,H2O,RH,NETRAD,SW_IN,SW_OUT,LW_IN,LW_OUT,G,APAR
1,0.25,-0.19803575,-51.49435,-1.87844,0.221865,-12.48595,1.47178,409.68675,0.322094825,2.891335,70.9598725,-40.772095,-2.988252,0.356089875,230.637125,261.6091,-4.836,0
1,0.75,-0.2199835,-58.7798,-1.4740575,0.19843475,-12.56,1.2066325,409.54125,0.3311896,2.9033725,69.4774,-40.2264,-2.857781,0.427677,228.7774,260.846,-4.6145,0
1,1.25,0.455521,-58.00705,-1.2545375,0.230687,-12.742675,1.22634,409.85825,0.32513935,2.8924575,70.196475,-40.377715,-2.8805105,0.4339267,224.97845,259.948275,-4.631,0
1,1.75,0.324658,-60.0471,-0.9297985,0.24253625,-12.8516,1.3361675,409.8145,0.3208606,2.88761,71.2011,-40.16097,-2.905598,0.421948,228.0371,259.0034,-4.648,0
1,2.25,-0.160982525,-58.28145,-1.2029025,0.220423,-13.03655,1.517015,409.719,0.344045375,2.880405,71.898375,-39.864635,-2.86598175,0.383065175,230.56755,258.31665,-4.67,0
1,2.75,0.84361,-64.414725,-1.91161,0.218607,-12.8257,1.51147,409.187,0.3260135,2.915985,72.5961,-41.67973,-3.012447,0.3850591,228.5693,259.6153,-4.6875,0
1,3.25,-0.202067,-60.5976,-1.85221,0.218536,-13.210375,1.22469,409.268,0.3243976,2.93167,72.72975,-41.05445,-2.82989075,0.303699925,224.9315,258.440475,-4.7015,0
1,3.75,-0.761729,-64.0357,-1.329225,0.205468,-13.209,1.077,409.177,0.3196002,2.8506225,73.2502,-41.06067,-2.810589,0.3683962,227.7597,258.0444,-4.7045,0
1,4.25,-0.040338175,-64.696525,-1.3553475,0.2286195,-13.494625,1.61168,409.272,0.329608325,2.76898,73.1522175,-40.678255,-2.75652825,0.356088425,225.92115,256.99345,-4.713,0
1,4.75,0.399044,-57.21855,-0.9126735,0.218448,-13.5098,1.4423225,409.5165,0.3072647,2.9098,71.9525,-39.07859,-2.807125,0.3378363,228.3965,256.5123,-4.7145,0
1,5.25,0.1356835,-62.99985,-1.4607475,0.23297425,-13.811525,1.1941875,409.425,0.3079376,2.8051125,72.469475,-41.978195,-2.89899075,0.272577325,226.563525,255.384575,-4.729,0
1,5.75,0.307321,-55.5428,-1.73143,0.19149075,-13.2671,0.971356,409.2535,0.2803903,2.90545,72.8559,-42.40596,-2.92389,0.3539952,229.1163,255.7321,-4.72,0
1,6.25,-1.9255775,-59.144825,-1.60224,0.220279,-14.214675,1.0422725,409.014,0.2927352,2.863085,74.2030425,-42.1236525,-2.806364,0.328619825,226.136625,253.993375,-4.8045,0
1,6.75,-0.6829055,-72.08035,-1.26125,0.21039125,-13.5844,1.2142475,409.5585,0.288017,2.918145,73.76189,-39.11589,-2.289998,0.4005008,228.0251,254.1019,-4.6375,0.1765854
1,7.25,-0.9286815,-74.2244,-1.43509,0.2228575,-14.134875,1.331795,409.459,0.3057152,2.888725,72.41139,-28.1923225,2.1400635,1.096039,224.46065,253.2658,-4.602,5.80250175
1,7.75,0.245693745,-76.1499,-1.7572075,0.2065925,-12.5118,1.245325,410.60175,0.3240283,2.84891,69.78979,1.160904,10.41063,3.368949,225.3602,256.5901,-4.6275,26.978475
1,8.25,0.570052,-52.64535,-2.26535,0.23062,-12.350575,1.04849,410.3235,0.371881825,2.76639,65.2263475,14.778515,24.1230575,7.12798175,226.14545,258.30445,-4.673,49.6663825
1,8.75,1.490035,-43.9226,-2.5618175,0.211804,-11.06,0.745845,410.0155,0.3445054,2.74725,64.4005,25.33585,39.35508,9.850257,231.7126,263.747,-4.68325,86.87297
1,9.25,4.32564,-17.667475,-5.289225,0.206495,-11.1306,0.60523,407.3125,0.42644745,2.70009,62.8042475,36.835215,62.067545,14.441135,230.37925,265.999725,-4.70975,126.373525
1,9.75,4.24073,-1.1326325,-5.80724,0.21032025,-11.0851,0.6086235,408.3225,0.4554221,2.682835,62.5568,59.48393,86.79836,18.00022,238.0115,269.6689,-4.70725,160.121525
1,10.25,7.425135,14.14655,-4.91509,0.21932525,-11.41725,0.775194,406.333,0.5057069,2.67666,61.31425,64.3633275,83.42478,21.8994425,236.17175,270.338975,-4.723125,162.86615
1,10.75,6.84367,21.102375,-5.1748375,0.21867725,-10.3017,0.8280915,406.33,0.5873224,2.668915,59.6577,70.17609,100.4739,24.23017,242.5094,275.0665,-4.7355,161.926875
1,11.25,6.495685,26.9661,-4.7018,0.22624475,-9.87905,0.891106,406.2175,0.6452707,2.6662125,54.4600975,69.2313,96.373015,25.0407175,239.3917,276.09425,-4.788125,194.142975
1,11.75,8.5622325,18.507675,-4.589475,0.26551775,-9.0749,1.0404875,405.90725,0.6527654,2.6389,54.1428,70.3326,97.33199,24.76175,247.9941,279.5861,-4.7825,189.59335
1,12.25,8.21893,24.06745,-4.40936,0.305107,-9.116149,1.24422,406.039,0.66697655,2.64645,52.56135,62.086885,88.10126,22.8125325,242.067925,278.633975,-4.899,166.435625
1,12.75,11.586125,20.9384,-4.8704075,0.313662,-8.4351,1.22948,405.74,0.7325952,2.70787,51.8638,73.11656,99.53862,23.97829,247.5244,282.0925,-4.6955,189.297525
1,13.25,8.815035,26.0621,-4.9036,0.3988785,-8.36154925,1.37482,405.361,0.763265,2.738835,50.942425,49.6978375,73.14449,17.926335,241.967875,280.7017,-4.6935,124.106
1,13.75,7.107495,19.372125,-4.1875575,0.37975825,-8.0384,1.3210375,405.73225,0.816706,2.7730425,50.0103,48.88829,65.90804,15.98638,247.4214,281.7708,-4.66925,120.313275
1,14.25,7.79706,4.701025,-4.2550225,0.356945,-8.92434975,1.3985,406.083,0.717020025,2.7542925,50.4385,37.7643325,50.34769,13.1537675,242.3722,279.04935,-4.733875,105.02445
1,14.75,5.5148475,5.6574325,-2.7826425,0.364189,-8.1904,1.345545,407.5475,0.7958323,2.77718,50.46815,25.98786,40.35328,10.35851,245.5722,279.4699,-4.735875,80.1900075
1,15.25,4.30825,-5.91785,-2.750725,0.323307,-8.809525,1.10296,408.962,0.75628345,2.68975,52.94285,9.67196125,23.9568,5.661316,240.287825,275.089575,-4.747875,51.56889
1,15.75,2.508585,-27.9943,-3.15161,0.30381175,-9.0239,1.2288825,410.0085,0.7322203,2.7310225,53.46529,-13.52787,10.74594,3.187186,240.9019,275.0466,-4.755,19.2852225
1,16.25,2.430505,-35.884375,-2.19889,0.26606375,-10.1977,1.3357875,411.2995,0.640652425,2.87846,59.8911725,-34.962045,0.7211731,0.799270225,236.32015,271.45065,-4.750375,2.94753475
1,16.75,1.29608,-46.0705,-1.252165,0.24552675,-9.9875,1.453665,410.899,0.5816359,2.96522,61.534,-42.19163,-2.242566,0.481261,238.7241,271.8725,-4.76475,0.041524485
1,17.25,1.243415,-54.876325,-1.434395,0.235217,-10.7983,1.461285,411.229,0.5059412,3.0112,64.20545,-44.1101775,-3.2357365,0.3681646,232.522025,266.17925,-4.76325,0
1,17.75,2.213925,-55.4315,-1.09097,0.22840375,-10.707,1.6310725,411.2495,0.4953157,3.0410425,63.92879,-42.14293,-3.0777,0.421284,237.1108,268.7444,-4.773375,0
1,18.25,1.41038,-54.2848,-1.03564,0.222127,-11.54225,1.57434,411.037,0.450367125,3.00713,66.3258975,-39.653905,-2.8986875,0.4149111,236.218875,263.252925,-4.854,0
1,18.75,1.88142,-55.5954,-1.22193,0.23147725,-11.076,1.6304475,410.8675,0.4838359,2.99938,66.3818,-38.90667,-2.993412,0.4432794,240.1534,266.7368,-4.663,0
1,19.25,1.449075,-57.15925,-0.969958,0.243908,-12.1642,1.50324,411.0035,0.443676025,2.974515,66.36,-39.332935,-2.86360225,0.414222425,236.550825,261.879275,-4.631125,0
1,19.75,1.3659625,-53.562,-1.2196675,0.23065,-11.4787,1.45399,410.87275,0.4495859,2.97009,66.5433,-39.5291,-3.012971,0.4421067,238.3032,263.5701,-4.66175,0
1,20.25,1.43702,-56.3248,-1.16087,0.22268725,-12.468925,1.4243775,410.2535,0.4339052,2.953385,67.5768225,-41.5694275,-2.859651,0.42040075,235.3375,261.174725,-4.693,0
1,20.75,1.8088575,-54.02455,-1.01775,0.2390575,-11.844,1.4768925,409.701,0.4672837,2.912275,67.50829,-40.59286,-2.750877,0.4361142,233.8134,264.5609,-4.72375,0
1,21.25,1.311575,-51.723,-0.9558595,0.1938675,-12.6352,1.38069,410.29775,0.4352345,2.909975,68.78295,-41.2575575,-2.82492925,0.38894035,231.93515,260.86905,-4.75275,0
1,21.75,1.426085,-56.90155,-1.00263425,0.23998775,-11.928,1.26667,410.412,0.456681,2.90617,68.6129,-39.99323,-2.838046,0.4473827,234.323,263.4279,-4.7705,0
1,22.25,0.481167,-59.457225,-0.690938,0.210159,-12.27975,1.32652,410.77975,0.416993025,2.87349,68.51385,-41.47278,-2.83815875,0.438276275,231.632725,261.42505,-4.76925,0
1,22.75,1.14987,-49.67035,-1.1238725,0.205409,-12.2786,1.295805,409.874,0.4310571,2.8729675,68.8722,-40.6163,-2.839641,0.433556,232.9052,261.9326,-4.764,0
1,23.25,1.1661375,-58.19825,-1.2695575,0.19427425,-12.645075,1.375495,409.276,0.42445975,2.8768925,68.277475,-39.2572625,-2.71031775,0.371703975,230.272675,259.758625,-4.77075,0
1,23.75,0.941497,-60.0872,-1.254885,0.213745,-12.53487,1.34004,409.528,0.3806762,2.86861,68.0373,-40.0603,-2.798238,0.3823991,229.58,261.7265,-4.76425,0
2,0.25,-0.4094115,-53.2984,-0.7168825,0.1870095,-11.184325,1.24622,411.773,0.450488225,3.15163,66.0957425,-41.5101425,-2.94209725,0.41902795,237.90605,266.9086,-3.80875,0
2,0.75,0.05600595,-58.3624,-0.82037125,0.170024,-10.622165,0.978452,411.86,0.42951315,3.2037175,66.0379925,-42.463925,-2.986851,0.35530555,241.982275,268.7661,-3.34925,0
2,1.25,0.60334,-66.1415,-0.6217885,0.158703,-11.276625,1.107275,411.628,0.406277725,3.212675,66.0866175,-41.4071475,-2.99900975,0.3582903,240.2225,264.555775,-3.59075,0
2,1.75,-1.582485,-59.6922,-0.96912675,0.17852375,-10.659375,1.0867325,411.70625,0.4105896,3.2671425,66.370825,-41.366155,-2.913481,0.430438025,242.795775,269.66275,-3.673,0
2,2.25,-1.5445825,-66.0607,-0.64157925,0.197239,-11.388675,1.2075,411.063,0.37942915,3.2502,67.410025,-42.2262575,-2.98808225,0.43607085,239.148975,264.182125,-3.707375,0
2,2.75,-1.135215,-66.1545,-1.14296,0.18663,-10.8844,0.980379,411.074,0.393142075,3.22303,67.1190975,-41.49473,-2.89910025,0.381711825,239.193775,266.137775,-3.719875,0
2,3.25,-1.11095,-50.5221,-1.01027,0.186126,-12.235975,1.15245,411.4845,0.387035575,3.17785,68.4215725,-41.400935,-2.96198575,0.369652725,236.1466,263.030275,-3.76325,0
2,3.75,-0.967507,-51.2068,-0.718392,0.178447,-11.123825,1.05957,411.04,0.376344625,3.07366,68.322175,-42.1278425,-2.93109425,0.417854375,236.967225,266.259,-3.7765,0
2,4.25,-2.26748,-68.09695,-1.038782,0.14686725,-11.82905,1.06326325,411.0515,0.348203375,3.10037,69.5261,-41.9711025,-2.93281675,0.443188625,235.31,262.664125,-3.789,0
2,4.75,-1.734835,-52.83345,-1.057145,0.186067,-11.4028,1.26007,410.9255,0.326204625,3.04705,69.6974575,-40.422855,-2.864626,0.394222225,238.60525,264.35145,-3.791,0
2,5.25,-2.2114625,-51.941,-0.87897425,0.159041,-12.28345,1.17723,411.569,0.337021025,3.0888,69.7064975,-41.0964575,-2.821923,0.424792275,234.43125,261.9191,-3.791,0
2,5.75,-1.1133,-43.9048,-0.7606625,0.157756,-11.77145,1.14668,411.3645,0.315623075,3.09477,69.3448925,-40.3307175,-2.765617,0.3748212,234.326425,263.2121,-3.8,0
2,6.25,-1.2711675,-59.6937,-0.787456,0.189636,-12.44915,1.34199,410.89325,0.3170739,3.0538,69.81809,-39.4008775,-1.61747075,0.427055425,233.10675,261.3411,-3.789375,0.0519290175
2,6.75,-1.20232,-55.8586,-0.87469925,0.1885535,-11.99785,1.289905,410.7945,0.332351025,3.04888,68.9462575,-25.5263025,1.36282525,1.33282375,237.467,262.944325,-3.3385,5.326598
2,7.25,-1.57982,-71.106825,-1.357895,0.19247125,-11.773975,1.0624875,412.024,0.377004225,2.98417,67.1047925,3.042918,20.01382,4.619906,237.342525,262.733725,-3.584125,37.2955325
2,7.75,-1.3363,-40.086075,-1.38611,0.2041115,-10.76165,0.877832,411.417,0.435269575,2.97804,62.883075,21.7838725,38.2356125,8.77180375,243.834825,266.387425,-3.646375,73.605655
2,8.25,1.4563775,-15.477375,-1.83589,0.20478025,-10.473025,0.79750475,410.62275,0.51243155,2.968635,61.040275,38.4725,54.8873775,12.863695,244.017025,268.7491,-3.694,103.6398
2,8.75,3.6422,3.09569,-4.836715,0.222944,-9.4284,0.589105,408.55725,0.489052125,2.923905,58.8783975,51.07158,67.5809025,16.76313,247.732175,272.5363,-3.722,122.017225
2,9.25,5.42668,9.93236,-4.24094,0.17787375,-9.35095,0.5858855,408.289,0.591680275,2.9131825,56.296325,68.4045725,95.117475,22.159335,247.35355,274.64635,-3.73475,172.381275
2,9.75,6.2886325,26.787175,-3.9724,0.223826,-8.97659925,0.889602,407.652,0.600065225,2.91351,56.6413075,78.2195,110.821575,25.75989,252.81795,278.9548,-3.742875,196.400975
2,10.25,6.1987325,35.2534,-5.528505,0.254949,-8.979175,0.977443,408.26125,0.6574545,2.91355,54.6120175,86.8538675,125.34435,27.06574,251.5856,281.19045,-3.7635,264.796125
2,10.75,10.83185,50.04785,-4.52549,0.2788065,-8.13885,1.049965,407.313,0.70670665,2.86184,53.5737475,106.0821,147.60605,31.4959975,257.9479,285.539375,-3.762,283.683725
2,11.25,10.2455,63.25705,-4.76805,0.331444,-8.146899,1.317365,407.82325,0.8089285,2.7896525,51.4945,116.3739,161.8222,33.24612,261.5264,285.2877,-3.7745,302.58
2,11.75,10.5143,57.824075,-4.69903,0.361571,-7.395825,1.30132,407.7035,0.877522375,2.79353,49.42735,109.20495,150.296375,35.9306275,263.1709,288.571725,-3.78725,280.5566
2,12.25,11.2726,70.896775,-4.415045,0.345398,-6.948199,1.30312,407.148,0.9001029,2.7944425,48.8004,110.4029,158.1434,33.7152,257.5116,289.2197,-3.78825,271.518875
2,12.75,11.5641,46.310275,-5.06922,0.33465325,-6.5822,1.1813825,407.697,0.8842929,2.87232,46.4329,102.5245,139.441,29.86895,261.0724,291.3015,-3.30925,237.0112
2,13.25,13.706375,55.370775,-4.55249,0.4141695,-6.6084,1.421535,407.522,0.9056889,2.89106,45.6907,88.80474,129.96,27.48604,256.5919,290.1387,-3.5455,233.442475
2,13.75,11.1451,50.114825,-4.403035,0.457396,-6.0869,1.59771,407.307,0.9190459,2.914015,44.25428,87.0465,114.2693,26.31767,258.6296,291.3386,-3.6425,165.25605
2,14.25,10.05498,27.477975,-4.48134,0.41458775,-5.9367,1.38473,407.329,1.054249,2.94093,42.6919,61.7113,90.03284,23.09815,259.606,289.9295,-3.67875,139.63665
2,14.75,9.4535575,21.9931,-4.1868875,0.36078575,-5.35787075,1.0520975,408.448,0.974685675,2.842075,43.434625,51.45524,74.9490875,17.2555925,258.7114,291.510775,-3.74075,135.27895
2,15.25,5.14832,2.322535,-3.67965,0.409223,-5.5911,1.2654,407.863,0.9606528,2.938525,43.1367,28.90623,45.93275,11.74254,255.198,290.6538,-3.7825,92.8554375
2,15.75,5.409015,-8.127435,-2.6005,0.3933095,-5.4942995,1.241635,407.878,0.84737755,2.9605475,43.41895,18.327745,37.83646,9.0464325,256.06765,289.04725,-3.78725,75.29338
2,16.25,4.8935725,-31.0461,-2.83878,0.3053455,-6.3333,1.09867,408.77,0.8065554,3.035675,46.5113,2.072939,14.86791,3.944105,251.0509,286.1577,-3.80325,25.338345
2,16.75,1.391735,-46.2741,-2.042675,0.2429645,-6.58295,0.96554225,412.25075,0.7314051,3.074255,48.109,-30.964915,2.192464,1.6122485,251.58365,285.0767,-3.8045,4.95150925
2,17.25,0.50097075,-40.091475,-0.88384625,0.1799115,-7.5612,1.04826,412.214,0.6341703,3.15904,50.385,-47.61976,-2.184161,0.5547729,248.4898,281.8513,-3.80225,0.05191614
2,17.75,0.853955,-53.0751,-0.7522715,0.198687,-7.7774245,1.17103,412.0985,0.76556595,3.09097,52.5244,-47.63465,-3.629895,0.54214165,247.1946,280.82975,-3.803875,0
2,18.25,0.6585175,-53.87785,-1.38475,0.1948435,-8.6129,1.119175,411.368,0.6186866,3.17261,54.5576,-46.91733,-3.537074,0.4925473,243.833,277.755,-3.8,0
2,18.75,1.726695,-54.278,-0.8226745,0.171988,-8.4834785,1.184415,411.54925,0.6425346,3.31585,56.1657,-47.89641,-3.5088575,0.48697835,244.34445,277.8702,-3.3255,0
2,19.25,0.544487,-55.4013,-0.731533,0.253286,-9.023,1.339435,411.733,0.6021292,3.23288,59.6298,-46.32792,-3.424628,0.481429,241.6369,275.8094,-3.5845,0
2,19.75,0.363466,-63.2759,-0.80859375,0.23100925,-8.9858995,1.3320475,411.62575,0.5896728,3.2729775,59.68205,-45.96716,-3.246438,0.4868856,243.911,275.68425,-3.6875,0
2,20.25,0.3627945,-51.8246,-0.7725755,0.22566375,-9.1761,1.43807,411.546,0.5330878,3.15902,61.1067,-42.92626,-3.14466,0.4530209,241.029,273.6852,-3.699,0
2,20.75,-0.147327775,-63.174125,-0.957044,0.223183,-9.3124995,1.35122,412.069,0.5052463,3.20476,60.452245,-44.372785,-3.1561355,0.4039824,245.39035,274.3769,-3.735,0
2,21.25,0.39257955,-64.03495,-1.113675,0.2498715,-9.5847,1.229915,411.97175,0.4906133,3.18766,62.4988,-43.64746,-3.096697,0.3794934,241.8852,271.3049,-3.759,0
2,21.75,0.359402,-64.181075,-0.9250315,0.21446925,-9.547099,1.4652025,411.91025,0.49896595,3.22541,62.286795,-43.03417,-3.1441625,0.4076992,245.35685,273.51745,-3.781,0
2,22.25,0.736664,-60.7826,-0.74048625,0.25003225,-10.126725,1.2467675,412.209,0.505612625,3.2416,64.6469475,-42.99255,-3.10876825,0.3766842,243.33445,269.827275,-3.78375,0
2,22.75,1.2848975,-53.9936,-0.915934,0.20907175,-9.66945,1.16559,412.7845,0.4706624,3.08197,63.32435,-43.55332,-3.175649,0.3978589,246.42025,271.41965,-3.801375,0
2,23.25,-0.73594275,-53.40395,-0.721364,0.2181275,-10.7257,1.067085,412.34575,0.468563725,3.111135,65.7419925,-41.7446975,-3.02411225,0.386449225,241.57185,266.5892,-3.79675,0
2,23.75,-0.998001,-57.0062,-0.288029,0.199285,-10.1543,1.11615,412.7,0.46770255,3.122575,66.22005,-39.0872,-2.97023,0.3889288,244.24055,269.9797,-3.813,0
3,0.25,-0.895501,-59.669775,-0.853228,0.27691875,-5.25747475,1.56065,406.9445,0.857273825,3.373065,58.838075,-48.2721775,-3.5593845,0.407767525,250.4184,288.74865,-3.480625,0
3,0.75,1.486705,-66.9766,-0.803772,0.272855,-7.024975,1.75036,408.128,0.750834275,3.36599,58.50665,-48.41701,-3.52786875,0.45811745,248.785775,284.320225,-2.924625,0
3,1.25,0.444238,-66.311025,-1.136985,0.2993295,-5.27275,1.6211725,408.02675,0.766480975,3.3351325,59.4367,-48.0293275,-3.46795525,0.430987875,249.2284,288.381125,-3.199625,0
3,1.75,2.485045,-72.8427,-1.0605675,0.304569,-6.9673,1.61398,407.314,0.6883705,3.28389,59.6883425,-47.030205,-3.40369275,0.46631925,247.709175,283.676175,-3.295625,0
3,2.25,1.1144575,-69.9383,-0.97998,0.30404575,-5.55525,1.8815275,407.1555,0.72282655,3.393995,60.748925,-47.2205675,-3.38089875,0.4728336,249.382175,287.064325,-3.337,0
3,2.75,0.7370535,-71.69065,-1.119655,0.31207375,-7.26084975,1.72833,406.7855,0.650734075,3.391355,60.08246,-46.7480575,-3.31641075,0.49253365,248.4146,282.312075,-3.37975,0
3,3.25,0.1435465,-67.2496,-1.1790525,0.25597325,-6.2703,1.6217275,406.559,0.690672675,3.3545375,63.461475,-45.967195,-3.39439525,0.5598851,250.599725,285.826725,-3.398,0
3,3.75,1.85814,-68.2842,-1.108925,0.310137,-7.694327,1.97791,406.62725,0.62235215,3.42234,61.2519,-46.32102,-3.3990195,0.5678168,247.0698,280.704825,-3.42725,0
3,4.25,1.53325,-76.4337,-1.04378,0.29651975,-6.839725,2.03163,406.638,0.688479075,3.49691,62.506175,-47.386055,-3.47928025,0.53127665,249.6603,284.207175,-3.44,0
3,4.75,1.938115,-73.8245,-0.9537925,0.283024,-7.392025,1.81742,406.479,0.6147011,3.4722,62.1268275,-47.61996,-3.347976,0.57256635,246.015525,280.567325,-3.45025,0
3,5.25,1.10141,-73.41365,-1.0934875,0.3054085,-6.71272425,1.91295,406.4525,0.621531725,3.567505,63.0181,-47.725005,-3.007306,0.50529965,247.34005,284.013025,-3.4645,0
3,5.75,1.3831675,-61.7632,-1.222015,0.2494745,-7.6390355,1.728865,406.3105,0.55748975,3.4254375,62.0241575,-41.56975,-0.908163225,0.82490595,242.717675,279.69255,-3.4645,1.26699825
3,6.25,1.0235645,-71.403975,-1.23716,0.26450675,-6.5368,1.71881,404.79375,0.6674282,3.3398775,60.807025,-9.13069325,8.612413,3.00118425,245.77145,284.15995,-3.4475,20.9316175
3,6.75,3.5014225,-63.4958,-2.285475,0.24934525,-6.840475,1.3779,404.053,0.64396725,3.24876,58.31313,9.73197125,28.1610475,6.16831225,243.839375,282.65215,-2.92,63.8752825
3,7.25,4.30126,-31.18375,-2.65318,0.244013,-5.4961,0.9761065,402.8665,0.736426225,3.356305,56.865125,38.31774,65.3741225,12.957915,250.9819,289.322075,-3.198,135.114525
3,7.75,7.5664775,-1.31030525,-4.05256,0.2771405,-5.763475,0.879099,402.605,0.805064025,3.302685,52.94725,58.2762175,86.9587525,18.461755,248.71095,288.677625,-3.288375,205.7202
3,8.25,8.04649,22.134,-3.2093,0.28116275,-4.77695,1.015415,402.0455,0.913813975,3.0980125,51.384675,101.40535,140.710375,26.5228175,254.431975,294.281425,-3.338625,309.40035
3,8.75,9.22634,35.518475,-4.599805,0.319819,-5.204675,1.2730625,401.0495,0.956975675,3.21039,49.407475,118.94435,161.105675,30.0818325,252.034,293.9203,-3.36375,375.8433
3,9.25,12.9349,55.042,-3.92277,0.4059865,-3.943,1.4147275,400.775,1.0659665,3.1872,46.7589,161.6514,200.1494,36.55632,261.8459,302.446225,-3.392625,454.9859
3,9.75,17.656475,82.389275,-5.38765,0.46789,-4.680175,1.5382525,400.862,1.0381945,3.06932,45.870255,159.845825,210.422525,36.9676525,261.87485,299.4975,-3.41,459.73085
3,10.25,17.7003,73.3871,-5.80082,0.420317,-3.5543,1.529065,400.484,1.207495,3.12984,43.0705,184.0743,240.5761,41.43202,270.9821,306.1668,-3.42175,479.295475
3,10.75,16.6786,104.45575,-4.83585,0.4553535,-3.4833955,1.6405225,400.83275,1.175848,3.14419,43.724555,205.12345,266.24165,45.683335,267.7348,305.98145,-3.43125,528.09635
3,11.25,18.4728,103.99325,-5.132325,0.53655475,-2.6263,1.6689925,401.0515,1.354156,3.130145,41.2036,223.0676,287.7153,47.48094,272.183,310.6765,-3.44425,564.1665
3,11.75,18.7478,112.745,-4.2358875,0.506612,-2.77795,1.80925,400.59625,1.246081,3.0515425,40.6048,213.8441,277.1942,49.798595,267.0434,308.68405,-3.4435,544.7599
3,12.25,18.6227,117.816,-5.16785,0.519555,-1.964,1.90129,401.4575,1.370091,3.07948,38.5831,216.4473,290.1342,53.73548,269.1528,313.5049,-3.44825,487.43705
3,12.75,19.05135,124.79825,-5.3142125,0.510964,-2.4161125,1.83051,402.072,1.338277,3.03573,37.8281,192.1302,258.45735,49.116725,265.6552,308.7302,-2.82525,391.136625
3,13.25,15.5462,104.44625,-4.93265,0.541321,-1.4325,1.8553375,401.87,1.621091,2.9983,36.8366,185.8929,253.3407,45.14167,270.8891,313.5065,-3.12075,410.48045
3,13.75,16.27275,90.9624,-4.759835,0.503646,-2.2887125,1.6399725,402.284,1.468407,2.93037,35.99405,175.7143,232.15925,46.744205,266.83255,310.14025,-3.249125,380.423625
3,14.25,14.2189,75.81185,-4.710545,0.5541295,-1.2798,1.800635,402.47425,1.661755,2.936605,34.9911,125.9727,172.5027,31.62191,271.0584,313.9482,-3.316375,219.0665
3,14.75,13.612675,51.082775,-4.0121375,0.56981125,-1.9838,2.1548125,402.743,1.5810035,2.89774,35.7704,116.2465,157.6925,27.86127,268.25925,310.34685,-3.372625,160.617875
3,15.25,12.260875,35.821575,-3.53284,0.50440025,-0.9981,1.8103625,402.691,1.906678,2.855805,33.8531,85.91582,134.8,22.16547,269.5428,314.0727,-3.390375,226.469425
3,15.75,10.97675,19.4131,-3.5875175,0.45903675,-1.8079,1.7098875,402.675,1.5394315,2.85771,35.7226,66.360665,96.98266,17.430395,267.2919,310.9157,-3.42075,172.23435
3,16.25,6.88801,7.748395,-2.786315,0.445305,-0.7343,1.6129,403.3645,1.644197,3.01804,35.2179,36.09747,63.1489,11.21155,266.4765,311.4974,-3.413,118.3865
3,16.75,6.1094,-15.14145,-2.72141,0.426096,-2.1446875,1.45514,403.37,1.4494,3.0409,37.1563,10.57655,39.229665,7.6537905,263.40275,307.84125,-3.421,67.321095
3,17.25,4.405285,-37.8578,-2.08382,0.328657,-1.7331,1.23565,403.953,1.518861,3.08185,38.2208,-32.61382,7.118742,2.493107,264.3539,306.432,-3.45225,19.090965
3,17.75,2.93995,-47.994,-1.2022075,0.239229,-2.67435,1.372175,405.18375,1.3127635,3.0924625,41.3945,-47.730875,-1.2796535,0.8958932,257.6871,302.6924,-3.472125,0.85106355
3,18.25,2.1837525,-53.1832,-0.944148,0.238906,-2.2862,1.50663,405.405,1.310677,3.32353,42.4603,-52.8238,-3.989543,0.6086323,259.442,303.4568,-3.448875,0
3,18.75,2.824225,-57.567125,-0.971995,0.226321,-3.1981,1.60522,405.50975,1.069431,3.3161925,44.57435,-52.766315,-3.862115,0.48536645,255.932,299.9044,-2.913625,0
3,19.25,2.959605,-60.7123,-1.00782,0.2710285,-2.9973,1.6535825,405.9365,1.133918,3.4724875,47.4608,-51.77293,-3.715808,0.5491877,257.4491,299.2851,-3.19125,0
3,19.75,2.3670225,-63.42005,-0.714168,0.281594,-3.76375,1.69169,406.1515,0.98088075,3.3524775,49.182,-51.98817,-3.7246235,0.5392157,253.9114,295.55375,-3.28275,0
3,20.25,3.42019,-55.7881,-0.738609,0.2780665,-3.6528,1.657635,406.072,1.05775,3.27524,50.1306,-50.693,-3.736459,0.6115468,260.2061,297.4119,-3.334,0
3,20.75,3.79751,-74.113225,-0.94627725,0.26803,-4.4657,1.485815,406.11925,0.97753965,3.39978,49.215,-49.954485,-3.6021255,0.4868165,252.3228,292.52375,-3.377625,0
3,21.25,3.38215,-64.935925,-0.90871825,0.24125025,-4.0715,1.5511225,406.902,1.049984,3.30769,52.284,-48.87698,-3.534606,0.489996,256.9164,294.841,-3.40025,0
3,21.75,3.755115,-65.394275,-1.10629,0.234394,-5.19575,1.345025,406.206,0.8294471,3.317025,52.006495,-49.9593,-3.489053,0.54914985,251.69395,289.54515,-3.417,0
3,22.25,2.988345,-58.530425,-0.719317,0.22362975,-4.134099,1.49112,406.7755,0.9460636,3.27621,52.7329,-49.22823,-3.504703,0.5524624,254.3239,292.4548,-3.438625,0
3,22.75,2.458125,-59.7099,-0.81311075,0.24457825,-5.55335,1.508125,407.04125,0.84099045,3.2666175,54.21135,-49.22156,-3.5176765,0.4389411,251.6762,287.7872,-3.4425,0
3,23.25,2.05638,-64.05285,-0.86842225,0.25012425,-4.9927,1.4786225,406.75675,0.9771404,3.32244,56.0761,-48.58915,-3.445596,0.4416151,252.8282,291.9044,-3.46525,0
3,23.75,1.5917075,-60.703925,-0.993927,0.2557825,-5.6956,1.4073775,406.55125,0.713855625,3.4134675,56.6932875,-47.9772575,-3.37460475,0.461345475,249.181975,287.399,-3.479625,0
4,0.25,4.04033,-71.39705,-0.50838525,0.2541585,-0.338,1.5556625,409.763,0.6809005,4.83698,58.3736,-46.03713,-3.235328,0.5831637,282.9614,312.9167,-2.916125,0
4,0.75,4.50512,-69.5354,-0.781957,0.261631,0.42932915,1.48084,408.911,0.56804345,4.84075,60.19023,-45.19313,-3.3746395,0.51808965,284.29875,315.8143,-2.454375,0
4,1.25,3.53655,-74.783475,-0.501937,0.240781,-0.332,1.65477,408.0945,0.6048156,4.8293025,62.7368,-45.16479,-3.392735,0.4895621,282.1996,313.6096,-2.7215,0
4,1.75,1.52028,-64.3721,-0.3963715,0.227898,0.05945,1.642855,408.802,0.50084735,4.91237,61.915875,-44.946785,-3.275369,0.5147188,284.0913,314.7809,-2.890875,0
4,2.25,3.5960175,-72.090075,-0.671656,0.24334525,-0.7085,1.57036,409,0.5779,4.765575,61.85989,-44.64715,-3.243729,0.5435454,281.455,312.3798,-2.97175,0
4,2.75,3.1972425,-71.96915,-0.64457525,0.24745125,-0.19735415,1.5247275,408.87725,0.50227545,4.7602975,62.32335,-43.27112,-3.118358,0.5123871,283.8762,314.23315,-3.044,0
4,3.25,4.5347525,-70.9804,-0.3173465,0.243383,-0.7201,1.82492,408.29975,0.5775724,4.9039525,64.13619,-43.21645,-3.131037,0.6708658,281.8838,312.4171,-3.10825,0
4,3.75,3.380025,-71.0802,-0.956821,0.2293445,-0.2536,1.47792,408.415,0.47201605,5.1509325,63.86805,-43.298565,-3.245714,0.5216271,283.0613,313.208,-3.114375,0
4,4.25,3.405825,-78.689275,-0.785,0.241589,-0.71,1.46604,408.79175,0.5434759,5.2168025,63.2186,-43.29093,-3.08426,0.7445047,280.9294,311.0804,-3.18875,0
4,4.75,2.19364,-70.30585,-0.99322375,0.230309,-0.42884995,1.1554,409.499,0.42411775,4.9919775,65.579945,-36.84338,-1.3309605,0.7587383,283.1553,313.63205,-3.240625,0.415109075
4,5.25,4.087565,-62.134175,-0.928091,0.22509975,-0.605,1.23569,409.376,0.6211682,4.85851,63.447,-20.55052,4.710143,1.565254,279.2548,312.2012,-3.321125,14.05207
4,5.75,5.8122025,-70.2336,-1.12588,0.216699,-0.24905,1.22922,408.424,0.5235606,4.68388,63.303745,3.646608,15.713555,3.001071,283.2014,314.30965,-3.339375,46.986835
4,6.25,7.19707,-46.794,-2.6734375,0.22332,-0.2906,0.890635,406.763,0.6948332,4.8739,60.29029,28.35019,39.73179,6.364966,282.1966,313.0641,-3.336,105.644525
4,6.75,8.83684,-22.991825,-3.3887725,0.2103955,0.06595,0.6851915,406.2625,0.66160575,4.87821,58.81795,47.77788,64.217015,9.3822725,285.59445,316.1831,-2.743375,187.80005
4,7.25,14.35575,9.216355,-3.73988,0.253654,0.1512,0.739811,405.559,0.893175,4.83362,57.1843,71.43201,96.16018,13.67932,286.6196,317.0142,-3.102,253.222475
4,7.75,18.1726,27.6653,-3.6128,0.26206,0.49885,1.00271,404.41875,0.6650591,4.5600475,54.4107,87.961835,111.4139,15.570945,291.21305,320.57265,-3.242,380.069675
4,8.25,19.2274,31.4283,-3.918635,0.286152,0.7956,1.1013,404.201,1.069842,4.3402825,51.8993,123.4947,145.0111,22.22109,295.2956,321.4196,-3.181875,427.773075
4,8.75,21.87615,62.789125,-3.9505625,0.301713,1.28685,1.1494,404.197,0.8832799,4.4452,49.785915,144.2365,177.8029,24.319075,299.46795,324.99255,-3.188125,497.910825
4,9.25,31.641,88.97985,-4.5907275,0.354251,1.4762,1.44008,403.368,1.497059,4.39127,47.5352,173.05,214.8976,29.18487,298.8808,326.2147,-3.0035,511.7323
4,9.75,30.2142,85.2138,-5.3049325,0.421674,1.767496,1.39226,402.9295,1.06068,4.2947,44.4401,198.7989,245.9649,33.150285,302.94385,330.744,-2.963125,555.623675
4,10.25,31.9835,90.244525,-4.7294825,0.434754,1.9434,1.52052,403.671,1.519301,4.270945,42.9503,182.0776,226.8107,30.41617,302.893,331.5773,-2.9115,602.680825
4,10.75,32.03295,86.2405,-4.761795,0.4504115,2.5784875,1.66203,403.3945,1.3019325,4.22729,40.47315,181.06445,214.6567,33.53076,307.2152,333.91645,-2.871,643.430475
4,11.25,32.50095,100.745275,-5.26248,0.508592,2.6948,1.66948,403.664,1.85551,4.23602,39.172,182.7631,209.826875,28.4388225,306.8924,333.726,-2.86375,648.231425
4,11.75,36.605725,120.023,-4.366115,0.5465735,3.06865,1.7805625,403.1025,1.788146,4.064765,38.4492,209.462,253.6181,37.413815,308.3158,336.16855,-2.84225,700.76945
4,12.25,38.46365,114.18675,-4.0454675,0.564002,3.4604,1.91842,403.23,2.106442,4.07442,37.3942,198.6411,243.4904,31.68068,306.9033,337.5674,-2.8335,535.68275
4,12.75,33.36515,103.351,-4.80443,0.550121,3.6859,2.07543,404.09625,1.9149715,4.02719,36.68885,171.15715,210.2093,28.28599,310.78115,338.5283,-2.144,501.16435
4,13.25,29.7749,97.483075,-4.27659,0.567309,4.0161,1.964455,404.14225,2.077177,4.010345,36.1535,146.4758,189.5664,25.81097,306.9962,338.2015,-2.4635,373.746575
4,13.75,30.33745,92.1093,-3.8783225,0.560134,4.08915,1.97858,404.186,1.885034,3.99332,35.1206,135.21455,164.1023,24.39566,310.36435,338.3199,-2.5995,392.14185
4,14.25,26.187075,64.367125,-3.98913,0.56363775,4.0842,1.959885,404.509,2.05046,4.0000975,35.312,124.0813,151.9406,20.22554,309.8865,337.3613,-2.683375,372.955675
4,14.75,28.8986,51.8598,-3.7667125,0.5117685,4.21255,1.846015,404.0735,1.852944,3.9267325,34.8796,89.923955,112.91035,16.43056,311.16095,338.72665,-2.70075,271.723325
4,15.25,23.6301,25.3777,-3.51064,0.4737825,3.8123,1.70097,404.27325,1.82126,3.900935,34.0841,79.19197,104.3545,14.95108,308.3783,336.2516,-2.730125,222.389225
4,15.75,21.10225,21.340125,-3.06291,0.506372,3.793,1.67953,404.1425,1.449343,4.01107,33.73755,55.857595,74.170465,10.953455,311.5017,335.3781,-2.74,173.38995
4,16.25,19.9021,13.21645,-2.85397,0.4484625,3.686,1.450365,405.173,1.474584,3.9562875,34.6877,43.75982,65.98073,8.750491,306.2695,333.7758,-2.760875,136.44875
4,16.75,16.0377,-8.5720525,-1.8266575,0.400318,3.51715,1.590345,404.5,1.344012,3.96425,34.67,25.048135,42.6612,6.598456,307.64575,332.31465,-2.767375,95.420165
4,17.25,13.7534,-35.372325,-1.6766375,0.405843,3.0364,1.39274,404.67175,1.259341,4.001095,35.127,5.975658,22.11965,4.365784,300.3387,328.5759,-2.76525,47.252375
4,17.75,8.510025,-53.525775,-1.55744,0.3189735,2.8294,1.4060275,406.02525,1.2185335,4.15368,37.42985,-17.23244,9.4290535,2.633667,301.68265,327.7189,-2.77625,23.5607725
4,18.25,6.37007,-66.676475,-0.956289,0.25711025,2.5267,1.363125,406.748,1.257724,4.3223,39.1105,-47.35871,-1.290171,1.038113,295.8568,325.1306,-2.782375,1.75333025
4,18.75,6.347455,-71.4861,-0.6233885,0.256071,2.32035,1.54751,408.26,1.1170385,4.5380275,42.872555,-48.38121,-3.6986205,0.8207472,294.39025,325.64305,-2.191625,0.04149358
4,19.25,6.438855,-68.0189,-0.489001,0.2771365,1.896,1.518845,406.53375,1.072079,4.585425,45.1816,-50.715,-4.16719,0.7870169,292.0636,322.4102,-2.49575,0
4,19.75,6.51748,-74.52365,-0.507028,0.28056675,1.96965,1.2980125,408.355,1.02885,4.76823,48.78995,-49.634385,-3.709125,0.7472314,293.83045,323.8459,-2.644625,0
4,20.25,5.21963,-76.5236,-0.410801,0.280606,1.6268,1.42041,409.172,1.196339,4.707995,49.7136,-47.74495,-3.517871,0.6734148,288.2878,320.6132,-2.689375,0
4,20.75,5.33688,-72.7533,-0.700056,0.261128,1.3662915,1.3903325,408.6225,0.8173382,4.674705,52.00204,-48.107385,-3.505613,0.626929,293.3481,320.3553,-2.70975,0
4,21.25,5.8564525,-64.8114,-0.871468,0.2373355,0.8075,1.481815,408.626,0.9242555,4.8571175,52.49139,-47.44411,-3.557497,0.6000029,288.2173,316.3755,-2.73975,0
4,21.75,4.55489,-68.72975,-0.2951365,0.298391,0.96673335,1.6655725,408.2825,0.8063433,4.757505,52.95215,-46.643655,-3.615107,0.6425585,290.3772,319.57995,-2.781,0
4,22.25,7.6985875,-75.90935,-0.53218075,0.259825,0.5951,1.6174,407.799,1.044018,4.75901,53.366,-46.94572,-3.58005,0.6878431,284.9903,316.3258,-2.80175,0
4,22.75,4.935725,-82.2551,-0.63885325,0.2994455,0.84721665,1.5694775,407.65,0.78221655,4.7867975,54.725545,-44.82594,-3.354282,0.59151225,288.8089,317.69225,-2.811875,0
4,23.25,5.064065,-75.578,-0.7111985,0.277722,0.3564,1.62497,408.563,0.8064317,4.75239,55.3144,-45.63163,-3.390989,0.5970192,283.4449,314.9244,-2.83825,0
4,23.75,2.271925,-72.5753,-0.412492,0.251799,0.7221479,1.6893375,409.36375,0.667429625,4.7960675,56.6355775,-45.5790675,-3.45227175,0.544473675,285.757625,318.147175,-2.86325,0
5,0.25,3.233835,-69.4205,1.297385,0.20399125,6.166225,1.3675925,409.9525,1.036295,7.07479,60.4715175,-45.896315,-3.38563025,0.60136785,309.8216,342.657675,0.653875,0
5,0.75,5.027935,-69.090125,1.05568,0.215131,5.7725745,1.2937,409.93925,0.88955275,6.79937,64.9806675,-44.57925,-3.27330525,0.640506025,313.078325,341.504325,0.733375,0
5,1.25,2.78725,-68.3004,1.325005,0.21860125,5.84855,1.6944025,410.81675,1.09997625,6.991675,63.88095,-44.7436275,-3.2118895,0.62401125,311.11255,340.7142,0.23,0
5,1.75,4.5308625,-72.2622,1.35679,0.20999,5.29452075,1.90623,410.513,0.8260717,7.20668,66.6088,-43.2810475,-3.272452,0.5941357,312.8196,339.34005,-0.303875,0
5,2.25,2.37523,-65.27795,1.464365,0.23564075,5.20915,1.777205,409.1825,1.009527875,7.131205,65.75325,-44.6005625,-3.24432975,0.6722157,309.78315,338.341525,-0.81175,0
5,2.75,4.3739775,-75.8948,1.20517,0.20617275,4.89761875,1.8687525,409.8775,0.84755175,7.1048475,68.7628575,-43.335915,-3.1796065,0.66505935,310.0832,337.611675,-1.155375,0
5,3.25,2.673255,-71.418875,1.154145,0.239193,4.940225,1.58667,410.169,0.9116725,6.9667225,67.991075,-45.3443025,-3.2755345,0.7089882,306.722,336.446475,-1.40175,0
5,3.75,3.67533,-70.6947,0.8550945,0.2253145,4.607125,1.50955,410.5595,0.655309975,6.99055,69.208775,-44.8402575,-2.8536135,0.76273345,305.345475,336.245775,-1.614375,0.041512935
5,4.25,4.7597225,-71.3849,1.3826175,0.2266835,4.736125,1.55073,409.9635,0.8320798,7.04277,68.34565,-40.62681,0.89007395,1.406238,299.294375,335.481025,-1.91425,5.042189
5,4.75,3.725015,-76.4729,1.21348,0.180972,4.749825,1.42669,409.64,0.72252385,6.8154,66.72045,-17.255935,10.383805,2.66543475,303.261175,336.328025,-2.161125,37.21303
5,5.25,4.02173,-46.4546,0.0592016,0.192911,5.6511,1.10304,409.608,1.12740775,6.91135,62.925825,14.2607925,37.0189175,6.858306,302.89205,340.22925,-2.298125,82.7730425
5,5.75,9.3615825,-34.263175,-2.5860975,0.18656,5.99284975,0.6949275,408.792,0.9786732,7.1546875,61.72265,34.207415,59.869645,10.447715,306.654125,342.985375,-2.487,179.528
5,6.25,14.99335,-13.5933,-3.884675,0.1739405,6.62272475,0.4044075,407.3785,1.8101515,7.17717,57.2118975,77.583915,114.2449,18.44205,310.60485,348.129925,-2.602125,232.910375
5,6.75,21.076025,12.2598,-6.450815,0.207054,6.5382105,0.68581,406.7,1.4584545,7.20731,59.7237,85.4555575,123.191125,18.5355225,316.568075,350.633275,-2.208375,269.16885
5,7.25,32.973325,30.2725,-6.950525,0.205867,7.49497425,0.845974,407.273,2.3456175,7.12012,53.21235,168.7068,219.812575,32.311245,319.32955,356.26415,-2.369125,503.42315
5,7.75,40.7509,58.4292,-7.89567,0.2504995,8.00277425,0.987704,404.0645,2.15029375,6.69521,50.167175,151.242825,193.208375,30.69624,324.039625,358.38345,-2.211,527.61275
5,8.25,45.092,66.985625,-8.4751,0.31628075,8.8121,1.2375525,403.699,3.16710275,6.994835,44.274275,226.11565,286.23525,39.8040275,327.512975,364.007775,-1.977,623.4584
5,8.75,54.390425,79.4624,-9.4464375,0.3575105,8.7876,1.176315,401.979,3.004139,6.59318,44.3488,217.516,268.1289,40.22136,332.5338,363.9624,-1.4985,665.6018
5,9.25,53.7611,96.2833,-9.3487425,0.42478225,9.74105,1.5216425,400.977,4.3667905,6.36451,39.45065,242.04585,310.1302,45.786955,334.59505,369.69355,-0.85475,633.0391
5,9.75,57.25435,96.582,-9.95552,0.420751,9.099199,1.51991,400.23625,3.496706,6.2711925,40.9499,250.8786,315.662,44.23652,337.6983,366.2734,-0.163375,787.5271
5,10.25,56.88325,125.873,-11.7089,0.454429,10.28635,1.59101,399.453,5.049642,6.108475,37.1996,283.2729,354.76895,51.83101,339.38415,376.2338,0.529125,833.85585
5,10.75,59.75145,159.836,-9.5704175,0.50645225,9.9702,1.47612,398.469,3.870368,6.061,37.0094,248.573,328.915925,50.6087825,342.4356,373.5819,1.3095,812.87685
5,11.25,57.5345,128.3925,-10.0173325,0.497622,10.69685,1.88098,397.787,4.8209395,6.135865,34.5965,303.0458,380.2366,48.24896,342.8198,378.30435,2.04325,764.890125
5,11.75,65.568975,129.501,-10.6384,0.52209175,10.5496,1.714465,397.53125,3.98188,6.03403,34.1509,275.6548,341.3362,48.35397,344.1955,374.9217,2.85775,694.783925
5,12.25,59.3055,124.558,-9.8982,0.58631975,11.4321,1.8510425,398.036,4.7468125,6.00039,33.42545,265.0142,327.19815,44.720485,346.5168,379.3133,3.5275,634.6813
5,12.75,60.672975,115.38725,-7.85526,0.57947875,11.0715,1.96044,398.30325,4.290897,6.0065425,34.4677,235.5778,300.540075,43.6323275,347.6116,376.7428,5.05475,664.987975
5,13.25,56.9728,111.259,-7.70442,0.5707375,11.62455,1.8999425,398.25575,5.915909,5.9608525,31.89495,219.22495,272.30615,39.63366,347.8187,379.90905,5.3835,710.161925
5,13.75,61.788075,110.3235,-7.785175,0.5774485,11.23067,1.80294,397.738,4.76297,5.88458,32.0438,194.5148,241.8988,36.093,347.7431,377.036,5.7045,568.747
5,14.25,53.627,110.45,-6.964015,0.568884,11.70725,1.953595,398.1265,5.4669845,6.2554225,31.3942,188.0536,233.6847,35.795555,348.2974,378.09,6.2255,608.850875
5,14.75,52.3211,73.899275,-7.23427,0.5225385,11.419,1.7943,398.537,4.356081,6.298105,32.3077,167.9425,217.0615,29.62179,348.4728,376.5447,6.78325,499.0968
5,15.25,45.1061,57.476225,-5.6638375,0.536282,11.7666,1.8006975,398.18275,5.2549555,6.2791225,31.3817,115.7592,152.56535,20.80801,349.2332,378.24595,7.22225,359.05885
5,15.75,41.688875,40.61815,-6.04669,0.506378,11.185,1.52903,398.58575,3.91139,6.38594,32.9859,95.20745,135.2608,18.31532,346.3118,374.7274,7.0865,307.21885
5,16.25,42.053875,36.2229,-4.5990175,0.49213775,11.34085,1.6024925,397.625,4.454933,6.4923725,32.45955,80.884315,119.8958,17.088505,345.832,375.48405,6.80075,205.99055
5,16.75,30.542825,15.360125,-3.7966,0.4741705,10.7814,1.5207975,397.81725,3.436738,6.46276,33.5659,55.87764,93.40927,13.41232,343.5624,369.9996,6.667,194.30895
5,17.25,27.0656,2.1868085,-3.384355,0.41461925,11.17955,1.3256475,397.7555,4.293319,6.4581975,33.62615,29.17051,56.3448,9.159047,343.0397,371.9816,6.599,140.2467
5,17.75,20.4696,-24.32045,-2.253405,0.353086,10.4768,1.2045825,397.989,2.778819,6.545515,35.5844,8.034725,37.00776,6.717229,339.0683,365.4934,6.3155,86.1191175
5,18.25,12.9105,-44.29315,-1.26455,0.30559525,10.32515,1.0665275,398.87175,2.624881,6.5866425,38.04965,-33.154735,10.219955,3.1207485,334.42465,364.83745,6.06925,32.22099
5,18.75,8.618735,-55.93445,0.404371,0.2152145,9.707999,0.8389175,399.7305,2.159309,6.66786,42.0128,-46.45381,0.01131711,1.490898,331.9163,360.5222,5.55425,4.2322045
5,19.25,5.344415,-58.59,0.74431725,0.180703,9.8939995,0.939843,401.533,2.463498,6.7698,45.3785,-53.56859,-4.0445295,0.8275305,327.0037,359.0464,5.08075,1.02072965e-07
5,19.75,5.38703,-68.003,0.633849,0.1850025,8.874283,1.22023,402.82925,2.027254,6.9384125,50.0829,-51.61589,-3.989402,0.8799515,327.9299,354.4979,4.6455,0
5,20.25,6.589925,-61.021,0.72355625,0.18948925,8.8069495,0.91469425,405.37425,2.0644735,6.890875,51.269095,-51.336505,-4.1121,0.7187197,322.00675,352.8811,4.06825,0
5,20.75,7.44526,-65.75465,0.814297,0.191371,7.748099,1.10027,407.0335,1.450938,7.26285,54.8698,-49.34859,-3.950284,0.8034959,322.3466,351.351,3.4225,0
5,21.25,3.87908,-61.91745,1.82055,0.20388725,7.9535,1.19172,406.808,1.594632,7.31224,55.6737,-49.48913,-3.884553,0.75269735,321.95725,352.31265,3.05875,0
5,21.75,5.4106875,-71.067225,1.6075725,0.20605825,7.249999,1.17588,408.2525,1.264038,6.9861025,58.2586,-48.18195,-3.671996,0.6450453,323.3085,349.6008,2.67475,0
5,22.25,6.882685,-67.2728,1.326865,0.1911115,7.338399,1.26534,409.832,1.4323865,7.134365,59.645645,-48.19679,-3.740002,0.7597126,321.39385,348.4583,2.316875,0
5,22.75,5.860625,-68.02825,1.676515,0.222439,6.7848,1.3163425,408.878,1.049889,7.272425,60.93999,-45.89283,-3.485283,0.7612946,321.4505,347.2011,1.827,0
5,23.25,5.10522,-73.72255,1.12613,0.2065125,6.81665,1.36685,410.35725,1.0592355,7.0136525,61.98765,-47.819305,-3.585271,0.6677783,316.2918,346.08305,1.449125,0
5,23.75,3.04484,-66.8229,1.0764775,0.181682,6.51937425,1.23812,409.927,0.9498621,7.2871,62.031,-45.8414775,-3.396371,0.7266209,315.836525,344.365675,1.180625,0
6,0.25,3.89475,-63.78645,2.82061,0.190437,10.946925,1.44103,406.63825,0.967183525,10.5465,74.17405,-44.3531225,-3.3001575,0.763234225,333.8848,367.845425,3.08525,0
6,0.75,2.34514,-63.128675,2.3784525,0.20623,10.4822025,1.55814,407.376,0.78549465,10.5659,74.80965,-44.1638475,-3.13824875,0.803059825,332.16,365.083675,3.178875,0
6,1.25,2.11545,-73.07905,2.68971,0.207919,10.3377,1.65129,406.91775,0.839354725,10.5904,76.24749,-44.466555,-3.08129375,0.85653625,331.309,363.9632,2.655,0
6,1.75,3.2778825,-65.98025,2.74711,0.2124415,10.1041425,1.7653525,407.127,0.66383005,10.92725,76.9500075,-43.564565,-3.0664225,0.750527975,331.662375,363.1545,2.1515,0
6,2.25,2.68147,-63.68055,2.473955,0.22729675,10.191775,1.9781425,407.434,0.67933525,10.926075,77.1633475,-44.57131,-3.149225,0.7081871,329.725975,363.67315,1.762375,0
6,2.75,2.89684,-64.064575,2.86653,0.22645,10.08,1.69053,407.63475,0.631623925,10.9421,78.3344,-42.53771,-3.0340905,0.75832825,329.203225,361.532425,1.48875,0
6,3.25,2.9896425,-63.5686,2.44971,0.212421,9.67207425,1.70318,406.755,0.675076,10.4717,78.35645,-42.317895,-2.9730055,0.7355391,326.6322,359.10545,1.23725,0
6,3.75,2.34993,-61.6769,2.64483,0.2030185,9.33374975,1.658505,408.26525,0.49035985,10.8578,79.629,-41.33772,-0.75608955,0.907478275,328.3124,358.262675,0.992125,2.15767775
6,4.25,3.2586575,-68.3388,2.2635375,0.1911395,9.523475,1.533705,408.3605,0.6659703,10.4007,79.553675,-31.9114725,8.2871135,2.7485755,329.5555,359.17285,0.738,18.767185
6,4.75,3.7358975,-55.890825,0.709957,0.1776475,9.94379975,1.26383,407.842,0.647828975,10.449075,78.436675,-8.0414075,22.79997,5.7593415,331.889475,362.2792,0.386875,54.5160175
6,5.25,9.1037275,-40.12145,-0.8954665,0.181164,10.8236,1.07782,405.672,1.056128,11.10075,75.1185,25.7583525,48.7784075,11.36616,336.096575,366.4662,0.06775,88.7824125
6,5.75,18.0938,-29.2792,-7.42519,0.172021,11.38975,0.46957,403.92175,1.15452175,11.2359,74.513925,45.465335,75.824085,15.4453125,338.907775,371.637175,-0.201625,158.060875
6,6.25,29.41415,-10.62905,-12.4026,0.16752,12.068225,0.357586,400.9835,1.27608875,11.5508,73.0007,88.874415,126.036825,24.4899,346.814575,378.504425,-0.315625,214.084225
6,6.75,46.19925,5.4622,-14.364575,0.14989,12.2582275,0.618996,400.676,1.526564,11.39845,71.1968225,97.9113625,130.0996,27.26558,346.57725,379.84185,0.262125,286.8168
6,7.25,69.55775,24.662375,-16.428,0.1884695,13.0587,0.67307175,399.486,1.932545,11.35945,67.1131225,143.057375,192.3792,39.40669,351.397275,385.955875,0.057,369.1371
6,7.75,82.2255,30.025375,-17.349625,0.209541,13.447225,0.937684,396.98025,1.82212875,11.5378,64.4528925,166.917025,233.11065,43.0730275,355.161275,387.93735,0.05325,461.194325
6,8.25,101.099,39.3179,-17.29255,0.243114,14.2242,1.0136525,394.775,2.856717,11.697425,59.3659,213.1029,284.0347,55.91151,359.3208,393.317,0.222875,514.584825
6,8.75,114.491,52.2075,-18.9676,0.298545,14.38645,1.259855,392.9455,3.2125235,11.1731,55.5879,209.58335,283.1604,54.803565,363.5141,395.55965,0.485875,575.292975
6,9.25,133.3105,60.889175,-20.736975,0.363353,15.2914,1.39553,390.834,4.277199,10.927,49.8547,231.1319,318.5327,63.27121,366.7637,399.734,0.858,585.8808
6,9.75,136.904,64.45645,-21.0892,0.38893,15.36625,1.347975,390.1735,4.038803,10.37925,48.046,261.05465,354.85715,66.85946,368.61485,401.2124,1.1655,701.055
6,10.25,154.306,70.8992,-21.38055,0.429376,16.104,1.2271775,388.241,4.743017,10.164135,45.4002,240.3336,323.4311,65.23299,370.6225,403.5556,1.736125,577.441925
6,10.75,142.21575,86.03505,-21.767325,0.476595,16.307,1.47916,386.99,4.501356,10.1944,44.6995,279.498,367.27035,73.556035,370.23135,405.73255,2.290125,815.881
6,11.25,142.59,57.1618,-21.477,0.446673,16.8529,1.54617,386.30025,5.937649,10.0502,42.7478,274.7658,359.944,72.37065,374.1197,408.7254,2.868,684.806425
6,11.75,158.653,53.9801,-21.21155,0.467969,16.6757,1.59694,386.229,5.983288,10.195625,42.33775,281.2155,376.93695,73.69969,373.2019,407.76895,3.39175,704.6652
6,12.25,161.583,64.4123,-22.517,0.5004325,17.1436,1.505985,386.5645,6.621538,9.85065,40.2415,314.892,420.1949,77.29973,376.8303,407.9022,3.887125,721.9822
6,12.75,141.09125,59.2535,-20.0026,0.49057175,17.1043,1.78611,386.15575,5.882941,10.0157325,41.2213,254.54795,332.24045,64.678745,375.4755,406.77585,4.2555,582.55145
6,13.25,149.3,68.4477,-20.0768,0.48689525,17.6639,1.58914,386.62675,7.163141,10.0984,39.4096,250.5602,345.675,66.54949,377.1616,409.9866,4.5865,587.6954
6,13.75,139.858,51.6133,-18.8226,0.469997,17.67675,1.57152,386.49425,6.104332,9.99546,38.45075,260.4014,344.80385,63.179455,377.8869,412.3913,4.9795,540.8055
6,14.25,132.072,49.91615,-19.0111,0.4544145,18.0348,1.5476525,386.037,7.191547,9.9385375,37.468,232.9265,320.6539,61.05673,377.504,414.1484,5.28975,570.28215
6,14.75,123.648,48.2785,-18.2368,0.453802,17.6671,1.5960625,386.082,5.6108955,9.9147625,38.129,213.9067,287.35905,53.435265,377.63895,411.94915,5.63675,544.81685
6,15.25,118.4855,44.426975,-16.213575,0.451583,17.9213,1.61433,386.45975,6.451851,9.80734,37.6815,173.6271,239.6039,50.10232,376.7409,410.4328,5.8735,436.724425
6,15.75,104.099,18.595975,-14.15375,0.4036895,17.78815,1.597985,385.90625,5.348838,9.790545,38.43275,141.6357,197.3098,39.82971,374.30685,407.82765,6.12575,327.81515
6,16.25,88.0849,12.033175,-12.40005,0.381548,17.687,1.499875,385.802,5.498206,9.6721325,39.01,98.13687,147.6837,30.14167,373.7951,408.3398,6.311375,296.271425
6,16.75,84.144,-10.07626,-10.541575,0.340811,17.2779,1.216895,386.294,4.642502,9.799705,39.4741,70.301895,110.8478,21.918745,370.54925,403.74785,6.52775,221.6286
6,17.25,63.1758,-20.452275,-8.41672,0.287246,16.7607,1.19678,385.61175,4.585015,10.0951,41.4206,39.48721,74.07224,15.0071,367.4767,402.4948,6.602125,154.809025
6,17.75,42.0107,-29.2085,-5.2479425,0.236229,16.5118,1.179715,386.651,3.6327435,10.31725,43.329325,24.773565,57.30454,11.726525,364.62685,398.13265,6.779,121.6685
6,18.25,29.3979,-40.1181,-3.588545,0.209196,16.116,1.060615,388.895,3.665055,10.323875,48.6352,0.3422998,28.17958,7.403399,360.7625,397.1248,6.7135,60.005225
6,18.75,23.33975,-62.59575,-0.536193,0.1931415,15.194,1.186955,390.065,2.5127775,10.8207,54.00715,-31.55509,11.522515,3.1426575,355.8354,389.8475,6.486125,22.92355
6,19.25,15.2802,-63.22075,0.9614355,0.19441475,14.706,1.2744475,393.354,2.703335,11.39685,58.3897,-46.2716,-0.4130535,1.304136,350.067,387.1625,6.411375,2.790301
6,19.75,12.29375,-69.6894,2.40412,0.21259975,13.88015,1.5450775,396.27125,2.038776,11.155225,59.5053,-47.44734,-3.519639,0.9182001,348.3119,382.09775,6.034625,0
6,20.25,8.149685,-68.3084,2.250645,0.221074,13.650725,1.3918025,398.002,1.88050475,11.160375,61.08195,-47.06539,-3.61998025,0.8925656,345.910925,380.771025,5.592,0
6,20.75,8.44131,-65.002575,2.69355,0.205241,13.153025,1.4487525,400.44475,1.37201775,10.837725,62.093425,-45.5982625,-3.51504775,0.906770225,346.295425,378.16685,5.114625,0
6,21.25,8.222645,-62.5728,3.0213275,0.1950625,13.1113,1.3032725,400.76625,1.36187525,11.004625,64.15675,-45.1905775,-3.2441595,0.81123595,343.408775,378.16315,4.858875,0
6,21.75,4.997215,-63.9689,2.343435,0.20488375,12.664675,1.3008575,403.23825,1.24090625,10.9498,65.02985,-43.9369225,-3.2611795,0.972404575,343.545425,375.406525,4.5655,0
6,22.25,6.99223,-66.1383,2.20119,0.2087565,12.38525,1.411685,403.8165,1.15484825,11.1993,67.7475225,-44.24936,-3.35989925,0.913203425,341.17595,373.717375,4.18825,0
6,22.75,4.739265,-54.89695,1.97272,0.22399675,11.8486125,1.5049175,404.084,1.108827,10.4492,69.2698975,-43.76214,-3.2940045,0.990517425,339.3413,372.168975,3.861375,0
6,23.25,4.53822,-62.834,2.90164,0.20819375,11.9261,1.525475,405.2475,1.119158,10.835475,70.630515,-43.86818,-3.25682425,1.012903,336.88875,370.55995,3.548875,0
6,23.75,4.20265,-60.0275,2.6957275,0.1879815,11.3382,1.27928,405.61625,1.044911475,10.76025,71.51655,-44.0997275,-3.30126075,0.8631259,336.499,368.765725,3.280625,0
7,0.25,3.039425,-55.76195,3.510875,0.204803,15.3715,1.602035,404.1225,0.752557125,14.9466,79.7953725,-40.4947525,-2.85929025,0.9052669,360.486325,388.969675,3.88,0
7,0.75,2.672315,-58.1183,4.03055,0.200194,15.094525,1.52379,404.36,0.6736366,14.7167,80.40959,-39.9432,-2.76611775,0.871417875,360.302275,387.8641,4.06,0
7,1.25,2.03207,-53.3485,3.88736,0.206771,14.826625,1.57552,404.9375,0.638735625,14.69885,81.322875,-40.2104175,-2.77464425,0.8410054,357.033475,387.378625,3.4255,0
7,1.75,1.96828,-54.167725,3.3283825,0.18544125,14.60935,1.37225,405.442,0.5933336,14.498575,82.1220725,-40.3132725,-2.9083535,0.864228125,356.768925,386.00295,2.9875,0
7,2.25,0.86594,-57.4276,4.92704,0.180535,14.533175,1.522985,404.5225,0.55187445,14.74875,82.830175,-39.42449,-2.7237175,0.937894375,355.0185,385.5546,2.5875,0
7,2.75,1.00534,-54.390275,3.3269425,0.19015375,14.40755,1.4646,406.323,0.4748707,14.50725,83.857665,-39.644585,-2.7585015,0.903849575,359.47115,385.057375,2.2945,0
7,3.25,2.322175,-54.48735,3.6380175,0.17401875,14.396775,1.2463175,407.1095,0.494357775,14.46775,84.5582725,-39.49813,-2.803869,0.86790805,357.647675,385.0004,2.1115,0
7,3.75,0.3671,-54.002425,3.35383,0.1904255,14.149075,1.29972,408.3685,0.5528875,14.3311,84.5483225,-39.1868675,-2.29736425,1.0446475,356.405,384.223625,1.867,0.0829842325
7,4.25,-0.73142325,-54.235775,3.48887,0.17770575,14.20065,1.186645,408.427,0.47061395,14.37835,85.4072725,-33.055995,1.87424125,1.856645,354.725,383.64255,1.605,5.60156625
7,4.75,0.54009475,-53.5163,3.952325,0.1897075,14.574425,1.2275025,408.456,0.489891875,14.1519,84.483,-14.47408,15.6695375,4.9239525,357.02905,385.58255,1.417,31.7630625
7,5.25,6.34229,-48.0315,2.07245,0.19215075,15.063025,1.04056,403.715,0.796654675,14.3033,81.8709175,13.6623525,42.447185,8.67968125,359.9694,388.287525,1.3725,59.4920925
7,5.75,10.97295,-31.47265,-3.9139675,0.176688,15.750775,0.720327,400.587,0.9349846,14.63805,79.276925,38.4743425,71.21929,13.4636325,362.11595,392.54835,1.108,102.0151175
7,6.25,23.75215,-17.46135,-10.533275,0.154225,16.3227,0.487654,396.761,0.9400693,15.0016,77.9745725,65.0565925,100.061,20.512535,362.463925,398.370375,1.1085,165.06175
7,6.75,44.9797,2.65428,-16.7391,0.146042,16.9626,0.4157935,394.9525,1.086847,15.4353,76.73585,95.019965,126.170925,25.77796,368.566475,403.771825,1.7315,221.0097
7,7.25,67.8836,14.904975,-16.7905,0.168577,17.3819,0.551391,394.23,1.635331,15.6752,74.4365,143.185025,190.84565,37.4723425,374.088425,408.53735,1.3575,309.813875
7,7.75,81.8959,29.404775,-17.313025,0.1956415,17.8883,0.7621525,392.777,2.043543,15.4933,70.37484,155.73565,212.0645,41.654625,377.613375,411.989075,1.3185,314.684175
7,8.25,117.48125,38.2521,-19.0157,0.21391275,18.6363,0.898498,391.14225,2.431754,14.9795,66.847,210.3118,286.500575,51.9828925,380.936125,416.493825,1.3585,426.328725
7,8.75,131.925,48.81835,-19.696675,0.247135,19.1123,1.11303,387.40975,3.361316,15.2827,63.918175,244.8388,326.3177,60.4217925,386.369725,420.749325,1.6675,528.00285
7,9.25,155.455,52.708625,-22.465575,0.25249725,19.6573,1.1810975,384.9035,3.614228,14.73115,61.1885425,238.055875,309.856725,56.85155,389.7134,423.881875,2.1735,534.6108
7,9.75,148.548,56.128225,-23.0127,0.313765,19.9201,1.16211,382.371,4.180322,14.7004,58.17675,293.51915,369.5551,67.03297,393.69845,425.599775,2.5145,604.583275
7,10.25,182.3655,63.949,-22.9773,0.3627985,20.419475,1.2234025,381.474,5.83876825,14.6965,53.3503,340.75445,440.225725,78.4455825,395.4492,429.7212,3.0335,833.1639
7,10.75,190.13775,61.6585,-24.4348,0.362905,20.82465,1.12204,380.73925,6.23606075,14.3733,50.6096,300.9707,389.223,71.64268,399.8412,430.743925,3.8385,679.9625
7,11.25,188.027,65.6012,-22.7466,0.406476,21.288,1.26629,379.87,6.39442325,14.1862,48.7478,302.117175,400.851875,73.5879625,401.76585,431.8734,4.3125,664.46935
7,11.75,192.713,67.763625,-23.2398,0.390735,21.351125,1.356615,379.1995,7.62452825,13.8022,46.898125,300.207175,391.43215,73.120425,402.75575,431.0062,4.88,615.722825
7,12.25,196.798,68.74055,-22.3583,0.4534355,21.35715,1.4619375,378.2565,7.33437125,14.3206,45.910775,303.0024,395.7565,71.2591725,402.250575,432.887375,5.0315,648.182225
7,12.75,189.9975,55.5263,-21.6005,0.4359025,21.484775,1.44043,377.4885,7.0502655,13.8659,46.506325,255.579125,334.573125,60.701255,402.7833,433.580275,5.3225,577.198825
7,13.25,191.27875,42.9999,-21.956625,0.42457075,21.51535,1.5358925,378.023,7.47071525,13.818675,45.81755,290.073525,379.9029,66.2373875,403.304575,434.510325,5.515,702.975925
7,13.75,175.545,29.7079,-20.04575,0.4130645,21.4345,1.549825,377.78075,7.7960605,13.96085,45.73865,243.2759,319.03345,59.18841,404.571975,433.2445,5.884,636.367125
7,14.25,181.1335,35.2708,-19.755375,0.3949225,21.5361,1.587355,377.787,6.265709,13.95305,44.606125,222.525125,295.9918,51.13511,401.22665,431.09195,6.152,506.24185
7,14.75,169.12825,33.504625,-17.9298,0.4089885,21.448,1.394025,378.7765,6.08828525,13.408325,44.56855,208.74475,273.8119,50.3530625,400.91585,431.98355,6.367375,586.2987
7,15.25,159.83,22.743,-17.1035,0.33817725,21.67565,1.3192025,378.68375,6.24154775,13.382975,44.45615,209.913725,289.835975,50.7846575,399.90005,430.744,6.59225,461.957025
7,15.75,151.372,3.81609,-15.014,0.347259,21.50045,1.37595,378.656,5.6567305,13.9728,45.171325,159.96525,215.178575,38.7373225,397.3279,428.88825,6.851,379.0517
7,16.25,112.64,-0.3582325,-13.508575,0.2943735,21.502975,1.252945,378.136,5.450689,13.934675,45.8997,123.86985,180.48035,30.11606,398.023475,429.042325,6.996625,267.170375
7,16.75,102.492,-10.8622,-11.4386,0.29268125,21.37445,1.265845,378.437,4.76952875,14.367225,47.73255,96.5730125,145.436875,26.212045,394.3547,427.592075,7.183375,208.394375
7,17.25,78.821825,-25.801175,-8.664455,0.2591275,21.01335,1.0264925,378.388,4.89061975,14.51375,50.0874,57.5407375,97.593925,18.530215,391.54085,423.619925,7.25325,176.858575
7,17.75,54.516325,-37.4219,-6.3068825,0.216616,20.462825,0.9681085,378.383,4.11631325,14.60235,54.157225,26.538445,62.9258725,11.69178,387.675,422.036575,7.074125,110.39045
7,18.25,32.775,-49.249925,-3.5945,0.185989,19.738075,1.01061,379.8655,3.16371675,15.5257,61.28625,1.525456,28.5043025,5.87257825,383.1007,415.860925,6.998625,50.4674075
7,18.75,18.989625,-53.4889,0.359191,0.196858,18.627825,1.07418,384.515,2.6745355,15.9629,66.283625,-28.4376975,8.8917895,2.60696075,378.330775,409.745475,6.912,17.7378725
7,19.25,10.87385,-51.9617,1.03123,0.190261,18.0785,1.27257,387.99375,1.88178375,15.6662,69.272015,-41.2821725,-0.932144025,1.13719725,373.198875,404.71405,6.716875,1.4521765
7,19.75,9.886105,-51.16905,2.328365,0.20117625,17.4622,1.2008775,393.238,1.56276725,15.660725,69.49835,-43.1067525,-3.18948425,0.9773571,371.05635,401.192625,6.36375,0
7,20.25,8.777765,-50.49945,3.26665,0.19974975,17.099425,1.3411825,395.03575,1.2939845,15.52585,71.5464,-42.9270575,-3.1815065,0.956078325,369.3363,399.5806,5.932125,0
7,20.75,7.34617,-51.00395,3.3999825,0.210617,16.62135,1.45818,396.3685,1.1778,15.357,72.3511925,-43.18139,-3.111025,0.94541035,367.659975,397.4835,5.521875,0
7,21.25,8.07585,-55.644,3.18283,0.2091915,16.238175,1.581365,397.6045,1.0513835,14.9306,73.724925,-42.961435,-3.1726895,0.927217825,365.473275,396.1422,5.311625,0
7,21.75,5.1010025,-54.734225,3.2075925,0.191344,16.073,1.371405,398.832,1.10739075,14.6967,75.434175,-42.749475,-3.115233,0.992871575,364.407625,394.646275,5.05325,0
7,22.25,4.79048,-56.997225,3.07539,0.2138015,15.9543,1.48001,400.98475,0.94454365,14.824575,76.77565,-42.5109375,-3.05514775,0.89186045,361.676375,393.779075,4.828125,0
7,22.75,4.7847225,-54.1191,3.32338,0.199368,15.7065,1.52935,401.44975,0.8318147,14.91555,78.563275,-41.4573325,-2.97769075,0.91022925,360.741625,392.03845,4.549125,0
7,23.25,5.053905,-58.3519,3.8618975,0.17114975,15.495975,1.5515125,402.55,0.890526325,14.9537,79.32605,-40.4958725,-2.81134025,0.84934125,359.2015,390.5708,4.209875,0
7,23.75,4.73176,-55.5551,3.6748,0.196065,15.352175,1.528135,404.31975,0.784806175,15.347825,79.572925,-40.3899875,-2.88198375,0.986728,360.326875,390.009525,3.90025,0
8,0.25,0.406758,-58.9084,3.82166,0.210219,14.22595,1.73212,400.6495,0.8578085,14.51605,84.718825,-41.40269,-2.8784975,0.8812605,349.642125,384.65055,1.2225,0
8,0.75,1.1229825,-52.980075,3.25186,0.2083145,13.891705,1.8652525,403.714,0.6918016,14.57595,86.134995,-40.61568,-2.8148015,0.8402584,348.83655,383.0773,1.4335,0
8,1.25,0.689169,-50.262,3.6287,0.213408,14.00645,1.6169625,404.2425,0.7315715,14.32235,85.79715,-40.37348,-2.7356645,0.853668775,351.094525,382.204175,0.6935,0
8,1.75,0.986022,-53.2154,4.03907,0.201271,13.43705,1.75532,406.6075,0.6529557,14.52535,87.502445,-40.66172,-2.823832,0.95625005,348.41345,381.35565,0.058,0
8,2.25,0.218648,-52.9059,3.78167,0.2180735,13.68195,1.6577675,405.196,0.6369985,14.3974,86.2986,-40.11233,-2.808206,0.85438285,351.28675,381.5477,-0.1945,0
8,2.75,-1.36508,-52.0994,4.0836325,0.22216125,13.3621675,1.7199925,403.8705,0.506913325,14.6648,88.22145,-39.9604575,-2.81516825,0.954039425,346.124025,380.20415,-0.5225,0
8,3.25,-0.96434,-55.08495,3.6269,0.205904,13.38095,1.865065,404.397,0.61364835,14.53085,86.84085,-39.834985,-2.874527,0.87846625,347.1486,380.46065,-0.7895,0
8,3.75,-3.3173725,-54.3552,3.400535,0.20638475,13.079465,1.63515,406.61225,0.4635975,14.53995,88.829675,-40.24553,-2.88406625,0.90524005,346.30235,379.20675,-0.953,0
8,4.25,-3.82197,-60.67795,4.21582,0.206117,13.1385,1.69494,406.225,0.5632937,14.2539,88.748,-38.413935,-2.288791,1.021312,347.81025,378.53055,-1.1945,0.04149411
8,4.75,-2.116335,-51.3557,3.85023,0.20272225,13.091,1.71622,405.76925,0.52268915,14.6355,89.305725,-33.9247175,0.793652,1.8120885,345.111675,379.079875,-1.434,6.59815
8,5.25,-0.624018,-45.203325,3.00756,0.20672,13.81145,1.47172,403.925,0.67300555,14.4117,87.389345,-11.82227,20.62988,5.340015,347.286,381.46735,-1.6185,39.50535
8,5.75,1.88686,-45.0789,1.75468,0.18362625,14.34625,1.1527175,400.8335,0.762967875,14.486825,84.9946975,12.6617425,42.587715,11.56181,350.71265,384.8242,-1.8405,106.4753
8,6.25,11.0631,-35.0877,-4.6022325,0.179771,15.79725,0.478657,398.221,1.547687,14.5142,78.977595,56.77832,99.47219,19.464405,353.4801,392.2122,-1.9405,176.6911
8,6.75,22.726,-12.00935,-11.364975,0.151321,16.020875,0.359876,396.012,1.36018053073575,14.9487,78.293575,90.84647,149.19215,28.7327925,359.5689,396.84595,-1.5485,267.025
8,7.25,41.436025,15.774875,-13.98505,0.157749,17.08905,0.488097,394.41625,2.391005,15.026375,75.655545,139.1979,200.2046,36.43517,367.4926,403.7135,-1.926,350.7203
8,7.75,60.014,24.96485,-15.245075,0.15187375,16.974975,0.7371345,392.9215,2.276094,15.32405,74.72315,190.3007,260.468825,48.506795,367.951025,405.9964,-1.9605,439.9337
8,8.25,85.72365,39.09045,-15.9469,0.19021475,18.13185,0.8404175,390.78125,3.635702,15.51575,69.48355,230.8515,315.34445,60.69843,376.42825,412.5361,-1.7355,589.3425
8,8.75,119.221,58.3296,-19.3985,0.234874,18.2739425,0.922954,387.243,3.96742475,15.2785,67.2878675,282.83755,381.46615,68.8250125,379.910525,416.0938,-1.1455,713.3386
8,9.25,134.521,54.3909,-19.137325,0.258575,19.552375,1.0898,385.016,5.28260025,14.3818,62.208825,320.1575,414.6663,75.01142,385.4778,422.297125,-0.514625,709.483
8,9.75,147.973,65.1451,-19.64925,0.333005,19.305,1.24447,382.615,5.436312,14.26555,60.2462,329.8912,421.3389,72.4460925,386.7956,422.6594,0.032,681.9061
8,10.25,145.39575,66.506775,-20.8551,0.321242,20.66935,1.32679,380.588,6.6708145,14.0056,57.228675,325.32735,422.20465,72.16564,396.13155,430.845025,0.589,745.2413
8,10.75,149.792,60.24615,-21.10835,0.3601,19.798575,1.35021,380.173,6.489442,14.0021,55.75473,300.586475,392.594925,69.40516,393.35535,428.17935,1.3755,676.0626
8,11.25,168.035,53.2955,-20.8656,0.390401,21.543,1.4396775,380.36,7.87784575,13.8722,54.190625,331.593725,419.532225,72.1176825,400.30185,434.1426,2.43475,629.2065
8,11.75,164.9435,55.6577,-21.5893,0.3990835,20.606135,1.3982775,379.546,7.392897,13.76295,52.90025,372.6169,475.848275,79.5114925,397.0306,429.084025,2.998,706.7056
8,12.25,177.83575,77.84385,-21.435725,0.43594675,21.20445,1.543995,378.52125,8.1536145,14.103875,50.06255,356.806825,450.631125,75.8133825,401.7409,431.1594,3.47925,736.4271
8,12.75,174.0095,62.56075,-20.9416,0.447588,20.73891,1.546505,378.7315,8.722412,13.8451,49.37,337.8813,432.0047,73.57951,398.7268,429.3857,3.848125,760.999
8,13.25,163.1385,45.9301,-19.937025,0.406707,21.607575,1.55469,378.4,8.78102675,14.0783,48.2657,305.475,396.436275,68.354755,401.5403,432.811925,4.3225,438.7363
8,13.75,173.0185,51.7955,-19.3022,0.4032255,21.043,1.48942,378.5135,8.765987,13.6434,48.4558,281.4367,379.1942,62.5131,398.4044,431.0092,4.762125,479.6125
8,14.25,162.631,37.4425,-18.264325,0.42226925,21.642625,1.4617425,377.778,8.9623335,13.378725,47.253175,241.5594,327.751175,48.7564275,400.43365,431.4533,4.8445,475.874
8,14.75,147.085,23.6415,-16.6509,0.42206625,21.103,1.3511725,377.3115,8.414076,13.4108,48.4553,238.2369,317.9178,56.74446,396.0752,428.0424,5.065875,532.0704
8,15.25,134.9265,13.84745,-15.673775,0.392848,21.666,1.426185,377.5695,8.505819,13.5835,48.03065,166.113975,225.78625,38.464165,399.442275,430.061875,5.152875,432.4689
8,15.75,116.526,4.170305,-13.3736,0.348869,20.7454,1.26839,376.64375,7.823917,13.7258,50.6222,143.9463,201.5576,33.73838,393.2225,427.0005,5.228375,275.3255
8,16.25,96.042,-5.72059,-11.4622,0.3108475,21.137275,1.196315,376.7855,7.029325,13.5938,50.510475,93.0298225,136.750675,23.955755,394.6301,424.8872,5.29625,191.0656
8,16.75,85.484575,-23.8495,-9.747745,0.2724415,20.2716,1.16137,376.99125,6.051129,13.48715,52.6074,64.91738,106.8905,19.37506,391.4525,421.406,5.384625,178.6367
8,17.25,65.000125,-40.6061,-6.90442,0.2310135,20.24355,1.098995,377.328,4.98199175,13.65835,56.904875,26.5683775,60.8576775,11.5680675,388.92475,418.7769,5.292875,105.1462
8,17.75,32.04875,-42.285325,-3.631195,0.2068835,19.0473,1.27539,379.1805,4.796849,14.884775,61.02599,4.274428,31.02744,5.914951,379.3608,412.2154,5.350625,53.81747
8,18.25,24.02825,-40.9568,-0.5971745,0.18429,18.570375,1.3653775,382.706,3.5400745,15.2734,67.2383,-27.436575,4.47467875,1.96606,373.899025,407.9155,5.32575,10.74656
8,18.75,12.5803,-51.482425,1.47122,0.209857,17.3502,1.5813,386.57775,2.740882,15.1085,71.3131,-40.69664,-1.086294,1.188198,367.0959,401.8201,5.23,0.3734325
8,19.25,10.1378325,-49.0974,2.18362,0.203671,17.052675,1.636695,390.5825,2.4142535,14.95285,74.3937,-43.0389575,-3.15961775,0.796415525,368.655625,398.6042,4.846125,0
8,19.75,9.3942475,-46.44845,2.00121,0.199369,16.101,1.66263,392.062,2.068282,14.7122,75.7725,-43.43373,-3.332619,0.9589587,362.8176,394.3671,4.50075,0
8,20.25,7.6856,-52.5042,1.94038,0.211531,16.3158,1.64545,393.76,1.7060925,14.59445,75.830025,-42.0216525,-3.1874745,0.95197555,363.5761,394.8488,4.106875,0
8,20.75,7.27552,-55.18685,2.74271,0.19418775,15.5271,1.6488925,395.28875,1.597034,14.326975,77.9099,-41.9035,-3.011194,0.9459636,359.6701,391.6527,3.6555,0
8,21.25,5.962655,-53.3995,3.47539,0.199313,15.675775,1.5808,396.127,1.33546825,14.2466,78.36795,-40.8743075,-2.94727175,0.8918452,360.39765,392.345325,3.15275,0
8,21.75,5.0515775,-52.80085,2.3238275,0.2150725,15.0724,1.42936,397.766,1.299518,14.28825,79.7628,-41.3062,-2.995929,0.8742121,354.7195,389.0435,2.6765,0
8,22.25,3.88395,-47.95195,2.965825,0.1938345,14.98755,1.40653,398.927,1.1208335,14.44875,80.641575,-40.3940325,-2.93150875,0.961110075,357.125425,388.3663,2.295875,0
8,22.75,3.659835,-53.207475,3.31124,0.2085,14.426,1.73253,400.595,1.042006,14.5527,81.65749,-41.62035,-2.911413,0.9166313,352.7845,385.565,1.9445,0
8,23.25,3.7517575,-53.63515,3.086085,0.22951325,14.4455,1.705745,399.7395,1.04063225,14.64735,82.088625,-40.88223,-2.822622,0.884107825,352.24755,385.792425,1.535125,0
8,23.75,2.1271925,-52.827725,3.9185,0.2055585,14.161825,1.727725,399.7345,0.86912305,14.63145,83.544875,-41.2194075,-2.8229485,0.87204795,349.330425,383.580225,1.212125,0
9,0.25,0.672733,-60.08075,2.40625,0.196212,10.86905,1.5290225,399.2335,0.596787275,11.7829,84.25595,-44.50125,-3.1318415,0.989623725,329.0009,365.6951,-1.78725,0
9,0.75,-0.9726665,-64.0979,2.38597,0.2114135,10.55245,1.9141625,400.12775,0.605959125,11.755275,83.813975,-44.362905,-3.25128775,1.03974335,327.14015,365.454825,-1.804,0
9,1.25,0.4198505,-60.150475,1.92585,0.22442375,10.49995,1.7296375,398.82975,0.5340744,11.9752,84.05355,-43.531055,-3.131124,1.082279,328.4211,364.9107,-2.1375,0
9,1.75,-0.709871,-51.0099,1.7914025,0.189856,10.347,1.68574,400.6485,0.528020900349837,11.709,84.828005,-43.9081675,-3.11037575,0.92401735,326.108375,364.7408,-2.439,0
9,2.25,0.163706,-61.168275,1.9466325,0.2414695,10.53865,1.692265,400.61,0.5138784,11.7865,85.90085,-42.95947,-3.059048,0.81330125,328.86595,366.1974,-2.5845,0
9,2.75,-1.74334,-62.61505,2.6444625,0.239429,10.08275,1.657435,401.312,0.47048185,11.910675,85.900915,-44.3831475,-3.07313725,0.983066275,326.0397,362.95745,-2.7355,0
9,3.25,-4.39124,-66.5916,2.14642,0.23141425,10.5079,1.756965,401.077,0.48813455,11.95915,85.98475,-43.171235,-3.087116,0.875529,324.6313,364.71935,-2.95,0
9,3.75,-4.02963,-56.84185,2.234215,0.1989385,9.8893,1.54938,401.691,0.435684746419903,11.899,85.670025,-43.832765,-3.1126935,0.948389675,322.809825,361.813825,-3.053,0
9,4.25,-5.4885025,-60.00415,2.14258,0.213289,10.1226,1.56871,401.6555,0.40090415,11.777575,84.905095,-43.69072,-3.096734,0.7554341,324.7413,361.6677,-3.1955,0
9,4.75,-5.586855,-59.4934,2.44366,0.2260095,9.77129775,1.6478675,401.7615,0.357802425,11.4927,86.3066325,-43.3920875,-2.95585825,0.85929315,323.910775,361.10355,-3.3405,2.384186e-08
9,5.25,-3.148865,-57.0958,2.0317075,0.217886,10.2081,1.50061,401.955,0.36057935,11.2934,84.69505,-36.652295,0.14711625,1.458328,327.61255,362.54285,-3.399,3.610283
9,5.75,-0.628963,-55.2047,1.841895,0.19761075,10.227975,1.51425,402.04425,0.447348075,11.302275,85.907525,-22.8969675,11.4078475,4.165208,326.1538,362.576425,-3.5275,42.90855
9,6.25,3.75076,-43.27815,-0.43418225,0.1956865,11.36285,1.221105,399.981,0.79083695,11.31345,81.857645,14.45454,43.308095,9.2968765,329.42755,368.9176,-3.554,78.59673
9,6.75,9.76449,-33.545,-4.4552675,0.19903825,11.95755,0.71797875,396.13925,0.973824067890635,11.786175,78.6668975,40.91074,88.3762225,18.500545,333.25605,371.9693,-3.353,160.3902
9,7.25,17.9355,-20.0981,-9.10077,0.166194,12.79815,0.5272985,394.99775,1.7379905,11.71855,73.62545,80.29148,120.52075,21.33651,339.243,375.9033,-3.6815,209.073
9,7.75,31.2944,8.5758175,-10.6897,0.150092,13.049375,0.579639,394.494,1.80512175,12.125975,72.5877675,123.84555,178.541025,31.785,342.8248,380.085025,-3.814,271.5129
9,8.25,50.1853,31.109725,-12.6775,0.17664,13.10595,0.75400875,392.92,2.155056,11.8016,71.115145,166.5592,219.12075,40.256855,347.84805,383.8547,-3.798,404.5076
9,8.75,72.048,38.16545,-13.55345,0.22638975,13.742425,0.925965,391.67925,2.47083956338086,11.736575,68.9815875,174.96245,242.6739,45.9363625,350.863625,389.860225,-3.42175,465.8614
9,9.25,98.15695,53.46275,-16.1922,0.262029,13.6715,1.08853,389.479,2.862523,11.6003,64.38509,222.7271,290.2687,50.89413,353.0616,389.8017,-3.170875,564.5552
9,9.75,109.27075,62.6296,-17.507775,0.300241,14.1991275,1.217535,387.50725,3.39207999839962,11.54225,61.7209425,291.9355,374.230725,65.71112,358.065025,396.0855,-2.57375,609.7621
9,10.25,128.09625,71.736575,-17.5122,0.3452345,14.8638,1.34364,385.906,4.512315,10.99745,59.5657,283.6072,354.2286,63.86795,360.6839,397.1577,-2.184375,792.5201
9,10.75,120.2745,69.060875,-19.311425,0.369277,15.38308,1.24193,384.825,4.74675647225895,10.9864,57.3224,286.4097,362.9028,67.42299,365.6502,402.0654,-1.648,680.2598
9,11.25,128.581,66.99715,-19.78265,0.3947605,15.6939,1.137495,383.87025,5.002144,11.2792,54.6566,262.1212,336.2267,57.96125,365.994,401.0423,-1.1045,600.4657
9,11.75,132.253,70.6648,-18.853,0.401333,16.54692,1.168065,383.2965,5.516456,11.26295,54.56167,269.4498,361.2386,60.73207,367.5012,404.197,-0.631,592.2997
9,12.25,125.32775,52.79675,-18.502475,0.340319,16.5643,1.2751325,382.82875,5.498579,10.9978,52.80199,214.5476,274.8502,46.76254,369.6922,402.5676,0,526.0703
9,12.75,118.047,61.108025,-18.528,0.39163,16.7606,1.32475,381.588,6.38514,10.9505,50.89675,261.3239,331.9665,55.56957,369.1222,404.6529,0.65,583.3309
9,13.25,117.275,45.7801,-16.9928,0.405232,16.3554,1.31672,380.764,6.034101,11.0495,51.0445,205.8841,261.61,44.22396,371.4481,402.8825,0.8865,454.4315
9,13.75,112.2055,39.30435,-15.7316,0.42021525,17.1192,1.43722,380.68375,6.168714,11.05335,50.4882,223.9118,289.054,49.71669,371.562,406.606,1.479,340.3948
9,14.25,105.995,34.2333,-15.7463,0.41106775,16.5202,1.4773875,380.5105,6.303806,11.0021,50.8521,179.4727,245.0664,41.97572,372.2892,403.9326,1.735,266.3423
9,14.75,98.9801,17.526775,-14.6272,0.40729725,16.34419,1.5392475,380.1715,5.85591914457543,11.1124,51.1173,141.591,206.2149,37.1668,368.7021,401.6964,1.875,163.1164
9,15.25,77.28075,1.928755,-11.9047,0.339638,16.0369,1.27401,380.31,5.000899,11.3257,52.64629,92.00704,130.681,23.02341,367.3757,400.0059,2.0765,225.557
9,15.75,71.4407,-12.536575,-11.264,0.303068,16.5174,1.25808,380.248,5.386113,11.5154,53.1134,90.19167,136.7968,24.48868,365.8801,398.5056,2.104,188.6163
9,16.25,57.588,-25.2004,-8.71303,0.27051775,15.7693,1.01324275,380.41975,5.245651,11.40465,55.19939,35.61882,73.9688,13.03611,360.3314,393.3624,2.0035,131.9011
9,16.75,34.542225,-38.329975,-5.6429625,0.22541825,15.4864,0.92826675,380.85225,4.271825,11.73515,59.15143,11.61403,42.04399,8.434137,357.383,391.9405,2.043,58.30244
9,17.25,25.3657,-56.4434,-3.09935,0.18111025,14.2508,1.0087645,382.31075,2.701185,12.0811,65.75349,-28.78456,8.312492,2.308897,352.5513,385.1129,1.675,20.29096
9,17.75,15.3728,-60.0957,-0.43572225,0.174831,13.7147,1.26621,385.706,2.6254924095847,12.3092,70.5106,-36.97878,-0.712847,1.343894,347.5927,382.2199,1.4785,1.49381
9,18.25,9.30882,-56.486575,1.07277,0.1960085,13.3469,1.488965,388.2775,1.795926,12.61755,72.0199,-44.35593,-3.163058,0.9278238,341.3202,379.4087,1.348,0
9,18.75,8.14736,-64.374075,1.02491,0.2160205,13.0068,1.35459,391.04775,1.575414,12.1195,72.4809,-44.44178,-3.332951,0.9786972,343.0076,377.6813,1.3755,0
9,19.25,7.38232,-59.0186,0.9760975,0.209848,12.8672,1.28926,392.371,1.270268,12.023,73.74629,-44.26091,-3.49144,0.9137408,339.4175,376.8223,0.971,0
9,19.75,5.671925,-57.5241,1.319315,0.2034175,12.7609,1.25445,394.21075,1.280156,11.98565,75.66017,-46.07732,-3.319824,0.8656581,335.9936,375.3848,0.4345,0
9,20.25,4.832285,-54.051975,1.314655,0.18975075,12.5088,1.2032575,395.46775,1.112082,11.8108,75.4361,-44.61834,-3.309689,0.8120475,336.0334,374.1199,-0.0185,0
9,20.75,2.70004,-69.2708,1.29936,0.19046675,12.1353,1.065935,395.8705,1.182826,11.93505,76.30409,-45.80339,-3.266861,0.9900838,333.4795,371.9206,-0.3315,0
9,21.25,3.3615125,-60.1174,1.920835,0.18997575,12.0381,1.2968925,396.74475,0.9010979,11.986725,77.12939,-45.54012,-3.236864,1.077886,331.9647,371.0559,-0.672,0
9,21.75,2.4633475,-62.696525,1.641845,0.19564975,11.8734,1.2068925,397.124,0.9619741,11.860025,79.3921,-45.92247,-3.443964,1.001462,330.5049,370.4709,-0.8745,0
9,22.25,2.419165,-70.195825,1.6955925,0.1944715,11.5609,1.54164,397.632,0.7586918,11.93705,80.5904,-44.65003,-3.296593,0.9167289,328.5315,369.9116,-1.031,0
9,22.75,1.86194,-61.858325,1.75887,0.2015235,11.2488,1.563885,397.1905,0.8113968,11.8983,81.1312,-44.57701,-3.288332,0.9704587,328.7336,368.8792,-1.317,0
9,23.25,0.26650175,-67.144,1.71752,0.199474,11.2728,1.294395,398.8555,0.6626275,11.75515,82.0188,-43.72369,-3.132453,1.027011,328.6144,368.2143,-1.4865,0
9,23.75,2.58607,-57.9288,1.4720175,0.18005375,10.8615,1.300465,398.83325,0.69419305,11.7209,82.7213675,-44.3787675,-3.171717,0.93774935,328.173525,366.198775,-1.715,0
10,0.25,1.85685,-64.93695,1.1774,0.17745475,5.5372,1.20408,402.75525,0.3813007,9.0441775,79.4236925,-43.081525,-3.0882285,0.505818575,308.29,339.5884,-4.792,0
10,0.75,-1.0177825,-63.26325,1.28365,0.17229375,5.242,1.12007,402.271,0.3782889,8.90987,78.4687925,-42.9888325,-3.005517,0.554810825,309.804075,339.1432,-4.622,0
10,1.25,2.1626025,-64.01915,1.11302,0.18079225,5.2331,1.215205,401.785,0.4105473,8.82589,79.229675,-41.415745,-2.9609125,0.512840075,309.6609,339.310325,-4.901,0
10,1.75,1.32651,-74.726375,1.78799,0.2086425,5.0287705,1.200915,402.446,0.320241900889168,8.587345,78.600625,-40.6366375,-2.98978125,0.526561925,309.8221,338.866375,-5.0195,0
10,2.25,2.217245,-74.6097,0.8376335,0.1843235,4.9909,1.20748,402.70925,0.3253701,8.65628,79.9723225,-42.881645,-3.04137025,0.569623375,307.355475,338.116425,-5.1935,0
10,2.75,2.4141775,-74.721775,2.011935,0.201396,4.68795,1.3278075,402.853,0.29462635,8.77968,80.143615,-42.7443925,-2.96890425,0.606432025,308.097375,335.78875,-5.3555,0
10,3.25,0.2660335,-71.612425,0.8686995,0.2450485,4.5485,1.18383,402.6645,0.2844903,8.7560925,80.1765725,-41.7636525,-3.027702,0.49518265,307.032425,335.26915,-5.5815,0
10,3.75,0.842735,-56.6892,1.1178825,0.1945655,4.34219975,1.194495,403.353,0.27332035,8.3018075,81.022435,-41.923145,-2.960857,0.541258175,305.768125,333.969875,-5.664,0
10,4.25,1.18364,-59.1049,1.01138,0.1878405,4.46195,0.92633525,403.229,0.2655107,8.3906475,80.1801975,-42.2278275,-2.9032695,0.542688125,307.6403,335.10225,-5.749,0
10,4.75,0.751798,-71.0959,1.022738,0.2178475,4.361875,1.1325375,402.7325,0.2353725,8.64616,80.5846425,-42.55248,-2.981548,0.56425265,305.445,333.6535,-6.0015,0
10,5.25,0.886231,-72.2821,0.9046395,0.19210475,4.446975,1.07647,402.751,0.206144125,8.6276175,81.3030725,-43.2199325,-2.884306,0.5200901,306.8071,334.490075,-6.1475,0
10,5.75,-0.04437675,-82.84835,1.25155,0.20682275,4.362675,1.3970625,404.00075,0.217649225,8.4863925,80.9658225,-39.2847575,-0.7076392,0.8100628,307.77175,333.56795,-6.2125,1.774657
10,6.25,2.95029,-53.1426,1.16802,0.19896125,4.456875,1.1684025,402.53375,0.252521,8.465865,80.9791975,-13.2224975,7.8608455,1.97543025,304.918725,334.5133,-6.285,14.463675
10,6.75,1.90139,-52.0094,0.606837,0.196242,5.013875,1.046585,401.659,0.3353373,8.429065,78.005525,7.84222275,19.17918,4.2176785,308.939325,336.933575,-6.2495,33.8548675
10,7.25,7.131095,-29.0938,-3.0469225,0.186871,5.8048,0.63435625,399.7925,0.3917949,8.1239425,74.98045,28.941,40.8609,6.42053375,311.802425,341.908925,-6.407,70.92954
10,7.75,15.85685,-19.8671,-6.407645,0.1891675,6.23795,0.4994435,399.901,0.44254415,8.630145,72.589695,48.6805,63.229845,10.91972,317.02275,345.2578,-6.430875,120.90195
10,8.25,24.1927,3.2596225,-6.36466,0.185855,6.757524,0.608544,401.217,0.58251265,8.6092,70.149025,67.001725,85.023275,14.871075,320.4391,349.01105,-6.400375,141.63485
10,8.75,31.210825,26.6014,-6.38982,0.2055,6.98545,0.7824975,398.849,0.741108425,8.52475,69.092945,77.615805,105.69485,17.125515,319.48415,353.1194,-6.245375,171.692875
10,9.25,47.0735,30.313425,-8.008,0.25377625,7.524799,0.84908675,397.414,1.037506,8.5129125,64.9616225,101.766925,124.389475,21.04545,320.35975,354.981475,-6.0955,232.6622
10,9.75,43.59195,32.06465,-8.57315,0.28159625,7.8027995,0.95914325,396,1.168626,8.45334,64.474945,112.4692,146.8365,23.670855,323.72515,357.46625,-5.8335,212.04485
10,10.25,48.7472,40.6845,-9.45226,0.297793,7.870425,1.0332175,394.9675,1.47093475,8.6192575,61.23434,110.605175,141.893575,24.292765,327.727625,360.03565,-5.4795,232.79615
10,10.75,49.1639,46.98195,-10.03727,0.32539,8.0804495,1.010355,394.24475,1.689741,8.488005,59.304775,142.5249,177.136275,30.9557075,332.65885,362.038825,-5.21375,268.082625
10,11.25,53.90665,52.890275,-10.114875,0.34789725,8.480525,1.065185,392.9535,1.86496725,8.49049,56.323325,135.855675,171.127475,26.8344375,334.37405,362.2868,-4.820125,263.578425
10,11.75,55.1999,51.1662,-8.81315,0.324619,8.95940625,1.239155,392.273,2.0279635,8.62994,55.0644125,148.26955,178.551125,27.4891375,337.095075,364.38665,-4.3775,267.32085
10,12.25,54.8658,44.83365,-9.699265,0.37923575,9.3239,1.316945,391.97225,1.883774,8.5740025,52.6525975,131.36075,165.89825,24.99139,333.9935,366.459175,-3.993125,300.848775
10,12.75,58.564875,35.77875,-9.87593,0.3934405,9.36082475,1.20397,391.1665,2.33615275,8.5373275,52.2088575,116.1623,151.77475,21.61422,337.680725,366.115475,-2.881,204.16285
10,13.25,52.681575,36.65185,-9.75656,0.402076,9.616975,1.31369,390.95925,2.148615,8.52627,50.793975,102.8719,128.137,19.0546775,335.983425,365.5645,-2.9455,219.9862
10,13.75,55.2032,36.3311,-8.5017175,0.412681,9.706075,1.35555,390.72,2.36963075,8.581555,50.2933,96.3453025,122.644975,19.330895,335.147475,364.963275,-2.751,168.9076
10,14.25,50.6369,28.7507,-8.34948,0.4072535,9.6067,1.29278,390.5835,2.02417625,8.338065,49.46175,76.83392,101.23665,13.16918,334.21705,363.980575,-2.5425,153.317475
10,14.75,39.4982,16.30155,-7.16744,0.3621985,9.93439925,1.090865,390.94375,2.2255775,8.063835,49.1119525,58.670925,81.3701625,13.418315,333.176125,363.149875,-2.32975,134.60805
10,15.25,35.593025,0.2816291,-5.9506575,0.31268925,9.986875,1.1162525,391.4555,2.0722885,8.1348425,49.3378,35.1987825,57.6649175,8.36051325,331.973075,362.8913,-2.238625,107.811525
10,15.75,22.43945,-16.6199,-4.5940275,0.2741445,9.9278995,1.08266,391.7825,2.1460865,8.454235,51.2755675,13.3391375,34.63628,5.60598925,330.617325,361.0904,-2.08125,63.7491675
10,16.25,18.0371,-34.62385,-2.651495,0.242939,8.755099,0.894659,391.53275,1.773398,8.3447725,54.04005,-5.35968825,9.575765,2.29871975,327.800875,357.312925,-2.065875,25.0915275
10,16.75,11.341745,-48.671075,-1.241385,0.21229,7.93375,1.096135,393.1875,1.6106275,9.170795,60.37235,-34.325625,0.0919855625,1.2804215,324.4589,353.33845,-2.060625,2.396388
10,17.25,8.853065,-62.452875,-0.035813195,0.18687325,7.281199,1.239595,394.95825,1.212202,9.6750425,63.241415,-46.18818,-3.2004245,0.513467275,318.345475,348.681475,-1.99375,0
10,17.75,6.9714,-60.7724,0.321992,0.197605,6.888849,1.62386,395.9695,1.118372,9.31733,67.633775,-46.8275225,-3.56185475,0.555317825,314.87895,345.95545,-2.065375,0
10,18.25,7.22537,-62.8192,0.4673775,0.200699,6.4864,1.5476,398.631,1.012525,9.46442,68.99585,-47.042945,-3.53202125,0.5531365,313.016,346.388025,-2.113,0
10,18.75,6.30415,-57.6122,0.69692275,0.223226,6.25425,1.37235,398.938,0.87798765,8.85819,71.0008725,-46.6354275,-3.3652615,0.607081775,313.0791,344.919225,-2.498875,0
10,19.25,5.484475,-61.4209,1.22171,0.189372,6.2249,1.49673,399.89825,0.7925892,8.5762725,72.25,-45.7856325,-3.31714925,0.6006516,312.462825,344.763675,-3.02225,0
10,19.75,2.38505,-59.6998,0.8244535,0.18295875,5.9177495,1.5247825,400.2435,0.7010085,8.1078175,72.324775,-46.0605325,-3.32761975,0.585073175,310.6672,342.976175,-3.246875,0
10,20.25,4.1464,-56.5239,1.4199275,0.218323,5.916,1.411105,399.8005,0.6789555,7.961095,73.7083175,-45.12036,-3.220223,0.593554225,310.61215,342.4347,-3.535125,0
10,20.75,4.2813875,-63.784325,1.35547,0.20858575,5.8753,1.436635,400.1285,0.5791532,8.817505,75.196325,-44.639905,-3.14984075,0.562256825,311.157,341.561575,-3.907625,0
10,21.25,3.750165,-59.923625,0.9426125,0.20828025,6.0784,1.27222,400.944,0.503527,8.5887725,74.9422475,-44.025485,-3.10157375,0.56959935,312.353625,341.92385,-4.1845,0
10,21.75,3.07297,-57.865775,1.0780715,0.1746585,5.9594375,1.1106675,400.915,0.503452746005073,8.694595,76.9766,-43.7192975,-3.0993115,0.602084225,311.94605,342.687,-4.337625,0
10,22.25,2.8923675,-68.2456,1.3039,0.19599075,5.73,1.28968,401.0885,0.415002,8.61478,77.0376,-42.71373,-3.06358475,0.620565975,312.32175,341.6364,-4.4765,0
10,22.75,1.17136675,-60.24775,0.849593,0.189734,5.56545,1.2140925,402.1915,0.387509436256585,8.24572,78.394575,-43.5670775,-2.992138,0.575830775,310.8672,341.254575,-4.584625,0
10,23.25,3.4732975,-60.0254,0.969592,0.2025375,5.3756,0.940846,402.3595,0.3663761,8.405125,77.9245925,-43.7876125,-3.0448995,0.58362815,309.775625,340.8552,-4.737375,0
10,23.75,2.5641,-57.88,1.654485,0.175757,5.3099125,1.26549,401.768,0.34389085,8.87398,77.842915,-43.2958825,-3.03333,0.540416325,308.1295,339.79325,-4.83675,0
11,0.25,0.5244845,-50.0333,-0.642761,0.1974235,-2.38765,1.0353795,410.375,0.4681697,4.627705,69.676695,-42.95744,-2.8646475,0.52208915,271.30025,303.5996,-8.01,0
11,0.75,3.1698675,-63.443325,-0.1747435,0.2011355,-2.17158725,1.095085,409.462,0.41997905,4.500795,70.3048425,-43.6674525,-3.06311825,0.5408148,274.41705,304.583625,-7.8905,0
11,1.25,2.28702,-62.874075,0.007941875,0.230818,-2.49315,1.40803,410.25925,0.39739435,4.3196075,72.00435,-44.02724,-3.057493,0.5126216,271.981,302.5765,-7.958125,0
11,1.75,2.0193125,-60.6714,0.0521962,0.225665,-2.4406,1.25758,410.459,0.40360015,4.61682,72.3333925,-44.182875,-3.1248285,0.551999975,270.35495,303.25405,-7.9365,0
11,2.25,1.748275,-51.475125,-0.232897,0.186802,-2.91815,1.08913,410.6005,0.405007,4.643845,72.386845,-45.03926,-3.245635,0.5577829,270.09875,300.966,-8.056875,0
11,2.75,2.38116,-51.4492,-0.17329205,0.190586,-2.5723125,1.34272,410.825,0.42208975,4.54542,73.2802225,-44.438985,-3.04302375,0.4819489,272.5458,302.101875,-8.156375,0
11,3.25,1.443315,-53.094675,-0.16339375,0.182527,-2.94105,1.38827,411.023,0.4240348,4.4302725,73.27515,-46.10629,-3.153508,0.3877253,270.6571,301.2116,-8.2855,0
11,3.75,1.62041,-46.5678,0.026207975,0.2137145,-2.73304325,1.32855,409.99325,0.41765635,4.3433575,73.7623175,-44.0772575,-3.09626875,0.4415778,272.71215,301.680575,-8.405125,0
11,4.25,1.77766,-50.62845,0.089349425,0.207475,-3.3729,1.195945,411.6255,0.45565335,4.47126,73.9489,-44.604985,-3.235246,0.4388233,270.6292,299.93155,-8.475625,0
11,4.75,1.40735,-49.41095,0.45479775,0.20707575,-3.170125,1.5242625,412.51825,0.42815005,4.3763125,73.8419975,-43.982365,-3.06551,0.484092425,271.932875,301.8876,-8.492125,0
11,5.25,2.647795,-48.38615,-0.0945248,0.1967885,-3.2935,1.159965,412.245,0.37683745,4.4597225,74.53045,-43.286205,-3.024287,0.4671121,268.8254,299.96925,-8.5305,0
11,5.75,1.80285,-51.67055,0.196291675,0.19122275,-3.0812,1.349295,413.084,0.368043575,4.66786,74.0529175,-43.0060425,-3.0031065,0.4388858,270.5406,301.4397,-8.5945,0
11,6.25,1.911015,-49.3343,-0.3051545,0.1921285,-3.62865,1.333375,413.63,0.32403185,4.49233,74.62605,-41.29932,-1.0363189,0.6201449,268.24215,298.3465,-8.583,0.51916475
11,6.75,1.223375,-57.565825,-0.37926225,0.2022085,-2.96722525,1.379245,412.9105,0.359061325,4.784195,74.5270175,-21.01148,2.783253,1.2068875,272.2448,301.9726,-8.521,14.23903
11,7.25,2.30348,-47.7436,-0.518863,0.1777575,-2.58465,0.882761,409.461,0.2932309,4.639495,71.155895,4.5930075,15.721765,2.7131795,269.89505,301.16475,-8.585875,43.960845
11,7.75,2.06243,-41.45615,-1.10178,0.196455,-1.982025,0.676216,409.234,0.3875204,4.4880625,68.4320725,16.071295,30.7789125,4.6723525,274.625475,306.116025,-8.602125,80.044475
11,8.25,3.36439,-27.3229,-1.4618575,0.181752,-1.65945,0.448302,407.75925,0.46487805,4.4060675,65.12149,35.045125,48.899065,7.264838,271.72905,308.4787,-8.583375,145.67105
11,8.75,11.2888,-19.3514,-3.089095,0.174271,-1.245669,0.637565,406.632,0.619590975,4.36654,64.1613475,48.85642,66.46969,8.9578525,275.106025,312.684425,-8.6195,197.76205
11,9.25,11.6393,18.8683,-3.0978725,0.18647575,-1.27815,0.68672475,406.16075,0.62440535,4.26309,62.0392,70.951735,91.56628,11.9981,276.9785,313.68465,-8.567875,230.3367
11,9.75,18.3948,17.75895,-3.8522,0.24764775,-0.75349785,0.7810015,406.7425,0.68219655,4.2541975,61.22825,78.93198,105.11489,12.8722825,280.349375,316.657725,-8.565,289.8848
11,10.25,13.6456,26.741575,-3.5289025,0.265491,-0.7509,0.967629,406.048,0.6511801,4.11568,58.61855,93.265225,112.84025,14.315565,281.7329,315.22655,-8.533625,287.50975
11,10.75,17.974775,27.5939,-3.5250375,0.3318065,0.010047914,1.14068,404.4075,0.791466275,4.25036,56.7648225,88.0961975,106.945575,14.68752,289.246275,317.951775,-8.425125,305.908
11,11.25,21.26265,32.1259,-4.147595,0.372833,-0.3167,1.35497,404.573,0.88649385,4.36482,54.068745,80.029165,97.760865,12.75242,286.48435,317.14985,-8.26,337.72275
11,11.75,21.78235,49.3063,-4.38773,0.345229,0.4169,1.46386,404.548,0.9436091,4.19615,54.0194,76.98523,97.88106,12.91976,290.9936,319.3373,-7.976875,326.4087
11,12.25,22.4195,46.655,-3.802255,0.3401955,0.1905,1.2018025,404.1595,0.9799877,4.1899,52.08435,74.00283,87.99313,10.828955,290.1409,319.0413,-7.80725,325.07445
11,12.75,21.427575,48.433925,-3.967665,0.38431725,0.933,1.2142125,403.68475,0.8512525,4.1846375,51.4431,67.65756,85.50675,11.92442,292.1626,321.1785,-7.442625,281.3874
11,13.25,18.7821,32.0102,-3.881405,0.3484445,0.5289,1.183175,403.8695,0.8905402,4.30665,50.24845,52.18567,66.661195,9.2422105,291.9192,320.24175,-7.46675,186.01285
11,13.75,14.88175,19.2184,-3.09357,0.330873,0.7076,1.506135,403.0595,0.9257461,4.169475,50.2023,52.0738,68.29153,9.164459,293.1658,319.879,-7.43275,187.5407
11,14.25,15.2344,13.27855,-3.55994,0.31579925,0.605425,1.1006475,403.9735,0.804011175,4.260755,48.647125,37.7073975,52.234875,6.78828125,290.7406,318.56105,-7.4015,130.60915
11,14.75,12.951875,1.24725975,-2.64457,0.3046575,0.69859165,1.02019825,404.3635,0.773966325,4.391225,49.174075,24.978945,38.9902,5.63494825,291.090625,318.400275,-7.302375,93.0691
11,15.25,8.9401725,-15.88795,-2.99075,0.313228,0.170525,1.17782,404.431,0.67804835,4.47991,51.73335,4.21795675,20.12728,3.12820075,288.25235,315.4568,-7.226875,55.13533
11,15.75,6.205675,-33.395125,-1.2959,0.2459715,0.20705,0.945879,405.2995,0.688751025,4.565085,53.600875,-21.62086,7.4394285,1.77678425,287.785025,316.060525,-7.183125,17.78935
11,16.25,2.8724775,-42.7413,-0.32198175,0.179491,-0.394525,0.822824,405.64075,0.657827675,4.6057125,56.11165,-44.73052,-0.82282685,0.80740015,281.984975,313.3672,-7.099625,1.2453625
11,16.75,5.090525,-59.2496,-0.36447175,0.18952,-0.313425,1.02945,406.6985,0.670018775,4.5153325,59.195725,-46.10314,-3.2077125,0.6687684,281.50145,312.97885,-7.07625,0
11,17.25,3.07413,-62.79495,-0.29061,0.2282085,-0.751974975,1.284175,407.219,0.638114475,4.75585,60.301,-46.0401975,-3.35958175,0.6339463,277.670625,311.027575,-7.11925,0
11,17.75,2.8134675,-68.8419,-0.15454425,0.188032,-0.653975,1.22166,407.6795,0.581140475,4.55494,62.43925,-45.899565,-3.26728025,0.584497425,278.77315,312.095275,-7.18675,0
11,18.25,1.64648,-55.9266,-0.301713,0.1817555,-0.872724925,1.19559,407.962,0.562741,4.6203,62.7251925,-44.370165,-3.131221,0.5527122,276.505025,310.4857,-7.16025,0
11,18.75,2.7983725,-57.5956,-0.06482343,0.15521,-0.953299975,1.2268,408.5315,0.62152735,4.623365,64.8410975,-43.5221975,-3.082133,0.472794725,280.103425,311.475225,-7.092,0
11,19.25,2.33423,-52.6615,-0.212036,0.22389225,-1.290175,1.1093975,408.531,0.611537675,4.61982,64.5147,-44.434645,-3.03409075,0.494114,278.077675,309.37635,-7.229125,0
11,19.75,1.621715,-60.3645,-0.33893425,0.2227995,-1.2102605,1.205425,408.495,0.6488044,4.577335,64.75335,-42.460215,-2.960814,0.520895325,283.7178,310.663125,-7.40575,0
11,20.25,1.972125,-59.642225,-0.5925715,0.157633,-1.452775,0.872854,408.982,0.577137975,4.48151,66.5725425,-42.7374575,-2.90556925,0.52356445,276.871125,307.9906,-7.471,0
11,20.75,0.687461,-53.3433,-0.1764965,0.18470125,-1.239575,0.97459925,408.46425,0.56675825,4.56861,67.0621675,-42.94943,-2.91353025,0.5318218,281.640475,308.8695,-7.491,0
11,21.25,1.97873,-62.68715,-0.378858,0.204658,-1.52085,0.8070375,408.681,0.524379375,4.617225,68.1164,-41.634435,-2.816816,0.467139425,280.295975,307.508575,-7.57725,0
11,21.75,2.705275,-53.7894,-0.42717575,0.20882,-1.59269375,1.12454,408.622,0.560034875,4.40108,68.9455,-42.3988225,-2.848184,0.523035775,282.5273,308.06255,-7.68075,0
11,22.25,1.0654675,-58.1991,-0.279428,0.2041195,-1.831175,0.9933225,407.7895,0.53700115,4.4960725,68.748375,-42.55917,-2.93084225,0.51668615,276.779675,307.52475,-7.7375,0
11,22.75,1.47152,-47.101775,-0.75378375,0.173231,-1.97975,0.759162,408.945,0.541608925,4.39817,69.3269975,-42.31765,-2.975193,0.4842186,281.43365,306.647075,-7.830875,0
11,23.25,1.63167,-47.87015,-0.70225375,0.19775025,-2.362875,1.0489425,409.8635,0.486586275,4.506965,69.040865,-42.6009475,-2.95368425,0.506060525,273.675275,305.0259,-7.857875,0
11,23.75,1.10474325,-53.312175,-0.257006,0.179481,-2.075425,0.888497,410.027,0.487996775,4.48987,69.143725,-42.9107825,-2.936556,0.542004525,279.892625,305.48825,-7.902375,0
12,0.25,1.060915,-53.368075,-0.7393395,0.23025875,-7.50877475,1.3297325,412.33525,0.41620975,3.4438525,72.3078925,-42.8077,-3.0141195,0.33351905,250.47075,281.689625,-6.181625,0
12,0.75,1.047331,-53.1426,-0.68591225,0.196736,-7.4310495,1.08189,412.772,0.4086082,3.40212,71.43435,-42.175495,-3.06141,0.3695541,250.68675,282.19155,-6.038125,0
12,1.25,1.0342485,-60.7044,-1.5863675,0.18664775,-7.578975,1.141935,411.857,0.40983825,3.3906775,72.239275,-42.86994,-3.13325675,0.3808752,253.077225,282.135425,-6.077375,0
12,1.75,0.058614795,-54.0027,-0.9134415,0.20212,-7.6001495,1.0881,412.07625,0.36227305,3.3666625,72.39035,-39.32202,-2.788328,0.40489465,252.99975,281.23785,-6.095875,0
12,2.25,-0.647318,-62.3706,-1.050995,0.21746075,-7.60164925,1.14068,411.518,0.35866075,3.34639,73.322175,-42.03953,-3.067666,0.3709254,250.89395,281.13515,-6.111,0
12,2.75,-0.24920825,-58.9708,-1.38267,0.201358,-7.68285,1.164925,411.426,0.3301261,3.368525,73.5228,-40.723575,-2.918318,0.43285555,249.92845,280.4877,-6.13925,0
12,3.25,0.602152,-54.605425,-1.1362525,0.1941645,-7.73799975,1.088075,411.41,0.328422675,3.35789,74.200525,-41.36135,-2.901819,0.45172745,251.98795,279.991325,-6.146,0
12,3.75,1.11684,-54.6304,-0.931983,0.193621,-7.58065,1.10984,411.192,0.3058519,3.3403725,73.759495,-39.968585,-2.7822755,0.39222355,253.24135,279.7023,-6.17925,0
12,4.25,0.59300325,-59.864325,-1.3318075,0.20596475,-8.02142425,0.8143245,410.5315,0.309155175,3.338195,74.053125,-41.49762,-3.03006375,0.42188485,252.9227,279.065,-6.1695,0
12,4.75,-0.56575725,-51.6729,-1.16595,0.1763725,-8.27815,0.985738,409.84025,0.29717005,3.346105,74.367745,-41.40693,-2.9699395,0.4402519,252.1914,279.10245,-6.19925,0
12,5.25,0.8152345,-56.69265,-1.43526,0.204293,-8.112099,1.11837,410.33,0.3084712,3.351385,73.70045,-40.0557425,-2.93864175,0.41146675,249.2136,279.471375,-6.214125,0
12,5.75,-0.6464345,-55.3545,-1.48739,0.226853,-8.0566495,1.33044,410.1985,0.2739973,3.340995,73.33049,-38.749245,-2.8258195,0.44751845,251.9349,279.62235,-6.256375,0
12,6.25,-0.4356185,-64.1868,-0.786994,0.19778,-8.0634,0.922144,409.08975,0.283846375,3.29605,72.99225,-38.44508,-2.77304475,0.5245677,251.505175,278.9501,-6.32275,0
12,6.75,1.237415,-59.679,-1.4808625,0.21232025,-8.4376,1.20728,409.437,0.29167615,3.2903875,73.00085,-38.951415,-1.66774,0.60458485,253.42885,277.2697,-6.11775,0.249118
12,7.25,1.2065195,-64.3509,-1.469765,0.2539915,-8.20267425,1.106095,409.124,0.332671275,3.23938,73.001225,-21.6543325,3.71868475,1.39596025,253.6013,277.24005,-6.168,7.122495
12,7.75,0.5516135,-66.660925,-1.7887025,0.22163825,-7.5280495,1.0373175,408.554,0.3545609,3.2131875,72.431255,0.011348725,12.315115,3.122026,254.054,279.13945,-6.233875,24.27223
12,8.25,2.932635,-63.4395,-1.5807025,0.221125,-6.82325,0.764122,408.11525,0.401273,3.18956,70.6104975,14.7502775,25.6060625,5.5290795,253.4703,281.395975,-6.242125,37.917965
12,8.75,2.73466,-52.24305,-3.353335,0.2084595,-6.5848915,0.77488125,406.997,0.45193945,3.1871525,68.6659,26.15509,40.539235,8.442076,254.87425,284.27435,-6.25925,74.15959
12,9.25,5.18021,-12.4062,-3.68343,0.202911,-6.24645,0.579773,404.8875,0.55354225,3.167075,65.8749,45.9992425,70.524585,11.8068775,255.8237,287.247375,-6.28075,104.175575
12,9.75,4.8202625,6.3650025,-3.587245,0.196123,-6.65705,0.7131155,406.15125,0.5291725,3.13396,66.64571,54.159865,72.60274,14.345155,257.5201,288.6488,-6.28575,118.108
12,10.25,9.6288,13.789,-3.73223,0.1876835,-6.244,0.77132675,404.988,0.564769525,3.11699,64.278065,55.94921,76.30348,16.0284425,258.539725,290.287975,-6.33,130.7422
12,10.75,8.1582575,20.1913,-3.67738,0.2412595,-5.82545,0.9768585,406.567,0.57809815,3.09461,62.11855,72.09487,96.0072825,17.3424575,260.20305,291.6547,-6.290125,178.3312
12,11.25,9.7919,30.3732,-3.3358975,0.27062125,-5.249325,1.1434025,406.1245,0.659412225,3.06679,60.40615,70.29047,88.7457775,17.5966575,261.241775,294.20395,-6.292,129.26705
12,11.75,10.47305,23.19655,-3.417185,0.295359,-5.05935,1.09725,405.98,0.62191485,3.057305,59.16115,74.22754,103.01265,17.326515,265.98295,295.4189,-6.28775,126.41345
12,12.25,11.1682,37.173975,-3.52667,0.355043,-4.8776,1.19621,405.7185,0.635500775,3.05653,58.44325,63.2609175,85.982165,18.9818625,265.09505,295.825225,-6.309375,137.27
12,12.75,8.5846,28.9119,-4.192555,0.3205695,-4.5988,1.144915,405.47725,0.628397075,3.0297,56.7092,68.5784625,91.9282875,15.795035,263.8565,296.2509,-6.071125,133.403
12,13.25,8.871295,25.1761,-3.82649,0.313068,-4.40965,1.0866,406.393,0.7491817,3.0495875,55.4719,62.135535,80.83341,15.3134725,263.4799,296.573975,-6.121375,109.3139
12,13.75,7.71699,12.8946,-3.2347375,0.336543,-4.374475,1.17072,407.62425,0.712284275,3.01098,54.4685975,42.77669,62.0576225,10.074595,267.09375,295.868575,-6.169875,101.22527
12,14.25,7.80394,1.990425,-3.048835,0.32412825,-4.189775,1.2060875,407.34,0.66779885,3.0320275,54.2068225,25.2433775,40.4625675,6.510647,265.9636,296.383075,-6.1815,67.375955
12,14.75,5.9898075,-18.7279,-3.00218,0.3437255,-4.43085,1.019555,408.935,0.6668365,3.0684575,55.02755,14.0541025,24.26408,4.74318375,265.975775,294.60645,-6.2125,38.241845
12,15.25,2.7977225,-32.54815,-2.438235,0.2689245,-5.011175,0.87386375,410.513,0.57786035,3.138455,59.1445,-13.6753275,13.1562475,2.52977325,264.149875,292.865975,-6.19,19.69966
12,15.75,2.633465,-36.2188,-1.46244,0.21597325,-5.734948,0.80150625,411.42725,0.5954842,3.2441825,60.62075,-33.645015,3.07042975,1.1472855,262.9906,290.030625,-6.1895,5.39795
12,16.25,1.30596,-45.0228,-1.18327,0.19157025,-6.027,0.93186925,411.271,0.54084985,3.307075,62.4694925,-45.5266775,-2.76953275,0.4975967,257.71145,288.28225,-6.1985,0.08306101
12,16.75,0.98727025,-46.353,-0.9952185,0.1886105,-6.07029925,0.9464965,411.95875,0.5012691,3.3577175,63.09375,-44.19999,-2.93248475,0.48775335,259.62085,287.711375,-6.1975,0
12,17.25,0.941955,-50.697075,-1.04628,0.19153,-6.16825,0.984624,411.87375,0.50402035,3.415245,64.5288,-44.2686325,-3.1283095,0.406988175,256.636225,287.3714,-6.1775,0
12,17.75,1.529715,-47.525725,-1.29361,0.20375525,-6.2599,1.10284,411.956,0.49443965,3.41189,65.8047175,-43.89989,-3.21501675,0.416201825,255.733525,286.425225,-6.1775,0
12,18.25,0.366672,-48.7728,-1.00473,0.211316,-6.3404,1.1925175,412.056,0.41719065,3.482405,66.1798425,-45.13235,-3.17076825,0.458635825,252.4655,284.457125,-6.1705,0
12,18.75,1.2759675,-46.43915,-0.815412,0.1840385,-6.606924,1.048526,412.537,0.48541945,3.44808,67.4648425,-42.172745,-2.95880425,0.4261325,258.16875,284.23785,-6.0135,0
12,19.25,1.08008,-54.791,-0.724991,0.177172,-6.8561,1.287015,412.2765,0.425981825,3.415375,68.20955,-41.8062575,-3.02665975,0.36730465,257.6075,283.4881,-6.018,0
12,19.75,1.991515,-49.4149,-0.71133425,0.191018,-7.06769975,1.091645,412.52325,0.410151825,3.47355,68.396925,-42.41668,-2.95609275,0.396309225,255.3528,283.2218,-6.087,0
12,20.25,1.122735,-62.0966,-0.911303,0.203375,-7.107075,1.1466,412.66325,0.369810075,3.45706,69.451775,-41.9342775,-2.89869,0.3617053,257.3649,282.76635,-6.1035,0
12,20.75,1.87095,-57.402825,-0.975532,0.212097,-7.19592425,1.04584,412.92925,0.3475663,3.48433,69.3373225,-40.7145225,-2.744317,0.346092575,256.805675,282.98195,-6.1025,0
12,21.25,2.0022075,-61.9406,-0.831272,0.18260675,-7.31235,1.135205,412.82125,0.355204025,3.52898,70.77435,-38.57731,-2.78265225,0.31859765,255.819025,283.376,-6.1325,0
12,21.75,1.69906,-49.3492,-0.971755,0.211059,-7.30946175,1.1351175,411.796,0.35365095,3.5596,69.902725,-40.037885,-2.9166035,0.438607925,254.466225,282.178575,-6.119,0
12,22.25,1.165315,-58.254425,-0.902309,0.16934675,-7.3969,1.007371,411.7125,0.398888525,3.54084,70.6311,-39.65815,-2.98855025,0.39567115,254.85565,281.14005,-6.0995,0
12,22.75,1.1296,-53.847,-0.7892605,0.214205,-7.93694925,1.26478,411.58675,0.34688785,3.52933,70.6321,-40.9865875,-2.8343625,0.3284476,255.051175,281.8616,-6.0915,0
12,23.25,-1.95404,-47.8229,-1.0096505,0.1838285,-7.66614975,1.245675,412.012,0.37378625,3.5293875,70.01045,-41.5582175,-3.0092695,0.379381975,254.408275,282.12365,-6.0815,0
12,23.75,1.2452775,-50.3642,-0.3844095,0.194889,-7.891875,1.21131,411.765,0.3642795,3.551395,70.7049,-41.4496125,-3.0569875,0.348257075,250.79535,280.532125,-6.096,0
