DOY2,HR2,FC,H,LE,USTAR,TA,PA,RH,VPD,WS,U_SIGMA,V_SIGMA,W_SIGMA
1,0.25,0.792989,-0.3039785,20.24795,0.361651,1.22650000000002,98.92815,100,0.13629775,4.49016,1.04865015407745,0.780793186445681,0.464136833272258
1,0.75,0.5881995,-3.05415,23.91765,0.372626,0.830000000000013,98.9312,100,0,4.35159,1.04958086872808,0.743756055057349,0.45602130860334
1,1.25,0.8031955,-4.94071,19.8383,0.355994,1.21500000000003,98.9485,100,0,4.23103,1.02259967707852,0.757025759139014,0.42753131184932
1,1.75,0.870505,0.010035,22.309,0.359182,1.04300000000001,98.9213,100,0,4.453645,0.974102150700839,0.866699015894936,0.429026881965115
1,2.25,0.688892,-5.771775,19.84205,0.33039,1.05100000000004,98.9371,100,0,4.46453,1.00127216245341,0.805422870298578,0.414154037727797
1,2.75,0.89028675,-3.349335,20.8554,0.3521105,1.464,98.80225,100,0,4.24874,1.00270135135044,0.804963006747444,0.427451894473196
1,3.25,0.7767695,-4.476675,21.6935,0.3539275,0.43300000000005,99.0148,100,0.146059,4.8452225,1.0277461510425,0.775387307261089,0.435896166897977
1,3.75,0.62299075,-2.46681,18.441375,0.3314985,0.0620000000000118,99.0184,100,0,4.58652,1.01155512415401,0.81817803321947,0.424719668759686
1,4.25,0.638742,0.412391,22.88765,0.33725425,0.387000000000057,98.9919,100,0,4.5701725,1.00822000981722,0.77808251122786,0.388542807888017
1,4.75,0.7678895,-3.572355,21.434,0.3091575,0.676000000000002,98.916675,100,0,4.18155,0.878527745720077,0.706186898051694,0.408286141671501
1,5.25,0.6688215,-2.29416,20.533,0.312067,0.628000000000014,98.8909,100,0,4.002275,0.93858622213969,0.666804779285376,0.418784490789228
1,5.75,0.715145,2.5233225,25.1826,0.3338485,-0.107999999999947,98.8962,100,0,4.56425,1.00810201315796,0.77240907892801,0.467047106831848
1,6.25,0.867112,3.8320675,25.8235,0.32772925,0.449000000000012,98.8888,100,0,4.4814325,0.908551044245726,0.805384397916533,0.461000509654117
1,6.75,0.921309,1.195228,25.568225,0.32889825,0.691500000000005,98.9119,100,0.075438275,4.16362,0.99618497733339,0.736988275114311,0.456408077592072
1,7.25,0.839931,-4.4912345,26.0081,0.364054,0.673000000000002,98.9766,100,0.029513325,4.40604,0.954374140471126,0.779316019327299,0.440814019740752
1,7.75,0.762852,2.1931475,20.6483,0.360326,0.51875000000004,98.93635,100,0.000234,4.13461,1.00195808295557,0.746264027747106,0.496429249742599
1,8.25,0.5823625,3.6755,17.571525,0.345569,-0.0359999999999729,98.9965,100,0,3.53832,0.957270422801337,0.697590854297847,0.405394325785634
1,8.75,0.3988715,16.85795,22.2135,0.315157,0.718500000000034,99.0154,100,0.0209638,3.46541,0.944704042756596,0.749275062499343,0.46058115462967
1,9.25,0.229814,36.2019,29.52295,0.37993,1.923,99.0739,100,0.6421175,4.30185,1.02128365009558,0.851015678841642,0.441817835764922
1,9.75,0.047625,48.7373,37.145,0.381171,2.39375000000005,99.092225,100,1.0636975,4.83204,1.0232521963512,0.893958944148376,0.474144492744564
1,10.25,0.042925,67.595875,48.76375,0.389222,3.05200000000001,99.1276,100,1.478015,5.194215,1.08739996194104,1.01610530319988,0.486637007753905
1,10.75,-0.0054,79.478325,59.36185,0.390159,3.83675000000004,99.15735,100,1.84566,5.12004,1.08855059025741,0.951811054904692,0.448157888154925
1,11.25,-0.078,97.41425,65.07765,0.39877525,4.12400000000002,99.219675,100,2.05983,5.15154,1.09270477939503,1.01377887876267,0.47634018873579
1,11.75,-0.08435,100.94845,87.19365,0.41472425,4.32800000000003,99.2143,100,1.175347,5.15389,1.12356400771952,1.0433599570618,0.475859790609234
1,12.25,-0.0746355,117.938,76.2808,0.39004425,4.44500000000001,99.152925,100,0.553439,5.26115,1.13833104651428,1.06870950215669,0.493921046322183
1,12.75,-0.02467,130.26325,84.952675,0.40574325,4.86900000000003,99.1144,100,0.9255505,5.43559,1.17920386895347,1.14693068665896,0.48699075966593
1,13.25,-0.1157465,116.6955,73.0125,0.4322095,5.17325000000004,99.058075,100,1.17019,5.35417,1.20452065154567,1.16072622086205,0.505600632910996
1,13.75,0.057152,97.6379,84.549475,0.422346,5.40900000000003,99.01425,100,1.2821775,5.32745,1.22133868739556,1.13943942242118,0.493520009726049
1,14.25,0.16497225,81.6346,73.91455,0.42151,5.52300000000002,99.0045,100,1.7499625,5.45246,1.23194979618336,1.18128875602336,0.507000434747721
1,14.75,0.2599475,88.26265,75.0862,0.43462775,5.21650000000002,99.01975,100,1.647945,5.3949925,1.23124384388677,1.16104605330261,0.511147600595902
1,15.25,0.14579125,87.369675,70.47645,0.41786475,5.35675000000002,99.0441,100,1.5338875,5.664395,1.20146555824174,1.10590367013265,0.522927337208526
1,15.75,0.263999,63.251975,52.657875,0.40305975,5.31175000000002,99.086525,100,0.792556,5.238925,1.16087198749927,1.09292623322028,0.50310954012675
1,16.25,0.3324965,36.41255,54.203175,0.3888745,5.20400000000006,99.0972,100,1.232175,5.04756,1.09909857465258,1.03076139026879,0.483252947272748
1,16.75,0.6553425,18.3532,40.3856,0.37958675,4.83750000000005,99.11695,100,1.1311875,4.902785,1.08344287924201,0.950365364372968,0.495104227898169
1,17.25,0.798404,3.5183425,32.9541,0.360206,4.38375000000003,99.107425,100,0.02422045,4.89559,1.05273598158818,0.895951640915368,0.464694523316124
1,17.75,0.79910925,-7.5284,31.3704,0.36024,2.83200000000002,99.13285,100,0.2134235,4.924745,1.06891066043893,0.854056513224023,0.466650817316376
1,18.25,1.189595,-7.08956,27.07215,0.37004,2.56375000000001,99.152025,100,0.06397895,4.69802,1.10745661804495,0.862739242181553,0.491616720626953
1,18.75,0.863793,-11.1757,28.963775,0.345999,2.16500000000002,99.151675,100,0,4.5045375,1.14553533478136,0.908059179987616,0.454323224548726
1,19.25,0.8395635,-6.75338,30.546225,0.373901,1.38500000000005,99.1703,100,0,4.577875,1.13509091681592,0.90121584539998,0.475372864706785
1,19.75,0.961656,-5.36757,24.908275,0.412772,0.890500000000031,99.1236,100,0.410192,4.83273,1.19740966392116,0.974611840979251,0.486464798315356
1,20.25,1.033876,-2.046505,23.0454,0.38095825,0.825000000000045,99.1551,100,0,4.8288125,1.13488573887071,0.923129153331221,0.495447209587225
1,20.75,0.7858775,-3.5781,26.9271,0.38374425,1.54050000000004,99.0936,100,0.33043375,4.9162525,1.17356647738502,0.9379083533057,0.486769839996074
1,21.25,0.97862675,-3.92591,26.3791,0.3777455,1.75100000000003,99.080025,100,0.0216133,5.050585,1.18517870623049,0.915201070803569,0.493364824805656
1,21.75,0.75520025,-0.581583,27.0714,0.393827,1.45900000000003,99.04655,100,0.0888375,5.1376725,1.07976849370594,0.782239093883705,0.499171309793492
1,22.25,0.83940475,-6.7985,20.92105,0.412263,1.13800000000003,98.9417,100,0,5.05963,1.09170966836426,0.830575886774719,0.454634529497073
1,22.75,0.518046,-4.41572,18.65325,0.372432,1.28625000000005,98.90435,100,0,4.84863,1.15716031732859,0.919157766653799,0.487484358723436
1,23.25,0.564894,-4.7142575,23.517,0.380316,0.671250000000015,98.962925,100,0,4.62846,1.06513373205392,0.82962830196948,0.495298505998544
1,23.75,0.852388,-3.4891525,20.1274,0.39287525,0.975750000000033,98.9139,100,0,4.7337575,1.09435530206893,0.775894977922058,0.485662254649216
2,0.25,1.080685,-8.1493125,19.7218,0.31407225,2.60500000000002,98.9776,100,0,4.35911,0.908701051137035,0.662784126329229,0.424530638440157
2,0.75,0.9212595,-13.045125,19.5242,0.3552755,2.59875000000001,99.012375,100,0.15532125,4.573155,0.868918872684013,0.649086883244643,0.455928388799692
2,1.25,0.8688465,-5.5435275,23.29015,0.34042,2.40700000000002,99.015625,100,0.1859475,4.15175,0.823213958505552,0.686264454795889,0.470199957464907
2,1.75,0.839496,-10.813625,22.27255,0.29664425,2.65275000000003,98.9996,100,0,4.30919,0.739637690020642,0.678680090796435,0.378899905621709
2,2.25,0.834391,-4.088075,28.3375,0.350184,2.17000000000002,98.99045,100,0,4.5593,0.807462692636632,0.627362733990472,0.413983091442151
2,2.75,0.8641665,-9.2864675,28.9447,0.30751675,1.02650000000003,98.97315,100,0,3.9541325,0.842967780113411,0.632713804826737,0.446210651154337
2,3.25,1.03051175,-2.5855025,26.005775,0.323825,1.13900000000004,98.92425,100,0,4.33925,0.882517098388395,0.754187390781915,0.427797335014369
2,3.75,0.64226725,-2.92609,16.7863,0.34615275,1.01600000000002,98.87275,100,0,4.5852125,0.852794717605052,0.719845839348282,0.428512533458755
2,4.25,0.663608,-2.36099,19.77145,0.32462675,0.586000000000013,98.84445,100,0.341142,4.183355,0.886352104411502,0.74190572057184,0.437357934280707
2,4.75,0.7244925,-3.612415,30.774975,0.349975,0.739500000000021,98.821475,100,0,4.3397775,0.874253967677585,0.70058974018877,0.443803755374681
2,5.25,0.75672075,-2.91345,21.5102,0.32576575,0.670750000000041,98.8425,100,0.06639735,4.2592925,0.955630175487224,0.677268349543837,0.435943803717865
2,5.75,1.090323,-4.26968,24.6773,0.3300605,0.34625000000004,98.84275,100,0.29204525,4.0502075,0.856745002903431,0.714130964696139,0.425299676710681
2,6.25,0.74084875,-0.5846195,25.55185,0.31608425,0.326000000000022,98.846,100,0.71995675,3.93087,0.866423867169147,0.676941651843052,0.418909709969961
2,6.75,0.85427875,0.84444875,28.75975,0.288158,0.850999999999999,98.8387,100,0.49542375,3.4623,0.868678881981138,0.616796660129109,0.422575437052368
2,7.25,0.70968675,-8.68731,27.6097,0.313407,1.01250000000005,98.856425,100,0.3767305,3.88779,0.84445722212555,0.63281508300138,0.404385383404407
2,7.75,0.938975,-9.1318,29.168625,0.321362,1.13300000000004,98.8684,100,0.134545,3.92975,0.938290314735631,0.69385733403921,0.413106523792593
2,8.25,0.7813855,3.772995,30.42115,0.315875,1.54600000000003,98.87335,100,0.103984,3.97653,0.881671070732992,0.733867476660435,0.42295153386647
2,8.75,0.5666665,15.715875,38.974875,0.31628825,2.10925000000002,98.91105,100,0.05610105,4.17123,0.961320842438869,0.746024578501937,0.423563343090923
2,9.25,0.469614,34.6125,50.893075,0.347785,3.61825000000002,98.942475,100,0.5544995,4.461695,1.02317051238705,0.79807994279952,0.434251077426691
2,9.75,0.349832,40.81605,66.994725,0.369539,4.04700000000003,98.9963,100,0.943017,4.93257,1.07285858179885,0.861908814729368,0.444654191199257
2,10.25,0.178867,55.732125,83.570525,0.3776385,4.75400000000002,99.0111,100,1.220919,4.9909825,1.086920105769,0.89765841979396,0.457305561396817
2,10.75,0.163817,64.0485,87.14,0.417067,5.25400000000002,98.9762,100,1.507,4.95861,1.07038328010674,0.933915530718103,0.482890278474418
2,11.25,0.066926,85.41495,99.56665,0.385101,5.458,98.992775,100,1.9717575,4.63501,1.11305980978214,0.970316420833998,0.489551068868076
2,11.75,0.27534675,97.2345,109.71875,0.383212,5.89225000000006,98.963225,100,2.1059075,4.9237,1.09400120570299,0.999923496173114,0.469932192002082
2,12.25,0.144183,103.4735,140.933,0.3817155,6.67025000000001,99.0124,100,2.50262,4.84673,1.07499404866938,0.995098146395218,0.457310789897402
2,12.75,0.2589475,78.7922,119.289,0.375419,6.79375000000002,98.911875,100,2.48416,4.80939,1.0740577265678,1.0658189339658,0.480097906681543
2,13.25,0.200249,86.35895,129.27475,0.3894085,7.06,98.848,100,2.67544,5.00573,1.10394448605436,1.10342157738212,0.473276740202092
2,13.75,0.275315,104.454,134.669,0.38763925,7.59100000000001,98.8296,100,2.73173,4.7889725,1.12875110646302,1.13677174489868,0.458046940825938
2,14.25,0.316844,99.20825,140.5635,0.397418,8.49925000000003,98.827575,100,2.94823,4.771045,1.15328518048633,1.06325006391212,0.482011056234457
2,14.75,0.3385875,87.2637,142.5925,0.417986,8.82900000000006,98.8141,100,2.9879925,4.97643,1.17434680281021,1.14075342863187,0.498250366085266
2,15.25,0.409856,69.9619,125.655,0.37547675,8.46200000000005,98.8225,100,3.083435,4.8358675,1.14366045477002,1.09457518421503,0.491097052129431
2,15.75,0.964589,46.80505,113.717,0.36109075,8.89975000000004,98.796375,100,3.27621,4.88517,1.08532702551429,1.01614469715029,0.467373066060469
2,16.25,0.77470075,34.2093,102.28675,0.358845,8.70225000000005,98.801225,100,3.19329,4.92607,1.07407169220681,0.962183970969973,0.44559286349761
2,16.75,0.922874,18.3599,78.703275,0.352424,8.87800000000004,98.8617,100,3.39566,4.96851,1.04624089004397,0.888853756250149,0.42350678861147
2,17.25,1.339765,0.91369,63.70385,0.320519,8.28800000000001,98.819,100,2.88612,4.923565,0.991935659549178,0.827033409773883,0.388213168697072
2,17.75,1.12582,-7.48506,56.178875,0.28843175,6.6815,98.8406,100,1.8343,4.1796275,0.913852647658304,0.680357627943279,0.364323051425306
2,18.25,1.149965,-6.05486,34.7649,0.293092,4.86650000000003,98.81085,100,1.35499,3.7471,0.761493926436712,0.625575795687723,0.360040867198667
2,18.75,1.2278375,-11.111155,20.2669,0.285303,3.62550000000005,98.82365,100,1.33706,4.11888,0.811836806260963,0.703556279729114,0.381067386551618
2,19.25,1.193725,-14.22545,25.204075,0.31011,3.52950000000004,98.8619,100,0.953407,4.32112,0.910758871039731,0.668825953286806,0.412270202697845
2,19.75,1.26319,-12.71275,22.784375,0.32515725,3.22300000000004,98.8832,100,0.539471,3.9417675,0.904049648284644,0.656246904754605,0.39914283157787
2,20.25,1.3117375,-6.9861475,26.33395,0.3292525,3.18100000000004,98.90385,100,0.2770935,4.2095275,0.847916129102377,0.646571728426166,0.429272419358977
2,20.75,0.942782,-7.289745,28.3197,0.345322,2.66000000000003,98.9128,100,0,4.25147,0.781148956240966,0.58041881430567,0.430725518304298
2,21.25,1.281155,-16.393125,32.20155,0.3922245,2.34600000000002,98.85585,100,0,4.971575,0.911228119574713,0.677819029037568,0.468085856074954
2,21.75,1.211685,-10.053555,28.919275,0.362993,2.54400000000004,98.9041,100,0.470791,4.94064,1.08633865791996,0.862000519387035,0.471146474039656
2,22.25,1.1937,-10.2028675,26.3515,0.38547625,2.42700000000002,98.9077,100,0,5.5013125,0.914469602928168,0.742223685959967,0.498869115148347
2,22.75,1.25119,-13.0493,31.5417,0.418063,2.43950000000002,98.929675,100,0,5.62563,0.961617823458384,0.734173004134584,0.479539242946857
2,23.25,1.19633,-11.70725,22.889525,0.3399355,2.30025000000001,98.96255,100,0,4.603155,0.916561323235859,0.637443869329066,0.419263846067669
2,23.75,1.11404,-11.634,18.414175,0.32662975,2.84000000000003,98.9543,100,0,4.364315,0.797015382027954,0.725898847495275,0.441500274445727
3,0.25,1.49842,-6.306345,40.57815,0.403028,9.33900000000006,98.6237,100,0.288497,5.05916,1.13206890249666,0.938164997820907,0.527686459936201
3,0.75,1.3009325,-4.1360125,35.478375,0.375651,8.37150000000005,98.62555,100,0.253336,5.00949,1.13480371711477,0.856078486682883,0.482193721144997
3,1.25,1.44807,-6.2593475,42.1044,0.3533435,8.41950000000003,98.6114,100,0,4.80351,1.07541799762924,0.815242182298819,0.459496813278598
3,1.75,1.86829,-7.8875575,37.1786,0.3984495,8.87000000000005,98.58545,100,0.00518145,4.78548,1.29373322516053,0.940959426522199,0.487406592246425
3,2.25,1.83507,-7.777095,40.3721,0.3974945,8.62100000000004,98.5917,100,0,5.29982,1.13924097538668,0.870815135376045,0.487990891556141
3,2.75,1.39015,-8.109515,36.76875,0.354598,8.54250000000002,98.59675,100,0.151272,4.91952,1.12926753249303,0.822714843484468,0.425285639478408
3,3.25,1.17538,-11.4899,35.767575,0.360652,7.976,98.5875,100,0.77597175,5.19487,1.03300048402699,0.794613586999374,0.423499757771179
3,3.75,1.3160025,-8.0842525,30.85075,0.374605,7.32150000000001,98.59595,100,0.95606075,4.6868675,0.985066406473683,0.753695757750278,0.396080569545625
3,4.25,1.075895,-7.75956,29.6174,0.343673,7.07300000000002,98.604075,100,0,4.15152,1.07876166937156,0.721037634174022,0.429711991442292
3,4.75,1.37027,-7.541775,28.3367,0.3540835,7.56800000000003,98.598975,100,0.0117287,4.3758725,1.07721384418285,0.774135441137577,0.445463864505062
3,5.25,1.345525,-5.11318,33.701775,0.387545,7.34725000000005,98.59775,100,0,5.13461,1.12251181831314,0.830830423814813,0.480692755289215
3,5.75,1.47855,-11.543125,24.527225,0.36112175,7.15975000000006,98.62165,100,0,5.1981325,1.0209648504521,0.795455114464507,0.447222081100504
3,6.25,1.48741,-6.406545,27.295025,0.348756,6.61900000000003,98.6764,100,0,4.595,1.01332234355464,0.772709425180731,0.393474268536076
3,6.75,1.2403025,-6.961255,34.907675,0.358639,7.00100000000003,98.6916,100,0,4.98751,1.0624286059205,0.813425603125372,0.448697218935244
3,7.25,1.3319325,-4.94597,36.5709,0.40198575,7.18100000000004,98.7119,100,0,5.17546,1.04283753615912,0.8735742604582,0.469478329214351
3,7.75,1.160485,9.6058,42.3199,0.431485,7.95300000000002,98.744525,100,0,5.17941,1.14748051298533,0.922856830173604,0.501418986477377
3,8.25,0.7309295,17.3146,49.17135,0.425684,9.59300000000003,98.76985,100,0.9005375,5.22107,1.11128984404718,0.874273049680813,0.49594673597475
3,8.75,0.6824055,40.8991,67.883825,0.417497,9.96775000000001,98.761375,100,0.91500275,5.20693,1.22153866770994,1.01959795998227,0.510359675336726
3,9.25,0.51657325,52.182075,76.9709,0.428443,11.0195000000001,98.767325,100,1.47858,5.55757,1.22995190668819,1.03081036083268,0.494511384985194
3,9.75,0.28443025,77.72455,84.2484,0.4341165,11.252,98.75215,100,2.4287325,5.256995,1.22391653084653,1.06671099442266,0.50480497816541
3,10.25,0.4743225,107.544,121.291,0.458219,12.22175,98.755075,100,2.20389,5.47664,1.22365027683567,1.10656942046175,0.520087993247911
3,10.75,0.14781875,136.10425,124.939,0.432965,11.601,98.7823,100,2.73923,5.68462,1.22100954655595,1.21869098115952,0.540695287108175
3,11.25,0.112826,140.8845,141.23325,0.441109,12.5395,98.7867,100,3.4758825,5.686685,1.2638838543771,1.17938119367743,0.55838696125244
3,11.75,0.1650925,150.973,178.421,0.4615785,13.219,98.76355,100,3.59339,5.8734125,1.25244161540568,1.27606817999666,0.550213450840669
3,12.25,0.103258,160.08575,189.977,0.45892275,13.61425,98.745275,100,3.550035,5.6529,1.33405512732868,1.30264137481404,0.565313805001647
3,12.75,0.09601025,159.248,191.48925,0.509246,14.726,98.72175,100,4.25855,6.126035,1.34680970549386,1.34391591943284,0.599077784204453
3,13.25,0.0455,176.446,189.951,0.485889,15.627,98.67465,99.0201,5.06939,6.19142,1.41508039113059,1.31204039571958,0.589962233814906
3,13.75,0.25319075,157.2675,188.15425,0.50566575,14.74925,98.62115,100,4.7513275,6.210825,1.39875275128852,1.31629415322886,0.593289077889212
3,14.25,0.164338,149.322,185.28925,0.521941,14.8795,98.61075,96.87385,5.61809,6.22158,1.44985861379653,1.36701200322617,0.597761715414042
3,14.75,0.30581925,144.3985,171.4505,0.4715855,15.1745,98.58465,99.874125,5.9340425,6.24527,1.36088781950791,1.31175863602199,0.540051614774399
3,15.25,0.29501325,137.8055,181.7425,0.4757625,15.72675,98.587375,98.32005,6.46915,6.5266325,1.43365427441007,1.26236411065327,0.575765150518559
3,15.75,0.635191,105.456,155.097,0.4836775,15.598,98.6477,99.612875,6.321175,6.003185,1.4100484527552,1.28778488438289,0.572296776176539
3,16.25,0.572909,82.214875,144.6285,0.460293,15.9135,98.69535,99.632875,6.6040975,6.17754,1.33446521199056,1.2466235248999,0.563161610907562
3,16.75,0.988782,59.481775,113.2095,0.461798,16.0155,98.5945,100,5.556335,5.80652,1.33951857023335,1.19320995637817,0.550447999360521
3,17.25,1.01903575,23.979475,88.234675,0.441072,15.40725,98.63605,100,6.326715,5.44306,1.29094949959638,1.04311691084748,0.544665952671911
3,17.75,1.5011275,8.46225,85.104775,0.43485025,14.99775,98.64325,100,5.681255,5.4325675,1.22308587973757,0.970739315336751,0.532052249001347
3,18.25,1.4673025,-0.6812575,62.583025,0.44548225,14.011,98.56775,100,3.75827,5.1079875,1.29385084148058,0.914742040140279,0.548803368438248
3,18.75,1.588285,-4.97057,51.2798,0.404198,13.1295,98.60975,100,2.31312,4.81359,1.14009346205514,0.928928278284739,0.513737286947327
3,19.25,2.09221,-6.98082,56.6843,0.3876615,12.0840000000001,98.6598,100,1.67963,4.715695,1.13604875782251,0.825831096532457,0.49635773389764
3,19.75,1.7822,-8.9096725,53.01145,0.391237,10.948,98.6653,100,1.26776,4.72912,1.2106292270976,0.911121986044924,0.499068366274285
3,20.25,1.868135,-5.996175,46.8024,0.3956255,10.359,98.6651,100,0.831282,4.90467,1.10923519937175,0.765422537688266,0.479937828041777
3,20.75,1.61186,-8.7200825,51.8442,0.368742,10.386,98.6666,100,0.49188775,4.68153,0.99206602602851,0.77900088615532,0.465470719437525
3,21.25,1.79846,-7.91772,56.9703,0.370938,10.0475,98.660625,100,0.5568225,4.67441,1.11413436344812,0.886563108187495,0.476266731989544
3,21.75,1.43002,-9.35959,42.678425,0.36716,9.99050000000003,98.65195,100,0.6696865,4.328695,1.06095766021789,0.75322161284341,0.433869031476646
3,22.25,1.48318,-7.06376,48.0258,0.386932,9.01100000000005,98.65475,100,0.454524,4.851635,1.0354145920869,0.902462013728098,0.468543930178981
3,22.75,1.3589,-6.5630775,37.9435,0.36951425,9.291,98.6488,100,0.140027,4.9406325,1.05864035449171,0.749777394246649,0.457288749041566
3,23.25,1.51335,-6.12778,37.357275,0.37944325,9.09000000000003,98.6465,100,0.38951125,4.9496225,1.27203402975288,0.847783246007976,0.488074745389984
3,23.75,1.62277,-9.26687,40.1712,0.35894225,9.51700000000005,98.6412,100,0.1096135,4.72317,1.17262674106345,0.817246845431748,0.473676049637302
4,0.25,2.12997,-13.3245875,40.5073,0.3504825,11.83575,98.393925,100,0.699625,3.96188,1.04469613146196,0.776287816820261,0.406749382323456
4,0.75,2.7160475,-12.5877,41.81555,0.358735,11.557,98.3937,100,0.799743,4.69653,1.01949867300579,0.763456790405914,0.466889708603649
4,1.25,2.20399,-6.49408,34.60935,0.3512585,11.2585,98.393625,100,0.73763,4.2956175,0.969669249371668,0.730095199271985,0.442656219441151
4,1.75,2.42974,-8.96723,32.4997,0.3570835,11.233,98.2492,100,0.718852,4.3797025,1.04268550640774,0.775527375986241,0.438019925728949
4,2.25,2.253465,-11.8154,32.2296,0.350206,11.14325,98.355275,100,0.383113,4.41266,0.946843173337442,0.732500878350775,0.441803444053084
4,2.75,2.14846,-15.8249,30.8423,0.346988,10.91475,98.32865,100,0.545968,3.9165,0.950155903032685,0.741449256524005,0.443334070559901
4,3.25,2.970995,-12.2145,31.0561,0.326769,10.9385,98.28345,100,0.1676045,4.08137,0.936303903655218,0.714190118930061,0.446232002438194
4,3.75,2.49562,-9.31723,33.86945,0.33267225,10.7865,98.274,100,0.20911485,4.035155,0.932753997531078,0.708820851837755,0.443730630460751
4,4.25,2.58097,-8.01323,29.332,0.3525225,10.70725,98.2991,100,0.3188395,4.131595,1.06979961947164,0.73841936271666,0.42943913516666
4,4.75,2.29186,-7.59938,25.37525,0.3332635,10.263,98.3262,100,0.245763,4.165275,0.910303246176789,0.754528329488032,0.414477633401736
4,5.25,2.15172,-9.69006,24.9956,0.348946,10.4895,98.342375,100,0.0612765,4.521585,0.93033965461043,0.66538141595321,0.410729817962456
4,5.75,1.98982,-7.9190475,26.489325,0.34102725,10.468,98.35945,100,0.1216548,3.80484,0.933843499395429,0.791994949478846,0.379976315051346
4,6.25,1.9533725,-8.288845,28.57485,0.301602,10.073,98.37405,100,0.391844,3.59339,0.862557472463782,0.626486232889439,0.366236603331021
4,6.75,1.82811,-4.274485,34.99095,0.294272,10.7925,98.39645,100,0.42868,3.40932,0.880278413193858,0.668569943978871,0.381397122588671
4,7.25,1.440085,13.5467,53.638275,0.3562545,11.213,98.395,100,1.68648,3.997925,0.986294455935304,0.795512816971165,0.443913095226118
4,7.75,0.421101,36.421525,69.68745,0.40051075,11.802,98.4333,100,1.81515,4.449325,1.10497058784386,0.904630784134201,0.469378837563971
4,8.25,0.250802,52.9439,86.365725,0.3754185,12.65925,98.411925,100,2.3161625,4.4489725,1.07088910746172,0.910110709127489,0.451868256700068
4,8.75,0.0516,76.1403,110.903,0.421319,13.357,98.41515,100,2.97823,4.682585,1.15537872578648,0.985971094911002,0.504250832348706
4,9.25,-0.264734,103.29075,134.14675,0.435083,13.8475,98.4005,100,3.932255,5.0228275,1.21840858773402,1.11775901045422,0.51073445102324
4,9.75,-0.19973175,122.8475,159.2185,0.4646705,14.9605000000001,98.3775,98.2167,5.05139,5.25211,1.26147136313117,1.1550169198814,0.538271394077714
4,10.25,-0.3502065,154.17125,168.7795,0.45282375,15.401,98.3926,96.784275,5.26165,5.1321725,1.30595941743991,1.18566858775967,0.556653051546173
4,10.75,0.0177375,166.619,184.172,0.46447,15.53675,98.38415,96.3126,5.527665,5.52253,1.31151820421983,1.32946981913844,0.559053664687032
4,11.25,-0.169184,163.7145,201.18,0.44015925,16.35225,98.40105,95.691925,6.1563025,4.99245,1.28998837204062,1.28835409673797,0.543371639029854
4,11.75,-0.214914,168.506,206.7325,0.45260175,17.23,98.38035,93.82175,6.825485,5.3508375,1.3489993598794,1.37059614936369,0.560978425050854
4,12.25,-0.2054675,205.475,236.489,0.47258825,18.168,98.346,90.8424,7.28171,5.73008,1.40939010270094,1.44909014861194,0.580474595499872
4,12.75,-0.154148,197.467,228.542,0.46882,17.847,98.31785,90.2669,7.69137,6.19529,1.40318999806568,1.38858579606968,0.584901408879841
4,13.25,-0.23849725,202.9265,200.31175,0.4811405,18.128,98.2746,87.690325,7.6546675,5.8143925,1.42098909214673,1.43466023852339,0.595493653377833
4,13.75,-0.242541,193.2225,199.5085,0.48325575,18.965,98.2451,86.68185,8.455175,5.5392175,1.41464129729059,1.47030949122965,0.601353625134507
4,14.25,-0.447841,180.758,199.21875,0.4802705,18.784,98.2178,83.6514,9.97598,5.58669,1.41058852965704,1.4285280016398,0.570726267928024
4,14.75,-0.26646525,167.284,196.45025,0.488738,18.8940000000001,98.1776,84.163575,9.4503275,5.41295,1.45075152938055,1.50277002337228,0.561508022856709
4,15.25,0.058,150.1135,186.237,0.480233,18.95675,98.174125,85.5634,9.44623,5.46608,1.44487595742845,1.47596196635869,0.570242573989142
4,15.75,0.2298735,145.9355,184.715,0.481409,19.3015,98.183325,85.0986,9.2634,5.8539475,1.43224028098527,1.44791448842347,0.565546712509783
4,16.25,0.307365,107.7515,173.6095,0.466121,18.783,98.1927,85.3844,10.144375,5.63338,1.39548363202448,1.39149892597203,0.582758097326841
4,16.75,0.526479,84.727,153.758,0.470145,18.828,98.2102,87.35905,9.87338,5.5513,1.2769690677538,1.24793829975684,0.573236425918661
4,17.25,0.764942,55.60485,131.2165,0.4626645,18.62575,98.210875,89.208,8.9731,5.395145,1.29907529821581,1.22490414368804,0.560569811432691
4,17.75,1.0936375,30.1416,114.3785,0.4252745,18.11575,98.223075,92.9702,8.9893525,5.26325,1.28462347571905,1.17028714704302,0.539223000861855
4,18.25,1.41789,7.704095,99.8015,0.3964345,17.003,98.226725,87.847325,8.296255,4.937115,1.22360997125177,1.02698810762801,0.506520208953886
4,18.75,2.084455,-10.8007,78.1371,0.3842085,15.7075,98.2413,96.70085,5.9305175,4.76636,1.10468548657893,0.853386782180273,0.455324031417981
4,19.25,2.01926,-12.2514,51.3788,0.342632,15.01675,98.269675,100,5.368855,4.1518375,1.06203561224464,0.806918211468796,0.435214973128455
4,19.75,2.42235,-20.1869,55.177,0.331981,14.60175,98.305875,100,4.28217,4.17419,1.07185819957679,0.730887816289203,0.432988452501911
4,20.25,2.442695,-9.4677,46.3235,0.34297725,12.88,98.35345,100,2.71591,4.40689,1.03060433449422,0.744732605211314,0.464890642226375
4,20.75,2.4941725,-10.185355,45.677275,0.348891,12.5245,98.3934,100,2.64555,3.91807,0.979248597498751,0.711842959965128,0.425505581632016
4,21.25,2.33705,-12.1902,43.0291,0.337666,12.404,98.40765,100,2.11457,3.79326,0.980023684896272,0.682169333816758,0.437040043931903
4,21.75,3.27385,-20.072325,44.370125,0.3418495,12.5965,98.39515,100,1.757985,3.7060125,0.968209534915513,0.705886361514588,0.428926850998191
4,22.25,3.55712,-15.6761,44.13645,0.380373,12.4345,98.37105,100,1.95171,4.07821,1.08405008725601,0.772267454761728,0.457194706880996
4,22.75,2.9649375,-15.08565,37.076625,0.369123,12.345,98.3747,100,1.75691,4.434475,1.04045663243442,0.838652678355799,0.447026090373291
4,23.25,2.88982,-8.66825,48.5317,0.3902805,12.094,98.394825,100,1.048485,4.911605,1.07161069437675,0.837408461595117,0.45984606770477
4,23.75,2.16163,-6.759055,47.06375,0.375452,11.98075,98.39645,100,0.9147025,4.30351,1.08022219936456,0.806329957275556,0.452623987225957
5,0.25,3.91096,-3.73717,33.9049,0.3621835,18.651,98.3745,100,1.34842,4.1842275,0.844895744993305,0.750392088435121,0.464747355128934
5,0.75,3.15704,-6.7226,27.6836,0.3476535,18.7745,98.337475,100,1.109815,3.99657,0.821463122340562,0.740244593227301,0.422383731148167
5,1.25,2.64075,-2.415945,24.5608,0.351563,17.886,98.339,100,1.02326,3.87446,0.94770531350074,0.814089855588389,0.422698540551625
5,1.75,2.965355,-5.6206525,22.097825,0.30564175,17.619,98.3626,100,1.230045,3.7992425,0.925281993000237,0.748020053207132,0.416930449835461
5,2.25,3.17711,-5.74355,33.6364,0.31532375,17.432,98.3478,100,0.8273445,3.78137,0.910782725491832,0.69012670688451,0.373013404584875
5,2.75,3.23235,-8.9101575,22.009625,0.299885,17.326,98.3472,100,0.6167685,3.68682,0.79427927223776,0.623838921517406,0.35328034193824
5,3.25,2.72947,-7.3789375,25.5734,0.305927,17.192,98.333475,100,0.127509,3.536695,0.894419923749466,0.651044155873638,0.37970301483537
5,3.75,2.389565,-4.06519,18.0272,0.34939875,17.147,98.3254,100,0,3.64007,0.888257414327406,0.699164980908497,0.436882501816964
5,4.25,2.75206,-6.2431975,32.05055,0.29488075,16.73075,98.31475,100,0,3.51062,0.902238312808001,0.702183919040894,0.441669652639415
5,4.75,2.97471,-3.84333,27.696775,0.324477,16.5115,98.32455,100,0,3.33334,0.939218916893162,0.706818088350779,0.498593431658614
5,5.25,2.65924,-2.465525,29.8501,0.276332,16.542,98.329275,100,0,3.70089,0.896680837730774,0.628125783581601,0.402934781662663
5,5.75,2.63591,-3.22262,39.641325,0.3035565,17.14975,98.335725,100,0,3.53661,0.79262786572855,0.674688817159437,0.38397998979801
5,6.25,1.74291,-4.029705,37.376175,0.32285625,18.3135,98.341625,100,0.36724725,3.3063775,0.946228439854164,0.715647994386918,0.406740703642997
5,6.75,1.04242,7.07382,48.9026,0.303634,19.1175,98.348425,100,1.9257325,2.987425,0.870505025832706,0.659605942968982,0.395486685045413
5,7.25,1.29399,21.8581,70.7541,0.328899,19.6845,98.353975,99.5495,3.110545,3.467975,0.940517942412584,0.778783235515933,0.415648532569137
5,7.75,1.22901,43.0389,89.722725,0.339161,20.028,98.370425,96.1115,4.25868,3.954475,0.977061916079555,0.822476269672101,0.423555377557147
5,8.25,0.823759,67.69885,101.687525,0.347448,20.8307500000001,98.37055,93.1804,5.553355,4.0655175,0.98400437801621,0.910951246598346,0.421725981107572
5,8.75,1.1145055,84.312075,128.032,0.3703215,21.2315,98.354525,91.11605,7.204655,4.407655,1.05886590158014,0.998158464997776,0.461228831963335
5,9.25,0.512601,115.6735,155.0395,0.4014165,22.3585,98.354175,91.482775,8.9711425,4.64381,1.11833357204141,1.10984167726701,0.485957683530027
5,9.75,0.4154515,130.64875,168.241,0.4246275,23.059,98.354225,89.9331,8.20425,5.106295,1.22627411668944,1.21328933118235,0.495143633301289
5,10.25,0.54890825,136.642,198.679,0.4469985,23.77325,98.3622,89.473075,10.115185,5.2724775,1.25855426128031,1.2963911442479,0.511195099853446
5,10.75,0.787021,177.7155,234.97575,0.462478,23.5385,98.385125,87.63495,10.709175,5.65293,1.26500954615625,1.35174555087411,0.556668622117042
5,11.25,0.541213,160.0975,238.7815,0.461477,24.309,98.3845,89.377225,10.94505,5.75666,1.3734991809244,1.37045977686322,0.561668619585214
5,11.75,0.7616935,175.43475,214.401,0.4790925,24.80425,98.36225,85.61165,11.0357,5.666525,1.32284158635369,1.38042525878149,0.519627919938078
5,12.25,0.882501,163.615,235.115,0.45053675,24.69525,98.3399,86.8418,11.487,5.5814275,1.36768268157383,1.41031000426716,0.524991250812114
5,12.75,0.933122,174.0285,238.978,0.445089,24.9805,98.3328,84.2328,12.3999,5.56587,1.42301611093142,1.44832231334375,0.512303657464364
5,13.25,1.4287975,186.68275,241.481,0.4677005,25.391,98.3243,80.67025,12.6014,5.716245,1.45602628949869,1.36281073329409,0.534331777294371
5,13.75,1.094845,182.0795,244.461,0.461633,26.684,98.27895,84.5105,12.9702,5.42174,1.44603396271063,1.43393394364587,0.554620914667917
5,14.25,1.18767875,142.522,230.165,0.449582,26.90175,98.285125,80.6441,13.007275,5.78318,1.36896390656649,1.45078944027037,0.568412622079598
5,14.75,1.0553645,143.0545,207.07,0.432671,25.99025,98.282225,81.865475,14.682775,5.52625,1.40190553717408,1.32551534516565,0.563734866759188
5,15.25,1.14932,113.882,189.83425,0.424056,26.291,98.28795,81.7999,14.7359,4.75502,1.34785377613433,1.26560278039066,0.521089243796108
5,15.75,0.818661,126.706,171.5175,0.43151325,27.33625,98.2542,81.6478,14.0544,4.892475,1.33250351327204,1.31830484605697,0.525654434055793
5,16.25,0.79127775,107.545,187.2885,0.45097525,26.578,98.238925,84.2464,14.53985,5.0648725,1.42302244041048,1.34995670812723,0.53357395403867
5,16.75,1.50144,81.735775,162.95825,0.448564,26.4865,98.24225,83.0218,14.98225,5.20629,1.27575937625363,1.23673070736454,0.544452153321843
5,17.25,1.036662,43.4129,126.32325,0.41168125,26.3685,98.234275,84.32635,13.040875,4.7277925,1.27389494724291,1.17382051940669,0.510479951778264
5,17.75,2.57921,32.09015,98.9259,0.418737,25.7465,98.22715,89.12315,12.31215,5.188695,1.25039023788895,1.11429559074155,0.510526405009461
5,18.25,2.485165,18.094025,86.3231,0.38965,25.8,98.226275,89.627825,10.498225,4.45219,1.18973106204722,1.01291427188164,0.51720788857093
5,18.75,2.360875,2.33045,76.4711,0.374165,25.1855,98.23035,91.0811,10.398875,4.1419,1.03396129137354,0.926379187131653,0.504318351837408
5,19.25,2.5797575,-6.85658,60.89675,0.329569,24.31,98.239175,95.26975,8.5978925,3.7724525,1.00823728399686,0.829319153147609,0.475043308153628
5,19.75,3.4991275,-12.06205,59.56985,0.372441,23.1945,98.27655,97.08285,6.71468,3.73946,1.03635862155819,0.813005025299829,0.500619616075918
5,20.25,3.76926,-10.0216,48.2697,0.36454625,21.83975,98.292,100,5.6109,3.5975825,0.947548875284749,0.807531879100188,0.483089923652531
5,20.75,3.18063,-9.9812425,38.77495,0.350295,21.0545,98.33625,100,4.99537,3.5984,0.960206364951739,0.775916232592153,0.485573521622793
5,21.25,3.41642,-4.7478375,40.243075,0.344845,20.598,98.367625,100,3.85048,3.85627,0.956679192008252,0.767067150858286,0.49899799598796
5,21.75,2.82149,-2.40178,31.8178,0.371735,20.0305,98.3982,100,3.26985,3.98848,0.953218648244681,0.726638149287525,0.487327405344703
5,22.25,4.007055,-4.54728,26.9385,0.333343,19.8525,98.404575,100,2.13463,3.9041875,0.955433948387216,0.80728681396391,0.431760747891227
5,22.75,3.28931,-9.37746,27.7385,0.32966875,19.6735,98.41255,100,2.621145,3.8248275,0.780740033557906,0.59096023554889,0.408624969498406
5,23.25,3.5920775,-2.000215,29.7568,0.327174,19.13375,98.4048,100,1.83246,3.98596,0.94375565425145,0.759246077966995,0.436516895434759
5,23.75,3.85522,-3.257035,25.88885,0.35604575,18.8895,98.3933,100,1.533915,4.0275175,0.960383777455659,0.719014865210975,0.442533572982458
6,0.25,6.9572,-10.100915,27.1004,0.24466325,21.1595,98.25255,100,1.146975,2.8534025,0.709065812972413,0.540887842164534,0.3104834939252
6,0.75,9.76855,-20.5809,34.9405,0.259883,21.233,98.2649,100,1.1480095,3.41654,0.833334866665256,0.610425918640395,0.329257851036241
6,1.25,8.37032,-16.068375,31.1877,0.22951625,21.1265,98.26115,100,0.4634425,3.174505,0.742387350304604,0.619562749041612,0.342240229387598
6,1.75,7.6442375,-8.198355,30.744675,0.2463545,21.15575,98.27805,100,0.78534125,3.1825525,0.720682071885941,0.633666283959779,0.385580472352289
6,2.25,6.51467,-5.0047,27.037025,0.242514,21.0125,98.2435,100,0.4425545,3.12403,0.732264410851262,0.556583246132167,0.34371790759284
6,2.75,6.3967575,-8.01384,23.8565,0.24753175,20.7375,98.2147,100,0.201181395,3.2361025,0.778458091558109,0.60435449586354,0.326138423808186
6,3.25,6.746535,-6.22718,23.030175,0.249163,20.7715000000001,98.2097,100,0,3.1543,0.73117303013719,0.588686606136066,0.289998154876551
6,3.75,6.5207875,-6.26252,21.77315,0.2374965,20.6255,98.206675,100,0,3.57302,0.600739741563107,0.492163590689112,0.286696459301278
6,4.25,5.503155,-3.48722,17.98815,0.2479485,20.5635,98.22925,100,0,3.280965,0.672267406984386,0.555917308033357,0.294512966366066
6,4.75,6.72142,-4.84782,18.9858,0.2353155,20.50775,98.2212,100,0,3.5754175,0.704148940655116,0.624294236207591,0.31224989991992
6,5.25,6.1753775,-8.90593,17.807125,0.2602175,20.35,98.2471,100,0,3.59025,0.742909233172785,0.540689374780012,0.329970658985882
6,5.75,5.120235,-5.8661775,32.8705,0.2734945,20.84825,98.2644,100,0,3.4409675,0.665925653168565,0.594447642774366,0.343260237579759
6,6.25,2.67062,-2.04524,38.02965,0.25044,21.3075,98.277,100,0.73129275,2.89831,0.712373213904155,0.586353691809532,0.31559467676119
6,6.75,2.3293725,8.54608,64.1414,0.2904,22.1725,98.28585,100,2.26407,3.22896,0.768321208684523,0.665329126820779,0.374225967452929
6,7.25,1.33782,22.1379,66.569,0.297407,22.63425,98.264675,100,4.48038,3.56727,0.855272490763689,0.744016128857433,0.392447448711289
6,7.75,0.161645,38.183825,109.58325,0.3353525,23.32275,98.268725,98.43,5.45067,3.8420575,0.880264003332102,0.800791326518938,0.409868271521473
6,8.25,0.32222775,57.977975,129.742,0.325299,24.4225,98.283775,93.938,8.45963,4.11311,0.914450811341619,0.853364428811988,0.420693475109848
6,8.75,-0.0999,83.03235,168.77,0.34938875,25.325,98.2939,90.4827,9.12627,4.0574225,1.01037829169273,0.943846636047392,0.423243437080467
6,9.25,1.00526,99.9677,199.004,0.360942,25.572,98.30375,88.029975,10.267775,4.01148,1.0141792798604,0.971996113689146,0.450521030351776
6,9.75,0.379032,118.356,240.3245,0.382654,26.3535,98.301725,84.0319,12.1769,4.3749875,1.12190948268057,1.06733659579122,0.465969417514268
6,10.25,0.4628065,128.4045,256.7875,0.4035905,26.4975,98.31165,82.8828,12.883175,4.630665,1.22625853717721,1.21718868721128,0.492126729256706
6,10.75,0.8834735,137.777,297.888,0.394318,27.042,98.301275,81.93585,12.317825,4.82159,1.20166739433893,1.21717943515998,0.500762644360406
6,11.25,1.03872,167.5205,298.17175,0.4271595,27.64325,98.292325,84.8487,13.8795,5.173695,1.26236529932582,1.30170632932307,0.513464476747616
6,11.75,0.8151525,156.498,288.393,0.42340675,28.28725,98.27015,80.933225,15.1462,5.0481475,1.23871659765415,1.30901439522737,0.508191696663228
6,12.25,0.572608,184.82175,312.924,0.434611,28.86725,98.27975,77.937375,15.724625,5.09783,1.32889048664665,1.36725049397079,0.525872608147639
6,12.75,0.1514535,174.7775,302.8085,0.436399,29.119,98.293875,78.56515,16.73135,4.8466,1.30155468035073,1.35636633906836,0.54174471118246
6,13.25,0.67137,159.42625,364.7195,0.431147,29.481,98.2989,77.26785,17.328725,4.60091,1.3412046701779,1.28734718028523,0.502080670808985
6,13.75,0.338633,182.359,319.487,0.458681,29.511,98.2907,77.051725,18.112275,4.80526,1.37014209184914,1.30752820237271,0.500193962378596
6,14.25,-0.465688,169.204,329.003,0.4451175,29.7375,98.225975,77.6281,19.121,4.912855,1.29500488847362,1.32830937016614,0.514069898197844
6,14.75,0.2722655,147.23375,315.4595,0.4501055,29.994,98.237625,75.742025,18.685225,4.482465,1.35294863169301,1.2889608217475,0.499953356216194
6,15.25,0.793037,131.611,264.56075,0.4396275,29.8505,98.19765,76.894825,18.716725,4.702455,1.359080571563,1.2572310845664,0.50300781865591
6,15.75,1.03723175,122.7745,246.279,0.446383,30.047,98.19795,77.3155,19.0709,4.59421,1.38903923630688,1.3242091979744,0.522111887443034
6,16.25,0.239281,112.61,230.28325,0.42708075,30.001,98.1896,74.0221,19.5032,4.700855,1.20381420081653,1.26,0.473874265800543
6,16.75,1.15162,94.3659,214.4005,0.42792,29.6765,98.1878,74.886875,19.461025,4.86113,1.20624662518201,1.20667897537061,0.467913453536014
6,17.25,1.5638025,57.02205,187.169,0.41349875,29.9085,98.1733,77.5786,18.803,4.775615,1.08237158974358,1.10547931878004,0.474604188427662
6,17.75,2.1169825,49.18425,161.73575,0.3622005,29.9985,98.15015,76.964375,18.754175,4.311125,1.08140186794734,1.01783039645052,0.419635327086315
6,18.25,2.2413625,22.237525,118.355,0.351605,28.51175,98.108275,81.87305,17.5705,4.1548775,0.98274689682727,0.952177545087248,0.447929681981447
6,18.75,2.51876,8.4068075,91.1698,0.33952,27.42875,98.100475,87.277225,15.990875,4.022425,0.985596651228537,0.858554016937781,0.399816968722454
6,19.25,3.38596,-8.19595,75.1835,0.28907425,26.5125,98.12545,91.832275,13.83635,3.687735,0.930127580800573,0.787370280715761,0.400373396138728
6,19.75,4.827935,-11.1822,65.44605,0.2650025,25.8825,98.1293,92.9681,9.76449,3.4619625,0.762930235254175,0.688994447908555,0.384289665350612
6,20.25,6.3281525,-12.337075,40.71435,0.2599135,24.26,98.14025,99.4855,6.8108,3.22543,0.718768078365587,0.601232522418246,0.293927693647071
6,20.75,6.55955,-12.6065,47.583425,0.288227,23.6695,98.18615,100,5.188655,3.1901,0.774880868260515,0.571068297141419,0.342916505693135
6,21.25,6.549355,-14.5948,42.51655,0.2858705,23.23275,98.218775,100,4.1818,3.471505,0.821283722676411,0.615442265133843,0.358390772938054
6,21.75,7.0701,-15.33575,45.6613,0.300452,22.7525,98.252775,100,3.34741,3.52784,0.857285959319212,0.621843813338792,0.400155576955434
6,22.25,5.71867,-11.187425,35.669625,0.27078625,22.1527500000001,98.28175,100,2.776065,3.4486975,0.779478030479371,0.629073922524213,0.394546575197403
6,22.75,4.91472,-17.3528,34.988475,0.2644535,22.1095,98.27255,100,2.33431,3.30264,0.788267147388397,0.557520403214089,0.390497736428046
6,23.25,7.25222,-8.7870725,27.0389,0.2563,22.0295,98.28275,100,1.94483,3.25818,0.732248754479486,0.608843307024496,0.391056569857466
6,23.75,7.11353,-15.44145,32.27,0.228214,21.6845,98.28505,100,1.17481,3.2437325,0.659618361672672,0.5426096576012,0.328641524426095
7,0.25,7.12298,-11.4048,18.93065,0.274274,22.825,98.3185,100,0.937563,2.6171675,0.649885860997759,0.530618119504624,0.336509520076184
7,0.75,7.62275,-8.36394,17.593925,0.260644,22.6165,98.29765,100,0.86474625,2.17467,0.602808373928975,0.545462071252907,0.296735962726732
7,1.25,9.05814,-11.0012,32.4692,0.265178,22.486,98.2906,100,0.7119795,2.3084,0.653978978383055,0.526889931579642,0.294787620297956
7,1.75,6.71466,-14.4441,25.464625,0.243031,22.20825,98.2761,100,0.03406755,2.31705,0.615344716770167,0.468452237767596,0.325493471516711
7,2.25,8.53247,-11.108825,16.646125,0.246612,22.1115,98.2657,100,0,2.169405,0.605859018561359,0.421940999941037,0.302276311779188
7,2.75,8.0656325,-8.42587,17.457925,0.243059,22.0965,98.25685,100,0,1.98083,0.533408337118474,0.411018247770096,0.306553063352947
7,3.25,8.10078,-8.05992,16.941225,0.248477,22.214,98.2459,100,0,1.93729,0.592589825088367,0.447475541257971,0.32078262672638
7,3.75,9.01606,-9.722295,13.2498,0.25242375,21.83025,98.2532,100,0,1.8398575,0.606770106182378,0.484438203801872,0.320285948541254
7,4.25,7.90233,-7.06859,11.9326,0.235303,21.94225,98.25245,100,0,2.0234575,0.570492426833492,0.460095353544114,0.302489669245083
7,4.75,9.82936,-9.42266,22.578625,0.245402,22.07,98.24575,100,0,1.930595,0.631894769720402,0.446102198971357,0.308706980808663
7,5.25,8.179995,-9.82878,12.52495,0.2219325,21.843,98.26905,100,0,1.6398675,0.557960225531759,0.455946724759719,0.266730862150717
7,5.75,9.5203775,-6.88203,12.8656,0.2501085,22.051,98.2782,100,0,1.73544,0.555528651421342,0.445350423823757,0.293294183915995
7,6.25,4.706765,-2.12528,31.9281,0.2338045,22.734,98.282125,100,2.09041,1.9521925,0.562806361015936,0.443679147064693,0.275463720811847
7,6.75,2.88381,13.98,49.2619,0.24302325,23.8085000000001,98.306825,100,4.41459,2.0953125,0.584595143934266,0.502947858405176,0.276936113464944
7,7.25,-1.45544025,21.90185,85.4364,0.262374,24.86525,98.3191,100,6.059115,2.272675,0.701435670607077,0.573726198437793,0.318482338599804
7,7.75,-3.20598,34.23975,114.847,0.28181675,25.7235,98.344025,100,6.4348,2.47468,0.759546986936294,0.634286736933132,0.33733066233939
7,8.25,-3.073775,40.3594,131.24225,0.33631775,26.369,98.3489,100,8.40935,2.5831725,0.75386151277625,0.710646733702517,0.379930256757737
7,8.75,-3.83688,63.38815,176.2995,0.3368755,27.88125,98.3687,92.06705,10.954125,2.71673,0.804938888989599,0.807813471099083,0.404615456803917
7,9.25,-7.511625,96.990425,205.7155,0.3422215,28.176,98.3502,91.8603,11.9377,2.689305,0.859741524483434,0.86217921570866,0.390636408463315
7,9.75,-7.42144,96.7572,254.95,0.379877,29.2135,98.3486,88.94785,13.4361,2.53233,0.898232947967975,0.946959989921545,0.419659053859876
7,10.25,-6.0357425,121.93,269.90575,0.381984,29.5535,98.34845,85.3184,14.6069,2.74702,0.965456886660404,0.906411054654565,0.419915467683675
7,10.75,-4.98573,137.06,339.2305,0.37459325,30.2445,98.35185,82.654,15.791,2.784595,1.01018148791469,1.03979573077825,0.435671862220403
7,11.25,-4.51623,129.63475,346.268,0.3928805,30.572,98.3547,85.528,17.871175,3.002865,1.0583997354497,1.11761800271828,0.469233242750966
7,11.75,-6.425285,134.634,357.313,0.395222,31.2775,98.35825,78.999,18.60525,2.855635,1.09411628871693,1.15449335561796,0.450064935821264
7,12.25,-7.2634675,142.04,387.93925,0.42850175,31.7955,98.3415,76.928675,20.093375,3.02197,1.09314701060979,1.19033595535412,0.489577104574741
7,12.75,-7.16021,136.028,409.22725,0.4069515,31.905,98.3183,77.33495,19.62535,3.0694225,1.13960628925508,1.18159144797689,0.483039742923981
7,13.25,-6.78072,151.953,372.598,0.41656825,32.0915,98.321875,75.859175,20.311225,2.83972,1.1301257761227,1.15162869876049,0.465857470430982
7,13.75,-8.880175,149.15075,397.377,0.405659,32.22975,98.3076,79.58455,20.68265,2.810155,1.16086584373177,1.16650444585295,0.457187283550679
7,14.25,-7.65604,112.3225,327.68575,0.4092415,32.315,98.296275,78.2708,20.456525,2.71867,1.14094660442054,1.25154787859279,0.454074900281142
7,14.75,-4.0997875,111.463,335.27625,0.418958,32.53225,98.2773,76.052675,21.549375,3.2435,1.10648448421092,1.12740811624378,0.472549907332147
7,15.25,-6.7498,93.1498,355.90325,0.4018405,32.568,98.26825,77.06085,21.818625,3.403785,1.13877916566652,1.16005024095882,0.447590152438988
7,15.75,-3.6874575,87.9261,298.67675,0.394053,32.618,98.2549,76.4861,21.4546,2.8249,1.02681567957134,1.119434434272,0.455389858232134
7,16.25,-5.3431825,71.91245,283.6535,0.393287,32.7365,98.25985,78.9013,20.7803,3.043295,1.0745020795905,1.15102003351699,0.459294585703596
7,16.75,-1.7711975,60.27995,240.402,0.36906125,32.468,98.242875,76.9708,20.445,3.1066975,1.07345359414106,1.01156853208046,0.467780911143347
7,17.25,-3.07454,37.73635,241.255,0.39158,32.09275,98.24015,75.89585,21.72705,3.44943,1.03644652376161,1.00320984843651,0.446095987607418
7,17.75,-0.516679,27.445,195.50775,0.396888,32.182,98.233375,79.7256,20.2302,3.62434,1.04816139839865,0.933799764403483,0.443123624553292
7,18.25,-0.7570605,8.52782,126.27975,0.3569735,30.04925,98.241125,87.6798,17.211275,3.4147375,0.960823120714836,0.838006287330466,0.418347850720547
7,18.75,2.038795,1.85172,117.55325,0.33558925,28.71525,98.257775,90.914125,15.79645,3.1779525,0.870655113927034,0.69673648565285,0.395387679901804
7,19.25,3.64459,-6.6916325,77.063475,0.337284,27.5795,98.266175,96.746,12.74055,3.372845,0.875142800173141,0.669862159830411,0.40210828163659
7,19.75,5.90395,-4.81915225,70.8659,0.322669,26.2625,98.273225,100,9.82089,3.09029,0.849173716032238,0.591003384085066,0.349075293423837
7,20.25,9.9791575,-7.547825,47.3052,0.321946,24.8365,98.2684,100,6.511515,2.84243,0.844085896102997,0.595252630040347,0.36085177012175
7,20.75,8.171735,-7.7597925,32.085725,0.3049365,24.07775,98.2604,100,5.20299,2.36678,0.701123887887247,0.573902857955035,0.361383143075034
7,21.25,8.1379175,-4.5939725,37.5646,0.329718,23.6935,98.27985,100,3.81865,2.84413,0.695030731719119,0.652315107904148,0.38082804518575
7,21.75,6.5209125,-8.2464675,46.5414,0.300247,23.438,98.2986,100,3.671,2.48326,0.700334418896175,0.559104299007065,0.363836501742197
7,22.25,6.52582,-10.1015,34.302225,0.267244,23.37825,98.29165,100,2.824955,2.38282,0.717247789961589,0.537941446627791,0.323996913565546
7,22.75,11.428225,-10.11,23.1925,0.30676225,23.27725,98.29315,100,2.46455,2.3941375,0.727971106744715,0.563361340526664,0.339796095825725
7,23.25,9.439265,-12.299375,37.468775,0.3385415,22.995,98.28575,100,2.11188,2.4143125,0.744112572105809,0.58740790144758,0.365272817332025
7,23.75,8.4966225,-9.4195475,36.5324,0.28699725,22.5465,98.2815,100,0.677264,2.3828725,0.684478317830885,0.53857474781367,0.323594569553132
8,0.25,18.0161,-10.15502,22.9845875,0.304416,21.199,98.29735,100,0,1.8173,0.610461300984755,0.469407675063732,0.347551435042355
8,0.75,18.0161,-19.82285,19.34515,0.304655,21.0175,98.2956,100,0,1.8369,0.672515445875246,0.498689095851133,0.356112755558819
8,1.25,18.0161,-20.531075,27.4072,0.280265,20.9315,98.2848,100,0,1.66102,0.609295224864077,0.47073240806216,0.344369368166913
8,1.75,18.0161,-17.2912,23.9920625,0.26392975,20.874,98.272525,100,0,1.77888,0.607720168989684,0.447906357411627,0.306664106617252
8,2.25,18.0161,-15.46915,18.5056,0.31217125,20.69125,98.27055,100,0,1.8188675,0.608916410200395,0.49874079759445,0.335438979414786
8,2.75,13.90086,-20.8468,22.5024875,0.320203,20.397,98.264775,100,0,1.8709375,0.60818220810681,0.537818792905509,0.350364422450995
8,3.25,9.78562,-8.206,22.328425,0.26210175,19.8935,98.2638,100,0,1.8907,0.575319911006042,0.419296685224336,0.287662879120879
8,3.75,12.812135,-9.6069575,15.929225,0.2748655,20.2615,98.268725,100,0,1.8674225,0.59929330881041,0.406281111399618,0.328121792656289
8,4.25,15.83865,-7.663565,14.944575,0.3132565,20.06125,98.275425,100,0,1.912835,0.558527252677143,0.472502497249018,0.366954847619749
8,4.75,19.212425,-12.5798,27.186075,0.285661,20.179,98.288225,100,0,1.90849,0.635115737484122,0.488264103970281,0.338715219616716
8,5.25,8.58109,-9.81063,12.0504,0.2845075,19.994,98.28595,100,0,1.65742,0.511159466311639,0.450004505091431,0.314072270352437
8,5.75,9.536565,-9.2628675,11.814925,0.26819,19.8825,98.3037,100,0,1.5395,0.521874515258708,0.428378239797777,0.313950835887489
8,6.25,8.88095,-6.78829,28.8968,0.27516875,20.39925,98.32785,100,0,1.598535,0.550730994680316,0.430167409272251,0.325752147761621
8,6.75,4.916835,-5.48772,32.928875,0.278671,21.28625,98.346375,100,1.9078,1.82903,0.549996018832702,0.48742785072799,0.313847096529504
8,7.25,-2.15284,13.0307,67.258,0.28086925,22.901,98.36655,100,4.065735,1.8057675,0.584782010667223,0.481118493960401,0.290826441235098
8,7.75,-7.03205,13.741525,98.393975,0.28826475,24.2645,98.3813,100,4.829585,1.8514775,0.6261058735116,0.531637870695371,0.345861231223984
8,8.25,-9.918355,29.51125,158.259,0.334967,26.0700000000001,98.3959,97.334475,5.6548225,1.97372,0.71366517774665,0.600791875636966,0.369246530112336
8,8.75,-12.6447,45.921025,194.37225,0.35555375,27.5015,98.40495,91.3982,8.53987,1.9829075,0.727121780187416,0.683977161888752,0.410512879548641
8,9.25,-14.459,58.0295,229.245,0.370072,28.228,98.4198,88.4143,10.947175,2.223395,0.776151519904534,0.739762945684126,0.419880018907513
8,9.75,-18.0166,64.076575,278.2425,0.382384,29.2955,98.43885,86.1192,11.7998,2.2029475,0.836438110444676,0.812784031009376,0.436256118071782
8,10.25,-16.9319,71.79325,293.038,0.412223,29.583,98.428125,82.4558,12.05475,2.3032,0.864669879202462,0.86535297159054,0.464428130306622
8,10.75,-21.7351,69.1887,377.233,0.44880875,30.3715,98.4246,80.4265,14.4337,2.4247475,0.845747669081705,0.915085983563026,0.499878926479208
8,11.25,-20.145875,84.6852,370.083,0.445669,31.221,98.40835,76.3419,15.9393,2.38722,0.93807409089048,0.940796182575893,0.492131750512786
8,11.75,-18.9503,104.69775,415.5545,0.44524175,31.0685,98.37165,75.194975,16.498725,2.4986025,0.974932078505181,0.918423609634425,0.493692740991098
8,12.25,-22.91385,90.508625,391.274,0.441918,31.459,98.3498,76.61205,17.227325,2.4324475,1.01268194428457,0.963004962528852,0.497264765380367
8,12.75,-22.11415,72.0289,428.0885,0.4605775,31.734,98.33835,75.7352,19.11045,2.42658,1.05244887508665,1.03211917916489,0.516127891127771
8,13.25,-25.775525,116.698,412.637,0.45787925,31.325,98.3198,74.970775,17.720775,2.4335875,1.04110705929236,0.971972894723122,0.500660083369499
8,13.75,-19.9055,101.785,345.078,0.418464,31.42275,98.2901,72.8865,17.57885,2.46161,0.992049880664661,1.00813429425504,0.484519165653014
8,14.25,-18.46125,95.8655,405.707,0.42801175,30.91175,98.269625,73.47375,17.55665,2.4640725,1.00140803966563,0.981301901434688,0.477373622030491
8,14.75,-17.15385,79.1762,345.50475,0.428564,31.398,98.2759,73.559825,19.14075,2.48211,1.04824030661767,0.99752585945688,0.509239165747535
8,15.25,-18.5083,80.942125,382.5605,0.440459,31.523,98.234,73.2523,19.5627,2.49005,0.960738629592096,0.949608796308865,0.499879614122372
8,15.75,-14.43715,58.6273,341.214,0.42665,31.78925,98.2218,72.9592,19.52255,2.468545,0.957415918924429,0.925631672701458,0.501118206147895
8,16.25,-12.2212,27.4123,275.627,0.39058725,31.3855,98.209325,71.70805,18.744175,2.382325,0.958415865215057,0.886506884013307,0.445038698989977
8,16.75,-10.812375,28.984975,248.9155,0.414843,30.829,98.2169,73.4267,19.7526,2.39982,0.962337258969017,0.839455776083529,0.469321851185303
8,17.25,-7.10149,7.883605,214.031,0.4030305,31.101,98.216375,76.312,17.3814,2.4418075,0.916822798741961,0.769805253414568,0.441831936457632
8,17.75,-5.027035,-9.5392925,165.0035,0.3623505,30.3725,98.20815,79.0099,15.5309,2.292085,0.90313897048018,0.7390250334055,0.411077359679811
8,18.25,2.48441,-10.54471,132.55025,0.358124,29.20225,98.20355,84.0969,12.5079,2.13175,0.794979659343476,0.649660966045329,0.407464108848865
8,18.75,3.19937,-10.183905,75.72565,0.33854,27.63225,98.215975,90.4316,9.1946725,2.0793,0.659696142174562,0.492700598156852,0.385765472794028
8,19.25,7.30549,-13.9369,46.4714,0.38501625,25.7625,98.2404,99.60215,5.042725,1.922555,0.685332847150012,0.578005132798072,0.471439025461313
8,19.75,12.55605,-20.7089,25.88775,0.339342,24.259,98.247425,100,3.00943,1.81278,0.592725062739884,0.413395877970265,0.422805180148375
8,20.25,13.567625,-16.8041,35.8291,0.246798,23.16875,98.2615,100,1.98776,1.67089,0.528745188339419,0.417241876373654,0.300665927567458
8,20.75,14.5569,-15.7754,32.7461625,0.22802275,22.5765,98.280125,100,1.10608,2.10381,0.513994567657323,0.443737535036197,0.321105807440668
8,21.25,15.546175,-14.7467,16.0268,0.272475,22.2655,98.29175,100,1.01581,1.88476,0.467315166805346,0.420965051405329,0.313687742827162
8,21.75,9.65897,-18.1756,20.9757,0.258569,21.98075,98.3187,100,0.2291475,1.95197,0.527946019967951,0.432107523478763,0.278208554864871
8,22.25,11.5934,-16.561075,32.7438125,0.30763,21.6407500000001,98.3114,100,0,2.0395,0.648701858525163,0.483918381547963,0.346893355370206
8,22.75,11.33,-12.7,21.456175,0.349013,21.3415,98.304675,100,0,2.11035,0.682287537452013,0.460103555903963,0.368534266812953
8,23.25,11.0666,-13.18595,21.4363,0.30263675,21.232,98.303925,100,0,1.807495,0.628833675818227,0.44486165404314,0.341233685745972
8,23.75,9.07259,-13.377725,22.4412,0.315661,21.3895000000001,98.3054,100,0,1.8692375,0.644291727004687,0.483017374626671,0.353032393637628
9,0.25,9.2104575,-19.961025,27.038525,0.321925,19.9945,98.41055,100,0,1.75405,0.66588460700183,0.514358659218433,0.389003856022019
9,0.75,8.231045,-21.8482,21.096375,0.279177,19.724,98.40615,100,0.00594552,1.82295,0.512897962387189,0.430422164801765,0.316023188155309
9,1.25,9.184935,-17.7104,22.3452,0.320298,19.868,98.4081,100,0,1.820775,0.628168781500031,0.501963273403471,0.358773614121541
9,1.75,8.70773,-12.77225,22.5195,0.31459425,19.45925,98.412825,100,0,1.5232475,0.595433471025018,0.460986984631887,0.337908698897537
9,2.25,7.69396,-12.9937,25.6929,0.290385,19.063,98.4047,100,0.613128,1.4785975,0.552414699297548,0.462297523246664,0.355824394891638
9,2.75,7.20133,-13.793125,27.54705,0.313891,19.324,98.4022,100,0,2.00865,0.583187791367412,0.441225565895722,0.327887539019074
9,3.25,9.391875,-15.2436,27.715625,0.25555975,19.151,98.4128,100,0,1.7852175,0.57316102573794,0.430238989283758,0.3027830697229
9,3.75,8.89176,-14.733525,18.60865,0.27904325,18.8465,98.407725,100,0,1.683995,0.538428073793825,0.461252642268855,0.319156794733686
9,4.25,9.59271,-16.46635,18.683,0.307191,18.76275,98.404975,100,0,1.83331,0.538299395464974,0.362175371884947,0.320633747444027
9,4.75,9.6432125,-9.86787,31.793525,0.3273795,18.83225,98.417375,100,0,1.809325,0.667776275644914,0.424365279742534,0.35955844475062
9,5.25,8.41265,-13.5204,28.017925,0.283451,18.778,98.426875,100,0,1.77549,0.617718534640828,0.468250315811242,0.350026288714787
9,5.75,7.83854,-12.5815,21.078675,0.287893,18.59875,98.442875,100,0,1.57226,0.666014856812092,0.521137218014603,0.369789889577395
9,6.25,8.73025,-12.609925,25.8655,0.292611,18.531,98.44375,100,0,1.72378,0.65626072818735,0.456522923987162,0.333263313325219
9,6.75,5.87727,-7.8677925,31.03805,0.271546,19.05375,98.4564,100,0,1.47729,0.577246514970693,0.489924483976868,0.326743353430824
9,7.25,4.579815,-4.96902,34.2835,0.286463,20.4490000000001,98.468775,100,1.7084225,1.67445,0.621700230278117,0.490819631232099,0.349497319015583
9,7.75,-1.5887975,7.467635,70.084925,0.309555,21.65425,98.485675,100,3.33467,1.9266375,0.76741452501108,0.546412847579557,0.359118185931786
9,8.25,-6.059765,21.25735,101.646,0.36725,23.5295,98.502275,100,5.18786,2.20808,0.779371430994382,0.621577270897736,0.409181816071038
9,8.75,-10.2883,41.3791,165.711,0.40241,25.12725,98.50765,95.0839,7.83633,2.489135,0.906143415863839,0.729851407293213,0.441338144208299
9,9.25,-12.6275,50.788175,195.1485,0.42798275,26.553,98.524875,90.3038,9.54391,2.516445,0.875952634224289,0.804174110500954,0.476827391387767
9,9.75,-13.6887,60.862325,227.579,0.447411,27.47625,98.534425,86.290525,11.58345,2.71203,0.964705136298133,0.869166939696748,0.510539910291056
9,10.25,-11.717175,79.8856,263.336,0.474035,27.7885,98.53395,80.23695,11.951,2.86235,1.02239913927976,0.904645787034904,0.556154654749917
9,10.75,-13.1988,105.339675,318.19475,0.49505075,28.6255,98.52055,75.61075,13.72755,2.8083275,1.07508324404545,0.983066482601775,0.565071730950282
9,11.25,-15.21245,102.2576,328.05275,0.473562,29.1485,98.5049,73.2485,15.4174,2.68955,1.03713627732382,1.04491147950436,0.560199727163181
9,11.75,-12.408425,128.9665,370.688,0.53556425,29.542,98.4887,72.995,16.3918,2.74851,1.19048648259449,1.09417877560979,0.577047726580102
9,12.25,-19.07465,91.424,419.3095,0.49611575,30.22725,98.4662,71.4564,17.0734,2.81363,1.17812417884362,1.12649012423545,0.579732884043055
9,12.75,-13.97685,107.829,413.2595,0.529001,29.98075,98.457325,69.2264,17.30115,2.503835,1.1501591138519,1.12859435083085,0.605983576002671
9,13.25,-10.628075,124.546,345.8765,0.4957685,30.5567500000001,98.4458,75.1201,18.1369,2.613985,1.15457784492861,1.13730822559234,0.572916155290363
9,13.75,-8.720995,128.317,320.11525,0.50334775,30.034,98.4268,69.1117,18.606675,2.7275,1.14828132441488,1.09827136901587,0.575352895163715
9,14.25,-8.923215,82.237425,338.271,0.508677,30.673,98.38345,68.243775,19.764125,2.7613425,1.15863564274171,1.11226795332779,0.602725011877592
9,14.75,-9.146255,50.2064,313.802,0.48173825,30.2435,98.35825,67.40715,19.0868,2.95843,1.09309078475888,1.11864571713954,0.556932256410644
9,15.25,-8.42531,70.185075,296.1495,0.527263,30.546,98.3348,67.420175,18.649,2.847195,1.16641096015922,1.06978372619143,0.5942753749821
9,15.75,-8.86699,26.949,303.6335,0.4963575,29.9685,98.328775,66.8696,17.3793,2.826105,1.13241080913855,1.02755048537773,0.557663027918479
9,16.25,-7.6148875,5.07609,233.7125,0.479164,29.775,98.3091,68.222675,17.35875,2.76852,1.09676086535522,1.00542274437126,0.550035556737337
9,16.75,-5.12991,-10.543,189.628,0.445917,29.9605,98.2867,71.457975,17.90865,2.628765,0.999382355525501,0.802378566567173,0.487331354456316
9,17.25,-1.511095,-18.83205,145.89,0.403572,29.392,98.28695,78.0753,15.78045,2.451195,0.872716941780786,0.737061734185136,0.480478765549613
9,17.75,2.32543,-17.6418,103.5755,0.382799,28.145,98.30435,83.773775,12.606375,2.33034,0.791814905345116,0.675367307470535,0.486594286855076
9,18.25,6.35546,-32.7874,80.3296,0.407183,25.9565,98.3019,89.03955,8.40064,2.42775,0.72983530334687,0.542803872798276,0.467039612880963
9,18.75,9.45236,-25.957075,53.0347,0.378691,23.869,98.30875,99.088,4.789905,2.75205,0.820184834473906,0.688226058422715,0.477383493640071
9,19.25,10.77555,-23.1298,36.413975,0.4060075,22.6705,98.3289,100,2.3870275,2.22462,0.806889707456973,0.686279097743768,0.447453634864169
9,19.75,10.2624475,-21.9262,28.31625,0.374316,22.14,98.345875,100,0.98147525,2.232375,0.781390820873823,0.591620655487957,0.400149285086518
9,20.25,10.624,-22.2919,24.353,0.301972,21.46275,98.3663,100,0.666771,1.99337,0.681052861384489,0.410217469231582,0.340251656148762
9,20.75,8.85434,-18.9762,33.4066,0.35392525,21.486,98.38085,100,0.6250515,2.0897825,0.572295742593012,0.380059039826384,0.38352294301671
9,21.25,9.7606475,-34.2898,37.5359,0.3509245,21.0585,98.3886,100,0.26368,2.2247175,0.724130767435119,0.592328550275762,0.423662601606514
9,21.75,10.737675,-21.495525,37.112325,0.38195025,20.5405,98.3962,100,0,2.284555,0.707335918719949,0.608759394178028,0.443599337657271
9,22.25,9.822495,-28.93125,31.1854,0.37854925,20.243,98.40075,100,0,2.1799625,0.698758218479992,0.580432597292743,0.430618314344587
9,22.75,10.498225,-27.5637,19.71985,0.3590215,20.2595,98.4061,100,0,2.11003,0.765911523615679,0.591603345347517,0.426978986200381
9,23.25,10.8236,-22.4669,24.6046,0.32719025,20.303,98.4173,100,0,1.84649,0.689481689387035,0.556989227903018,0.377949607279352
9,23.75,9.24134,-22.1135,22.3756,0.3509715,20.2625,98.422,100,0,1.942175,0.7094973113489,0.555184892231966,0.407051589219821
10,0.25,8.8082975,-28.7097,17.00645,0.3893645,19.1545,98.4107,100,0,2.024745,0.809352740940807,0.661390236904606,0.442584455217306
10,0.75,9.37952,-18.1114,14.55075,0.41371425,19.176,98.41165,100,0,1.87651,0.741586137950272,0.578085204889243,0.469264804418439
10,1.25,9.43479,-16.6152,11.8788,0.40067,19.231,98.4378,100,0,1.7664025,0.732260009927427,0.59369307233959,0.4488046054819
10,1.75,8.8097,-17.7478,11.72966,0.348717,19.135,98.4517,100,0,1.87524,0.748703132027122,0.611487038988619,0.416281929598004
10,2.25,7.26934,-22.1687,14.864,0.334428,18.883,98.4579,100,0,1.85413,0.676008119897003,0.535809852256811,0.391434541143216
10,2.75,7.2702,-8.965975,7.98215,0.33964225,18.521,98.447225,100,0,1.736755,0.639863193738799,0.529453799980237,0.388661640671072
10,3.25,6.615935,-13.7916,7.5476825,0.30842025,18.418,98.4488,100,0,1.565285,0.580240285371139,0.478377916012313,0.354039124490616
10,3.75,6.84569,-12.108875,17.287825,0.3136375,18.3935,98.441725,100,0,1.54313,0.600542254966293,0.482070534258214,0.354462309765681
10,4.25,6.3356375,-12.5949,20.1189545,0.309313,18.025,98.4591,100,0,1.52165,0.616686721649793,0.481404663673371,0.354929570478426
10,4.75,5.85538,-14.599275,10.9121375,0.30611,17.963,98.462875,100,0,1.61454,0.610750358166084,0.471639910090968,0.345353442142973
10,5.25,6.0229375,-15.8818,7.6511275,0.322184,17.86025,98.429925,100,0,1.50909,0.605246453447479,0.470382478739707,0.375408819684385
10,5.75,6.190495,-15.0428,4.3901175,0.324336,17.685,98.4459,100,0,1.67909,0.629350889868396,0.509224683945491,0.392562096998679
10,6.25,5.66817,-7.03139,-1.0526325,0.33191025,17.652,98.45515,100,0,1.55972,0.615366840356664,0.500963176124153,0.401593162316095
10,6.75,5.32459,-14.4417,6.02058375,0.33628275,17.7645,98.461975,100,0,1.4928475,0.620947662850904,0.526801670460525,0.391733474788413
10,7.25,5.2701025,-13.879,13.0938,0.3090425,18.073,98.4853,100,0.4024,1.49525,0.632881479059668,0.490738213453601,0.365570104535744
10,7.75,3.6308925,-6.8596625,38.735775,0.35597675,18.465,98.527,100,0.32303,1.7267,0.667961831921866,0.579778405944892,0.428186754635856
10,8.25,0.806066,15.99785,58.4209,0.37262175,19.1525,98.5275,100,2.526355,1.996075,0.844875272242497,0.687411603376695,0.42281068502501
10,8.75,0.738159,56.109,90.5595,0.41088525,19.75425,98.5757,100,4.65242,2.2348125,0.879197418953897,0.77867194728444,0.469809449724311
10,9.25,0.948256,91.53505,107.236925,0.436437,21.3390000000001,98.575,100,6.51911,2.54659,0.98154775737098,0.891296247046963,0.504419468299946
10,9.75,1.5894925,130.325,138.7245,0.475699,22.85275,98.5632,95.935625,7.7676,2.7955,1.04902963756541,0.969176894078889,0.53649697110049
10,10.25,1.3285425,152.52525,146.5185,0.4491985,23.9115,98.55965,89.442475,9.5579125,2.485215,1.10421618898666,1.01089053633933,0.533282898969493
10,10.75,1.6346075,182.76225,157.1295,0.49550275,25.6540000000001,98.5459,80.9269,11.2514,2.9982425,1.07332896914444,1.08941685260193,0.574647347224171
10,11.25,1.300655,160.8835,153.158,0.507932,26.406,98.534,80.6302,12.5345,3.15658,1.18521066301665,1.18239354293876,0.606568277828554
10,11.75,0.961636,186.567,168.751,0.557182,26.2515,98.5112,79.1719,13.25845,3.29759,1.19329795105833,1.27508038962255,0.611695185529525
10,12.25,-0.74796275,205.886,163.52125,0.535181,26.7105,98.48895,79.6874,15.8172,3.1899975,1.26852362534608,1.25748276152907,0.636058129266875
10,12.75,1.20277,198.8995,207.671,0.583414,27.046,98.4729,74.518475,15.185775,3.16914,1.26622453442741,1.33056868409117,0.671011922397806
10,13.25,1.41881,200.96,139.012,0.58637225,27.3575,98.44155,73.44865,17.454925,3.11185,1.28268878403407,1.33279766019113,0.670321241852025
10,13.75,1.55854,188.8985,143.661,0.5972205,27.702,98.3753,78.8196,17.2933,3.169935,1.33628538141835,1.33316021261489,0.680700528582907
10,14.25,1.551545,162.6425,147.089,0.58346525,28.131,98.3524,80.352875,17.96335,3.0724725,1.34561002280941,1.27075086140416,0.653252724803309
10,14.75,1.46906,144.913,124.5685,0.5570205,28.3705,98.32135,77.0666,17.1149,2.8986525,1.27602847251231,1.26670089503588,0.635447835952496
10,15.25,1.65054,107.16,112.154,0.545359,27.7325,98.317625,76.454575,18.11355,2.87308,1.29314547211748,1.19114586721481,0.612053919193399
10,15.75,1.31182,93.5209,112.5925,0.535043,27.75875,98.32335,75.9992,16.8724,3.1651425,1.19670798443062,1.12614213847374,0.583333583933231
10,16.25,1.94488,65.231525,88.2222,0.524706,26.7415,98.3023,77.9261,16.2815,2.976685,1.13944576230035,1.04655147986136,0.579186040604224
10,16.75,3.385345,21.93875,69.84075,0.4633925,25.97275,98.302375,82.984425,13.634325,3.085785,1.04664781459349,0.906962454445839,0.536174430789701
10,17.25,4.3530575,-0.8747895,54.98525,0.47216,25.11525,98.30445,85.48055,12.0684,2.89358,0.995398176981734,0.77481804315594,0.494315688603953
10,17.75,6.1136825,-23.056825,47.4135,0.3764785,23.471,98.320875,92.073,8.1226025,2.58066,0.902550296403748,0.683188195691789,0.430636433681349
10,18.25,5.56129,-22.6021,40.60784,0.278449,21.6705,98.34215,100,5.40758,2.23422,0.701516964956244,0.538394802297427,0.351105397281215
10,18.75,5.0088975,-12.8839,33.80218,0.281004,19.875,98.3702,100,2.553485,2.20606,0.584776360318015,0.482877871372481,0.312039013595012
10,19.25,4.456505,-16.5583,26.99652,0.3280315,19.158,98.39325,100,1.561055,2.0619,0.661120729623987,0.56124682627165,0.422215090797594
10,19.75,3.9041125,-22.7301,20.19086,0.357362,18.8265,98.40225,100,1.137675,1.80369,0.717341318149878,0.577416789606485,0.435104219807625
10,20.25,3.35172,-18.605075,13.3852,0.33876875,17.772,98.4211,100,0.88387875,2.0867125,0.768453083119657,0.573958699943619,0.431662258473317
10,20.75,4.5490925,-23.39005,16.09105,0.352117,18.367,98.4286,100,2.0203175,2.19168,0.769193452562992,0.607612791813,0.444306631634829
10,21.25,5.746465,-22.05455,18.7969,0.382193,18.8870000000001,98.4364,100,1.55229,2.4446125,0.835369903997225,0.655845613846023,0.464031130396224
10,21.75,5.7331375,-11.76165,13.13975,0.382832,18.82075,98.437825,100,0.299137,1.96253,0.854243439535995,0.682517424629671,0.467272939511802
10,22.25,5.66072,-18.854225,12.49445,0.394831,18.781,98.4386,100,0.109959,2.37755,0.831886023206162,0.611252495108238,0.441466873049383
10,22.75,5.213945,-19.4461,15.523975,0.418176,18.805,98.4427,100,0.4215613,2.41747,0.821370196683566,0.644560426359542,0.450892583658761
10,23.25,6.2681875,-21.581,13.5367,0.3463535,18.54725,98.441525,100,0,2.161875,0.765977153706297,0.586200047431138,0.431711893450354
10,23.75,6.2681875,-22.7164,13.5367,0.4260015,18.39375,98.425075,100,0,2.2708,0.767408747572389,0.653351044822102,0.505720278414857
11,0.25,1.305315,-9.668015,29.050275,0.4443655,4.85500000000002,98.634375,100,0,3.6797775,0.963293828486407,0.785544302797538,0.501217874572274
11,0.75,1.4450425,-12.6881,42.1211,0.41181175,4.28225000000002,98.641825,100,0,3.6331225,0.878194168275539,0.721484919511289,0.480371208896684
11,1.25,1.4280825,-14.7694,31.2494,0.395929,4.25000000000001,98.722925,100,0,3.22867,0.940140902867481,0.668215012255965,0.460976138211079
11,1.75,2.12014,-10.10545,36.1872,0.40124825,4.36550000000001,98.720825,100,0,3.0488925,0.849120285181941,0.703752797507761,0.487831657257477
11,2.25,1.85718,-9.797135,35.9381,0.4150665,3.76375000000003,98.72475,100,0,3.327475,0.836882740963929,0.5261948308374,0.478081103125444
11,2.75,1.34954,-7.3504025,30.8155,0.376788,3.92950000000002,98.8552,100,0.607655,3.06128,0.905641341337426,0.765249022513783,0.454030278760349
11,3.25,2.1902475,-10.45361,37.40115,0.4066405,4.77700000000004,98.6758,100,0,3.46968,0.998444345911026,0.709978280322653,0.487313019902157
11,3.75,1.57713,-15.966925,18.64665,0.34075525,4.75800000000004,98.6959,100,0,3.5247825,0.98393601933644,0.734253587665363,0.442790252416284
11,4.25,1.677895,-14.154375,12.24,0.372384,4.71300000000002,98.7192,100,0,3.451995,0.991809276503682,0.817894769777758,0.451940049233593
11,4.75,3.0611425,-5.864395,15.142975,0.3895945,5.06200000000001,98.7564,100,0,3.229305,0.862201832519509,0.68104625393581,0.445961528740556
11,5.25,1.9389,-11.007875,14.3817,0.304809,5.04600000000005,98.7891,100,0,3.12572,0.827791865345265,0.622123565507109,0.412118914877733
11,5.75,1.620285,-13.567,14.7669625,0.31489,5.28800000000001,98.796,100,0,3.4354375,0.887519264226069,0.651805185619139,0.446010495836122
11,6.25,1.65728,-11.7996,15.152225,0.288023,4.99125000000002,98.842325,100,0,2.9010375,0.872451144763992,0.676127946471672,0.419930927393569
11,6.75,1.607915,-8.76036,14.6773125,0.324895,4.54800000000003,98.86265,100,0,3.315855,0.945732638232468,0.683091174066246,0.468903000040498
11,7.25,1.55855,-8.978715,14.2024,0.3551375,3.97500000000002,98.90465,100,0,3.26799,0.908385495934585,0.719396274663693,0.444326456560939
11,7.75,1.408945,-8.47828,16.934325,0.3559775,5.00050000000002,98.9162,100,0,3.388425,1.01003960318395,0.712768872555423,0.499284322399382
11,8.25,0.859527,-4.75266,20.559925,0.294879,5.50225000000002,98.99255,100,0,3.35566,0.887253064238158,0.773409413666785,0.466625820826696
11,8.75,0.5617755,15.205525,36.778775,0.333032,7.02550000000002,99.02535,100,0.03232025,3.24771,0.926215509077842,0.766252877153845,0.416822504190933
11,9.25,0.8785825,31.775775,55.7978,0.35475675,8.798,99.0374,100,0.80515725,3.7013575,0.988561218493445,0.81969069980321,0.412441883345036
11,9.75,0.423902,51.3506,60.107725,0.368021,10.9835,99.0204,100,1.5173625,3.638675,0.977236905588198,0.859825437579129,0.420338385177277
11,10.25,0.23872875,61.305,67.89965,0.421844,11.94,98.9782,100,2.52476,3.442425,0.995769441326341,0.950449893471508,0.493083157886397
11,10.75,0.14928075,99.0227,93.145325,0.42833925,12.5700000000001,98.9665,100,3.408615,3.6537925,1.02545112023928,0.992438914996787,0.482353380514479
11,11.25,-0.11337625,105.13,100.8815,0.437145,13.243,98.9484,97.516975,3.2121625,3.665805,1.07243181601443,1.02932016399175,0.503854455463254
11,11.75,-0.76963175,126.989,98.434925,0.46168,13.1665,98.919925,97.5801,3.31989,3.644185,1.07801205930175,1.12078097771152,0.536564655905263
11,12.25,-0.258247,134.6295,99.754975,0.42626225,13.311,98.8734,95.0056,3.688185,3.7375325,1.10516062181024,1.10486198233082,0.516330003031851
11,12.75,0.407581,131.006,97.318175,0.452659,12.38975,98.876125,92.48165,3.684265,4.045005,1.1724817028192,1.1395343600098,0.521588039385145
11,13.25,0.1331705,129.211,105.16775,0.4394845,12.2795,98.87705,87.294625,4.5922125,4.288995,1.18567881761813,1.116165696421,0.534812449642382
11,13.75,0.305875,124.73625,101.9515,0.4729685,13.001,98.8222,85.267025,4.9884325,4.310815,1.23195349306505,1.14779605876936,0.556087977441941
11,14.25,0.477783,102.94725,98.213025,0.485413,13.8505,98.7811,83.975825,5.6895475,4.11329,1.22981045370185,1.16425761414241,0.589742316609551
11,14.75,0.32164625,82.486775,85.689225,0.46468975,14.1895,98.75995,87.451,5.72432,4.1223975,1.15787626795024,1.11189577937834,0.566571979465343
11,15.25,0.79204475,56.55015,77.012525,0.46717,14.17525,98.804275,90.1931,5.25031,4.19116,1.10300536506902,1.04760918056814,0.54545982707296
11,15.75,0.892558,31.022675,62.2172,0.45993775,13.72225,98.7919,92.955975,4.7719125,3.9815675,1.1645385352147,1.03166730345926,0.539820340483758
11,16.25,0.63738725,11.961025,49.7985,0.4383405,12.458,98.831625,94.61685,4.1441875,4.17482,1.06839312496991,0.933214873434838,0.501755450067463
11,16.75,1.0893125,-4.5936025,35.847,0.37995825,11.2065,98.84905,100,3.007855,3.85729,1.06646324242497,0.845898194422381,0.441537507436207
11,17.25,1.3886,-16.88795,30.6756,0.415628,9.86600000000004,98.8424,100,1.6098275,3.443375,1.04719114218056,0.79707338408394,0.503268267886572
11,17.75,1.733665,-18.5362,21.1511,0.390213,9.35150000000002,98.837225,100,0.9271895,3.331105,0.947184776060089,0.850294066779253,0.513084738325623
11,18.25,1.86205,-13.5725,26.1587,0.3333,9.03100000000003,98.825,100,0.789337,3.4896825,0.986191001412976,0.807550329165033,0.421335334797888
11,18.75,1.6461925,-5.6949775,27.1011,0.41557075,8.56550000000001,98.8217,100,0.494596,3.2547225,0.960877110001187,0.768850329272737,0.545167091134587
11,19.25,1.751265,-12.149125,26.37665,0.41011075,7.22600000000004,98.826875,100,0.941641,3.40099,0.942467401854638,0.722641976153174,0.518755388476828
11,19.75,1.62947,-11.6303,28.0087,0.3758975,6.65675000000002,98.827025,100,0.88654975,3.055715,0.833110886302823,0.603652572503341,0.502673792949811
11,20.25,1.47646,-20.314375,27.1371,0.3695365,7.32900000000006,98.8011,100,0.441193,3.0002,0.835231526339905,0.621466008724532,0.464050349197564
11,20.75,1.30725,-12.72855,20.0225,0.3651695,6.69575000000005,98.7903,100,0,3.019505,0.800697608291158,0.678386029409842,0.44442295269448
11,21.25,2.00621,-19.021675,23.6616,0.35721,7.34475000000005,98.77315,100,0.207834,2.83248,0.823626426454129,0.597048186684142,0.443762815202878
11,21.75,1.62314,-19.361825,25.447475,0.3827675,5.80250000000005,98.771625,100,0,3.049645,0.846727819313857,0.597664621673393,0.500370664974547
11,22.25,2.14735,-16.40725,20.29595,0.3828205,6.05400000000003,98.7534,100,0,3.0746775,0.9119853881334,0.701256249214875,0.511337461956387
11,22.75,1.2167875,-6.86775,27.0839,0.431484,5.8845,98.7425,100,0,3.12637,1.01341995243828,0.7311957066624,0.539828435093678
11,23.25,1.5663525,-13.5657,20.9847,0.440829,5.27000000000004,98.6789,100,0,3.081275,1.01838716165532,0.704273902304423,0.546105614398897
11,23.75,1.52031,-11.37852,32.8113,0.458076,4.66550000000004,98.65085,100,0,3.61944,0.980970890255991,0.760900781968319,0.53590651816456
12,0.25,2.10428,-12.071,22.6232,0.3053385,4.70500000000001,98.7867,100,0,4.2887825,0.92492794911364,0.719721690652384,0.431674882451214
12,0.75,1.388255,-13.5755,22.6156,0.297937,4.89800000000002,98.7783,100,0,4.4804625,0.945480830054211,0.734774116014582,0.416135795143845
12,1.25,1.5347875,-10.511135,13.58105,0.305379,4.72200000000004,98.736,100,0.02315655,4.2424425,0.878351865712142,0.681697146832815,0.418870881665001
12,1.75,2.1099675,-12.90385,15.211225,0.36321725,4.07000000000002,98.692225,100,0.14600625,4.8066225,0.92994677267035,0.788984733163782,0.46723744915265
12,2.25,2.3906375,-17.9841,36.1896,0.346508,4.483,98.6671,100,1.20051075,4.63443,1.05338353602644,0.808837423635659,0.484416143413904
12,2.75,1.5803625,-8.9346525,37.00075,0.370637,4.25800000000002,98.68525,100,0.2624345,4.483425,1.04760141355361,0.772009204656521,0.469491182915967
12,3.25,1.7142,-10.0783875,20.5972,0.334504,3.85150000000004,98.695,100,0.468615,4.343615,0.971928020363305,0.694846984295868,0.436251320832362
12,3.75,1.032935,-8.1512625,22.41945,0.314014,3.59450000000004,98.67245,100,0.242467,4.25264,0.937900832252681,0.697258201816228,0.424538573041367
12,4.25,1.4119475,-6.98035,19.9853,0.32162975,5.596,98.6289,100,0.7741755,4.2061225,0.856925901113976,0.75616550950898,0.412455574096106
12,4.75,1.47033,-3.33473,24.2127,0.32132025,5.71875000000001,98.63195,100,0.4821335,4.3284225,0.90772513196595,0.744957772857261,0.407136340799983
12,5.25,1.200865,-4.6599225,26.3683,0.34737675,5.46300000000001,98.62765,100,0.2034945,4.6924675,0.945263615781677,0.80585606655283,0.430954969056504
12,5.75,1.567255,-2.62704675,21.41605,0.33853125,4.10275000000001,98.612525,100,1.308765,4.48152,0.950575089090809,0.779241297673577,0.424067264420315
12,6.25,1.48767,-2.68287,18.765675,0.3106105,4.07100000000004,98.60455,100,1.352865,3.84564,0.843331014709512,0.620101774301823,0.398931308141476
12,6.75,1.8974175,-6.339015,25.5468,0.337181,3.95275000000002,98.607175,100,4.00538,4.0281,0.878646309306157,0.670651849031628,0.419137427577266
12,7.25,1.560695,-14.40715,28.0837,0.326519,3.52950000000004,98.657275,100,1.9740525,4.0652425,0.933907890611316,0.76150995872784,0.440714505597929
12,7.75,1.640295,-5.7794275,26.43635,0.3163275,3.79550000000003,98.68905,100,1.5297225,4.14912,0.876171786808957,0.7629619911896,0.444808405893645
12,8.25,1.17569,-4.10368,42.587,0.322762,4.07950000000002,98.70905,100,0.79909675,3.7277,1.01422306126084,0.661409534390005,0.452251036483058
12,8.75,1.017203,-7.03844,33.555625,0.30775525,4.81800000000001,98.73105,100,0,3.7399225,0.910370125861435,0.715991957616992,0.436130659736783
12,9.25,0.85756225,10.588945,49.502325,0.327047,6.64775000000002,98.81765,100,0.21727525,3.93034,0.981419889751578,0.751137483460295,0.414048527367278
12,9.75,0.529378,25.6024,56.09335,0.37085875,6.81850000000003,98.84695,100,1.03766,4.3859075,1.06419875454369,0.841983397826721,0.481184995609797
12,10.25,0.9913115,34.619325,69.5316,0.376319,7.85425000000002,98.8815,100,0.68110575,4.90993,1.1037314207001,0.903228770165377,0.484319811897259
12,10.75,0.21107525,47.9551,70.7621,0.37417125,8.15350000000002,98.871275,100,1.5323,5.02868,1.13565899396369,0.960369446674552,0.475600380033558
12,11.25,0.611541,56.146675,80.55475,0.376668,9.62400000000002,98.8611,100,1.22611,4.824385,1.07786979929008,0.975480558062136,0.494240111905036
12,11.75,0.481762,69.79535,88.487225,0.39894925,9.65600000000001,98.8414,100,0.63424275,4.8643725,1.14425575671363,1.06542529258992,0.507386093535839
12,12.25,0.434017,74.0478,93.8497,0.3986145,9.05200000000002,98.8334,100,1.7602875,5.40727,1.16310633569883,1.10771069700986,0.461836610203688
12,12.75,0.54181525,85.789875,87.6805,0.4089445,10.039,98.8373,100,2.2330275,5.3847125,1.19436484437874,1.06801382984178,0.515308691242459
12,13.25,0.6840915,84.709775,94.8787,0.381354,10.945,98.81715,100,1.40722,5.42645,1.20890610550884,1.08367057773349,0.486836728277561
12,13.75,0.5594795,73.732325,91.473475,0.3894465,11.54425,98.78925,100,1.83487,5.240875,1.26136830465967,1.00651623503764,0.507474322351137
12,14.25,0.9283335,65.313775,90.033575,0.400806,12.07525,98.76385,100,2.35103,5.397265,1.20742554246383,1.06638360597117,0.510023721289253
12,14.75,1.06291625,47.40725,75.0341,0.4103555,12.438,98.7627,100,2.3457175,5.3722425,1.12727991200056,0.990385783419774,0.515886378887535
12,15.25,1.02998,30.1911,66.4762,0.401178,12.403,98.7085,100,2.7004575,5.25257,1.18319018677544,0.995113412743387,0.493253484529
12,15.75,1.08747,13.32,58.5821,0.391848,11.851,98.7303,100,2.17052,5.130115,1.15959405190323,0.895321632615035,0.521374295437513
12,16.25,1.4933,-6.03481,42.208775,0.361156,11.0945,98.78,100,1.5018625,4.8165,1.0594951515772,0.862107890252035,0.471976471322937
12,16.75,1.62712,-10.7616275,38.413425,0.36669025,9.92350000000003,98.81795,100,0.79907175,4.93867,0.917880166470548,0.788230930628835,0.478966189171898
12,17.25,1.69047,-15.47275,36.627525,0.3845025,8.33475000000003,98.825375,100,0,4.8623,0.944407221488697,0.830436510474878,0.45453710578294
12,17.75,2.10129,-15.7104,30.976,0.344423,8.59650000000003,98.811125,100,0.014992225,3.93116,1.02583012736363,0.81456053887819,0.469270710784298
12,18.25,2.359975,-13.87685,19.7323,0.336472,7.88375000000002,98.807,100,0.05466365,4.28192,0.982393297247483,0.786549980741581,0.458708177504444
12,18.75,2.26277,-19.03695,21.8808,0.347208,8.06750000000002,98.7873,100,0.33866,4.5474,1.01879647325054,0.749124610322068,0.439901076959103
12,19.25,1.87414,-15.150375,20.317875,0.35237925,8.09900000000002,98.78675,100,0.051293,4.7307125,0.986419168600898,0.747865912334873,0.453458789032908
12,19.75,1.8753825,-17.2298,21.909925,0.348547,6.67200000000003,98.8028,100,0.174691,3.91873,0.951879704018009,0.682386434962968,0.450964521886146
12,20.25,2.1356675,-17.63885,26.165875,0.321169,7.61950000000004,98.80215,100,0.146713525,4.21789,0.98628697649315,0.679627384503677,0.401332220457102
12,20.75,1.477005,-18.215325,23.8636,0.332644,7.01475000000003,98.779625,100,0.562271,4.18557,0.894038073306959,0.693207039779603,0.451253914963059
12,21.25,1.79052,-17.2177,20.0481,0.354246,6.89250000000003,98.7562,100,0.467199,3.91634,0.92118665407857,0.630115200218773,0.414064626613696
12,21.75,1.4192575,-18.5457,12.184425,0.308178,6.46800000000005,98.7649,100,0.397879,3.95195,0.858897023835005,0.632890527704895,0.409598902171622
12,22.25,1.83433,-20.45685,9.91399,0.27853225,6.86850000000004,98.7339,100,0.202781,3.6271375,0.780176907067928,0.639085313336989,0.395259749732603
12,22.75,1.64426,-16.289,21.0719,0.318987,6.41625000000003,98.706525,100,0.186524,3.9661,0.885887490250156,0.691089673693846,0.413728753391248
12,23.25,1.334165,-19.3214,25.216,0.34544225,5.84800000000004,98.739575,100,0.0572449,4.2728675,0.973803550540823,0.697779314647466,0.446256262002733
12,23.75,1.388085,-13.2166,20.219175,0.305149,4.94650000000004,98.76385,100,0,4.59369,0.948955144734704,0.730034245772073,0.433803800441518
