DOY2,HR2,USTAR,TA,WS,FC,SC,H,LE,G,RH,PA,NETRAD,PPFD_IN,SW_IN,CO2,VPD,TS_1_1_1,TS_1_2_1,NEE
1,0.25,0.231,-1.576,0.7415,0.536,0.053,-15.64,0.93,-2.2905,88.85,88.2,-14.155,0,0,364.925,0.67,0.123,1.105,0.397
1,0.75,0.248,-1.7705,0.932,0.301,0.069,-17.38,0.26,-2.3995,88.3,88.2,-13.36,0,0,365.11,0.625,0.137,1.138,0.401
1,1.25,0.2795,-1.897,0.893,0.4365,0.009,-12.925,1.66,-2.4875,87.1,88.2,-12.06,0,0,364.88,0.595,0.175,1.135,0.3955
1,1.75,0.321,-2.186,0.82,0.514,0,-17.545,0.95,-2.475,87.85,88.2,-8.79,0,0,365.62,0.56,0.1345,1.097,0.327
1,2.25,0.277,-2.185,0.758,0.472,-0.002,-18.37,1.065,-2.5445,89.4,88.2,-9.825,0,0,365.45,0.54,0.1155,1.0855,0.418
1,2.75,0.176,-2.276,0.7405,0.38,0.0055,-17.59,1.77,-2.5725,88.55,88.2,-9.175,0,0,365.65,0.5,0.1155,1.095,0.39
1,3.25,0.155,-2.3555,0.6665,0.3465,5e-04,-13.575,2.16,-2.5695,90.1,88.2,-8.845,0,0,366.44,0.515,0.137,1.11,0.3255
1,3.75,0.204,-2.331,0.787,0.453,0.005,-6.99,1.45,-2.5805,90.8,88.2,-8.495,0,0,365.845,0.5,0.121,1.1115,0.398
1,4.25,0.149,-2.4425,0.6525,0.415,0.018,-6.94,1.485,-2.5845,90.5,88.2,-7.825,0,0,366.26,0.47,0.139,1.145,0.328
1,4.75,0.1315,-2.5135,0.8045,0.204,0.056,-8.13,1.15,-2.586,90.25,88.2,-6.3315,0,0,365.87,0.53,0.132,1.146,0.327
1,5.25,0.124,-2.5325,0.7155,0.4285,0,-12.32,0.625,-2.585,90.15,88.2,-8.16,0,0,366.225,0.515,0.114,1.151,0.39
1,5.75,0.147,-2.507,0.577,0.3715,0.074,-10.185,1.775,-2.5855,90.2,88.2,-7.278,0,0,366.745,0.5,0.1295,1.1295,0.37
1,6.25,0.162,-2.5265,0.9105,0.5,0.008,-13.47,1.54,-2.5855,90.65,88.2,-6.69,0,0,366,0.455,0.112,1.116,0.374
1,6.75,0.141,-2.5805,0.783,0.509,0.0085,-12.6,1.665,-2.584,91.35,88.2,-7.765,0,0,365.1,0.46,0.115,1.092,0.396
1,7.25,0.157,-2.7485,0.6375,0.318,0.1355,-10.545,1.43,-2.5975,90.25,88.2,-7.61,0,0,366.15,0.48,0.1505,1.0785,0.3885
1,7.75,0.161,-2.4355,0.562,0.0935,0.007,-11.78,0.355,-2.596,89.45,88.2505,-3.2135,9.825,3.439,366.3,0.485,0.13,1.107,0.214
1,8.25,0.206,-2.16,0.617,0.0885,-0.013,-6.25,1.89,-2.59,87.85,88.2,2.324,41.325,19.055,365.34,0.59,-0.0185,0.955,-0.093
1,8.75,0.221,-1.97,0.6135,0.032,-0.151,-6.02,5.265,-2.587,86.05,88.2505,14.19,85.15,40.165,365.58,0.775,-0.183,0.722,-0.144
1,9.25,0.323,-1.3865,0.5375,-0.336,-0.343,3.095,9.575,-2.606,82.85,88.301,29.515,122.25,73.7,365.2,0.84,-0.309,0.596,-0.59
1,9.75,0.238,-0.533,0.5725,-0.508,-0.29,13.23,12.69,-2.5845,81.3,88.301,48.07,206.65,104.5,364.61,1.05,-0.2765,0.6245,-0.643
1,10.25,0.3885,-0.4435,0.726,-0.858,-0.215,24.08,18.71,-2.483,79.45,88.301,64.13,271.05,134.2,364.67,1.215,-0.1745,0.767,-1.133
1,10.75,0.305,-0.1965,0.852,-0.987,-0.07,25.59,17.27,-2.3205,79.55,88.3505,68.825,330.45,163.6,364.29,1.345,-0.1965,0.76,-1.1725
1,11.25,0.368,0.306,0.8775,-1.0975,-0.111,33.43,19.025,-2.253,76.25,88.4,74.65,361.3,171.9,363.99,1.535,-0.11,0.8875,-1.204
1,11.75,0.409,0.189,0.951,-1.109,-0.078,43.36,19.12,-2.1795,74.25,88.4,93.55,397.85,190.7,363.82,1.695,-0.135,0.818,-1.196
1,12.25,0.366,0.6615,0.9525,-1.201,-0.087,47.89,18.72,-2.0925,73.55,88.301,87,394.8,190.75,363.725,1.73,0.0105,0.96,-1.313
1,12.75,0.357,0.7015,1.049,-1.133,-0.038,36.855,18.985,-1.9755,72.75,88.301,89.4,402.9,201.75,363.56,1.815,-0.055,0.831,-1.244
1,13.25,0.3165,0.7725,0.879,-0.961,-0.006,42.56,16.855,-1.79,73.95,88.301,80.05,382.9,181.4,364.46,1.84,0.1275,1.0745,-1.068
1,13.75,0.391,1.0095,0.8065,-1.1915,0.003,30.72,17.335,-1.7615,76.35,88.301,67.085,310.1,153,363.49,1.685,0.1475,1.122,-1.1885
1,14.25,0.388,1.2885,1.02,-0.846,-0.0105,26.83,14.085,-1.672,75.95,88.301,57.47,287.75,115.8,363.32,1.575,0.312,1.265,-0.912
1,14.75,0.4125,1.0995,1.012,-0.72,0.002,19.885,10.85,-1.7025,75.15,88.301,39.945,235.5,71.8,363.47,1.58,0.3425,1.2715,-0.632
1,15.25,0.384,0.7245,1.034,-0.603,0.032,8.34,10.44,-1.749,75.2,88.301,29.635,170,64.4455,363.215,1.605,0.513,1.4515,-0.562
1,15.75,0.3765,0.6895,0.881,-0.25,0.07,3.165,8.395,-1.779,75.7,88.301,10.03,99.2,39.14,363.39,1.56,0.463,1.434,-0.092
1,16.25,0.3995,0.1315,0.9105,-0.121,0.135,-5.21,5.435,-1.855,78.55,88.301,-3.236,42.895,15.445,363.32,1.355,0.5055,1.4295,0.067
1,16.75,0.3245,-0.142,0.778,-0.033,0.144,-10.88,3.455,-1.9215,80.8,88.301,-12.085,9.305,3.637,364.145,1.175,0.498,1.473,0.21
1,17.25,0.3285,-0.454,0.8985,0.1775,0.199,-15.07,2.62,-1.9135,82.15,88.301,-12.925,0,0,363.645,1.025,0.511,1.442,0.4075
1,17.75,0.294,-0.4695,0.8085,0.276,0.123,-16.29,2.01,-1.9085,83.05,88.301,-13.74,0,0,363.72,0.96,0.3985,1.386,0.359
1,18.25,0.3305,-0.635,0.7905,0.3915,0.1085,-17.86,1.56,-2.024,84.5,88.301,-14.865,0,0,364.39,0.83,0.2905,1.268,0.3785
1,18.75,0.334,-0.7755,0.765,0.421,0.164,-16.65,1.875,-2.0795,84.15,88.301,-14.07,0,0,364.27,0.8,0.235,1.23,0.4465
1,19.25,0.243,-0.983,0.684,0.378,0.1265,-14.465,1.08,-2.0695,85.25,88.301,-14.71,0,0,364.39,0.775,0.2,1.191,0.4515
1,19.75,0.187,-0.969,0.6465,0.386,0.1025,-13.16,0.84,-2.0855,86.05,88.301,-14.82,0,0,364.435,0.755,0.2355,1.213,0.45
1,20.25,0.226,-1.369,0.829,0.411,0.0475,-15.44,1.16,-2.115,86.95,88.301,-13.065,0,0,365.27,0.715,0.1845,1.194,0.3925
1,20.75,0.2425,-1.5085,0.6355,0.721,0.004,-14.39,0.385,-2.146,86.7,88.301,-13.305,0,0,365.03,0.72,0.184,1.166,0.444
1,21.25,0.235,-1.577,0.763,0.2955,0.144,-14.495,1.12,-2.198,86.85,88.301,-14.365,0,0,364.88,0.725,0.181,1.195,0.3955
1,21.75,0.2365,-1.3255,0.677,0.309,0.001,-16.03,0.58,-2.207,85.65,88.301,-13.29,0,0,364.45,0.735,0.191,1.1775,0.355
1,22.25,0.2215,-1.2565,0.849,0.279,0.045,-16.695,-0.02,-2.239,85.15,88.301,-12.8,0,0,364.85,0.78,0.1805,1.169,0.383
1,22.75,0.22,-1.424,0.7325,0.559,5e-04,-14.44,1.365,-2.191,86.1,88.301,-10.82,0,0,364.845,0.78,0.136,1.155,0.462
1,23.25,0.2165,-1.481,0.644,0.248,0.105,-16.66,0.505,-2.256,86.85,88.301,-13.545,0,0,366,0.665,0.12,1.122,0.398
1,23.75,0.1765,-1.626,0.59,0.2395,0.1775,-14.735,0.37,-2.219,87.5,88.301,-14.52,0,0,365.19,0.7,0.1375,1.1345,0.332
2,0.25,0.124,-1.233,0.523,0.377,0.038,-9.905,0.06,-1.878,85.55,88.101,-15.915,0,0,367.95,0.725,0.44,1.2375,0.519
2,0.75,0.1265,-1.2185,0.5115,0.439,0.1,-10.585,0.52,-1.878,85.95,88.101,-14.005,0,0,368.07,0.765,0.3835,1.221,0.474
2,1.25,0.1115,-1.299,0.6655,0.371,0.007,-10.13,0.525,-2.038,86.55,88.101,-13.065,0,0,368.175,0.695,0.3935,1.2015,0.399
2,1.75,0.1365,-1.4445,0.5695,0.459,0.109,-13.95,0.67,-2.056,87.4,88.101,-11.6,0,0,368.21,0.77,0.371,1.215,0.406
2,2.25,0.1345,-1.332,0.8045,0.4385,0.0655,-10.13,0.09,-1.9195,86.95,88.101,-15,0,0,368.1,0.64,0.3795,1.186,0.4065
2,2.75,0.1655,-1.4805,0.6665,0.394,0.101,-8.93,0.46,-1.9115,88.05,88.101,-12.54,0,0,368.435,0.695,0.3615,1.196,0.4145
2,3.25,0.118,-1.439,0.5985,0.351,0.014,-8.735,0.44,-2.0315,87.95,88.101,-12.575,0,0,368.37,0.7,0.356,1.1775,0.394
2,3.75,0.192,-1.282,0.563,0.328,0.048,-11.34,0.155,-2.113,87.75,88.101,-13.065,0,0,368.5,0.655,0.3625,1.1875,0.37
2,4.25,0.1215,-1.5255,0.567,0.3205,0.0155,-11.19,0.54,-2.113,87.8,88.101,-12.325,0,0,368.855,0.66,0.353,1.189,0.3935
2,4.75,0.1155,-1.579,0.566,0.327,0.056,-9.685,-0.035,-2.113,88.2,88.101,-9.685,0,0,369.01,0.67,0.349,1.1675,0.326
2,5.25,0.147,-1.4405,0.4965,0.425,0.0925,-15.61,1.025,-2.1145,87.3,88.101,-11.5,0,0,368.76,0.705,0.3175,1.1275,0.434
2,5.75,0.132,-1.712,0.5855,0.4395,0.123,-10.79,1.395,-2.115,88.2,88.101,-10.9,0,0,368.96,0.675,0.347,1.1255,0.4205
2,6.25,0.1515,-1.833,0.611,0.347,0.074,-12.31,-0.025,-2.115,86.95,88.101,-10.39,0,0,368.855,0.68,0.3385,1.1385,0.3895
2,6.75,0.1165,-1.571,0.522,0.4,0.052,-13.12,1.105,-2.116,86.6,88.101,-9.845,0,0,368.86,0.73,0.3105,1.138,0.396
2,7.25,0.131,-1.569,0.607,0.187,0.011,-10.91,0.22,-2.25,86.4,88.101,-5.716,10.785,4.5705,368.92,0.77,0.338,1.164,0.192
2,7.75,0.144,-1.638,0.6015,0.071,-0.084,-9.25,1.75,-2.292,83.95,88.101,4.388,50.82,23.025,368.695,0.875,0.2165,1.0645,-0.11
2,8.25,0.19,-0.797,0.5405,0.068,-0.208,-3.37,6.27,-2.319,79.4,88.2,20.575,113.6,58.225,368.15,1.17,-0.0205,0.7755,-0.295
2,8.75,0.264,-0.2145,0.6095,-0.36,-0.264,3.985,8.04,-2.3225,78.55,88.2,40.195,186.75,98,368.225,1.335,-0.334,0.4845,-0.591
2,9.25,0.261,0.48,0.708,-0.406,-0.2245,20.01,16.375,-2.287,74.05,88.2,70.345,233.45,136.15,366.58,1.525,-0.37,0.4285,-0.789
2,9.75,0.3045,0.997,0.676,-0.709,-0.21,46.455,21.4,-2.27,71.6,88.2,96.15,275.45,185.45,366.69,1.73,-0.3145,0.501,-1.024
2,10.25,0.279,1.35,0.757,-1.055,-0.2,68.61,19.935,-2.1235,70.2,88.1505,103.7,402.3,227.1,366.37,1.925,-0.012,0.8005,-1.324
2,10.75,0.268,2.073,0.7905,-1.363,-0.208,77.55,26.81,-2.1115,67.39,88.1505,148.8,643.1,295.7,367.72,2.175,0.0315,0.8385,-1.5085
2,11.25,0.322,2.1815,0.8635,-1.3895,-0.113,86.595,27.175,-2.033,65.87,88.101,152.12,740,359.85,367.36,2.425,0.2265,1.024,-1.462
2,11.75,0.3525,2.375,0.965,-1.307,-0.0695,93.02,28.955,-1.883,63.995,88.101,150.3,732.5,358.2,367.02,2.555,0.1995,0.925,-1.368
2,12.25,0.3465,2.723,0.9755,-1.0485,-0.1715,97.02,31.4405,-1.873,63.525,88.101,164.95,738.5,364.35,366.73,2.935,0.243,1.008,-1.298
2,12.75,0.366,3.207,1.0475,-1.304,-0.228,115.32,33.98,-1.8225,63.115,88,168.25,776.5,376.65,366.085,2.91,0.1635,0.9395,-1.5175
2,13.25,0.432,3.1915,1.1795,-1.098,-0.1365,110.615,36.74,-1.7425,61.1,88,175.1,780.5,397.5,365.935,3.085,0.3075,1.0895,-1.3415
2,13.75,0.428,3.553,1.184,-1.1075,-0.059,91.015,26.69,-1.678,60.655,87.95,148.25,696.35,345.6,365.62,3.145,0.403,1.1695,-1.179
2,14.25,0.404,3.3985,1.189,-0.856,-0.03,76.755,26.89,-1.691,60.01,87.95,131.65,612.15,206.8,365.255,3.4,0.63,1.3885,-0.9945
2,14.75,0.4385,3.7465,1.228,-0.806,-0.01,64.511,23.39,-1.6935,62.37,88,109.9,520.4,158.35,365.43,2.935,0.7025,1.4065,-0.9835
2,15.25,0.403,3.6245,1.0615,-0.5765,0.002,51.2,20.08,-1.673,64.33,88,85.75,422.75,165.3,365.48,2.885,0.8385,1.5715,-0.5565
2,15.75,0.403,3.7525,1.079,-0.644,0.0335,36.6,17.285,-1.6565,66.59,88,47.135,305,73.65,365.455,2.815,0.8515,1.5875,-0.5945
2,16.25,0.363,3.152,1.0285,-0.4095,0.1125,11.62,12.27,-1.6555,69.43,88,26.495,176.2,55.05,365.38,2.255,0.8735,1.639,-0.288
2,16.75,0.3865,2.7365,1.027,-0.164,0.116,-0.135,9.64,-1.6515,72.45,88,3.7215,92.45,30.47,365.69,2.135,0.892,1.732,-0.0445
2,17.25,0.3675,2.454,0.848,0.0325,0.287,-10.025,5.42,-1.644,75.95,88,-15.49,22.155,10.41,366.07,1.74,0.958,1.7555,0.322
2,17.75,0.295,1.5435,0.8225,0.432,0.532,-19.505,2.985,-1.641,79.3,88,-26.295,0,0,366.15,1.39,0.9485,1.7135,0.949
2,18.25,0.2755,0.8005,0.763,0.33,0.325,-14.55,1.55,-1.6485,80.75,88,-23.255,0,0,366.645,1.295,0.833,1.6325,0.745
2,18.75,0.2405,0.1055,0.7185,0.554,0.184,-20.53,0.865,-1.6555,82.1,88,-21.885,0,0,366.6,1.31,0.706,1.5075,0.584
2,19.25,0.26,-0.144,0.6745,0.617,0.095,-19.185,1.67,-1.648,83.45,88,-20.925,0,0,367.2,1.165,0.5885,1.403,0.564
2,19.75,0.244,-0.209,0.732,0.413,0.052,-22.1,2.2,-1.6505,82.65,88,-21.125,0,0,367.18,1.045,0.5195,1.3315,0.417
2,20.25,0.243,-0.212,0.6985,0.519,0.0545,-18.4,2.25,-1.6425,82.85,88.101,-17.665,0,0,367.745,1.01,0.4885,1.261,0.521
2,20.75,0.2195,-0.2575,0.6675,0.474,0.09,-17.39,1.82,-1.649,83.45,88.101,-23.12,0,0,367.68,1.05,0.488,1.266,0.398
2,21.25,0.188,-0.5655,0.7425,0.443,0.109,-16.129,1.7,-1.6535,83.05,88.101,-20.115,0,0,367.53,0.99,0.4525,1.2495,0.5545
2,21.75,0.195,-0.6465,0.637,0.548,0.0975,-15.98,1.75,-1.6595,84.95,88.101,-22.455,0,0,367.83,0.95,0.4555,1.232,0.536
2,22.25,0.173,-0.9425,0.626,0.596,0.0295,-14.455,1.89,-1.6565,85.25,88.101,-18.515,0,0,367.845,0.845,0.4245,1.2485,0.548
2,22.75,0.166,-0.989,0.713,0.428,0.025,-14.09,1.42,-1.657,85.65,88.101,-18.77,0,0,367.88,0.83,0.426,1.2445,0.431
2,23.25,0.163,-0.9675,0.7075,0.491,0.073,-12.03,0.575,-1.654,85.7,88.101,-15.2345,0,0,368.25,0.88,0.4095,1.197,0.457
2,23.75,0.119,-1.0245,0.593,0.495,0.1235,-9.44,1.17,-1.676,85.35,88.101,-16.86,0,0,367.91,0.79,0.428,1.23,0.4825
3,0.25,0.247,0.1445,0.7715,0.361,0.108,-21.98,2.98,-2.563,81.75,88.2,-32.125,0,0,367.745,1.165,0.601,1.374,0.521
3,0.75,0.245,0.327,0.81,0.394,0.1005,-18.21,1.36,-2.5775,81.65,88.2,-32.389,0,0,367.85,1.16,0.567,1.371,0.524
3,1.25,0.188,0.175,0.757,0.345,0.078,-18.21,1.47,-2.6665,81.95,88.1505,-32.04,0,0,367.875,1.095,0.494,1.3515,0.323
3,1.75,0.233,0,0.822,0.444,0.061,-19.79,1.49,-2.717,81.7,88.2,-32.4,0,0,368.37,1.12,0.508,1.301,0.5245
3,2.25,0.241,-0.0905,0.997,0.415,0.116,-20.89,1.3,-2.644,81.95,88.101,-30.675,0,0,368.645,1.06,0.4535,1.23,0.5
3,2.75,0.3105,-0.153,0.984,0.519,0.0625,-24.12,2.5,-2.6315,83,88.101,-27.875,0,0,368.08,1.04,0.4155,1.213,0.584
3,3.25,0.2935,-0.3495,0.951,0.428,0.058,-23.71,1.715,-2.583,82.6,88.101,-26.105,0,0,368.34,1.07,0.321,1.2185,0.494
3,3.75,0.3095,-0.1175,0.834,0.425,0.061,-24.37,1.47,-2.583,82.45,88.101,-23.82,0,0,368.12,1.14,0.342,1.2175,0.536
3,4.25,0.323,-0.1555,0.911,0.5845,-0.002,-25.88,2.18,-2.5835,82.25,88.101,-22.94,0,0,368.01,1.06,0.416,1.1935,0.5385
3,4.75,0.337,-0.6655,0.8405,0.612,0.098,-24.38,3.005,-2.586,82,88.101,-21.465,0,0,367.87,1.035,0.2645,1.211,0.634
3,5.25,0.3145,-0.664,0.897,0.444,0.075,-23.3,2.56,-2.653,83.7,88.101,-20.15,0,0,367.85,0.985,0.2855,1.22,0.528
3,5.75,0.319,-0.629,0.8375,0.301,0.004,-20.575,2.905,-2.6765,83.6,88.101,-17.62,0,0,368.43,0.98,0.258,1.195,0.3185
3,6.25,0.327,-0.8325,0.924,0.229,-0.038,-18.92,4.77,-2.71,82.65,88.101,-12.69,5.923,2.6385,367.87,0.975,0.285,1.2315,0.256
3,6.75,0.317,-0.4545,0.886,-0.1645,-0.153,-12.73,8.125,-2.6225,81.15,88.1505,2.831,39.63,18.13,367.68,1.095,0.206,1.1335,-0.4205
3,7.25,0.353,0.279,0.847,-0.2435,-0.303,-4.21,10.87,-2.5915,78.25,88.1505,26.34,117.4,53.375,367.59,1.275,-0.0405,0.8845,-0.698
3,7.75,0.356,0.8875,0.8385,-0.6325,-0.4055,17.95,18.17,-2.5955,74.45,88.1505,63.94,204.65,98.4,367.165,1.55,-0.3015,0.587,-1.023
3,8.25,0.3895,1.573,0.877,-0.984,-0.2815,25.21,26.115,-2.311,72.9,88.2,116.9,341.35,187.9,367.48,1.805,-0.54,0.4705,-1.6125
3,8.75,0.3995,1.8375,1.0185,-1.414,-0.388,63.38,31.075,-2.1555,69.17,88.2,167.9,482.9,258.6,366.9,2.175,-0.4425,0.3115,-1.742
3,9.25,0.417,2.4225,1.196,-1.903,-0.3315,88.755,38.43,-1.9625,65.66,88.2,203.75,612.5,325.6,366.81,2.44,-0.076,0.538,-2.33
3,9.75,0.5005,2.902,1.39,-2.146,-0.295,114.19,51.7,-1.8415,62.775,88.2,245.1,709.5,379.35,366.785,2.83,0.165,0.616,-2.416
3,10.25,0.477,3.3415,1.408,-1.9785,-0.262,151.62,58.34,-1.358,61.755,88.301,288.6,872.5,435.9,366.41,2.995,0.387,0.7765,-2.2235
3,10.75,0.521,3.976,1.531,-2.25,-0.2285,175.07,65.255,-0.7615,59.965,88.2,342.6,1036.5,537.45,365.88,3.015,0.567,0.9365,-2.464
3,11.25,0.543,4.4345,1.592,-2.705,-0.174,165.7,76.78,-0.683,59.08,88.2,345.45,1131,568.35,366.15,3.18,0.8255,1.12,-2.881
3,11.75,0.584,5.0795,1.6955,-2.1995,-0.157,188.45,82.91,0.189,58.33,88.2,379.65,1195,608.7,366.03,3.405,0.768,1.0875,-2.489
3,12.25,0.601,5.562,1.8875,-2.573,-0.1535,209.6,87.325,2.109,57.21,88.2,407.8,1240.5,638.9,365.78,3.405,0.8065,1.114,-2.727
3,12.75,0.591,5.7875,1.885,-2.6825,-0.176,201.925,90.705,5.818,57.595,88.101,401.45,1203,600.85,365.485,3.55,0.814,1.127,-2.8955
3,13.25,0.6295,6.25,1.9445,-2.318,-0.134,195.85,77.78,11.1845,56.99,88.101,365.2,1117,566.4,365.18,3.545,0.8835,1.2675,-2.347
3,13.75,0.619,6.106,1.9625,-2.273,-0.099,196.495,76.33,15.099,57.78,88.101,355.3,1071,532.9,365.17,3.69,0.92,1.3,-2.3625
3,14.25,0.618,6.234,1.954,-1.917,-0.062,151.305,71.59,12.3655,57.32,88.101,295.3,882.5,441.35,364.92,3.72,1.1695,1.531,-1.894
3,14.75,0.6195,6.134,1.97,-1.881,-0.025,144.61,65.1705,9.268,56.87,88.101,249.9,763,385.6,364.92,3.545,1.2925,1.5425,-1.846
3,15.25,0.629,5.766,1.8595,-1.593,-0.014,120.04,58.03,8.4735,60.56,88.101,205.95,700.05,267.65,365.385,3.46,1.3885,1.66,-1.733
3,15.75,0.587,5.6995,1.8615,-1.426,0.06,88.02,46.03,5.4575,60.38,88.101,154.4,499.55,144.95,365.1,3.335,1.4585,1.739,-1.409
3,16.25,0.613,5.442,1.7695,-1.35,0.089,76.46,37,2.99,62.33,88.101,120.05,397.3,115.6,365.23,3.24,1.446,1.8695,-1.412
3,16.75,0.524,4.9075,1.6875,-0.946,0.138,39.71,29.96,1.807,64.2005,88.101,66.125,262.95,88.6,365.34,2.745,1.451,1.948,-0.794
3,17.25,0.48,4.548,1.496,-0.612,0.244,9.53,18.84,0.0995,67.225,88.101,20.86,141.75,62.55,365.35,2.595,1.373,1.914,-0.274
3,17.75,0.445,3.9345,1.2945,-0.23,0.354,-10.6,11.79,-1.362,70.665,88.101,-5.218,41.69,23.06,365.64,2.185,1.3095,1.953,0.311
3,18.25,0.452,3.3725,1.2845,0.14,0.38,-21.87,8.09,-1.822,73.6,88.101,-29.655,4.7025,2.769,365.78,1.72,1.2905,1.9735,0.602
3,18.75,0.425,2.686,1.156,0.35,0.341,-24.225,5.925,-2.276,76.15,88.101,-34.805,0,0,365.85,1.505,1.164,1.901,0.668
3,19.25,0.441,2.303,1.123,0.552,0.233,-26.71,4.94,-2.564,78.95,88.101,-35.635,0,0,366.465,1.47,1.1035,1.714,0.752
3,19.75,0.4485,2.015,1.1435,0.513,0.235,-30.15,6.12,-2.79,78.45,88.101,-29.835,0,0,366.74,1.42,0.8995,1.569,0.72
3,20.25,0.45,1.6545,1.1075,0.55,0.19,-29.425,4.42,-2.7785,79.25,88.101,-36.495,0,0,366.69,1.435,0.7335,1.3825,0.678
3,20.75,0.358,1.5515,1.0455,0.619,0.17,-30.49,4.105,-2.7795,78.4,88.2,-33.16,0,0,366.93,1.44,0.686,1.3205,0.723
3,21.25,0.3835,1.584,0.9995,0.636,0.11,-27.89,3.75,-2.7005,80.4,88.2,-36.31,0,0,366.81,1.32,0.623,1.308,0.685
3,21.75,0.3825,1.559,0.881,0.5395,0.1315,-23.82,3.06,-2.6085,81.25,88.2,-32.4445,0,0,367.22,1.225,0.651,1.313,0.5915
3,22.25,0.289,1.0745,0.8045,0.408,0.098,-28.725,2.46,-2.583,81.6,88.2,-32.64,0,0,366.89,1.175,0.6575,1.304,0.612
3,22.75,0.252,0.705,0.8315,0.4675,0.1395,-23.06,2.125,-2.632,82.15,88.2,-33.845,0,0,367.04,1.14,0.6845,1.361,0.545
3,23.25,0.309,0.179,0.8865,0.487,0.115,-20.525,2.7,-2.811,83.15,88.2,-35.425,0,0,367.07,1.09,0.7155,1.3885,0.55
3,23.75,0.312,0.164,0.9705,0.282,0.068,-20.925,3.195,-2.6585,81.6,88.2,-33.35,0,0,367.325,1.14,0.725,1.417,0.448
4,0.25,0.3015,3.27,0.865,0.8815,0.057,-22.72,1.5,-13.551,79.7,88.101,-33.2,0,0,364.12,1.41,5.1,7.65,0.9585
4,0.75,0.2545,2.9955,0.852,0.713,0.1235,-19.64,1.12,-13.521,79.75,88.101,-32.9,0,0,364.52,1.355,4.917,7.525,0.8165
4,1.25,0.265,3.0265,0.8665,0.76,0.116,-21.07,1.22,-13.35,79.6,88.0505,-34.13,0,0,364.825,1.37,4.469,7.495,0.918
4,1.75,0.227,2.91,0.906,0.668,0.124,-16.65,1.13,-13.5195,79.65,88.0505,-32.09,0,0,364.07,1.355,4.1915,7.465,0.788
4,2.25,0.208,2.644,0.8615,0.565,0.087,-17.66,0.83,-13.481,80.95,88,-31.55,0,0,364.8,1.34,3.931,7.4,0.785
4,2.75,0.228,2.4745,0.8725,0.6065,0.055,-19.65,1.385,-13.42,81.1,88,-28.83,0,0,363.85,1.29,3.6185,7.31,0.671
4,3.25,0.221,2.0465,0.866,0.7315,0.055,-19.41,2.07,-13.4325,81.05,88,-26.33,0,0,363.675,1.24,3.4565,7.185,0.905
4,3.75,0.162,2.2845,0.875,0.595,0.036,-16.62,1.83,-12.767,81.45,88,-24.65,0,0,364.62,1.27,3.3085,7.08,0.831
4,4.25,0.2045,1.7685,0.842,0.691,0.09,-18.55,1.81,-12.742,80.9,88,-28.38,0,0,364.21,1.285,3.107,7.023,0.936
4,4.75,0.2265,1.5845,0.841,0.824,0.0445,-22.21,0.52,-12.9885,81.6,88,-27.25,0,0,364.74,1.285,2.942,6.978,0.863
4,5.25,0.2365,1.672,0.879,0.729,0.026,-18.935,1.24,-12.7075,80.9,88,-21.51,2.58,1.437,363.89,1.255,2.8515,6.9475,0.818
4,5.75,0.217,1.6575,0.905,0.497,-0.027,-21.14,1.54,-12.7885,80,88,-7.73,28.28,14.505,364.25,1.335,2.8165,6.907,0.305
4,6.25,0.23,2.332,0.644,0.1165,-0.0975,-9.465,6.215,-11.651,77.2,88,19.13,108.3,60.63,363.69,1.595,2.649,6.527,-0.0755
4,6.75,0.2575,3.293,0.682,-0.338,-0.148,3.6,14.26,-10.0535,73.65,88,71.1,261.95,144.75,363.56,1.81,1.6895,5.5475,-0.693
4,7.25,0.319,4.205,0.6585,-1.385,-0.2115,28.49,27.155,-6.533,70.1,88.0505,140.1,418.8,224.1,362.97,2.235,1.735,5.0905,-1.39
4,7.75,0.355,4.8005,1.037,-2.2425,-0.2005,79.8,36.85,-1.86,67.48,88.101,205.1,613.2,318.35,362.825,2.645,2.8305,4.775,-2.62
4,8.25,0.359,5.2125,1.197,-2.8545,-0.2005,114.13,47.01,2.7755,64.0805,88.101,270.1,754,397.1,361.855,3.02,4.538,4.914,-3.231
4,8.75,0.416,5.8785,1.3205,-3.648,-0.227,150.41,55.77,8.838,61.435,88.101,330.7,923.5,463.5,361.51,3.115,5.8015,5.321,-3.816
4,9.25,0.434,6.348,1.4305,-3.93,-0.246,191.54,65.85,18.094,58.95,88.101,385.2,1037,539.55,361.75,3.605,7.355,5.4235,-4.164
4,9.75,0.42,7.045,1.3795,-4.617,-0.227,207.03,74.83,24.6465,55.045,88.101,463.1,1214.5,621.35,360.87,3.91,8.31,5.5755,-4.936
4,10.25,0.475,7.79,1.5795,-4.387,-0.199,219.42,80.87,31.689,54.21,88.101,511.1,1309,630.65,361.03,4.235,9.405,5.982,-4.5665
4,10.75,0.508,7.91,1.5865,-4.856,-0.211,241.8,85.54,37.6325,53.185,88.101,511.9,1281,642,360.57,4.52,10.395,6.1545,-4.9935
4,11.25,0.55,8.295,1.876,-5.111,-0.236,270.05,91.43,39.4615,51.355,88.101,513,1310,668.2,360.08,4.9,11.39,6.396,-5.292
4,11.75,0.5765,8.775,1.987,-4.8995,-0.165,278.39,92.14,37.14,49.93,88.101,569.2,1393,726,360.33,4.87,12.245,6.413,-4.904
4,12.25,0.59,8.595,2.0575,-4.671,-0.191,270.14,96.87,40.168,49.715,88.101,531.9,1355,675.7,359.85,5.445,13.435,6.6845,-4.678
4,12.75,0.641,8.57,2.108,-5.7305,-0.1535,281.44,90.89,40.57,48.78,88.0505,557.6,1419,708.5,359.47,5.58,13.72,6.8485,-5.3835
4,13.25,0.629,8.585,2.1415,-4.91,-0.1395,248.44,89.605,36.69,49.765,88,484.7,1307.5,658,359.925,5.48,14.08,7.15,-4.83
4,13.75,0.647,9,2.2325,-4.664,-0.079,269.89,87.43,34.6,51.435,88,477.3,1246,613.45,358.8,5.23,14.48,7.175,-4.651
4,14.25,0.633,8.8,2.1075,-5.499,-0.028,241.29,80.255,31.3295,52.265,88,425.8,1133,559.4,359.295,5.415,14.865,7.41,-5.469
4,14.75,0.61,8.845,2.129,-4.5075,-0.041,203.945,72.405,25.6095,51.89,88,410.5,1020.5,504.85,359.03,5.51,14.87,7.525,-4.509
4,15.25,0.633,8.5,2.1465,-3.888,-0.0105,199.24,64.96,19.725,53.395,88,326.4,910.5,417.25,359.245,5.155,15,7.81,-3.956
4,15.75,0.622,8.49,2.123,-3.9715,0.019,141.38,58.42,15.693,55.225,88,256.7,685.2,303.9,359.72,4.73,14.265,7.875,-3.748
4,16.25,0.608,7.915,2.1145,-3.4675,0.037,106.06,50.44,11.117,56.995,88,186.2,558.2,242.95,359.31,4.05,13.72,8.255,-3.443
4,16.75,0.5935,7.67,1.883,-2.613,0.1505,54.9,42.475,7.278,60.09,88,133.8,427.35,183.8,360.28,3.575,13.145,8.485,-2.7995
4,17.25,0.565,7.475,1.8245,-1.48,0.1565,26.53,31.72,4.3365,62.77,87.95,81.8,285.55,143.4,360.19,3.575,12.485,8.54,-1.469
4,17.75,0.5365,6.8375,1.6985,-0.828,0.251,5.55,22.65,0.633,64.8005,87.95,23.03,148.35,88.65,359.95,3.285,11.55,8.6,-0.663
4,18.25,0.479,6.4315,1.5135,-0.249,0.241,-11.49,13.37,-2.8835,68.035,88,-8.23,58.835,31.51,360.39,2.825,10.735,8.695,-0.096
4,18.75,0.397,5.917,1.2535,0.6375,0.28,-20.27,6.91,-5.7385,70.28,88,-32.72,7.3095,5.159,360.73,2.455,10.01,8.685,0.931
4,19.25,0.4215,5.302,1.285,0.998,0.26,-27.18,4.255,-8.7495,73.8,88,-38.02,0,0,361.06,2.32,9.195,8.555,1.4195
4,19.75,0.388,5.1205,1.149,0.9285,0.2035,-27.77,3.58,-11.0865,75.35,88,-38,0,0,360.64,2.02,8.395,8.6,1.284
4,20.25,0.416,4.98,1.212,1.051,0.0575,-27.19,2.275,-11.8365,76.65,88.101,-36.62,0,0,361.12,1.94,7.88,8.55,1.0685
4,20.75,0.396,4.794,1.089,1.007,0.146,-26.61,1.72,-12.4085,77.5,88.101,-34.97,0,0,361.41,1.8,7.6,8.335,1.215
4,21.25,0.368,4.3845,1.007,1.1065,0.0955,-26.48,1.22,-12.1125,76.7,88.101,-34.5,0,0,363.065,1.77,7.09,8.26,1.227
4,21.75,0.349,4.159,1.003,0.688,0.123,-22.12,1.19,-12.8035,77.95,88.101,-33.52,0,0,363.19,1.705,6.677,8.235,1.095
4,22.25,0.368,3.9195,1.045,0.879,0.087,-23.35,1.34,-12.852,77.5,88.101,-33.7,0,0,363.43,1.595,6.378,8.195,1.068
4,22.75,0.34,3.8165,1.0445,0.962,0.15,-21.305,1.175,-13.1985,79,88.101,-29.91,0,0,363.19,1.525,6.1225,8.16,1.067
4,23.25,0.331,3.641,0.929,0.53,0.105,-18.93,0.19,-13.3695,80.2,88.101,-33.41,0,0,363.42,1.455,5.842,8.11,0.987
4,23.75,0.3545,3.4305,1.069,0.488,-0.011,-27.18,3.63,-13.8235,80.45,88.101,-33.5,0,0,365.28,1.485,5.4405,8.165,0.67
5,0.25,0.1925,6.338,0.727,1.711,0.067,-20.19,0.68,-14.3885,75.3,88.101,-41.655,0,0,362.62,2.425,8.485,11.495,1.9995
5,0.75,0.2475,6.1335,0.828,1.891,0.0375,-30.51,1.67,-15.352,76.5,88.101,-41.94,0,0,362.12,2.275,8.2,11.44,1.88
5,1.25,0.279,6.039,0.821,1.8475,0.1205,-30.44,0.93,-15.822,76.8,88.101,-40.815,0,0,362.15,2.265,7.875,11.355,2.022
5,1.75,0.2165,6.0115,0.914,1.7085,0.1225,-26.58,1.26,-15.7685,76.9,88.101,-38.935,0,0,361.92,2.17,7.63,11.04,2.0065
5,2.25,0.222,5.79,0.7925,1.9545,0.1,-27.18,1.63,-15.7905,75.7,88.101,-41.61,0,0,362.34,2.325,7.46,11.06,2.051
5,2.75,0.2415,6.0235,0.945,1.458,0.094,-26.49,1.02,-15.8235,76,88.101,-42.155,0,0,362.47,2.27,7.36,11.09,1.642
5,3.25,0.205,5.9255,0.8195,1.621,0.011,-25.75,0.8,-15.71,76,88.101,-40.975,0,0,363.1,2.325,7.105,11.02,1.713
5,3.75,0.234,5.7065,0.783,1.496,0.093,-23.69,1.185,-15.706,76.25,88.101,-38.285,0,0,364.04,2.285,6.884,10.915,1.719
5,4.25,0.176,5.669,0.763,1.511,0.0035,-25.11,1.415,-15.3345,76.7,88.101,-36.665,0,0,363.25,2.15,6.5935,10.865,1.765
5,4.75,0.205,5.498,0.9225,0.9035,-0.1155,-19.4,2.64,-15.277,76.65,88.101,-28.615,10.11,5.037,363.13,2.045,6.4655,10.76,0.8685
5,5.25,0.145,5.44,0.7355,0.186,-0.278,-13.215,5.85,-14.5725,76.65,88.101,-3.2825,51.44,31.34,362.56,2.085,6.3485,10.58,0.067
5,5.75,0.165,5.969,0.471,-0.618,-0.348,-5.36,14.46,-12.851,74.25,88.101,34.595,109.9,93.65,361.435,2.24,5.9815,10.055,-0.925
5,6.25,0.26,6.842,0.5355,-1.9005,-0.3815,8.695,24.26,-9.164,71.9,88.1505,92.35,193.35,169.55,360.58,2.765,6.2925,9.78,-1.733
5,6.75,0.322,7.42,0.6425,-3.556,-0.41,46.75,45.05,-4.886,68.425,88.2,158.75,469.1,249,359.91,3.25,6.2245,9.075,-3.926
5,7.25,0.325,8.345,0.909,-4.5355,-0.332,95.33,55.025,1.0455,64.52,88.2,238.4,671.95,350.9,359.625,3.525,6.1515,8.395,-4.966
5,7.75,0.391,8.84,1.0445,-5.014,-0.191,130.97,60.72,7.865,59.815,88.2,293.8,819,414.8,359.44,4.055,7.585,8.565,-5.213
5,8.25,0.395,9.79,1.159,-5.026,-0.194,161.4,72.85,14.527,55.33,88.2,360.85,986,499.2,359.05,4.71,9.06,8.74,-5.295
5,8.75,0.412,10.26,1.298,-5.567,-0.186,198.445,90.1,24.18,54.775,88.2,422,1132,591,358.945,5.125,10.825,8.88,-5.67
5,9.25,0.417,10.535,1.367,-5.724,-0.202,229.335,97.68,31.053,52.085,88.101,491.4,1293,662.4,358.515,5.945,12.325,9.15,-5.704
5,9.75,0.4395,11.43,1.487,-5.619,-0.171,265.485,103.58,39.149,49.87,88.1505,565.95,1415.5,714.5,358.33,6.6,13.965,9.33,-5.828
5,10.25,0.434,11.98,1.483,-5.255,-0.132,276.985,104.4,42.8355,47.405,88.101,613.35,1499.5,757,358.31,6.945,15.455,9.69,-5.54
5,10.75,0.488,12.745,1.7695,-6.0945,-0.158,296.475,108.97,46.075,44.48,88.101,641.2,1564.5,802,358.98,7.645,16.72,9.69,-6.5965
5,11.25,0.504,13.07,1.6485,-5.277,-0.163,290.49,103.46,48.618,43.23,88.101,671.9,1628.5,833,358.71,8.14,17.285,9.89,-5.446
5,11.75,0.564,13.74,1.678,-6.256,-0.052,309.7,113.17,48.753,41.06,88.101,666.55,1623,844.5,357.995,8.25,18.84,10.1,-6.268
5,12.25,0.543,13.875,1.913,-5.557,-0.146,311.37,107.74,47.0565,37.715,88.101,653.7,1618.5,811,357.59,9.105,19.615,10.37,-5.683
5,12.75,0.5515,14.455,1.977,-5.619,-0.115,306.635,114.305,44.1925,36.65,88.101,644.45,1580,798,357.855,10.3,20.295,10.53,-5.747
5,13.25,0.6105,14.76,2.092,-5.3535,-0.027,285.26,108.39,38.3765,35.07,88.0505,609.3,1521,758,358.695,10.445,21.465,10.685,-5.5185
5,13.75,0.6355,15.13,2.1145,-4.469,-0.016,300.06,107.25,35.3445,36.06,88,600.95,1518.5,759.5,358.34,10.34,21.985,10.69,-4.748
5,14.25,0.658,14.79,2.1835,-5.2135,-0.007,281.39,105.7,30.439,35.9,88,550,1398,697.9,358.35,10.415,22.47,10.74,-5.1555
5,14.75,0.661,14.74,2.2355,-4.4225,0.0045,255.19,91.95,25.0605,36.605,88,515.05,1333,665,358.65,10.215,22.605,10.95,-4.422
5,15.25,0.593,14.62,2.233,-4.568,-0.0165,236.435,88.95,21.424,35.93,88,467.7,1219,604.15,358.745,10.26,22.755,11.385,-4.671
5,15.75,0.6145,14.15,2.2895,-4.377,0.012,190.56,79.3,18.022,36.125,88,388.9,1058,529.3,358.51,10.03,22.01,11.585,-4.22
5,16.25,0.653,14.17,2.256,-3.321,0.018,137.6,65.74,14.9675,36.98,88,330.3,919.5,452.65,358.72,9.815,21.565,11.85,-3.2
5,16.75,0.605,13.985,2.0785,-2.839,0.08,114.44,59.89,9.808,38.475,88,252.05,729,358.4,358.91,9.465,20.4,12.03,-2.817
5,17.25,0.588,13.6,1.9485,-1.843,0.176,65.62,47.71,5.8305,41.335,88,172,533.4,268.5,359.16,8.925,19.26,12.12,-1.744
5,17.75,0.5315,12.975,1.8305,-1.103,0.2685,23.545,35.225,1.8575,44.035,88,88.5,346.3,176.55,359.725,7.71,17.855,12.175,-0.9385
5,18.25,0.499,12.55,1.791,-0.187,0.338,-3.34,22.54,-1.7345,45.89,88.0505,26.6,176.75,90.65,359.55,7.435,16.515,12.315,0.319
5,18.75,0.452,11.455,1.661,1.043,0.396,-21.86,13.72,-4.9985,50.935,88,-11.97,62.435,35.21,360.35,6.68,15.4,12.4,1.76
5,19.25,0.396,10.645,1.4265,1.7935,0.4415,-27.58,8.22,-7.956,55.26,88.0505,-46.69,14.87,7.715,360.875,5.365,14.335,12.525,2.2925
5,19.75,0.3855,9.665,1.231,2.286,0.356,-32.1,3.5,-11.3895,59.94,88.101,-52.415,0,0,361.65,4.9,13.485,12.615,2.768
5,20.25,0.35,9.125,1.0705,1.865,0.3645,-30.18,2.7,-12.7105,62.815,88.101,-50.225,0,0,361.28,4.49,12.67,12.58,2.421
5,20.75,0.351,8.625,1.051,2.04,0.2445,-28.295,1.84,-13.5685,65.2555,88.101,-47.245,0,0,361.51,4.405,12.06,12.5,2.4455
5,21.25,0.285,8.34,1.0205,1.775,0.229,-22.235,1.185,-13.6925,66.235,88.101,-44.625,0,0,361.37,3.925,11.48,12.33,2.192
5,21.75,0.277,7.85,0.98,2.019,0.188,-19.44,1.48,-13.821,69.645,88.101,-43.55,0,0,361.75,3.555,10.99,12.345,2.4025
5,22.25,0.3165,7.695,1.009,1.6845,0.184,-27.125,-0.05,-14.427,70.06,88.101,-42.885,0,0,361.765,3.18,10.36,12.24,2.28
5,22.75,0.3975,7.305,0.913,2.4785,0.1555,-25.76,1.31,-14.4485,71.55,88.101,-43.045,0,0,361.69,3.135,9.915,12.17,2.7725
5,23.25,0.351,7.02,0.8735,1.726,0.089,-23.65,-0.175,-14.1335,73.7,88.101,-42.205,0,0,361.175,2.825,9.53,12.07,1.97
5,23.75,0.243,6.809,0.739,2.258,0.068,-27.28,0.83,-14.221,74.35,88.101,-41.105,0,0,360.68,2.62,9.12,11.97,2.307
6,0.25,0.199,10.13,0.7205,2.6305,0.1105,-28.61,1.37,-11.3535,71.8,88.1505,-52.01,0,0,359.63,3.68,11.605,15.375,2.6855
6,0.75,0.168,10.025,0.7105,2.769,0.132,-23.915,1.01,-10.8735,71.8,88.101,-50.365,0,0,359.66,3.525,11.18,15.2,2.901
6,1.25,0.185,9.275,0.8655,2.6255,0.1735,-23.24,0.52,-11.1235,72.95,88.101,-48.75,0,0,361.135,3.23,10.84,15.005,2.7205
6,1.75,0.157,9.16,0.874,2.163,0.164,-22.72,0.96,-12.1145,73.05,88.1505,-47.645,0,0,361.455,2.93,10.47,14.865,2.2985
6,2.25,0.166,9.09,0.894,2.636,0.138,-25.94,0.36,-11.8085,72.4,88.101,-46.96,0,0,361.325,2.745,10.025,14.745,2.7725
6,2.75,0.135,8.76,0.733,2.3875,0.085,-20.51,1.01,-12.1745,74.35,88.101,-45.41,0,0,361.375,2.665,9.585,14.67,2.4735
6,3.25,0.115,8.945,0.8765,2.429,0.086,-18.52,1.29,-12.2985,72.3,88.101,-45.605,0,0,361.46,2.84,9.335,14.51,2.577
6,3.75,0.132,8.71,0.766,2.0665,0.1455,-18.43,0.92,-12.255,73.5,88.101,-45.48,0,0,362.535,2.765,9.06,14.4,2.2535
6,4.25,0.113,8.575,0.7335,2.091,0.188,-19.78,1.15,-12.135,74.65,88.101,-42.595,4.461,2.096,361.63,2.695,8.67,14.215,2.18
6,4.75,0.105,8.405,0.654,1.2095,-0.1565,-14.29,1.6,-11.9575,74.8,88.101,-30.525,28.93,11.94,360.41,2.67,8.415,14.09,0.986
6,5.25,0.105,9.01,0.5605,0.933,-0.3925,-11.79,6.465,-11.211,71.8,88.101,14.1,110.2,71.55,359.91,2.79,8.015,13.78,0.446
6,5.75,0.144,10.055,0.391,-0.557,-0.587,-2.13,19.82,-8.468,66.9,88.101,70.5,257.15,160.5,359.05,3.32,8.05,13.03,-1.461
6,6.25,0.237,10.575,0.349,-3.596,-0.7265,23.23,37.51,-4.666,63.025,88.1505,145.6,233.05,237.05,357.555,4.23,8.425,12.485,-4.325
6,6.75,0.306,11.66,0.748,-4.928,-0.56,65.955,59.44,0.868,61.335,88.1505,215.45,535.2,317.9,356.71,4.91,10.665,12.85,-5.6845
6,7.25,0.325,12.455,0.913,-4.9555,-0.391,103.78,69.135,6.3505,57.675,88.2,287.2,780,404.45,356.64,5.73,10.65,11.6,-5.588
6,7.75,0.345,12.96,1.0685,-5.614,-0.372,145.78,91.03,11.512,55.095,88.2,357.95,962,487.2,356.16,6.44,11.975,11.36,-5.949
6,8.25,0.35,13.595,1.0825,-5.705,-0.229,177.725,101.49,18.9375,52.73,88.2,424.15,1104.5,563.95,356.1,7.245,13.98,11.78,-5.879
6,8.75,0.406,14.125,1.1905,-5.828,-0.17,205.58,111.865,26.5325,49.185,88.101,489.5,1190,635.1,356.385,8.33,16.11,12.04,-5.958
6,9.25,0.369,15,1.259,-6.22,-0.244,216.6,120.575,32.764,44.865,88.101,541.7,1324.5,700.15,355.74,9.15,18.01,12.215,-6.451
6,9.75,0.4325,15.525,1.465,-6.338,-0.278,255.25,129.13,33.723,42.61,88.101,588.8,1419.5,757,355.78,9.545,19.96,12.48,-6.501
6,10.25,0.433,15.915,1.4665,-6.585,-0.22,245.1,134.66,34.7875,40.28,88.101,618.2,1460.5,769,356.665,10.295,21.385,12.735,-6.775
6,10.75,0.439,16.135,1.5875,-6.431,-0.207,276.1,138.65,35.9165,37.815,88.101,650.5,1526.5,816,356.39,10.965,22.555,12.995,-6.759
6,11.25,0.423,16.985,1.611,-5.9095,-0.176,285.05,140.33,40.408,36.745,88.101,688.2,1613.5,852.5,356.48,11.64,23.03,13.235,-6.2015
6,11.75,0.485,17.15,1.7995,-6.154,-0.136,305.48,149.785,41.383,34.985,88.101,695,1625.5,865,354.05,12.645,24.48,13.39,-6.328
6,12.25,0.495,17.54,1.806,-6.036,-0.11,301.98,144.06,43.048,34.065,88.101,700.8,1644,870,353.305,12.785,26.385,13.745,-6.0475
6,12.75,0.5405,18.07,1.8555,-6.1155,-0.075,299,136.515,40.419,32.97,88.101,692.25,1601,859.5,353.67,13.555,27.84,14.035,-5.8695
6,13.25,0.551,18.105,1.8895,-5.8465,-0.129,288.33,139.82,33.895,32.515,88.101,675.45,1603,852.5,353.43,14.09,28.585,14.29,-5.7785
6,13.75,0.576,18.355,1.9905,-5.038,-0.061,273.48,132.105,30.265,33.495,88.101,645.5,1554.5,818.5,353.31,14.49,28.985,14.365,-5.0145
6,14.25,0.56,18.58,2.115,-4.6865,-0.018,254.5,121.525,25.58,33.08,88.101,613.3,1516.5,778.5,353.59,14.53,29.37,14.595,-4.5735
6,14.75,0.5795,18.69,2.1805,-4.8,-0.012,244.86,122.27,23.23,34.73,88.101,558.7,1390,721,353.865,14.5,29.225,14.755,-4.776
6,15.25,0.594,19.07,2.1345,-4.767,-0.02,225.73,115.885,20.583,34.525,88.101,506.55,1315.5,663.8,354.1,14.845,29.12,15.095,-4.819
6,15.75,0.623,19.09,2.1445,-4.298,0.001,197.34,104.63,19.4175,34.37,88,443.45,1177.5,585.2,354.305,14.645,28.785,15.375,-4.1795
6,16.25,0.6195,18.78,2.175,-4.257,0.051,156.62,88.06,17.18,36.81,88,375.05,1009,504.15,354.255,13.83,28.2,15.85,-4.107
6,16.75,0.606,18.38,2.0935,-3.314,0.119,118.29,78.025,13.459,37.735,88,294.45,848.5,429.7,354.58,13.395,27.135,16.035,-3.139
6,17.25,0.5705,18.44,2.021,-2.337,0.1585,70.8,59.43,10.6305,40.29,88,227,693.95,355.45,354.74,12.615,25.555,16.155,-2.211
6,17.75,0.568,17.675,2.0435,-1.1775,0.25,29.515,46.565,6.803,41.75,88,151.2,478.3,248.75,355.325,11.85,23.085,16.2905,-0.8435
6,18.25,0.5465,17.425,1.8945,-0.464,0.301,6.28,35.45,3.779,45.17,88,78.75,288.7,174.25,355.46,10.655,21.75,16.3705,-0.217
6,18.75,0.495,16.395,1.6215,0.298,0.3715,-12.02,26.02,0.4415,46.73,88.101,20.735,129.8,76.05,355.9,9.855,20.49,16.48,0.769
6,19.25,0.434,15.155,1.365,1.67,0.516,-27.39,14.1,-1.8705,53.03,88.101,-24.805,57.165,33.32,356.7,8.52,19.18,16.595,2.13
6,19.75,0.403,14.03,1.1915,2.77,0.518,-34.27,6.725,-4.754,56.58,88.101,-54.53,13.5,6.091,356.88,7.16,18.045,16.715,3.562
6,20.25,0.3755,13.01,1.0305,2.996,0.402,-32.305,4.52,-6.452,59.275,88.101,-56.815,0,0,357.61,6.41,16.855,16.81,3.452
6,20.75,0.335,12.44,1.144,2.962,0.3445,-34.175,2.91,-7.7195,62.495,88.101,-57.78,0,0,357.98,5.68,15.94,16.52,3.226
6,21.25,0.3505,11.83,1.09,2.866,0.292,-34.465,1.16,-8.819,64.495,88.101,-54.755,0,0,358.65,5.105,14.995,16.41,3.383
6,21.75,0.302,11.57,0.9495,2.826,0.189,-30.33,0.385,-10.0195,66.55,88.2,-54.985,0,0,359.43,4.37,14.335,16.1855,3.038
6,22.25,0.273,11.005,0.9015,2.707,0.1485,-32.259,0.125,-10.315,69.555,88.2,-54.605,0,0,359.395,4.015,13.715,16.101,2.917
6,22.75,0.286,10.955,1.019,2.639,0.143,-35.925,0.425,-10.775,70.8,88.2,-53.8,0,0,359.82,3.785,13.34,15.91,2.899
6,23.25,0.259,10.835,0.846,2.6005,0.083,-23.72,0.37,-11.0035,70.9,88.2,-53.445,0,0,360.45,3.8,12.815,15.745,2.654
6,23.75,0.2365,10.65,0.7585,2.277,0.1035,-23.66,0.29,-11.1715,72.05,88.2,-50.79,0,0,359.78,3.65,12.46,15.65,2.4915
7,0.25,0.137,13.42,0.631,2.566,0.107,-31.69,-0.215,-8.8885,68.705,88.101,-50.63,0,0,355.295,4.68,14.14,18.505,2.719
7,0.75,0.155,13.09,0.683,2.4715,0.094,-26.75,-0.1,-9.351,69.35,88.101,-49.9,0,0,354.6,4.645,13.76,18.36,2.5375
7,1.25,0.1635,13.385,0.6515,2.497,0.072,-26.855,-0.815,-9.477,69.745,88.101,-49.56,0,0,355.135,4.655,13.255,18.185,2.597
7,1.75,0.1335,12.695,0.648,2.6,0.066,-30.08,-0.695,-9.765,69.48,88.101,-49.055,0,0,355.16,4.84,12.84,18.05,2.589
7,2.25,0.1045,12.58,0.6935,2.29,0.144,-22.785,-0.785,-9.8835,70.515,88.101,-47.68,0,0,355.51,4.585,12.42,17.915,2.477
7,2.75,0.1145,12.43,0.6475,2.433,0.0845,-23.435,-0.06,-10.0955,70.065,88.101,-43.165,0,0,355.71,4.445,12.08,17.77,2.6
7,3.25,0.1085,12.01,0.606,2.3385,0.0905,-21.36,0.32,-10.134,70.18,88.101,-45.21,0,0,356.31,4.11,11.745,17.53,2.232
7,3.75,0.1045,12.025,0.5885,2.27,0.105,-25.085,-0.415,-10.517,71.2,88.101,-43.84,0,0,356.47,4.245,11.48,17.405,2.457
7,4.25,0.1075,11.87,0.5375,2.0215,0.085,-24.025,-0.52,-10.77,72,88.101,-42.24,0,0,356.7,4.09,11.095,17.215,2.033
7,4.75,0.0955,11.745,0.545,1.755,-0.143,-19.185,0.025,-10.3965,70.6,88.101,-35.34,15.405,7.015,356.27,4.315,10.77,17.13,1.597
7,5.25,0.0995,12.13,0.5625,0.8895,-0.3585,-11.02,1.47,-9.679,68.205,88.101,-4.178,57.095,39.36,355.82,4.935,10.65,16.84,0.5395
7,5.75,0.107,13.165,0.3605,0.517,-0.6245,-9.02,8.085,-8.162,65.575,88.1505,47.64,157.45,125.95,354.895,5.235,10.65,16.24,-0.3515
7,6.25,0.2165,14.635,0.2985,-2.339,-0.773,6,34.68,-4.898,63.275,88.1505,120.05,150.4,199.2,352.55,6.32,10.755,15.63,-3.204
7,6.75,0.2345,15.925,0.418,-4.167,-0.619,46.05,55.685,-0.6945,57.695,88.2,190.05,490.4,283.9,352.07,8.095,12.015,15.525,-4.954
7,7.25,0.2625,16.765,0.554,-4.444,-0.641,76.215,71.965,4.5935,52.385,88.2,262.8,741,370.95,351.72,9.57,11.85,14.15,-5.321
7,7.75,0.2615,17.535,0.6645,-4.8805,-0.337,109.47,83.47,9.2035,50.445,88.2,333.5,916.5,450.1,351.315,10.835,13.635,13.62,-5.261
7,8.25,0.283,18.435,0.7345,-5.053,-0.1995,146.56,100.165,14.91,47.4,88.2,402.65,1084.5,530.2,350.735,11.79,16.595,14.17,-5.369
7,8.75,0.293,19.405,0.81,-4.623,-0.17,173.715,111.415,23.3525,43.675,88.2,469.1,1180,608.85,350.38,13.435,19.24,14.58,-4.863
7,9.25,0.3015,20.24,0.893,-5.332,-0.182,200.415,120.035,29.635,40.24,88.2,528.8,1312.5,673.95,349.97,14.605,21.84,14.665,-5.4885
7,9.75,0.3495,21.11,1.046,-5.2115,-0.2065,237.485,134.41,31.6215,36.8,88.101,583.85,1452.5,735,349.355,16.945,23.875,14.905,-5.408
7,10.25,0.344,21.395,1.1135,-4.938,-0.189,250.275,135.955,33.839,34.345,88.101,620.45,1559.5,785,349.745,17.6,25.79,15.255,-5.02
7,10.75,0.3655,22.02,1.187,-4.9185,-0.222,286.785,147.735,33.9655,32.5055,88.101,663.2,1636,824.5,348.41,18.51,27.375,15.56,-5.016
7,11.25,0.371,22.695,1.334,-4.3775,-0.204,302.58,151.21,38.378,31.07,88.101,684.35,1686,845.5,348.91,19.66,27.965,15.82,-4.721
7,11.75,0.395,23.08,1.389,-4.5665,-0.168,319.145,150.695,38.6915,29.365,88.101,691.75,1727.5,863,348.28,20.635,29.585,16.065,-4.711
7,12.25,0.373,23.46,1.3895,-3.933,-0.13,306.405,141.19,42.125,28.465,88.101,696.05,1743.5,868,347.28,21.37,32.2755,16.49,-4.086
7,12.75,0.451,23.92,1.5705,-3.951,-0.12,313.12,140.7,38.608,26.885,88.101,692.55,1720.5,854.5,346.825,22.185,33.45,16.945,-4.059
7,13.25,0.5325,24.17,1.666,-3.975,-0.067,305.875,144.27,34.9105,26.365,88.0505,671.95,1678,839,347.29,22.56,34.345,17.185,-4.16
7,13.75,0.514,24.335,1.745,-3.4775,-0.078,294.95,128.17,32.2265,26.09,88,645.45,1611.5,804,347.26,23.1,34.75,17.185,-3.602
7,14.25,0.544,24.48,1.788,-3.885,-0.017,282.81,132.395,28.4385,25.51,88,606.05,1561,772,347.35,23.37,35.175,17.52,-3.865
7,14.75,0.5635,24.51,1.8465,-3.312,0.016,268.13,122.655,27.1445,25.515,88,556.65,1457,718,347.385,23.555,35.345,17.73,-3.259
7,15.25,0.5725,24.38,1.9085,-3.097,0.017,228.2,112.77,25.1725,27.315,88,505.6,1351.5,657.1,347.44,22.35,35.285,18.2,-3.049
7,15.75,0.555,24.21,2.0755,-3.079,-0.015,190.98,96.335,21.341,28.33,88,449.25,1206,589.8,347.51,21.765,34.505,18.415,-3.1525
7,16.25,0.5745,24.005,1.949,-2.5885,0.009,167.27,89.93,19.477,29.425,88,378.2,1055,511.4,348.3,21.77,33.985,18.735,-2.6275
7,16.75,0.5625,23.725,1.933,-2.286,0.048,116.775,77.43,15.9305,32.5205,88,298.75,874.5,425.85,348.14,20.515,32.84,18.98,-2.184
7,17.25,0.5625,23.25,2.0285,-1.806,0.136,84.705,63.595,12.8125,34.95,88,225.85,694.7,337.8,348.31,19.99,31.05,19.035,-1.706
7,17.75,0.564,22.845,1.8545,-0.96,0.24,39.54,42.885,8.6075,34.955,88,150.8,513.3,252.15,348.935,18.39,28.255,19.12,-0.668
7,18.25,0.536,22.05,1.815,-0.3135,0.3315,4.085,32.5555,4.658,37.585,88,81.75,319.35,168.3,349.085,16.94,25.885,19.25,0.0375
7,18.75,0.515,21.245,1.648,0.8335,0.462,-14.19,19.06,2.1975,40.275,88,13.76,103.3,77.3,349.985,15.465,24.315,19.38,1.3235
7,19.25,0.4195,19.93,1.33,1.7875,0.563,-30.595,9.205,-0.4765,43.62,88,-32.67,48.24,26.985,351.035,13.85,23.055,19.55,2.339
7,19.75,0.4035,18.725,1.138,2.343,0.562,-37.935,4.27,-2.666,48.62,88.101,-55.25,11.83,5.4625,350.71,11.57,21.825,19.64,2.987
7,20.25,0.3105,17.685,0.9155,2.76,0.466,-36.15,1.34,-4.2995,53.705,88.101,-59.195,0,0,351.49,9.98,20.675,19.67,3.239
7,20.75,0.3115,16.945,0.802,3.0515,0.385,-37.475,-0.19,-5.8615,55.155,88.101,-56.195,0,0,352.82,8.92,19.69,19.52,3.5125
7,21.25,0.306,16.0855,0.7945,2.653,0.32,-38.86,-1.36,-6.695,58.44,88.101,-54.885,0,0,353.845,7.82,18.65,19.45,3.163
7,21.75,0.2625,15.515,0.7105,2.844,0.2135,-33.625,-0.905,-6.9715,59.985,88.101,-54.63,0,0,354.29,7.075,17.81,19.325,3.083
7,22.25,0.271,15.01,0.7405,2.8205,0.1505,-36.375,-1.605,-7.5905,62.53,88.101,-54.215,0,0,353.825,6.79,16.95,19.08,2.873
7,22.75,0.235,14.73,0.681,2.512,0.162,-40.93,-0.71,-7.8595,63.24,88.101,-53.2,0,0,354.175,6.275,16.0605,18.955,2.576
7,23.25,0.24,14.505,0.6875,3.047,0.192,-36.985,-1.27,-8.0805,64.846,88.101,-52.02,0,0,354.69,5.585,15.32,18.925,3.144
7,23.75,0.234,14.375,0.559,2.668,0.1135,-31.28,-1.51,-8.4595,66.94,88.101,-52.105,0,0,354.99,5.595,14.71,18.795,2.788
8,0.25,0.127,13.83,0.6005,1.455,0.1935,-20.705,-1.605,-9.5855,61.665,88.2,-49.965,0,0,354.5,5.985,14.11,18.43,1.7505
8,0.75,0.092,13.94,0.5425,1.417,0.302,-20.25,-0.78,-9.5745,62.74,88.2,-50.44,0,0,354.725,5.71,13.635,18.255,1.883
8,1.25,0.1065,13.44,0.4795,1.59,0.233,-20.86,-1.385,-9.95,64.3,88.2,-49.185,0,0,355.18,5.435,13.24,18.14,2.021
8,1.75,0.0985,13.195,0.5275,1.61,0.208,-24.585,-1.9,-10.203,64.735,88.2,-45.94,0,0,354.87,5.525,12.88,18.045,2.056
8,2.25,0.0985,12.76,0.5475,1.6685,0.159,-21.19,-0.85,-10.4915,64.735,88.2,-45.06,0,0,355.85,5.62,12.28,17.99,2.0045
8,2.75,0.102,12.52,0.5235,1.82,0.158,-27,-1.13,-10.7535,65.965,88.1505,-43.895,0,0,355.765,5.405,11.975,17.765,2.06
8,3.25,0.1075,12.1,0.527,1.73,0.1135,-19.79,-1.435,-10.8335,65.585,88.101,-43.59,0,0,355.83,4.91,11.62,17.56,2.0135
8,3.75,0.104,12.13,0.5145,1.7065,0.0685,-23.82,-0.89,-10.9735,66.12,88.1505,-43.77,0,0,356.225,5,11.165,17.375,1.709
8,4.25,0.1015,12.08,0.4845,1.796,0.1235,-22.25,-0.295,-11.014,66.86,88.1505,-43.17,0,0,355.68,4.995,10.84,17.265,1.8545
8,4.75,0.0845,11.98,0.538,1.595,0.088,-19.225,-0.71,-11.118,67.76,88.2,-41.13,0,0,356.27,4.67,10.745,17.105,1.91
8,5.25,0.1025,11.89,0.471,1.173,-0.194,-17.5,-0.38,-10.812,67.465,88.2,-34.435,16.285,6.1515,355.81,4.395,10.73,16.96,1.07
8,5.75,0.082,12.805,0.405,0.4235,-0.533,-11.23,1.24,-10.478,66.18,88.2,1.8055,53.035,47.155,353.79,4.825,10.695,16.76,-0.2275
8,6.25,0.101,13.7,0.284,-0.858,-0.7345,-5.99,8.43,-8.316,62.37,88.2,58.795,138.45,141.65,353.78,5.63,10.72,16.27,-1.747
8,6.75,0.167,14.765,0.1145,-3.848,-0.831,24.4,30.99,-4.307,59.36,88.2,132.2,433.35,228.25,351.855,7.055,10.27,15.07,-4.7785
8,7.25,0.261,16.3555,0.327,-4.3465,-0.691,68.665,52.66,1.3155,53.62,88.2,204.8,605.65,312.55,351.25,8.88,9.4,13.63,-5.116
8,7.75,0.291,17.235,0.622,-3.9485,-0.473,112.165,60.875,6.914,49.805,88.2,280.35,791.5,404.75,351.22,10.13,11.43,13.66,-4.4755
8,8.25,0.298,18.64,0.763,-4.2515,-0.267,154.22,68.99,12.9915,46.235,88.2,349.25,955.5,484.85,351.51,11.465,14.19,14.225,-4.4725
8,8.75,0.306,19.41,0.84,-3.962,-0.191,183.43,81.83,19.088,43.53,88.2,408.9,1073,559.9,350.055,13.015,17.095,14.32,-4.1535
8,9.25,0.3845,19.98,0.895,-3.827,-0.1925,226.905,91.13,25.248,38.645,88.2,478.8,1214.5,632.15,349.88,14.32,19.92,14.525,-3.9715
8,9.75,0.372,20.44,1.08,-3.72,-0.171,247.41,104.39,30.093,34.085,88.2,533.75,1361.5,692.9,349.49,15.77,22.33,14.835,-3.973
8,10.25,0.38,21.495,1.125,-3.455,-0.208,273.365,98.41,31.044,31.525,88.2,571.85,1475,744,348.94,17.02,24.455,15.185,-3.754
8,10.75,0.402,21.915,1.186,-3.32,-0.21,305.23,101.58,35.583,30.345,88.2,617.25,1555,784.5,348.27,18.635,26.24,15.385,-3.665
8,11.25,0.445,22.44,1.3105,-3.577,-0.1755,314.36,103.83,37.853,27.91,88.101,638.35,1609.5,811,348.52,19.575,26.645,15.785,-3.711
8,11.75,0.4405,22.74,1.48,-3.199,-0.184,313.81,101.665,38.165,26.265,88.101,644.4,1630,822.5,348.185,20.38,29.365,15.92,-3.35
8,12.25,0.4675,23.455,1.5105,-2.447,-0.1785,327.29,97.68,40.829,25.6,88.101,652.3,1652,830.5,347.9,21.87,31.765,16.56,-2.67
8,12.75,0.5125,23.645,1.6295,-2.554,-0.138,332.515,96.53,41.2615,25.21,88.101,648,1640,822.5,347.53,22.11,33.11,16.8,-2.631
8,13.25,0.5065,23.97,1.6265,-2.39,-0.109,311.65,97.21,40.033,24.56,88.101,627,1594,801.5,347.32,22.765,33.72,17.06,-2.493
8,13.75,0.5705,24.295,1.847,-1.803,-0.064,308.92,87.415,36.87,23.94,88.101,594.1,1517.5,768,347.365,23.115,34.345,17.02,-1.941
8,14.25,0.546,24.605,1.878,-2.287,-0.038,297.665,85.885,33.859,24.44,88,551.75,1445.5,725,347.14,23.57,34.545,17.185,-2.281
8,14.75,0.6005,24.665,1.826,-2.0335,0.0055,271.985,75.985,28.9925,26.21,88,503.05,1333.5,671.5,347.355,23.99,34.53,17.375,-1.958
8,15.25,0.6035,24.33,1.966,-1.919,-0.0035,235.555,69.155,24.7755,26.055,88,449.25,1219.5,606.8,347.76,23.41,34.53,17.915,-1.775
8,15.75,0.598,24.4,1.9815,-1.911,-0.008,199.57,64.025,20.246,25.925,88,384,1082,535.95,347.965,23.6,34.045,18.115,-1.907
8,16.25,0.5755,24.02,1.8485,-1.436,0.08,143.71,54.455,15.535,26.77,88,310.3,907.5,451.9,348.02,23.44,33.025,18.365,-1.336
8,16.75,0.59,23.61,1.7655,-1.176,0.118,114.245,47.875,12.251,27.845,88,241.3,727,367.25,347.82,22.32,31.525,18.6,-1.158
8,17.25,0.585,23.09,1.802,-0.961,0.171,69.255,35.575,9.608,30.235,88,169.4,544.4,281.35,348.545,21.405,30.185,18.76,-0.799
8,17.75,0.5355,22.385,1.69,-0.377,0.226,25.975,25.555,6.012,32.745,88,91.9,366.5,196.45,348.87,19.695,27.57,18.91,-0.1065
8,18.25,0.478,21.745,1.5415,0.303,0.352,-9.695,13.99,2.2955,36.145,88,23.08,210.55,102.55,349.43,17.795,25.185,19.065,0.644
8,18.75,0.465,20.7,1.3725,0.8465,0.4575,-23.535,3.805,0.0055,40.14,88.101,-35.62,58.005,21.1,350.24,15.525,23.51,19.27,1.4925
8,19.25,0.404,19.055,1.145,1.7115,0.5245,-35.095,-0.78,-2.75,44.765,88.101,-56.96,8.725,3.8225,351.24,13.055,21.995,19.37,2.2355
8,19.75,0.3945,17.995,0.995,1.982,0.436,-37.125,-2.3,-4.8115,47.995,88.101,-57.88,0,0,351.47,11.215,20.755,19.375,2.665
8,20.25,0.335,17.21,0.9655,1.973,0.398,-39.63,-2.93,-6.075,51.76,88.101,-55.865,0,0,352,10.045,19.67,19.335,2.308
8,20.75,0.268,16.595,0.8215,1.7645,0.3095,-37.835,-2.35,-6.8185,54.325,88.101,-55.09,0,0,352.59,9.13,18.705,19.215,2.0715
8,21.25,0.297,15.8905,0.762,2.043,0.205,-39.415,-2.275,-7.234,56.28,88.101,-52.71,0,0,353.26,8.52,17.755,19.04,2.24
8,21.75,0.25,15.455,0.7815,1.654,0.153,-37.01,-1.845,-7.7025,56.87,88.101,-51.48,0,0,353.56,7.795,17.06,18.895,1.8315
8,22.25,0.2325,15.305,0.855,1.6825,0.1785,-34.375,-3.18,-8.026,57.33,88.101,-51.24,0,0,353.66,7.59,16.39,18.855,2.043
8,22.75,0.1975,14.685,0.672,1.802,0.196,-32.45,-2.075,-8.2835,58.6,88.1505,-50.595,0,0,354.39,7.17,15.705,18.69,2.223
8,23.25,0.1435,14.25,0.539,1.872,0.194,-28.55,-1.74,-8.9845,59.64,88.2,-50.755,0,0,354.24,6.565,15.065,18.625,2.283
8,23.75,0.142,14.125,0.6165,1.8165,0.207,-23.88,-0.995,-9.343,60.925,88.1505,-49.545,0,0,354.375,6.345,14.59,18.525,2.24
9,0.25,0.0905,12.025,0.4405,1.021,0.15,-15.38,-1.2,-9.5615,61.88,88,-42.345,0,0,356.52,5.335,10.855,14.995,1.0405
9,0.75,0.0875,11.195,0.5685,1.0665,0.1275,-18.535,-1.175,-9.911,62.435,88,-40.365,0,0,356.96,4.94,10.385,14.915,0.996
9,1.25,0.088,11.065,0.5535,0.987,0.12,-15,-0.66,-10.123,62.575,88,-39.5,0,0,357.29,5,9.945,14.855,1.068
9,1.75,0.081,10.85,0.511,0.877,0.134,-14.425,-0.81,-10.355,61.845,88,-36.45,0,0,357.58,4.675,9.595,14.71,0.989
9,2.25,0.077,11.085,0.587,1.058,0.093,-16.26,-0.98,-10.0235,60.965,88,-34.505,0,0,357.87,4.685,9.055,14.635,1.011
9,2.75,0.0845,11.495,0.5775,0.978,0.089,-15.4,-0.625,-10.2885,61.98,88,-33.735,0,0,358.255,4.69,8.835,14.555,0.936
9,3.25,0.084,11.17,0.5015,0.898,0.097,-15.645,-0.88,-10.305,62.955,88,-33.61,0,0,357.78,4.47,8.625,14.415,0.926
9,3.75,0.081,10.495,0.413,0.95,0.141,-17.255,-0.755,-10.3445,64.17,88,-36.28,0,0,358.45,4.115,8.125,14.31,0.927
9,4.25,0.093,10.705,0.408,1.0135,0.1155,-16.385,-0.585,-10.4835,66.225,88,-34.91,0,0,358.2,4.315,7.88,14.22,1.061
9,4.75,0.0785,10.505,0.517,0.9285,0.15,-13.35,-0.175,-10.73,67.31,88,-35.07,0,0,358.26,4.49,7.62,14.14,0.9345
9,5.25,0.074,10.12,0.5045,0.98,0.0175,-16.2945,-0.64,-10.925,66.775,88,-34.25,0,0,358.11,4.31,7.38,14.06,0.9745
9,5.75,0.0835,9.775,0.59,0.814,-0.064,-16.54,-0.57,-10.8995,64.791,88,-27.89,11.15,5.0865,358.255,4.22,7.17,13.955,0.801
9,6.25,0.079,10.205,0.494,0.547,-0.454,-11.46,-0.075,-9.752,64.21,88,-3.3565,68.105,40.65,358.73,4.65,7.025,13.67,-0.098
9,6.75,0.079,11.545,0.2865,-0.076,-0.896,-4.76,3.83,-7.0885,61.7,88,50.435,222.3,125.8,357.39,5.46,6.536,12.775,-1.1685
9,7.25,0.124,13.3,0.1815,-2.154,-0.853,7.58,16.74,-2.8445,54.18,88,115.5,389.75,210.6,356.47,6.825,6.4035,11.32,-3.256
9,7.75,0.1895,14.9,0.225,-3.182,-0.6895,59.75,34.79,2.4665,49.38,88,192.65,561.7,301.55,355.92,8.5,7.45,10.79,-3.754
9,8.25,0.2315,16.09,0.5445,-2.965,-0.351,99.915,43.01,7.5115,45.445,88,263.75,721,387.9,355.425,9.365,9.63,10.885,-3.347
9,8.75,0.294,16.82,0.7055,-3.075,-0.2115,132.625,47.92,13.05,42.155,88,330.45,885,466.1,355.22,10.805,12.03,11.455,-3.4065
9,9.25,0.321,17.595,0.901,-3.228,-0.149,169.99,54.52,17.6715,38.675,88,385.6,1006.5,529.65,355.07,11.725,14.515,11.845,-3.423
9,9.75,0.333,18.21,1.0135,-3.221,-0.175,204.175,57.85,20.5005,36.365,88,441.75,1116.5,567.35,353.56,13.175,16.795,12.35,-3.383
9,10.25,0.374,18.865,1.109,-2.912,-0.17,224.42,57.665,26.9555,32.885,88,489.9,1243.5,625.75,353.61,14.545,18.725,12.895,-3.033
9,10.75,0.401,19.43,1.158,-2.6735,-0.179,262.7,63.8355,31.609,31.05,88,518.6,1328.5,677.9,353.62,15.59,19.8,13.15,-2.8715
9,11.25,0.399,20.415,1.2135,-2.6,-0.181,276.81,67.73,27.378,29.445,88,544.2,1404.5,710.5,352.98,16.645,22.02,13.52,-2.846
9,11.75,0.405,20.765,1.263,-2.225,-0.186,293.89,66.92,27.788,28.14,88,550.4,1418.5,715.5,353.04,18.125,23.935,13.28,-2.375
9,12.25,0.4595,21.67,1.398,-2.071,-0.1795,286.055,59.19,29.854,26.87,87.9,541.55,1403.5,710.5,352.38,19.43,23.815,13.215,-2.2985
9,12.75,0.487,21.73,1.525,-1.818,-0.117,281.475,59.275,29.809,26.215,87.9,534.95,1388.5,692.85,352.27,19.52,21.99,13.695,-1.978
9,13.25,0.4895,22.025,1.6215,-1.836,-0.1185,296.34,57.67,25.358,26.515,87.9,532.1,1340,672.8,351.705,19.965,22.22,13.885,-1.905
9,13.75,0.517,21.95,1.667,-1.6535,-0.092,281.97,55.44,24.8315,26.055,87.9,499.45,1280,647.9,351.305,20.025,23.615,13.855,-1.756
9,14.25,0.545,21.94,1.7495,-1.535,-0.0705,257.01,52.595,24.898,26.33,87.9,428.05,1167,585.1,351.33,19.56,25.625,14.275,-1.57
9,14.75,0.5235,22.15,1.6975,-1.651,-0.015,213.95,42.73,18.881,27.195,87.9,386.9,1060,476.55,351.565,19.54,25.995,14.315,-1.5925
9,15.25,0.5115,22.04,1.774,-1.211,0.0285,180.9,38.89,14.6765,27.7,87.9,323.85,915.5,165.35,351.635,18.735,24.845,14.685,-1.165
9,15.75,0.5745,21.795,1.7585,-1.198,0.077,138.275,30.605,11.414,29.145,87.9,260.4,756,148.3,352.2,18.45,23.42,14.86,-1.112
9,16.25,0.562,21.375,1.8415,-0.987,0.102,98.005,23.585,9.74,30.395,87.9,186.45,572.1,121.75,352.24,17.915,22.645,15.08,-0.873
9,16.75,0.52,20.86,1.76,-0.74,0.2175,53.14,15.055,6.7825,31.44,87.9,109.2,388.8,134.3,351.925,17.04,21.7,15.27,-0.538
9,17.25,0.489,20.405,1.547,-0.198,0.2805,14.85,10.43,3.871,32.6955,87.9,35.22,180.85,103.15,352.185,15.91,20.715,15.34,0.1065
9,17.75,0.4195,18.99,1.2315,0.3125,0.419,-11.45,3.55,0.924,35.21,87.9,-14.25,59.44,30.8,352.5,14.305,19.625,15.54,0.78
9,18.25,0.358,17.62,1.06,0.686,0.498,-22.545,0.265,-1.552,40.34,87.9,-44.475,14.725,6.768,354.43,12.145,18.175,15.75,1.312
9,18.75,0.314,16.236,1.0615,1,0.465,-29.4,-0.31,-3.4135,45.455,87.9,-49.975,0,0,355.445,10.22,16.9,15.88,1.486
9,19.25,0.307,15.49,1.0075,1.323,0.4155,-32.6,-1.245,-5.042,48.73,87.9,-50.81,0,0,355.84,9.2,16.06,15.86,1.703
9,19.75,0.261,14.825,0.831,1.148,0.3485,-31.29,-2.325,-5.7855,51.07,88,-48.965,0,0,356.03,8.22,15.16,15.655,1.5285
9,20.25,0.229,14.425,0.754,1.199,0.263,-26.04,-1.38,-6.741,52.94,88,-46.65,0,0,356.235,7.66,14.3,15.58,1.4805
9,20.75,0.1755,14.045,0.837,1.201,0.221,-30.375,-1.09,-7.1485,54.35,88,-46.17,0,0,356.54,7.345,13.93,15.42,1.388
9,21.25,0.201,13.57,0.74,1.071,0.1765,-23.125,-1.385,-7.469,55.27,88,-46.045,0,0,356.435,6.835,13.555,15.295,1.222
9,21.75,0.116,12.96,0.6425,0.928,0.217,-19.95,-1.075,-7.7975,56.49,88,-45.22,0,0,357.3,6.555,12.885,15.275,1.179
9,22.25,0.116,12.64,0.59,1.094,0.128,-21.09,-1.53,-8.31,58.225,88,-46.03,0,0,357.52,6.33,12.425,15.25,1.23
9,22.75,0.125,12.62,0.598,1.115,0.132,-22.065,-1.345,-8.9075,59.635,88,-44.14,0,0,357.725,5.93,11.89,15.23,1.123
9,23.25,0.1165,12.245,0.586,1.084,0.141,-18.64,-1.23,-9.3305,61.025,88,-42,0,0,357.445,5.59,11.59,15.115,1.1035
9,23.75,0.093,12.035,0.5205,1.021,0.1345,-17.1,-0.89,-9.4665,61.395,88,-39.85,0,0,357.86,5.44,11.11,14.94,1.081
10,0.25,0.081,7.045,0.6515,0.6905,0.1605,-15.695,-0.72,-12.162,67.045,88.2,-38.61,0,0,361.1,2.795,3.81,8.795,0.838
10,0.75,0.082,6.447,0.6385,0.7175,0.048,-15.09,-0.615,-12.2035,69.03,88.2,-37.17,0,0,360.945,2.805,3.6075,8.79,0.7955
10,1.25,0.0895,6.495,0.5825,0.62,0.076,-15.81,-0.6,-12.054,67.575,88.2,-37.485,0,0,361.28,2.705,3.3915,8.8,0.7065
10,1.75,0.0815,6.2345,0.5955,0.751,0.032,-12.67,-0.23,-12.1555,69.195,88.2,-37.18,0,0,361.16,2.785,3.289,8.82,0.81
10,2.25,0.0815,6.1755,0.562,0.724,0.016,-14.58,-0.375,-12.431,69.32,88.2,-35.95,0,0,361.09,2.52,3.0875,8.75,0.729
10,2.75,0.077,6.042,0.539,0.699,0.045,-18.15,-0.47,-12.661,68.82,88.2,-36.37,0,0,361.69,2.555,2.796,8.69,0.714
10,3.25,0.082,5.8445,0.5095,0.647,0.043,-15.52,-0.215,-12.5595,71.675,88.2,-36.315,0,0,361.54,2.395,2.7325,8.525,0.7685
10,3.75,0.0765,5.768,0.5285,0.894,0.01,-14.19,-0.17,-12.48,72.1,88.2,-36.79,0,0,362.045,2.595,2.7835,8.46,0.793
10,4.25,0.0675,5.5435,0.51,0.5875,0.0325,-14.75,-0.93,-12.362,70.815,88.2,-35.96,0,0,361.9,2.37,2.5925,8.39,0.6895
10,4.75,0.0755,5.584,0.505,0.595,0.0535,-15.36,-0.79,-12.532,71.25,88.1505,-33.855,0,0,362.14,2.26,2.4435,8.35,0.6415
10,5.25,0.078,5.513,0.574,0.553,0.059,-12.995,-0.32,-12.375,72.6,88.2,-36.005,0,0,362.36,2.21,2.197,8.305,0.5985
10,5.75,0.072,5.4775,0.5385,0.7255,0.0205,-13.28,-0.375,-11.877,73.8,88.2,-35.04,0,0,362.21,2.175,2.1525,8.225,0.714
10,6.25,0.064,5.6685,0.576,0.613,-0.132,-11.69,-0.07,-11.8415,74.2,88.2,-28.7,6.8975,3.0505,362.31,2.08,2.09,8.175,0.557
10,6.75,0.0825,5.2765,0.4635,0.257,-0.181,-13.68,0.25,-11.6415,70.8,88.2,-1.827,54.005,19.875,361.84,2.255,1.7165,8.045,-0.042
10,7.25,0.0885,6.407,0.325,-0.0525,-0.3405,-6.03,1.11,-9.5215,66.595,88.2,47.62,173.2,63.34,361.46,2.905,0.887,6.904,-0.648
10,7.75,0.1745,7.43,0.219,-1.167,-0.378,2.855,13.895,-6.422,61.855,88.2,100.05,219.45,140.85,360.72,3.555,1.5015,6.018,-1.708
10,8.25,0.2465,8.955,0.597,-2.509,-0.336,47.815,30.775,-0.9915,58.92,88.2,161.85,281.55,271.45,360.105,4.19,2.4615,6.0405,-2.843
10,8.75,0.3375,9.5,0.8565,-2.892,-0.296,86.835,35.315,3.1195,55.46,88.2,222.6,252.8,353.2,359.765,4.835,3.8065,6.178,-3.105
10,9.25,0.3415,9.88,0.992,-3.354,-0.183,129.005,37.045,7.313,52.61,88.2,272.2,276.3,360.65,359.43,5.375,5.508,6.6665,-3.511
10,9.75,0.368,10.23,1.0095,-3.2375,-0.195,162.145,41.635,13.121,49.075,88.2,329.6,582.8,464.05,358.81,6.06,7.465,7.39,-3.4645
10,10.25,0.3745,11.035,1.1145,-3.728,-0.1475,195.07,48.66,17.898,46.97,88.2,365.75,1010,528.85,358.53,6.62,8.63,7.96,-3.8605
10,10.75,0.424,11.66,1.253,-3.496,-0.1255,216.315,49.625,21.2905,45.805,88.2,407.6,1094,566.35,358.485,7.1,9.395,7.955,-3.782
10,11.25,0.396,12.375,1.2065,-3.214,-0.109,223.53,47.48,24.064,43.22,88.2,412.45,1132.5,583.5,358.09,7.48,10.79,8.17,-3.37
10,11.75,0.415,13.16,1.276,-3.215,-0.1705,222.59,51.26,26.5315,42.39,88.2,422.45,1122,576.95,357.64,7.78,10.75,7.85,-3.2825
10,12.25,0.398,13.45,1.302,-2.807,-0.141,217.86,48.1,24.505,39.02,88.2,419.2,1140,584.55,357.37,8.385,10.865,7.94,-2.881
10,12.75,0.451,14.02,1.472,-2.419,-0.1135,207.94,48.075,21.76,39.17,88.2,403.45,1104.5,563.7,357.435,8.85,10.485,7.845,-2.511
10,13.25,0.453,14.115,1.4455,-2.442,-0.0995,225.8,45.56,17.56,37.085,88.101,381.85,1057.5,533.8,357.52,9.195,11.08,8.225,-2.554
10,13.75,0.4945,14.645,1.527,-2.346,-0.0835,202.005,43.18,14.1495,35.095,88.101,336.65,941.5,444.25,356.845,9.655,11.885,8.285,-2.3595
10,14.25,0.466,14.675,1.5895,-2.425,-0.0595,172.655,34.55,10.569,36.635,88.101,293.5,843,387.55,356.97,9.975,12.56,8.72,-2.54
10,14.75,0.481,14.445,1.5645,-2.008,-0.011,149.29,33.395,9.571,38.13,88.101,241.85,724,251.25,356.71,9.755,11.935,8.72,-2.066
10,15.25,0.495,14.365,1.52,-1.872,0.015,118.02,26.29,6.1115,39.105,88.101,175.9,569.4,55.975,356.685,9.57,11.95,8.955,-1.832
10,15.75,0.518,14,1.523,-1.091,0.072,70.965,20.62,3.6195,40.185,88.101,109.05,402.3,55.135,357.09,9.15,11.53,9.17,-1.064
10,16.25,0.475,13.33,1.4355,-0.8245,0.142,26.45,14.215,0.499,40.99,88.101,42.76,242.05,38.47,357.22,8.77,11.21,9.265,-0.7105
10,16.75,0.405,12.585,1.258,-0.305,0.2655,-1.935,7.645,-1.565,45.855,88.101,-0.4495,115,23.81,357.175,7.685,10.675,9.415,-0.175
10,17.25,0.349,11.33,0.8765,0.4715,0.394,-20.26,2.55,-3.649,50.25,88.101,-39.92,23.745,7.905,357.55,6.48,10.06,9.435,0.779
10,17.75,0.254,9.755,0.7105,0.928,0.477,-25.72,0.03,-6.644,54.025,88.101,-49.1,0,0,357.75,5.3,9.39,9.405,1.135
10,18.25,0.206,8.825,0.7915,1.1225,0.403,-26.265,-0.665,-7.829,56.365,88.101,-50.5,0,0,358.175,4.58,8.835,9.295,1.299
10,18.75,0.19,8.605,0.7995,1.172,0.26,-25.44,-0.72,-9.0385,58.79,88.101,-48.57,0,0,358.88,4.28,8.01,9.375,1.252
10,19.25,0.169,8.025,0.755,1.178,0.1825,-22.92,-1,-9.7935,60.435,88.2,-48.26,0,0,359.11,4.08,7.315,9.39,1.287
10,19.75,0.168,8.185,0.8235,0.982,0.12,-20.21,-1.065,-10.201,62.8,88.2,-47.46,0,0,359.395,3.85,6.9085,9.245,1.231
10,20.25,0.135,7.98,0.78,1.076,0.061,-20.77,-0.8,-10.715,63.9905,88.2,-47.89,0,0,359.585,3.36,6.4945,9.09,1.092
10,20.75,0.134,7.1855,0.684,0.906,0.0375,-23.53,-1.39,-10.8815,64.5855,88.2,-45.085,0,0,360.44,3.305,6.007,9.045,0.9335
10,21.25,0.121,7.205,0.75,0.895,0.037,-19.11,-1.24,-10.826,66.19,88.2,-43.475,0,0,360.81,3.16,5.6785,8.995,0.8775
10,21.75,0.122,6.741,0.6985,0.9715,0.1015,-21.095,-0.85,-11.216,66.865,88.2,-42.11,0,0,360.715,2.965,5.3845,8.855,1.0655
10,22.25,0.111,6.7635,0.638,0.844,0.103,-18.11,-0.46,-11.5145,67.44,88.2,-40.08,0,0,360.485,2.935,5.0085,8.815,0.854
10,22.75,0.108,6.9375,0.5855,0.7905,0.0785,-16.52,-0.42,-11.729,67.15,88.2,-39.94,0,0,360.34,2.945,4.5535,8.76,0.8225
10,23.25,0.109,6.7455,0.598,0.887,0.062,-17.47,-0.36,-11.2995,66.575,88.2,-39.44,0,0,360.6,2.8,4.335,8.85,0.888
10,23.75,0.088,6.8595,0.6995,0.855,0.088,-19.11,-0.55,-11.591,65.5055,88.2,-39.14,0,0,360.83,2.55,4.0455,8.775,0.72
11,0.25,0.115,2.0355,0.626,0.926,0.094,-6.94,0.79,-8.418,83.1,88.2,-21.845,0,0,366.375,1.28,1.3555,4.4565,0.77
11,0.75,0.094,1.842,0.5305,0.677,0.169,-10.6,0.57,-8.1505,83.85,88.2,-25.435,0,0,366.19,1.24,1.342,4.499,0.812
11,1.25,0.098,1.856,0.4925,0.726,0.148,-11.48,0.97,-8.047,83.5,88.2,-23.135,0,0,365.97,1.195,1.344,4.427,0.694
11,1.75,0.121,1.876,0.49,0.921,0.051,-17.575,0.13,-8.0055,82.75,88.2505,-20.855,0,0,365.17,1.14,1.3225,4.3845,0.8895
11,2.25,0.132,1.9455,0.473,0.888,0.052,-11.98,0.56,-8.3575,82.7,88.2,-18.395,0,0,364.225,1.27,1.212,4.2055,0.695
11,2.75,0.132,1.9695,0.577,0.969,0.076,-15.81,1.46,-8.455,83.15,88.2505,-18.175,0,0,364.53,1.15,1.209,4.207,0.979
11,3.25,0.119,2.0035,0.5065,0.598,0.128,-15.5,0.73,-8.3645,83,88.301,-17.305,0,0,365.21,1.195,1.202,4.314,0.789
11,3.75,0.153,1.953,0.438,0.707,0.099,-13.865,0.44,-8.2455,83.6,88.2,-21.615,0,0,364.64,1.115,1.1705,4.3545,0.7465
11,4.25,0.108,1.9435,0.513,0.495,0.227,-10.505,0.22,-8.1275,83,88.2,-19.675,0,0,364.23,1.055,1.1675,4.3535,0.713
11,4.75,0.113,1.808,0.417,0.629,0.239,-13.17,0.295,-8.6415,82.2,88.2505,-17.955,0,0,365.67,1.175,1.1815,4.316,0.692
11,5.25,0.172,1.783,0.46,0.464,0.101,-14.39,0.57,-8.7965,82.45,88.2,-19.435,0,0,365.81,1.16,1.075,4.222,0.596
11,5.75,0.149,1.7925,0.532,0.412,0.129,-12.39,0.675,-8.5775,82.35,88.2505,-16.76,0,0,365.91,1.125,1.011,4.0425,0.651
11,6.25,0.103,1.752,0.441,0.2615,0.2065,-6.51,0.755,-8.509,82.6,88.301,-16.98,0,0,366.27,1.155,1.0085,4.066,0.603
11,6.75,0.1,1.862,0.4775,0.535,0.071,-9.93,-0.13,-8.671,84.05,88.301,-14.225,0,0,366.83,1.135,0.998,4.119,0.66
11,7.25,0.102,1.9835,0.451,0.454,-0.07,-12.72,0.835,-8.702,82.1,88.301,-4.321,19.885,10.67,365.125,1.3,0.981,4.1,0.478
11,7.75,0.134,2.354,0.3715,0.329,-0.17,-7.77,3.245,-8.1945,79.45,88.301,14.87,60.695,39.71,366.14,1.49,0.6035,3.832,0.063
11,8.25,0.172,2.6185,0.3165,-0.0985,-0.1935,-3.43,8.14,-6.9385,77.9,88.301,41.89,105.2,76.35,365.54,1.675,0.327,3.297,-0.4455
11,8.75,0.195,3.4435,0.4105,-0.741,-0.2355,9.63,18.015,-6.023,75.95,88.301,82.25,142.75,134.15,363.97,1.965,0.5785,3.424,-1.008
11,9.25,0.266,3.685,0.54,-1.9575,-0.2875,28.52,26.03,-4.3675,73.55,88.301,123.3,183.9,184.3,364.22,2.17,1.0805,3.488,-2.359
11,9.75,0.2675,3.976,0.5785,-1.741,-0.271,42.285,32.525,-2.685,72.7,88.301,148.65,272.6,213.9,363.285,2.255,1.4225,3.7875,-2.239
11,10.25,0.313,4.453,0.775,-2.406,-0.2945,65.73,36.71,0.1735,68.45,88.301,182.85,475,291.7,362.765,2.605,1.8805,3.9395,-2.757
11,10.75,0.323,4.7945,0.89,-2.233,-0.253,79.91,35.07,3.378,67.27,88.301,225.3,598.85,327.5,363.8,2.77,2.3745,3.8115,-2.665
11,11.25,0.3415,5.447,0.7995,-2.275,-0.223,85.61,37.49,6.6855,66.805,88.2,216.3,631.65,343.5,361.54,3.035,2.7175,3.9535,-2.289
11,11.75,0.36,5.63,0.943,-2.1875,-0.204,85.33,42.67,8.991,66.045,88.2,212.85,570.85,294.85,361.55,3.14,3.1915,3.916,-2.643
11,12.25,0.3665,6.0585,0.909,-1.972,-0.095,79.93,38.54,9.913,62.4,88.2,193.75,549.45,282.55,361.53,3.45,3.7805,4.0385,-2.331
11,12.75,0.358,6.394,0.9015,-1.7235,-0.0985,77.61,40.495,11.032,61.51,88.2,179.8,516.3,263.65,360.92,3.455,3.908,3.9965,-1.863
11,13.25,0.357,6.286,0.881,-2.015,-0.098,64.81,28.22,9.1845,60.67,88.2,154.15,467.25,249.05,360.96,3.43,4.446,4.187,-2.102
11,13.75,0.3335,6.1445,0.8255,-1.3405,-0.0445,58.175,26.36,6.6795,61.09,88.2,135.4,416.9,150.1,361.28,3.525,4.6165,4.3105,-1.3915
11,14.25,0.353,6.264,0.902,-1.47,-0.022,38.14,25.82,4.925,59.57,88.2,106.2,344.15,108.4,360.43,3.42,4.8565,4.4935,-1.547
11,14.75,0.3565,6.1835,0.894,-0.995,0.0055,30.92,19.245,3.274,60.155,88.301,77.25,255.55,89.95,361.59,3.48,4.7615,4.4965,-1.0925
11,15.25,0.323,6.2085,0.8265,-0.557,0.074,16.245,15.23,1.418,62.95,88.301,40.68,187.2,49.755,361.88,3.375,4.931,4.7315,-0.462
11,15.75,0.3005,5.2545,0.738,-0.4075,0.133,4.08,11.36,0.3695,65.8705,88.301,12.84,100.1,30.915,361.44,3.045,4.7265,4.6715,-0.4115
11,16.25,0.295,4.8005,0.5765,0.127,0.224,-5.155,4.79,-1.4545,69.415,88.301,-9.685,34.065,15.32,361.48,2.58,4.257,4.7275,0.346
11,16.75,0.248,4.322,0.534,0.285,0.484,-12.825,2.395,-3.585,73.75,88.301,-29.385,5.2355,2.48,363.93,1.915,3.821,4.7685,0.762
11,17.25,0.211,3.5495,0.667,0.522,0.303,-13.94,1.06,-4.816,75.7,88.301,-27.235,0,0,366.22,1.72,3.49,4.7465,0.797
11,17.75,0.1995,3.028,0.686,1.0045,0.2245,-15.77,1.41,-5.694,77.4,88.2,-29.785,0,0,365.74,1.67,3.1945,4.6625,1.0985
11,18.25,0.174,3.0445,0.6075,1.086,0.199,-15.205,1.07,-6.1585,78.55,88.301,-25.62,0,0,365.74,1.495,2.8245,4.6405,1.177
11,18.75,0.1385,2.7885,0.6965,0.676,0.11,-11.215,0.41,-6.652,79.75,88.301,-24.645,0,0,366.815,1.405,2.6675,4.548,0.8215
11,19.25,0.1435,2.842,0.6705,0.652,0.089,-12.09,0.535,-6.9245,81.85,88.301,-22.71,0,0,366.53,1.36,2.442,4.5575,0.721
11,19.75,0.134,2.56,0.605,1.032,0.108,-11.94,0.28,-7.147,81.25,88.301,-26.405,0,0,366.98,1.285,2.263,4.6565,0.952
11,20.25,0.114,2.4975,0.657,0.8635,0.1055,-10.57,0.37,-7.2195,83.6,88.301,-26.355,0,0,367.64,1.155,2.138,4.572,0.891
11,20.75,0.11,2.4645,0.4895,0.485,0.159,-10.17,0.765,-7.3145,82.5,88.301,-25.865,0,0,366.69,1.115,2.0315,4.3875,0.915
11,21.25,0.085,2.4595,0.5425,0.773,0.16,-10.465,0.44,-7.2665,82.3,88.301,-25.56,0,0,367.14,1.14,1.901,4.395,0.807
11,21.75,0.089,2.3585,0.4935,0.6965,0.195,-10.965,0.18,-7.9415,82.45,88.301,-26.175,0,0,366.23,1.265,1.7145,4.366,0.8
11,22.25,0.0705,2.3845,0.434,0.503,0.3035,-9.35,0,-8.485,82.55,88.301,-24.76,0,0,365.12,1.17,1.5875,4.374,0.878
11,22.75,0.093,2.1865,0.585,0.872,0.025,-11.415,0.35,-8.5555,82.65,88.301,-26.035,0,0,365.51,1.14,1.5085,4.2,0.886
11,23.25,0.1015,2.056,0.5645,0.727,0.14,-10.16,0.28,-8.6255,83.65,88.2,-26.08,0,0,365.155,1.13,1.398,4.078,0.854
11,23.75,0.091,2.1335,0.5665,0.727,0.14,-9.34,4.78,-8.512,82.9,88.301,-23.985,0,0,365.155,1.265,1.3135,4.149,0.854
12,0.25,0.192,-1.3855,0.5245,0.159,0.44,-13.96,1.055,-3.0125,88.35,88.101,-9.69,0,0,365.735,0.605,0.151,1.4315,0.679
12,0.75,0.216,-1.3185,0.6185,0.61,0.053,-14.85,2.32,-3.049,89.3,88.101,-7.225,0,0,365.51,0.55,0.159,1.4275,0.7
12,1.25,0.228,-1.3635,0.7205,0.4985,-0.0115,-14.39,1.41,-3.0765,91.2,88.101,-7.67,0,0,364.59,0.48,0.158,1.4015,0.6925
12,1.75,0.213,-1.3435,0.7255,0.4755,0.0675,-15.605,1.2,-3.125,91.6,88.101,-7.11,0,0,364.76,0.51,0.144,1.3855,0.5655
12,2.25,0.214,-1.2865,0.7895,0.682,0.233,-16.8495,2.16,-3.1455,91.65,88.101,-7.065,0,0,365.195,0.465,0.1485,1.373,0.804
12,2.75,0.205,-1.429,0.752,0.26,0.375,-14.7,2.945,-3.19,91.35,88.2,-8.505,0,0,365.245,0.46,0.1715,1.4,0.627
12,3.25,0.211,-1.4275,0.739,0.401,0.355,-12.16,3.425,-3.2035,90.8,88.2,-7.88,0,0,365.29,0.47,0.164,1.4025,0.69
12,3.75,0.208,-1.488,0.7875,0.4955,0.623,-11.49,2.565,-3.243,90.5,88.2,-8.03,0,0,365.31,0.535,0.109,1.4275,1.011
12,4.25,0.218,-1.474,0.842,0.375,0.519,-11.27,1.04,-3.249,90,88.2,-11.195,0,0,365.17,0.545,0.095,1.4295,0.841
12,4.75,0.191,-1.4075,0.7205,0.2425,0.595,-15.97,1.08,-3.2365,90.2,88.2,-10.535,0,0,365.25,0.545,0.0945,1.4025,0.6805
12,5.25,0.218,-1.561,0.719,0.4105,0.511,-16.035,0.68,-3.24,90.05,88.2,-9.625,0,0,365.035,0.555,0.088,1.353,0.7575
12,5.75,0.216,-1.483,0.701,0.247,0.526,-13.22,1.1,-3.267,91.1,88.2,-7.765,0,0,364.9,0.55,0.075,1.373,0.694
12,6.25,0.21,-2.019,0.69,0.276,0.444,-12.91,1.25,-3.268,91.05,88.101,-7.835,0,0,365.205,0.51,0.0405,1.37,0.656
12,6.75,0.178,-1.761,0.7095,0.377,0.324,-14.24,1.24,-3.2775,91.35,88.101,-8.025,0,0,365.585,0.52,0.0105,1.3965,0.663
12,7.25,0.176,-1.9115,0.638,0.297,0.406,-10.36,1.09,-3.27,90.75,88.101,-6.0495,0,0,365.43,0.545,0.064,1.402,0.689
12,7.75,0.195,-2.0525,0.6495,0.161,0.151,-12.34,2.42,-3.2805,89.5,88.101,-3.195,10.785,4.844,365.185,0.57,0.0265,1.423,0.3865
12,8.25,0.212,-1.461,0.602,0.274,0.049,-10.6,4.94,-3.2905,88.65,88.101,3.4285,39.89,18.585,364.99,0.67,-0.052,1.3635,0.221
12,8.75,0.2105,-0.9945,0.661,0.136,0.001,-5.73,6.01,-3.2505,86.8,88.2,16.83,77.05,35.23,365.09,0.745,-0.122,1.012,0.123
12,9.25,0.2335,-0.4055,0.653,-0.3345,-0.0435,2.9,10.375,-3.2315,86.25,88.2,31.53,103.85,56.055,364.655,0.81,-0.124,1.044,-0.457
12,9.75,0.276,-0.493,0.6045,-0.781,-0.045,10.88,17.17,-3.182,84.95,88.2,45.415,139.95,74.25,364.05,0.97,-0.1265,1.0615,-0.784
12,10.25,0.274,0.1545,0.687,-0.867,-0.012,16.16,19.99,-3.0355,84.7,88.2,63.32,227.1,96.7,363.78,0.96,0.014,1.096,-1.004
12,10.75,0.273,0.2375,0.73,-0.952,-0.0075,25.08,18.985,-2.8225,85.2,88.2,66.735,280.95,105.4,363.675,0.92,-0.0405,1.1695,-1.038
12,11.25,0.3555,0.62,0.619,-1.1525,-0.133,34.96,22.98,-2.617,82.65,88.101,80.65,276.3,118.5,363.24,1.135,0.131,1.3145,-1.144
12,11.75,0.346,0.609,0.739,-1.228,-0.097,29.18,22.685,-2.4535,81,88.101,90.35,336.65,136.9,362.97,1.31,0.054,1.267,-1.057
12,12.25,0.383,0.827,0.7695,-0.961,-0.073,28.66,27.275,-2.4085,80.35,88.101,77.8,288.5,129.1,362.47,1.305,0.233,1.3725,-0.917
12,12.75,0.395,0.7905,0.8465,-0.9695,-0.0885,34.39,24.17,-2.407,80.4,88.101,78.55,277.85,124.4,362.61,1.145,0.1975,1.3785,-0.9345
12,13.25,0.3615,1.1655,0.793,-1.4515,-0.1095,30.38,22.65,-2.4175,81.75,88.0505,74.7,270.25,128.4,361.46,1.18,0.3945,1.5665,-1.5615
12,13.75,0.326,1.0705,0.759,-1.224,-0.088,18.65,20.96,-2.428,79.45,88,59.625,233.05,98.9,361.32,1.395,0.3815,1.5335,-1.3455
12,14.25,0.3245,1.038,0.751,-1.106,-0.0715,14.355,17.26,-2.408,78.55,88,45.87,185.3,56.805,361.18,1.455,0.544,1.7305,-1.186
12,14.75,0.321,0.8005,0.713,-0.682,-0.069,7.865,14.05,-2.3865,79.35,88,32.085,144.8,43.125,361.04,1.295,0.5765,1.723,-0.975
12,15.25,0.3075,0.6175,0.788,-0.297,-0.019,-0.055,11.36,-2.3625,80.55,88,13.385,86.1,29.915,361.55,1.165,0.8255,1.9485,-0.436
12,15.75,0.2795,0.3405,0.607,-0.235,0.08,-6.38,7.185,-2.3835,84.35,88,-1.0705,38.735,17.025,362.593333333333,1.025,0.8005,1.8955,-0.175
12,16.25,0.324,0.3145,0.6285,-0.091,0.1475,-9.93,4.64,-2.357,85.25,88,-8.825,12.595,4.863,363.636666666667,0.885,0.7295,1.882,0.061
12,16.75,0.299,0.0605,0.631,0.363,0.4265,-11.49,3.325,-2.3685,88.1,88,-11.96,0,0,364.68,0.715,0.652,1.8775,0.7315
12,17.25,0.29,-0.314,0.6655,0.643,0.343,-16.77,4.275,-2.3685,88.35,88,-11.815,0,0,364.77,0.725,0.534,1.8405,0.825
12,17.75,0.302,-0.441,0.6255,0.502,0.281,-17.57,2.465,-2.355,90,88.101,-11.095,0,0,365.175,0.65,0.447,1.692,0.79
12,18.25,0.279,-0.4565,0.6655,0.4655,0.152,-16.4395,2.445,-2.4655,89.2,88,-10.115,0,0,365.1,0.675,0.3975,1.552,0.7055
12,18.75,0.295,-0.7215,0.805,0.579,0.056,-17.6,4.44,-2.4585,87.15,88,-8.98,0,0,365.91,0.705,0.3435,1.529,0.695
12,19.25,0.2445,-0.6115,0.6585,0.308,0.291,-12.565,3.87,-2.437,88.5,88,-8.96,0,0,365.32,0.725,0.2745,1.4775,0.699
12,19.75,0.247,-0.7085,0.6715,0.2855,0.262,-11.535,3.045,-2.4775,88.7,88,-7.715,0,0,363.33,0.76,0.249,1.4875,0.6915
12,20.25,0.254,-0.839,0.7355,0.47,0.212,-14.93,3.71,-2.5465,88.95,88,-8.225,0,0,363.67,0.735,0.227,1.459,0.683
12,20.75,0.19,-0.9475,0.7185,0.413,0.301,-15.35,3.14,-2.575,88.55,87.95,-7.99,0,0,364.565,0.685,0.2135,1.447,0.698
12,21.25,0.25,-1.0655,0.8835,0.463,0.286,-14.52,2.735,-2.705,88.35,88.0005,-8.48,0,0,364.4,0.645,0.2305,1.4145,0.75
12,21.75,0.214,-1.108,0.739,0.407,0.384,-11.32,2.56,-2.7235,88.95,88.0505,-7.855,0,0,364.66,0.58,0.2315,1.4055,0.8825
12,22.25,0.22,-1.227,0.7715,0.3735,0.3435,-11.93,3.87,-2.7205,88.25,88.0505,-7.811,0,0,364.515,0.655,0.1995,1.383,0.6995
12,22.75,0.21,-1.19,0.782,0.4225,0.315,-9.45,3.01,-2.746,87.1,88,-9.135,0,0,364.26,0.715,0.203,1.3775,0.7195
12,23.25,0.187,-1.2105,0.8035,0.3145,0.2585,-10.04,2.86,-2.753,88.4,88,-9.565,0,0,363.87,0.665,0.205,1.388,0.6335
12,23.75,0.23,-1.341,0.67,0.274,-0.029,-16.14,3.66,-3.01,90.1,88.0505,-9.34,0,0,364.29,0.59,0.18,1.425,0.6935
