DOY2,HR2,USTAR,TA,WS,FC,SC,H,LE,G,RH,PA,NETRAD,PPFD_IN,SW_IN,CO2,VPD,TS_1_1_1,TS_1_2_1,NEE
1,0.25,0.027,-7.39225,0,-0.1486,-0.882075,-82.005,-4.815,-7.9222,54.918,86.996,-49.8905,0,0,358.40075,0.01225,-0.47515,0.655575,0.0446
1,0.75,0.0212,-7.30175,0,-0.30665,-0.48435,-80.3525,-4.5225,-7.848675,54.06775,86.996,-49.77125,0,0,357.4025,0.0045,-0.52835,0.572025,0.02145
1,1.25,0.025,-7.6635,0,0.033575,-0.5845,-89.02175,-3.915,-7.8232,54.1085,86.996,-49.33325,0,0,357.774,0.00225,-0.430875,0.591175,0.05835
1,1.75,0.0282,-8.34625,0,-0.3035,-0.5854,-81.35325,-5.98825,-7.955975,51.34625,86.996,-47.9125,0,0,358.149,0.02,-0.531725,0.542,0.0319
1,2.25,0.0254,-8.45925,0,-0.3585,-0.3185,-106.302,-3.064,-8.688175,51.65175,86.996,-49.6195,0,0,358.229,0.02,-0.39075,0.649025,0.00925
1,2.75,0.0258,-8.47575,0,-0.725,-0.37355,-102.01775,-2.93,-9.329975,47.02575,86.996,-46.98975,0,0,358.47225,0.02,-0.32785,0.65465,0.04065
1,3.25,0.02,-9.037,0,-0.05075,-0.89425,-81.21675,-3.918,-9.760575,44.19525,86.996,-48.272,0,0,358.983,0.02,-0.22385,0.6909,0.0816
1,3.75,0.01125,-8.8875,0,-0.2945,-0.771,-72.711,-5.8025,-9.9149,53.54775,86.996,-49.33025,0,0,358.3405,0.03,-0.275675,0.710175,0.13225
1,4.25,0.0208,-8.86,0,-0.67145,-0.85095,-103.95075,-3.3635,-9.761975,57.11275,86.9885,-48.04475,0,0,358.6735,0.03225,-0.3117,0.6376,0.04825
1,4.75,0.0235,-8.941,0,-0.4708,-0.734,-78.541,-4.57,-9.395425,57.51275,86.9885,-48.86,0,0,359.47875,0.02225,-0.328175,0.57635,0.0332
1,5.25,0.0156,-9.169,0,-0.05455,-0.21645,-81.937,-11.82,-9.171975,55.942,86.925375,-44.06975,0,0,359.58675,0.03675,-0.306325,0.5991,0.00495
1,5.75,0.019375,-9.5675,0,-0.6606,-0.69025,-81.3615,-7.84475,-9.429725,58.049,86.9625,-44.895,0,0,359.598,0.04,-0.301325,0.663625,0.113825
1,6.25,0.0224,-9.13975,0,-0.872,-0.9301,-76.496,-6.2375,-10.04635,54.601,86.9625,-43.0245,0,0,359.65,0.01675,-0.343075,0.61645,0.1161
1,6.75,0.0188,-8.49275,0,-0.96645,-0.8079,-72.26025,-5.2955,-11.54995,53.5745,86.9625,-43.667,0,0,359.7925,0.01675,-0.448425,0.60825,0.1709
1,7.25,0.01575,-8.31225,0,-0.5475,-0.599375,-89.9455,-8.8925,-13.217325,57.476,86.9625,-42.0765,0,0,359.3365,0.02225,-0.478575,0.56875,0.003875
1,7.75,0.0185,-8.36075,0,-1.31035,-0.62385,-89.5945,-5.53025,-14.189075,57.37225,86.9625,-35.44225,0,0,360.5375,0.02225,-0.5599,0.57845,-1.41155
1,8.25,0.0178,-8.244,0,-1.8458,-1.0257,-74.90875,-5.819,-14.465125,56.90225,87,-22.97425,4.99305,1.259025,358.91625,0.03,-1.2356,-0.191925,-1.8507
1,8.75,0.0242,-6.687275,0,-1.5054,-0.9359,-58.785,-3.72425,-13.394075,55.62475,87.063125,-15.9395,12.3175,3.063825,359.133,0.02225,-2.262,-1.195525,-1.9118
1,9.25,0.028,-5.7592,0,-2.13785,-1.248,-68.54625,0.1155,-11.415025,51.361,87.063125,-25.09,21.648,5.28845,359.486,0.03,-2.114,-1.12005,-2.2662
1,9.75,0.050875,-4.947675,0,-2.73325,-1.1418,-23.832,2.72275,-8.866475,46.59775,87.063125,-42.11275,41.29275,10.363,360.019,0.03,-1.245325,-0.238975,-2.8842
1,10.25,0.034875,-4.636775,0.0054,-2.9019,-0.9225,-26.78,5.61625,-6.6178,45.829,87.063125,-71.10975,39.835,11.71075,359.14375,0.07225,-0.920125,0.01985,-3.27735
1,10.75,0.0896,-4.3109,0,-2.833425,-0.7805,-28.29675,5.16375,-5.206575,42.5565,87.063125,-41.14625,44.30775,11.99625,359.162,0.07,-0.7152,0.220925,-2.897025
1,11.25,0.0828,-4.23295,0.01395,-2.447025,-0.514,-26.298,3.03625,-4.423375,41.4225,87,-56.8005,57.233,15.406,358.49,0.06225,-0.569975,0.331075,-2.896225
1,11.75,0.1214,-3.7494,0.0063,-2.8612,-0.5818,-16.01375,3.6495,-3.5549,38.30675,87,-65.70725,71.395,17.513,358.588,0.04675,-0.578175,0.354125,-3.2602
1,12.25,0.1118,-3.296275,0,-2.84425,-0.622675,-2.702,6.4835,-3.1624,38.00425,87,-61.4765,72.07,15.068,358.6365,0.049,-0.57555,0.37125,-2.8675
1,12.75,0.11825,-3.1335,0,-2.79625,-0.4805,-33.75375,2.975,-3.162625,38.45625,86.965,-58.29125,60.83025,12.36775,357.928,0.04125,-0.6146,0.4039,-2.888275
1,13.25,0.1049,-3.500625,0,-4.3692,-0.41,-28.722,6.11125,-3.17625,39.825,86.965,-51.39125,44.55525,8.959,358.3,0.039,-0.4886,0.4887,-4.1582
1,13.75,0.0782,-3.9229,0.005625,-2.47795,-0.391,-31.43,4.73625,-3.128025,36.31425,86.9,-35.563025,28.26875,6.335225,358.444,0.03,-0.1947,0.664675,-2.489175
1,14.25,0.108425,-3.832325,0,-2.539975,-0.27195,-46.03,3.0275,-3.123875,34.005,86.9,-39.80975,23.22675,5.615175,358.32,0.01225,-0.30715,0.5777,-2.5194
1,14.75,0.085125,-4.177225,0,-1.96,-0.17475,-62.955,1.4935,-3.116825,34.65775,86.86535,-37.55775,21.24625,4.7068,357.82,0.02225,-0.1483,0.72405,-2.05325
1,15.25,0.068875,-4.309875,0,-1.88775,-0.1185,-41.04625,1.4665,-3.120875,34.2495,86.835,-28.65025,17.892,4.450875,357.33275,0.0245,-0.02,0.75475,-1.9625
1,15.75,0.0477,-4.629775,0,-2.007,-0.024,-63.445,-2.25025,-3.185225,34.85825,86.835,-32.30725,14.68025,2.915875,357.694,0.029,0.007675,0.811275,-2.012
1,16.25,0.018125,-5.077825,0,-1.28125,-0.069,-75.7075,-2.57925,-3.27405,40.507,86.835,-45.31175,6.226375,1.183575,357.2595,0.0245,-0.007,0.795925,-1.02575
1,16.75,0.036675,-5.23855,0,-0.936,-0.0308,-75.921,-4.34975,-3.2517,44.05275,86.867825,-57.6115,0,0,357.08175,0.02225,-0.069375,0.7408,-0.9088
1,17.25,0.028275,-5.316025,0,-0.82815,-0.098675,-94.763,-4.9035,-3.2919,44.139,86.801,-59.83875,0,0,356.987,0.0145,-0.1125,0.737175,-0.8384
1,17.75,0.0187,-5.2782,0,-0.172,-0.23125,-76.064,-4.14925,-3.82415,45.09125,86.801,-58.262,0,0,357.466,0.03,-0.104325,0.679875,0.02125
1,18.25,0.017425,-5.68005,0,-0.3587,-0.2074,-57.284,-2.774,-3.78135,47.23325,86.801,-53.36375,0,0,357.626,0.03,-0.14705,0.689225,0.088225
1,18.75,0.0317,-5.838375,0,-0.2528,-0.41975,-56.725,-5.4125,-3.6943,52.98725,86.801,-55.07475,0,0,357.4995,0.03225,-0.10845,0.704675,0.074975
1,19.25,0.022425,-5.997875,0,-0.417075,-0.3446,-66.71275,-5.5515,-3.64805,56.274,86.801,-55.06125,0,0,357.37,0.03225,-0.2049,0.652475,0.13385
1,19.75,0.0384,-6.27695,0,-0.065425,-0.699575,-87.01,-6.14225,-3.662675,56.61725,86.867825,-52.72775,0,0,357.5885,0.04,-0.238525,0.6048,0.151875
1,20.25,0.021275,-6.573675,0,-0.315875,-0.253325,-66.318,-5.87875,-3.657775,55.56625,86.9,-47.131,0,0,357.831,0.009,-0.26725,0.571675,0.033675
1,20.75,0.0337,-7.4355,0,-0.0136,-0.7044,-88.946,-5.45875,-4.9088,53.07425,86.867825,-51.19825,0,0,357.807,0.00675,-0.295225,0.547775,0.0712
1,21.25,0.026425,-7.15775,0,-0.816275,-0.36565,-64.493,-4.5205,-5.91005,50.84825,86.867825,-55.326,0,0,358.266,0.00675,-0.27795,0.607675,0.040675
1,21.75,0.0297,-7.783,0,-0.31555,-0.54455,-82.00375,-5.429,-6.457225,52.3295,86.867825,-54.0285,0,0,357.106,0.03225,-0.2496,0.586575,0.0343
1,22.25,0.01025,-7.96375,0,-0.47275,-0.216,-99.966,-5.764,-7.221075,53.22425,86.935325,-53.51525,0,0,358.3185,0.03,-0.48295,0.541075,0.06815
1,22.75,0.02185,-8.46975,0,0.025875,-0.458875,-78.0745,-4.3565,-7.891075,51.1395,86.935325,-56.2895,0,0,358.34725,0.03225,-0.432325,0.575125,0.043875
1,23.25,0.0377,-7.24175,0,-0.39785,-0.4715,-80.8975,-9.69925,-8.360525,51.18225,86.935325,-49.47725,0,0,358.438,0.04225,-0.314625,0.594375,0.00285
1,23.75,0.02355,-7.9885,0,-0.412675,-0.3296,-72.45625,-5.27475,-8.07325,52.0005,87.0035,-50.1815,0,0,358.513,0.01675,-0.28375,0.642875,0.028275
2,0.25,0.020975,-6.532525,0,-0.3431,-0.7659,-63.77325,-5.968,-4.3715,57.1195,86.697525,-58.29375,0,0,358.7315,0,-0.421,0.941575,0.1423
2,0.75,0.0204,-6.365125,0,-0.169475,-0.313,-82.90275,-6.393,-5.4032,58.139,86.697525,-60.3205,0,0,358.8125,0,-0.4185,0.9319,0.069925
2,1.25,0.023975,-6.528,0,-0.2867,-1.154,-62.421,-4.43875,-5.65485,55.185,86.697525,-59.15925,0,0,358.83375,0,-0.593075,0.70855,0.1014
2,1.75,0.017125,-6.325275,0,-0.573,-0.409,-73.49425,-4.45125,-5.82265,54.95575,86.796,-58.42,0,0,359.445,0,-0.645425,0.73455,0.036
2,2.25,0.02025,-6.321725,0,-0.34215,-0.4566,-72.45,-6.1255,-6.3856,56.27275,86.796,-57.37825,0,0,359.25,0,-0.668275,0.627325,0.160725
2,2.75,0.026275,-6.47325,0,-0.289475,-0.853,-72.4275,-3.73,-6.5688,58.467,86.796,-57.50825,0,0,359.979,0,-0.72765,0.6171,0.090325
2,3.25,0.0174,-6.5374,0,-0.0335,-0.381975,-67.7625,-5.17875,-6.7697,58.84925,86.793475,-57.27225,0,0,360.444,0,-0.830675,0.6885,0.11525
2,3.75,0.0224,-6.984425,0.00045,-0.536,-0.15,-69.6475,-3.51125,-6.909625,56.53475,86.793475,-54.91225,0,0,359.9995,0,-0.90055,0.90085,0.122
2,4.25,0.024425,-7.45525,0.0036,-0.602125,-0.59375,-71.61,-5.97875,-7.21445,53.18625,86.793475,-54.30975,0,0,359.647,0,-0.875475,0.79255,0.042725
2,4.75,0.017675,-7.082225,0.004275,-0.1339,-0.9677,-70.65125,-3.7,-7.669775,53.0515,86.793475,-54.08475,0,0,359.022,0,-0.94,0.56915,0.0377
2,5.25,0.02185,-6.854475,0.001575,-0.43,-0.465575,-72.91,-7.41975,-8.10555,57.73875,86.793475,-52.15975,0,0,359.67475,0,-0.94705,0.752225,0.121
2,5.75,0.022425,-6.75075,0.02125,-0.2809,-0.4062,-70.342,-5.9905,-8.43315,56.296,86.695,-50.72275,0,0,359.354,0,-0.971725,0.779675,0.10435
2,6.25,0.02785,-7.894,0.00045,-0.55635,-1.0629,-67.252,-8.42,-13.214,52.108,86.695,-55.574,0,0,358.926,0,-0.991075,0.746925,0.121475
2,6.75,0.022125,-7.85775,0.000675,-0.1588,-0.50655,-65.7565,-4.765,-18.978275,54.2405,86.695,-50.434,0,0,359.5055,0,-1.038625,0.7954,0.04355
2,7.25,0.02215,-7.61925,0.001125,-1.3378,-0.551375,-63.568,-9.8705,-20.62505,52.327,86.598475,-48.042,0,0,359.186,0,-1.0731,0.651025,-1.3487
2,7.75,0.0207,-6.944975,0,-0.9019,-1.297725,-59.04,-11.35675,-19.919575,49.63325,86.598475,-27.2165,8.016,2.779775,359.5215,0,-2.4132,-0.94015,-0.93145
2,8.25,0.02705,-5.935975,0,-3.29445,-1.23675,-52.076,-9.106,-16.24115,47.53775,86.598475,-15.92375,17.71025,5.51335,359.0075,0,-3.26855,-1.993425,-3.41395
2,8.75,0.02845,-5.822275,0,-2.33675,-1.1792,-35.83225,-8.902,-10.7512,43.8505,86.598475,-21.1045,28.1775,8.984,359.3085,0,-3.02285,-1.89805,-2.61725
2,9.25,0.05215,-5.58255,0,-2.836,-1.09285,-37.374,2.288,-7.093575,39.8365,86.601,-31.61925,49.03775,14.90625,359.112,0,-2.590825,-1.674425,-3.52875
2,9.75,0.083375,-5.310175,0.02825,-3.2615,-0.91525,-19.955,2.7635,-5.1681,35.97425,86.601,-23.615,43.13325,15.24025,359.102,0,-1.852525,-1.00295,-3.4165
2,10.25,0.12945,-4.3056,0.018025,-2.97325,-0.5891,-0.404,3.2805,-4.1979,33.44475,86.598475,-14.045,79.475,24.52075,358.736,0.0045,-0.903025,-0.041975,-3.30475
2,10.75,0.07565,-3.91055,0.039475,-3.961725,-0.5725,6.128,4.05275,-3.340825,31.94125,86.598475,-10.37075,98.055,25.04025,358.165,0.02675,-0.65705,0.11755,-4.2937
2,11.25,0.11295,-3.6259,0.055475,-3.196675,-0.6874,-5.139,3.9975,-2.921525,29.8645,86.695,-9.12455,76.7525,26.23025,357.9575,0.019,-0.4825,0.355525,-3.49245
2,11.75,0.0379,-3.408025,0.0573,-3.8222,-0.59525,-16.6225,1.14575,-2.744275,30.37775,86.695,7.2163,82.44,24.03775,357.64,0.03675,-0.4826,0.44685,-4.0898
2,12.25,0.11775,-3.733175,0.12285,-3.47755,-0.567525,-8.866,11.9165,-2.661975,29.0675,86.5,9.34475,65.977,22.153,357.0485,0.0545,-0.259175,0.580175,-3.889075
2,12.75,0.0999,-3.998225,0.0263,-3.575625,-0.6655,16.758,10.118,-2.5716,27.507,86.495,14.67025,95.7525,23.7715,356.80475,0.049,-0.477975,0.2146,-3.681925
2,13.25,0.1925,-3.6586,0.071325,-3.033875,-0.565875,23.361,12.624,-2.574575,26.7725,86.495,11.93475,87.535,22.3805,356.61825,0.03125,-0.17765,0.469,-3.320225
2,13.75,0.172,-3.930775,0.103625,-3.003525,-0.618,19.6725,10.048,-2.5784,26.313,86.4,8.68575,65.50275,25.922,356.715,0.07,-0.103325,0.540575,-3.0616
2,14.25,0.116675,-3.8773,0.049875,-4.073475,-0.4659,2.845,4.6415,-2.569975,26.0465,86.392575,11.99575,71.7365,28.65275,356.6995,0.06,0.11555,0.77705,-4.1578
2,14.75,0.166425,-3.94425,0.065175,-2.796425,-0.41725,8.7825,6.333,-2.56435,25.78575,86.392575,11.36025,79.8775,25.612,356.3625,0.03675,0.16605,0.997525,-3.032325
2,15.25,0.083,-4.031825,0.08225,-2.704875,-0.2248,-10.9285,4.554,-2.46215,25.005,86.39505,9.08225,67.41875,26.48825,356.37,0.06,0.243275,1.09735,-2.659925
2,15.75,0.1297,-4.221975,0.020475,-2.18645,-0.146175,-18.486,1.22975,-2.348,26.74775,86.39505,11.39275,48.65175,18.49275,356.54325,0.05225,0.1517,1.018475,-2.20345
2,16.25,0.0488,-4.43775,0.00335,-2.0646,-0.121725,-36.183,-3.147,-2.348,28.58075,86.39505,-1.223275,32.40575,7.50675,356.958,0.02675,0.2482,1.097575,-1.908
2,16.75,0.0817,-4.69885,0,-1.125625,-0.185875,-72.53375,-4.94525,-2.4627,30.35375,86.4,-29.53275,10.42475,4.174075,357.323,0.00675,0.2878,1.12665,-1.083825
2,17.25,0.036325,-4.851675,0,-1.2679,-0.0453,-74.9815,-3.7495,-2.47665,32.0785,86.4,-51.6535,0,0,357.64975,0,0.28345,1.1489,-0.941825
2,17.75,0.0447,-4.962325,0,-0.28255,-0.04215,-58.46625,-6.8705,-2.485175,35.9835,86.5,-59.63175,0,0,357.946,0,0.25815,1.11115,0.0491
2,18.25,0.026375,-5.1888,0,-0.2557,-0.0458,-78.644,-3.201,-2.722275,41.658,86.601,-62.08425,0,0,358.38,0,0.217025,1.0866,0.0929
2,18.75,0.0268,-5.2308,0,-0.267,-0.786,-70.6955,-7.93875,-2.714525,45.78,86.601,-62.51125,0,0,358.60325,0,0.200125,1.0497,0.041
2,19.25,0.029375,-5.2415,0,-0.0755,-0.4185,-67.24075,-3.51425,-2.661825,46.22525,86.7,-63.39125,0,0,358.79625,0,0.099075,1.013025,0.122375
2,19.75,0.0235,-5.19075,0.0127,-0.4052,-0.4681,-90.392,-3.514,-2.7116,48.048,86.7,-63.92625,0,0,358.6025,0,0.036325,0.9729,0.029
2,20.25,0.038425,-5.20475,0.004725,-0.0922,-0.510225,-80,-2.46625,-2.983125,48.01275,86.79595,-62.845975,0,0,358.33875,0,-0.1671,0.945,0.04325
2,20.75,0.021325,-5.5008,0.00045,-0.1626,-0.337,-74.367,-4.0195,-2.975625,46.39275,86.79595,-63.37,0,0,358.067,0,-0.222675,0.93695,0.0581
2,21.25,0.025325,-5.6104,0,-0.040825,-0.250975,-63.87,-3.3515,-3.0012,46.655,86.7,-60.5285,0,0,358.34375,0,-0.274375,0.94605,0.13875
2,21.75,0.018425,-5.8497,0,-0.264,-0.999825,-60.83175,-5.6305,-2.8324,46.356,86.7,-60.76075,0,0,358.706,0,-0.460975,0.90355,0.0682
2,22.25,0.03535,-6.06785,0,-0.120475,-0.251025,-83.31325,-4.8835,-3.1511,46.1285,86.7,-60.70575,0,0,358.42875,0,-0.45165,0.900075,0.109475
2,22.75,0.0167,-5.98895,0.00045,-0.4436,-0.9438,-114.565,-2.3995,-3.707125,55.09325,86.7,-60.78475,0,0,357.6155,0,-0.53305,0.83635,0.0389
2,23.25,0.0259,-6.144225,0,-0.11265,-0.4577,-80.311,-2.36875,-3.6829,54.07225,86.7,-60.748,0,0,357.5155,0,-0.6068,0.905575,0.0575
2,23.75,0.0236,-6.62295,0,-0.580325,-0.53445,-92.845,-4.9415,-3.89495,55.87525,86.69505,-59.71,0,0,357.6145,0,-0.692875,0.917025,0.06025
3,0.25,0.0163,-6.46585,0.01435,-0.405925,-0.9468,-93.32,-5.684,-14.92255,42.7905,87.2,-65.105225,0,0,361.86225,0.07125,-0.62665,0.6087,0.177175
3,0.75,0.02735,-6.54765,0,-0.1884,-0.7342,-78.43,-6.375,-14.266625,41.405,87.2,-65.65475,0,0,362.072,0.03125,-0.709075,0.599425,0.0829
3,1.25,0.0304,-6.3793,0.002475,-0.477,-0.6816,-81.7075,-4.59875,-14.37075,35.77925,87.2,-63.512,0,0,362.1,0.049,-0.78975,0.578025,0.0722
3,1.75,0.0377,-6.284675,0.042025,-0.47325,-0.6309,-75.718,-5.276,-14.243425,34.962,87.2,-60.56325,0,0,362.10425,0.058,-1.10505,0.608625,0.103625
3,2.25,0.04235,-6.239725,0.0189,-0.04445,-0.47105,-83.734,-10.71,-14.014625,35.878,87.2,-63.89575,0,0,362.3505,0.0425,-1.388875,0.535925,0.0301
3,2.75,0.019375,-6.487225,0,-0.32885,-0.326125,-93.426,-8.668,-13.9415,35.06925,87.2,-63.47025,0,0,360.738,0.0425,-1.033,0.514975,0.0666
3,3.25,0.02595,-6.5649,0.002025,-0.236,-0.2554,-100.89375,-8.46,-13.98925,34.82375,87.2,-61.21925,0,0,362.4545,0.04475,-0.794725,0.50285,0.0792
3,3.75,0.03095,-6.3609,0.0161,-0.3955,-0.2778,-92.9675,-6.993,-13.841625,36.79925,87.2,-59.7345,0,0,360.094,0.04025,-1.019575,0.51635,0.0308
3,4.25,0.0249,-6.158475,0.007875,-0.31675,-0.363625,-75.085,-9.3525,-13.74925,37.296,87.2,-61.11225,0,0,362.4015,0.04575,-1.052675,0.521475,0.146175
3,4.75,0.01825,-6.238325,0.02215,-0.10245,-0.58435,-85.143,-5.099,-13.470325,36.77375,87.2,-60.48025,0,0,359.82275,0.048,-0.93035,0.5449,0.0563
3,5.25,0.02885,-6.546075,0.0268,-0.31035,-0.54715,-76.38475,-6.62925,-13.1945,34.1175,87.108425,-60.75775,0,0,359.5745,0.0635,-0.787225,0.570125,0.0164
3,5.75,0.01985,-6.4154,0.002475,-0.356425,-0.269225,-72.88125,-8.14525,-13.059875,34.25575,87.2,-58.0175,0,0,361.066,0.06225,-0.8262,0.590925,-0.100425
3,6.25,0.029175,-6.40995,0,-0.827825,-0.3146,-62.83,-10.1955,-12.91655,32.9915,87.2,-54.3395,0,0,360.8685,0.0645,-0.869525,0.5638,-1.0419
3,6.75,0.01865,-6.193825,0,-1.809125,-0.9494,-53.1175,-2.60575,-12.7102,31.5,87.2,-37.6415,5.2013,1.892575,360.3495,0.0645,-1.39425,0.4762,-2.103625
3,7.25,0.0247,-5.9539,0,-2.314,-1.157,-59.5065,-1.991,-12.48075,27.744,87.2,-15.720125,16.138,7.8445,360.20125,0.0645,-3.10755,-0.86005,-2.56075
3,7.75,0.043125,-5.699525,0,-2.870575,-1.2098,-90.5555,0.48675,-12.04175,24.41525,87.2,5.091575,27.933,13.374,359.93375,0.09225,-3.38305,-1.834625,-3.5106
3,8.25,0.08675,-5.39205,0,-3.79575,-1.23425,-25.419,3.125,-11.557125,23.542,87.02,10.42375,74.125,32.589,359.804,0.1245,-2.8182,-2.02405,-3.93275
3,8.75,0.0696,-5.023425,0,-4.0119,-0.917275,-2.5395,12.997,-11.17305,24.95025,87.02,22.92175,78.9025,37.075,358.474,0.14025,-2.692525,-1.64585,-3.839225
3,9.25,0.066475,-4.537625,0.0297,-5.5452,-1.0434,16.845,12.292,-9.1904,26.239,87.02,36.29925,142.6525,70.483,358.186,0.179,-2.39915,-1.418475,-5.9627
3,9.75,0.1506,-4.0299,0.092725,-4.116,-0.6926,28.4335,15.672,-6.3298,25.9075,87.1109,41.70175,206.82,99.33,358.129,0.22225,-1.30365,-0.802275,-4.419
3,10.25,0.158175,-3.8757,0.20335,-4.37585,-0.6786,38.244575,16.626825,-4.7087,25.30325,87.1109,59.67025,287.8125,124.12,357.866,0.30725,-0.776875,-0.1797,-4.75375
3,10.75,0.117425,-4.1109,0.26815,-5.8208,-0.74625,35.821,21.739,-3.68345,23.779,87.1109,75.9125,263.7475,117.3675,357.326,0.3915,-0.57775,0.1554,-6.0992
3,11.25,0.158675,-3.2985,0.32635,-5.0708,-0.6468,24.309,10.444,-3.6326,23.15925,87.101,83.835,343.2675,176.2825,357.53225,0.54225,-0.42355,0.21375,-5.1588
3,11.75,0.116475,-3.721525,0.451525,-5.12275,-0.6904,21.933,24.039,-2.581775,22.468,87.101,85.2675,288.7075,147.8625,357.24,0.499,-0.3765,0.2489,-5.325525
3,12.25,0.190125,-3.8707,0.397525,-6.2936,-0.61905,31.65125,23.26175,-2.581775,20.69275,87.101,80.12,319.275,156.2375,356.2105,0.59725,-0.254375,0.256825,-6.446
3,12.75,0.109075,-2.94095,0.471625,-6.0325,-0.5424,32.3685,30.387425,-2.581775,20.10725,87.101,85.14,318.9475,158.6125,356.97,0.56225,-0.34825,0.219775,-6.279875
3,13.25,0.130425,-2.930275,0.427675,-5.1644,-0.4489,5.0255,26.89975,-2.581775,19.6345,87.101,73.5415,318.0375,171.9725,356.8855,0.64675,0.0205,0.584,-5.3443
3,13.75,0.106075,-3.149275,0.376225,-5.533475,-0.390575,27.1275,22.683,-2.581,20.5405,87.101,71.18,245.4925,128.33,355.339,0.60225,-0.086875,0.45785,-5.667625
3,14.25,0.198225,-2.9239,0.38,-6.3466,-0.4066,5.06625,19.7655,-2.581,22.46475,87.101,45.63825,147.775,69.30325,355.4165,0.39825,0.17805,0.749325,-6.7193
3,14.75,0.168325,-3.1394,0.236575,-3.5208,-0.213875,3.5045,18.261,-2.581,23.74,87.101,45.61375,201.4025,101.22,355.36,0.35225,0.183275,0.81915,-3.57775
3,15.25,0.18095,-3.277725,0.33715,-4.4661,-0.22715,-5.5355,19.1355,-2.581,21.65825,87.101,35.07475,154.575,80.285,355.15975,0.31175,0.22105,0.88225,-4.53835
3,15.75,0.1095,-3.0476,0.292425,-4.1523,-0.2132,-17.39225,16.0235,-2.581,22.8855,87.101,23.68925,90.3625,33.25075,355.457,0.314,0.2045,0.80105,-4.2485
3,16.25,0.2152,-3.246325,0.071375,-3.4957,-0.2983,1.515,15.4985,-2.582,24.211,87.101,12.9265,71.0475,37.11925,355.628,0.2835,0.24005,0.818225,-3.2152
3,16.75,0.147275,-3.259975,0.05715,-2.6222,-0.2222,-10.0085,7.097,-2.638575,26.06625,87.101,4.113775,46.318,26.0865,355.906,0.29675,0.20205,0.9021,-2.6115
3,17.25,0.14035,-3.967575,0.0276,-2.0086,-0.0269,-43.148,4.00325,-2.7086,27.399,87.101,-15.83125,24.9075,13.4905,356.7405,0.29675,0.136975,0.8533,-1.7924
3,17.75,0.1222,-4.26305,0.03835,-1.0435,0.1004,-57.2885,3.375,-4.974525,28.77475,87.101,-48.14925,9.0665,4.452575,357.0295,0.31225,0.202575,0.94535,-0.817
3,18.25,0.0528,-4.383275,0.017675,-1.62,0.108,-54.632,-0.1975,-7.41835,33.9925,87.1109,-62.30925,0,0,358.42,0.1635,0.1707,0.928175,-1.229
3,18.75,0.054625,-4.5053,0.00415,-0.551475,-0.0389749999999999,-73.7725,-3.829,-10.2986,40.697,87.1109,-64.306975,0,0,358.251,0.10225,0.1259,0.913525,0.0533750000000001
3,19.25,0.036825,-4.687175,0.06085,-0.1604,-0.85325,-69.361,-3.757,-13.226675,39.79225,87.2,-63.503,0,0,358.865,0.0535,0.0676,0.79305,0.0603
3,19.75,0.03855,-4.70755,0.085175,-0.20335,-0.21045,-115.2935,-3.13,-14.79645,42.63475,87.2,-63.811,0,0,359.5795,0.05575,-0.080025,0.7304,0.13185
3,20.25,0.0247,-4.808875,0.0557,-0.14985,-0.1123,-85.40925,-6.995,-15.21,42.89975,87.2,-63.71675,0,0,360.14,0.05025,-0.09375,0.74475,0.0584
3,20.75,0.052275,-5.009125,0.079075,-0.11675,-0.20045,-89.30925,-7.7875,-15.471925,42.05125,87.2,-62.7375,0,0,359.72,0.1245,-0.15955,0.71535,0.10465
3,21.25,0.012425,-5.793,0.02135,-0.15805,-0.2486,-79.2775,-4.194,-15.642575,38.595,87.2,-64.193775,0,0,359.7055,0.13225,-0.2716,0.650075,0.13395
3,21.75,0.01385,-5.9414,9e-04,-0.2087,-0.4687,-72.414,-9.17875,-15.54225,38.95825,87.2101,-64.2595,0,0,360.03,0.13675,-0.303375,0.6476,0.030075
3,22.25,0.0301,-6.142675,0.041575,-0.237,-0.691,-67.40675,-7.29925,-15.305875,38.9315,87.2101,-62.12,0,0,360.14675,0.11225,-0.32455,0.68425,0.073
3,22.75,0.0134,-6.157475,0.00585,-0.394575,-0.1246,-72.07,-9.481,-15.05575,37.5515,87.2101,-59.54125,0,0,360.365,0.0425,-0.375725,0.6727,0.03215
3,23.25,0.02285,-6.266075,0.0215,-0.4168,-0.2073,-77.01575,-3.747,-14.543625,34.37,87.2101,-60.11325,0,0,360.82,0.06925,-0.378875,0.719225,0.0276
3,23.75,0.0158,-6.359475,0.002925,-0.3061,-1.0874,-74.86125,-4.77,-14.686625,36.5995,87.2101,-61.41375,0,0,361.27325,0.038,-0.411125,0.669425,0.0284
4,0.25,0.0275,-3.4011,0,0.059125,-0.482125,-69.477,-5.6295,-21.27575,48.49275,87.022725,-63.55,0,0,356.2855,0.20075,0.23805,3.857025,0.179625
4,0.75,0.026875,-3.52105,0,-0.141625,-1.062375,-68.086,-5.132,-20.872825,50.037,87.022725,-62.392,0,0,356.725,0.24975,0.07415,3.796925,0.27775
4,1.25,0.012,-3.3956,0,-0.2922,-0.48965,-65.252,-6.262,-20.68975,50.7855,87.022725,-60.064,0,0,358.576,0.20075,-0.104875,3.823625,0.1046
4,1.75,0.0287,-3.631675,0,-0.1336,-0.6536,-63.198,-9.692,-20.69525,50.9165,87,-57.514,0,0,358.735,0.256,-0.2702,3.862625,0.168
4,2.25,0.0274,-3.686275,0,-0.2124,-0.279,-68.324,-8.13,-21.139575,50.6405,87.101,-59.184,0,0,358.995,0.21475,-0.482875,3.88575,0.0322
4,2.75,0.0187,-4.489825,0.000675,0.08975,-0.577325,-73.032,-5.143,-21.224875,51.24625,87.022725,-58.028,0,0,358.82125,0.194,-0.638425,3.89025,0.145075
4,3.25,0.02375,-5.02765,0,0.067825,-1.11275,-73.394,-4.934,-20.362575,47.177,87.022725,-60.612,0,0,358.95625,0.174,-0.739425,3.87045,0.19565
4,3.75,0.0281,-5.161325,0.003825,-0.29975,-0.478,-74.894,-4.152,-20.1387,51.25475,87.101,-61.868,0,0,358.3375,0.24375,-0.8946,3.824125,0.119
4,4.25,0.025,-4.7313,0.00585,-0.247,-0.9515,-72.248,-6.412,-20.282425,50.31075,87.101,-58.802,0,0,358.8675,0.399,-0.9453,3.820475,0.28675
4,4.75,0.020825,-5.015,0.002475,-0.1115,-0.9828,-78.863,-7.2975,-20.4682,45.81975,87.022725,-58.09,0,0,358.922,0.3525,-0.992325,3.771525,0.0615
4,5.25,0.027,-5.410825,0,-0.202,-0.5324,-68.00825,-5.09275,-20.410675,48.8435,87.022725,-56.462,0,0,358.54475,0.27675,-1.038275,3.736425,0.1318
4,5.75,0.020125,-4.78375,0,-0.80245,-0.88815,-62.448,-3.958,-19.662,50.93,87.101,-47.49,2.67925,2.070325,358.416,0.338,-1.04465,3.70785,-1.3051
4,6.25,0.01065,-4.2088,0.00645,-1.106875,-1.27495,-40.48625,-4.46175,-18.68825,48.53675,87.101,-21.74,22.12275,10.08475,357.66,0.489,-1.295325,3.387225,-1.8583
4,6.75,0.017825,-3.088975,0,-2.77565,-1.04695,-27.724,-4.33,-17.300575,43.75575,87.101,7.667,35.941,15.007,356.376,0.53675,-2.37885,2.396225,-2.8482
4,7.25,0.0373,-2.612175,0,-5.324325,-1.259375,-15.947,7.33225,-15.288625,35.4985,87.101,25.442,73.01675,35.58175,355.9395,0.5545,-3.030175,1.22865,-5.728525
4,7.75,0.102675,-1.891325,0.021375,-6.136725,-0.863475,-6.854,12.644,-12.374225,31.5175,87.101,33.114,89.54,45.6565,355.9245,0.61125,-2.70705,0.7755,-6.6326
4,8.25,0.0958,-1.43065,0.0936,-7.93325,-1.0039,1.028,14.886,-10.94695,28.583,87.101,50.402,148.5325,66.48475,355.59125,0.81675,-1.361125,1.68635,-8.12095
4,8.75,0.11455,-0.964325,0.222175,-8.908,-1.25775,7.682,20.372,-10.19445,28.03225,87.101,86.3,221.5525,108.8475,355.0475,1.2245,-0.0761,2.018825,-9.3555
4,9.25,0.11645,-0.633875,0.388275,-9.1725,-0.7628,18.83,26.304,-10.115875,25.7755,87.123275,121.8,300.8625,144.525,355.0915,1.39125,0.52055,2.17845,-9.53925
4,9.75,0.0784,-0.070975,0.6424,-9.67075,-0.9454,15.026,30.592,-9.17485,23.8895,87.123275,116.7,339.4475,154.98,355.38,1.489,1.416375,2.323825,-9.9578
4,10.25,0.107,0.41295,0.7132,-9.511,-1.2272,36.784,29.254,-7.823525,23.394,87.123275,137.84,389.0175,188.62,354.75,1.37125,2.09695,2.5887,-9.5206
4,10.75,0.1272,0.80865,0.7448,-10.07925,-1.01995,29.522,35.41,-3.55805,22.947,87.123275,144.9,372.22,199.89,354.763,1.22675,2.2177,2.762875,-10.207875
4,11.25,0.1846,0.70695,0.7734,-9.0857,-1.2524,81.404,45.646,2.482725,22.454,87.2,151.3,431.0375,226.2425,355.2035,1.31025,3.22345,2.986975,-9.2745
4,11.75,0.104825,0.7003,0.75175,-9.24095,-1.005275,54.472,52.025,-0.691599999999999,22.098,87.2,105.98,317.375,158.56,354.612,1.04825,4.030475,2.98735,-9.486675
4,12.25,0.12405,0.7921,0.7122,-9.63,-1.3266,48.516,41.592,-2.4891,21.1245,87.2,105.36,336.2425,165.7675,353.3825,0.95125,4.447025,3.290225,-9.704
4,12.75,0.12315,1.243425,0.707775,-8.984775,-0.449775,34.126,39.716,1.6815,20.51325,87.2,165.16,486.4925,224.14,354.1785,1.317,4.6693,3.3493,-9.17975
4,13.25,0.134075,1.546275,0.584525,-9.6511,-1.05975,41.775,44.155,5.804975,19.33475,87.2,188.56,491.125,253.42,353.37625,1.2535,5.451025,3.4439,-9.6745
4,13.75,0.16945,1.49825,0.628525,-11.1993,-1.1245,55.202,41.302,13.373875,18.94125,87.2,141.82,429.3525,219.1225,353.1355,1.29575,6.38685,3.499675,-11.2141
4,14.25,0.15395,1.000525,0.866375,-9.73835,-0.5179,12.902,35.021,6.6975,19.37,87.2,101.48,327.515,159.3075,353.01175,1.069,8.04125,3.853275,-9.8538
4,14.75,0.15555,0.970575,0.75655,-9.2892,-1.28745,29.38925,32.8615,4.32055,20.55375,87.2,69.53,248.7275,130.2425,352.59925,0.99625,7.60475,3.82965,-9.32505
4,15.25,0.092,1.121625,0.4985,-8.1023,-0.80775,13.326,20.164,3.424925,20.88225,87.2,65.96,225.985,110.04,352.36725,1.011,7.273475,4.207775,-8.1186
4,15.75,0.22785,1.12695,0.7483,-7.9558,-0.618,-32.336,19.738,1.46525,20.362,87.2,26.5028,90.2325,49.242,352.19225,0.876,6.93545,4.129425,-7.685575
4,16.25,0.186475,0.515575,0.51555,-9.416125,-0.18685,-31.65975,9.5525,-3.232175,19.8805,87.123275,36.992,137.17,62.59475,351.564,0.891,6.777425,4.23475,-9.30625
4,16.75,0.17795,0.682125,0.457525,-7.941675,-1.108275,-28.29825,15.5555,-6.624,20.66425,87.123275,18.9064,86.37,43.72575,351.4945,0.88475,6.1827,4.1897,-7.779525
4,17.25,0.1661,-0.077475,0.440575,-6.793425,-1.078575,-23.49,2.754,-10.365575,20.87575,87.101,2.9426,67.68525,30.5865,352.471,0.868,5.54005,4.239025,-6.960875
4,17.75,0.1442,-0.10965,0.27355,-4.00655,-1.285,-43.008,4.06,-12.2845,21.45,87.101,-10.074,21.81225,18.3535,352.764,0.70225,4.94265,4.306975,-3.76805
4,18.25,0.09115,-0.737925,0.03325,-4.095,-0.966,-56.8975,0.191000000000001,-14.85795,24.7775,87.022725,-44.516,9.331,7.86675,352.979,0.725,4.33315,4.474575,-4.01
4,18.75,0.04585,-1.194125,0.06135,-0.888,-1.415375,-61.885,-1.17,-18.003825,30.9665,87.022725,-59.566,0,1.049125,353.78,0.6325,3.669075,4.53745,-0.65
4,19.25,0.043475,-1.61105,0.0913,-0.10325,-0.308125,-66.844,-3.1715,-20.059875,32.6115,87.022725,-63.926,0,0,353.306,0.4145,2.995275,4.45025,0.457
4,19.75,0.0527,-2.11255,0.110575,-0.09385,-0.7157,-71.5275,-5.1665,-19.823625,33.90525,87.022725,-63.618,0,0,353.5485,0.37,2.456675,4.3895,0.139125
4,20.25,0.05035,-2.387525,0.00825,-0.1749,-0.590975,-71.70625,-5.35175,-19.945825,35.5725,87.101,-62.058,0,0,354.066,0.2835,2.096925,4.327225,0.12905
4,20.75,0.0516,-2.85265,0.006075,-0.078625,-1.15095,-65.4455,-6.8545,-20.6025,35.63775,87.101,-60.116,0,0,352.4725,0.369,1.79975,4.28285,0.213775
4,21.25,0.0498,-2.832075,0.00495,-0.133625,-0.7465,-71.205,-5.7825,-20.69325,37.641,87.101,-62.224,0,0,353.32025,0.38125,1.38325,4.19335,0.118875
4,21.75,0.03085,-2.7721,0.006975,-0.11325,-0.7508,-58.5225,-6.05525,-20.504875,39.90275,87.101,-60.894,0,0,354.996,0.2915,0.99535,4.16155,0.13545
4,22.25,0.02995,-2.86435,0.002925,-0.0629,-0.8458,-56.4125,-7.15525,-20.49425,39.08175,87.101,-60.062,0,0,354.8135,0.36,0.739825,4.08945,0.0684
4,22.75,0.03155,-3.068,0.031125,-0.30125,-0.34795,-67.942,-5.131,-21.004575,42.653,87.101,-62.714,0,0,355.3305,0.2925,0.456,4.073725,0.29005
4,23.25,0.03365,-2.973775,0,-0.293,-1.092,-60.1,-7.7025,-21.423,45.57825,87.101,-63,0,0,355.677,0.23025,0.30605,4.178475,0.074
4,23.75,0.033475,-3.21535,0,-0.1024,-0.5578,-58.4045,-5.3275,-21.472125,46.38975,87.022725,-62.60375,0,0,356.025,0.22725,0.2976,4.072575,0.205
5,0.25,0.017,-1.6878,0,0.2532,-0.705225,-76.13775,-10.538,-23.86445,36.25775,87.301,-73.165,0,0,355.915,0.70225,3.173525,8.424,0.267325
5,0.75,0.02135,-1.993475,0.0077,0.408125,-1.1925,-76.074,-12.44675,-23.6065,34.812,87.301,-73.975,0,0,356.0975,0.65,2.8053,8.42375,0.253375
5,1.25,0.02335,-1.924325,0.00405,0.179025,-0.5331,-98.4875,-6.775,-23.052375,35.717,87.301,-72.4825,0,0,355.921,0.488,2.472125,8.3805,0.0979
5,1.75,0.0279,-1.968675,0,-0.2015,-0.2048,-89.28125,-6.235,-23.383175,40.22475,87.222725,-71.401,0,0,355.90125,0.57575,2.158225,8.28675,0.169825
5,2.25,0.021,-2.466425,0.01625,0.2069,-0.660225,-83.822,-8.098,-23.2037,39.6565,87.2,-68.16325,0,0,355.305,0.52925,1.89925,8.05375,0.66135
5,2.75,0.02545,-2.9154,0,0.37345,-0.59405,-83.1805,-10.4105,-23.2008,39.73075,87.2,-63.805225,0,0,355.7205,0.456,1.645875,7.92675,0.43585
5,3.25,0.01145,-1.922975,0,0.1035,-0.96695,-85.6155,-10.762,-23.013625,42.80875,87.2,-62.06925,0,0,355.8505,0.35675,1.412075,7.8425,0.09725
5,3.75,0.006,-2.080475,0,-0.1294,-0.671,-77.412,-9.86875,-22.823575,40.0175,87.2,-62.271,0,0,357.08375,0.428,1.242575,7.846,0.221
5,4.25,0.0142,-2.83795,0,-0.159675,-0.959275,-68.185,-11.05325,-23.01675,39.05925,87.2,-59.6215,0,0,356.03625,0.38675,1.0658,7.73825,-0.2704
5,4.75,0.0247,-2.84185,0,-1.171275,-1.1801,-73.0005,-5.681,-22.8735,38.85225,87.2,-53.1415,0.38565,0.254925,355.5415,0.358,0.946475,7.61475,-1.35175
5,5.25,0.026,-2.413275,0,-3.6886,-1.0814,-51.591,-3.536,-21.90305,34.382,87.2,-36.09975,14.19475,9.06675,355.45,0.39375,0.869225,7.48,-3.9682
5,5.75,0.0271,-1.631975,0,-4.6968,-1.275425,-44.49,-2.165,-20.5623,35.88275,87.2,4.350325,36.69425,22.77225,355.44025,0.5295,0.75455,7.1645,-5.0098
5,6.25,0.0265,-0.543125,0,-5.94575,-1.134875,-19.9245,1.4975,-18.192625,34.35175,87.2,28.37875,97.2525,51.766,355.31775,0.84125,0.7035,6.7039,-6.422
5,6.75,0.0593,-0.592975,0,-7.5041,-1.4845,-8.9025,11.23,-16.466,33.7605,87.2,33.71975,112.74,60.33175,354.77,0.7095,-0.260775,5.25385,-7.931
5,7.25,0.0666,-0.17285,0.003375,-8.195475,-1.3211,2.763,19.349,-15.71,26.7885,87.2,46.916,146.8475,71.20625,353.068,0.99025,-0.78295,3.869775,-8.590575
5,7.75,0.1089,-0.144675,0.044075,-9.4668,-1.13885,1.88,23.89,-13.116875,22.25925,87.2,59.10675,187.5125,92.21,353.12375,1.2105,1.468425,4.227475,-9.7275
5,8.25,0.0897,0.618625,0.226575,-9.437975,-0.6711,32.646,29.71175,-10.8858,20.131,87.2,100.3325,275.76,128.835,352.625,1.488,2.936325,4.97035,-9.82155
5,8.75,0.11,0.89985,0.49,-10.6394,-0.998,52.598,42.349,-2.08065,20.2445,87.2,123.75,320.3025,180.0825,352.02575,1.36475,3.18415,5.415,-10.87205
5,9.25,0.1444,1.3397,0.4358,-10.96875,-0.9985,67.613,41.22,2.872025,20.15475,87.123275,181.29,408.355,223.81,351.95075,1.7545,4.4439,5.690825,-11.4455
5,9.75,0.1174,1.82585,0.449275,-12.3157,-1.05495,91.75825,43.546,10.4288,18.598,87.101,221.985,560.7075,300.0675,351.6925,1.84575,5.33875,5.8369,-12.6993
5,10.25,0.1052,2.47615,0.4998,-11.8088,-0.5024,72.68475,50.56375,14.603925,18.24175,87.101,200.1575,545.235,264.9475,351.38,1.97575,6.962675,6.193025,-11.803
5,10.75,0.0955,2.80385,0.494775,-12.00125,-0.6343,100.4745,41.472,15.5472,17.38325,87.11585,202.485,539.9725,265.615,351.242,2.084,8.53775,6.173675,-12.248475
5,11.25,0.07465,2.61565,0.691,-11.0425,-0.44875,101.368,53.026,16.173625,17.1115,87.101,278.25,581.0525,311.0225,350.876,1.94475,9.6095,6.555275,-11.0415
5,11.75,0.17945,2.45735,0.602525,-11.2589,-0.523225,65.78375,55.7265,14.899875,14.4055,87.123275,277.4125,503.99,258.8475,351.123,1.7935,11.42825,6.96635,-11.31145
5,12.25,0.12005,2.686925,0.7291,-10.898,-0.7843,76.163,66.793,14.06795,15.692,87.123275,218.265,505.3075,258.3525,350.96,1.7165,11.357,7.14925,-10.99525
5,12.75,0.1602,3.303725,0.731275,-11.1269,-0.99165,77.137,58.042825,12.200875,16.0445,87.123275,226.57,565.99,275.415,350.46175,2.10825,12.06925,7.24025,-11.17325
5,13.25,0.19955,3.0287,0.5652,-11.75485,-0.9607,48.69,49.11,9.021075,15.667,87.2,190.785,463.8125,239.7875,350.921,1.903,12.75975,7.47175,-11.827825
5,13.75,0.17415,3.6042,0.7797,-10.8879,-0.5613,56.467,49.541,5.59115,14.7545,87.2,161.325,446.7875,208.55,350.03725,2.22075,12.445,7.649,-11.1038
5,14.25,0.2734,3.120625,0.851125,-10.33475,-0.725125,41.23575,45.81,6.9618,13.57175,87.222725,165.3475,396.1975,201.9725,350.15825,1.998,12.897,7.7925,-10.22325
5,14.75,0.2421,3.400925,0.59945,-8.374875,-0.412575,41.0945,36.5,6.134975,13.80225,87.222725,176.635,366.15,183.1025,350.1705,1.9095,13.086,8.02575,-8.335
5,15.25,0.1403,3.7165,0.544575,-8.388125,-0.593625,9.5855,41.03,5.6102,13.469,87.222725,117.6625,283.855,136.655,349.99725,2.19225,13.54075,8.43125,-8.211
5,15.75,0.2624,3.647325,0.787975,-7.5892,-0.9184,-10.284,37.267,2.837925,12.1525,87.222725,81.565,154.5625,80.2325,350.418,1.8505,12.257,8.63125,-7.3604
5,16.25,0.272,2.87555,0.7429,-6.02045,-0.61195,-11.708,28.807,1.01685,13.20675,87.222725,34.144,120.3925,61.44725,350.61,1.817,12.1715,8.78275,-6.06285
5,16.75,0.31275,2.6902,0.659175,-6.444925,-0.1659,-13.62,23.021,-1.31175,14.19825,87.222725,26.6015,100.8925,56.317,350.70625,1.59025,11.74975,9.07225,-5.535375
5,17.25,0.25595,2.4228,0.625775,-5.46475,-0.278875,-15.88,14.362,-6.685275,15.07075,87.301,21.33975,70.07925,38.525,350.821,1.3325,10.8125,9.108,-5.20575
5,17.75,0.225475,1.92925,0.409275,-4.159225,-0.16375,-36.76575,11.48275,-9.102225,16.72625,87.301,11.90325,47.19275,24.92875,351.0105,1.249,10.2835,9.1035,-4.14715
5,18.25,0.151,1.4121,0.188525,-3.381,-0.59475,-106.1135,2.077,-14.160875,20.164,87.301,-11.473,32.337,17.716275,351.63375,1.25675,9.11325,9.13025,-3.00985
5,18.75,0.10025,0.8007,0.002925,-1.7352,-0.18,-85.549,-5.861,-16.9363,20.78775,87.301,-44.202,17.06325,8.4705,352.13475,0.998,8.461,9.239,-1.5146
5,19.25,0.066775,0.636175,0.0388,-0.4912,-0.28195,-87.34,-4.27,-19.008325,25.798,87.4,-69.3405,2.11135,1.3019,352.46325,1.129,7.845,9.2305,-0.121725
5,19.75,0.05805,0.36395,0.0189,0.49985,-0.04765,-75.44275,-5.822,-20.0172,28.66675,87.4,-71.8825,0,0,353.15,0.9835,7.1505,9.12425,1.11785
5,20.25,0.0327,0.110675,0.00135,0.091,-0.012875,-89.976,-6.3305,-20.964825,28.42475,87.4,-71.9825,0,0,353.581,1.0435,6.62525,9.06875,0.380625
5,20.75,0.0408,-0.0992,0.00315,0.401875,-0.01875,-91.42975,-7.62125,-21.516625,32.87375,87.4,-75.8725,0,0,353.767,0.82125,6.155175,9.00975,0.39175
5,21.25,0.0218,-0.26265,0,-0.2644,-0.2068,-92.78,-8.23975,-20.975925,31.54575,87.4225,-76.905,0,0,354.443,0.839,5.6422,8.97075,0.3038
5,21.75,0.04,-0.5748,0.00135,0.661875,-0.6595,-84.688,-7.46,-21.7725,32.6005,87.323275,-78.6975,0,0,354.83825,0.716,5.0082,8.87825,0.566125
5,22.25,0.026175,-1.115925,0.02135,0.0434,-0.61315,-88.022,-9.77325,-22.652,33.627,87.323275,-77.215,0,0,355.026,0.59675,4.512925,8.85075,0.288375
5,22.75,0.028975,-0.992775,0,-0.0603999999999999,-0.43915,-100.58,-6.199,-23.044625,33.209,87.323275,-75.5075,0,0,355.2735,0.67675,4.121875,8.7875,0.349825
5,23.25,0.0269,-0.911175,0,0.07275,-0.617125,-104.3125,-7.6305,-23.145625,36.5075,87.301,-74.665,0,0,355.177,0.64125,3.849475,8.60325,0.17925
5,23.75,0.0171,-1.1977,0,0.51815,-0.5545,-83.218,-10.231,-23.228575,37.152,87.301,-73.675,0,0,355.36,0.59025,3.548125,8.4865,0.5678
6,0.25,0.01865,1.7426,0.021225,0.65705,-0.708075,-91.706,-14.496,-20.638875,33.14225,87.4225,-73.07,0,0,351.83,0.829,6.161025,12.36125,0.559675
6,0.75,0.01795,1.4209,0,0.4982,-1.0064,-68.86975,-10.9155,-20.66175,33.3815,87.4225,-74.305,0,0,353.4585,0.8405,5.613125,12.22175,1.1654
6,1.25,0.01385,1.33595,0,0.031375,-0.6983,-68.8675,-5.91575,-20.9465,33.3065,87.4225,-71.655,0,0,353.897,0.86675,5.144925,12.122,0.559325
6,1.75,0.0246,1.301775,0,0.50365,-0.507175,-77.538,-7.769,-20.682375,31.472,87.4225,-71.18725,0,0,354.0195,0.809,4.73265,12.03725,0.68885
6,2.25,0.0118,1.448125,0,0.449625,-0.7354,-71.1785,-8.83225,-20.693625,30.5865,87.4225,-71.95925,0,0,353.839,0.848,4.347225,11.918,0.59775
6,2.75,0.029,1.4932,0,0.30985,-0.669825,-65.767,-8.82925,-20.920625,30.2485,87.4225,-73.2375,0,0,353.1825,0.72125,3.9906,11.7815,0.397375
6,3.25,0.0079,1.3145,0.002025,0.58725,-0.47615,-69.597,-7.56025,-20.956,31.37625,87.4225,-74.02,0,0,354.3555,0.67175,3.6151,11.59025,0.55825
6,3.75,0.03295,1.24275,0.00045,0.704375,-0.7015,-81.58075,-5.844,-21.1992,33.50475,87.4225,-68.734,0,0,353.70375,0.708,3.282025,11.5915,0.75175
6,4.25,0.0176,1.165125,0,-1.14505,-1.31505,-66.46675,-13.95,-20.75305,34.57175,87.4225,-65.779,0,0,353.379,0.57025,2.997875,11.589,-1.2157
6,4.75,0.022,0.991475,0.000675,-1.08515,-1.124175,-63.048,-7.01575,-20.496425,36.1525,87.4225,-52.2555,7.43275,3.155525,353.4,0.688,2.7662,11.53375,-1.4802
6,5.25,0.01985,1.5701,0,-1.949,-1.2462,-48.81125,-7.27375,-19.574875,36.9835,87.4225,-9.300925,22.83825,12.3455,351.885,0.8345,2.62125,11.11575,-2.3078
6,5.75,0.01695,2.119475,0,-4.4204,-1.3984,-28.7025,-2.48,-17.063875,37.36975,87.4225,7.250075,47.211,26.725,349.5215,0.85225,2.556625,10.35025,-5.0139
6,6.25,0.0288,3.040325,0,-5.74485,-1.293325,-21.10125,4.50125,-13.0272,37.54275,87.5,22.818,80.7975,44.22175,347.885,0.95925,2.744375,9.956,-6.30795
6,6.75,0.0544,3.673375,0.005,-6.8118,-1.3576,-13.5675,23.5605,-7.572375,31.82775,87.5,33.396,107.1875,60.1135,349.571,1.24125,4.956725,10.306,-7.424825
6,7.25,0.0577,3.38235,0.03,-8.235375,-1.29035,1.89075,27.8485,-4.634225,28.6355,87.522725,63.68175,183.5075,100.82,348.8095,1.36375,4.74135,8.46675,-8.699625
6,7.75,0.109775,4.184275,0.247475,-8.9743,-0.9504,13.69125,32.73775,-1.411575,27.77075,87.5,108.44,286.835,152.165,347.65425,1.46375,6.167125,8.438,-9.1901
6,8.25,0.11735,4.384925,0.3732,-9.1746,-0.8592,53.4345,41.8085,3.235975,25.53575,87.5,132.68,358.095,178.425,346.573,1.82575,8.64125,9.079,-9.4089
6,8.75,0.11865,4.777325,0.394425,-9.99225,-0.68355,53.991,49.81625,3.937,24.959,87.5,190.395,421.125,224.07,348.82125,2.199,9.73525,9.42375,-10.36875
6,9.25,0.0987,5.262525,0.62515,-9.7327,-0.5442,65.9395,42.56475,6.381525,22.8755,87.5,167.575,432.31,222.8525,348.285,2.3925,10.73325,9.6005,-9.9266
6,9.75,0.182375,5.843075,0.6065,-11.318,-0.739,54.14175,46.031,5.443425,21.87725,87.5,135.9425,426.2925,227.3175,347.84525,2.7055,11.44125,9.51675,-11.497325
6,10.25,0.1112,5.77625,0.564625,-11.42555,-1.162625,53.3515,55.49625,7.898975,19.8685,87.522725,157.6375,414.7825,219.81,346.17875,2.72825,12.7195,10.259,-11.9553
6,10.75,0.12015,6.07575,0.598925,-10.908,-0.88655,57.99,77.245,7.152525,19.67925,87.5,158.3675,439.125,228.395,346.95325,2.743,13.09525,10.465,-10.912
6,11.25,0.07565,6.5444,0.6029,-11.833875,-0.49325,58.1375,52.84,9.348275,15.62725,87.5,172.1675,447.8025,238.3625,346.39,3.00225,13.91,10.49825,-11.694975
6,11.75,0.06545,7.0545,0.6465,-11.2427,-0.463875,74.9565,60.20275,8.6472,16.41675,87.5,210.99,511.495,264.12,344.724,3.407,14.028,10.70725,-11.39155
6,12.25,0.14925,7.333,0.80715,-10.81655,-0.53815,58.926,52.7235,11.327075,16.046,87.5,136.0725,392.27,204.71,345.80775,3.01025,15.11675,10.849,-11.00755
6,12.75,0.0749,7.89925,0.69255,-11.19225,-0.51275,56.412,80.6585,9.105325,16.7875,87.5,164.4275,507.72,258.67,345.552,3.54125,15.577,10.9985,-11.521125
6,13.25,0.09775,7.7945,0.589075,-11.0916,-0.39845,27.9985,66.864,12.052025,16.595,87.5,159.14,361.2225,190.795,345.22,3.769,16.224525,11.60125,-11.224225
6,13.75,0.0777,7.7325,0.5712,-11.536,-0.35645,40.332,62.224,10.03395,15.02075,87.5,140.4975,358.48,195.4075,344.9095,3.44,16.8125,11.54675,-11.7186
6,14.25,0.077575,7.4755,0.590575,-11.27275,-0.2812,41.31,49.9375,4.9494,15.516,87.5,117.595,319.255,160.2175,345.11125,2.72875,16.7885,11.8745,-11.516625
6,14.75,0.18825,7.1395,0.856575,-9.4369,-0.3338,23.47,39.9885,5.0115,15.782,87.5,88.41225,328.19,170.3375,345.03375,3.00225,16.61,12.0595,-9.4089
6,15.25,0.2543,6.746725,1.057175,-8.7078,-0.3724,38.596,41.6125,3.568575,14.7525,87.5,92.47775,383.6175,195.7175,345.239,2.5535,16.72475,12.2135,-8.9696
6,15.75,0.135725,7.33475,0.875325,-9.00715,-0.3194,15.706,56.016,3.542725,14.963,87.522725,76.6335,284.145,143.1475,345.4355,2.26125,16.5135,12.3815,-9.24635
6,16.25,0.1729,6.843475,0.75995,-8.43935,-0.2613,3.325,29.4125,2.21445,15.0425,87.5,59.173,228.3,113.6675,345.20625,1.63525,16.959,12.683,-8.0009
6,16.75,0.28525,6.479025,0.782675,-7.7858,-0.2898,0.137500000000001,26.00875,-0.775675,15.16825,87.522725,46.1495,182.0775,93.4375,345.9445,1.6405,16.42475,12.99275,-7.7917
6,17.25,0.270975,6.290175,0.79145,-5.4717,-0.248,-23.256,20.423,-3.93755,15.4985,87.5,32.08125,120.11,61.0615,345.486,1.78575,16.189,13.04575,-5.3141
6,17.75,0.277975,5.316675,0.563925,-4.7125,-0.0905,-39.826,4.21275,-6.4915,15.43025,87.5,14.31225,87.75,43.3655,344.8975,1.5955,14.93125,13.24,-4.719375
6,18.25,0.157475,5.136275,0.47355,-4.0574,-0.0743,-35.408,11.5815,-10.36555,16.016,87.5,-5.951775,51.89475,27.9375,346.0435,1.2895,13.57075,13.2735,-3.9115
6,18.75,0.134475,4.4068,0.1347,-2.205,0.075,-54.689,4.5245,-12.75695,17.29,87.5,-21.32425,32.53575,18.05075,347.497,1.2445,12.59125,13.30225,-1.96775
6,19.25,0.046775,3.939875,0.0692,-0.054,0.1988,-75.06,-0.3265,-15.761,19.2435,87.5,-54.64375,11.42575,6.6496,348.0145,1.2205,11.955,13.25125,0.4572
6,19.75,0.039525,3.0528,0.073225,1.0099,0.2056,-77.476,-5.15525,-17.11405,22.22625,87.5,-81.2575,2.552825,1.4324,348.72625,1.12225,10.89925,13.197,1.4774
6,20.25,0.0429,2.352925,0.03645,1.2298,0.02975,-70.77825,-5.71,-17.993,26.06,87.5,-84.475,0,0,349.93025,1.00575,10.0425,13.10125,1.95875
6,20.75,0.0289,2.23715,0.05885,0.47345,-1.208025,-78.02625,-5.5655,-17.96975,28.98725,87.5,-78.23,0,0,349.973,0.90275,9.429,12.98575,0.948375
6,21.25,0.04175,2.098125,0.10935,0.9534,-0.066,-63.217,-8.62,-19.012575,30.22025,87.5,-76.24,0,0,350.57925,0.9205,8.76675,12.886,1.6144
6,21.75,0.03295,1.88485,0.01405,0.6035,-0.066,-63.6915,-6.1815,-19.097125,29.33425,87.5,-73.9725,0,0,352.572,0.85375,8.1345,12.7915,0.6115
6,22.25,0.030575,2.040125,0.04645,0.576125,-0.30105,-71.616,-12.1355,-19.5925,28.7865,87.5,-73.5,0,0,351.52875,0.93125,7.6425,12.69275,1.263625
6,22.75,0.024975,2.200425,0.019075,0.078375,-0.786625,-74.3515,-14.745,-19.744125,29.91975,87.5,-73.0975,0,0,351.805,0.82675,7.1695,12.5245,0.450875
6,23.25,0.0169,2.148475,0.000225,0.924025,-0.753,-67.80925,-8.521,-20.6957,31.2515,87.5,-72.8775,0,0,351.8315,0.808,6.780275,12.40675,0.8749
6,23.75,0.017975,1.9679,0,-0.047625,-1.101625,-76.1955,-6.885,-20.801175,30.588,87.5,-72.715,0,0,352.59,0.847,6.442775,12.36575,0.205625
7,0.25,0.0239,7.09,0,0.2865,-1.13225,-65.53325,-12.196,-18.94225,31.2275,87.7,-76.9475,0,0,345.57125,1.81225,9.376,14.6935,0.7663
7,0.75,0.028675,6.3196,0,-0.02345,-1.05185,-70.5905,-13.152,-18.616625,32.15775,87.7,-75.535,0,0,345.623,1.717,9.0725,14.409,0.296
7,1.25,0.019,5.9293,0.02605,0.4795,-0.87825,-66.156025,-12.5695,-18.479,31.36575,87.7,-74.1525,0,0,346.01075,1.36025,8.886,14.3705,0.635
7,1.75,0.022225,6.13165,0.005175,1.07055,-1.01205,-69.26325,-11.00075,-19.019925,32.26175,87.7,-72.6725,0,0,345.903,1.698,8.49225,14.38775,1.0976
7,2.25,0.016225,5.850575,0,0.5984,-0.672,-75.50875,-12.22075,-18.886625,33.595,87.7,-72.2075,0,0,345.562,1.35425,7.91475,14.28075,0.8745
7,2.75,0.01715,5.866025,0,0.588725,-0.747675,-72.5885,-8.70275,-18.687375,32.66225,87.7,-72.6925,0,0,345.54375,1.13625,7.53925,14.2545,0.644475
7,3.25,0.023,5.671025,0.062475,0.47405,-1.148425,-63.70025,-12.3855,-17.53905,32.0905,87.7,-73.725,0,0,346.1955,1.17675,7.1725,14.184,0.58295
7,3.75,0.011225,5.172475,0.004275,0.595,-1.12575,-65.5425,-11.0445,-17.412375,34.2025,87.7,-72.41,0,0,347.837,0.85925,6.871825,14.1585,0.566
7,4.25,0.011225,5.141675,0.04505,0.392075,-0.8841,-67.811,-14.89,-17.49475,32.3075,87.7,-70.6785,0,0,346.48,0.87425,6.5117,14.06825,0.45355
7,4.75,0.0127,5.4257,0.019725,-0.73565,-1.23555,-57.6165,-12.315,-17.570325,32.72525,87.7,-64.4765,5.335925,2.5599,346.942,0.8625,6.3137,13.97,-1.2027
7,5.25,0.021025,5.25285,0,-2.2111,-1.4418,-57.76825,-8.891,-17.069625,36.00775,87.7,-43.6885,27.7145,11.4195,345.87,1.178,6.1826,13.70475,-2.4986
7,5.75,0.0219,7.0245,0,-4.86475,-1.425625,-35.364,-5.481,-15.490825,37.445,87.7,2.43885,55.43775,31.5895,343.311,1.79575,6.7099,13.2875,-5.396875
7,6.25,0.018225,7.5755,0,-6.5315,-1.44795,-30.63925,-7.46475,-11.716925,37.79075,87.7,18.50775,94.05,54.83575,342.582,1.9545,6.779125,12.2795,-7.0811
7,6.75,0.036475,8.428,0,-6.11725,-1.38825,-9.37275,9.85325,-5.851925,33.08825,87.722725,42.54475,141.4925,80.0175,342.17,2.16025,8.7735,12.837,-6.74175
7,7.25,0.06445,9.58225,0,-7.017,-1.410275,0.43275,26.4675,-1.52475,25.90625,87.722725,68.546,222.4325,120.2475,342.02,2.816,8.27975,11.37275,-7.648
7,7.75,0.07245,10.15225,0,-8.98575,-0.68075,21.94225,33.31725,1.367175,26.007,87.801,86.735,318.31,157.1275,340.34075,2.959,10.355,11.37225,-9.507125
7,8.25,0.0672,10.02,0.0496,-9.0954,-0.69375,45.1275,45.13225,2.69115,24.40075,87.801,126.5325,381.9375,191.2475,339.26675,3.37875,11.652,11.44475,-9.3352
7,8.75,0.06745,10.6395,0.228025,-9.25955,-0.78285,49.063,42.45225,6.353675,24.12475,87.722725,166.3425,450.1625,234.0675,341.201,4.03,14.0125,11.7325,-9.43505
7,9.25,0.068975,10.9665,0.378475,-9.817725,-0.58665,86.15375,48.2155,7.03955,21.2875,87.722725,176.05,461.775,255.6275,342.226,4.21225,14.7745,12.28675,-9.886925
7,9.75,0.155475,11.16925,0.455075,-9.91425,-0.61895,99.38525,64.6462,9.974225,18.038,87.722725,251.91,746.775,401.63,342.17,4.3835,15.76525,12.73625,-10.176125
7,10.25,0.0658,11.48125,0.521675,-10.079,-0.59845,94.6165,45.67475,12.579275,16.77875,87.722725,191.435,549.205,283.8175,336.13875,5.08525,16.81275,12.6415,-10.47
7,10.75,0.07675,11.4895,0.56835,-8.8892,-0.646075,95.67725,52.1065,12.431375,15.41625,87.7,183.305,505.3475,254.43,340.07,5.078,17.4385,12.82775,-9.463225
7,11.25,0.109225,12.0135,0.547475,-10.66915,-0.50345,71.6005,77.016,11.0207,13.786,87.7,130.26,477.115,239.7225,338.2425,5.329,17.8145,13.241,-10.7821
7,11.75,0.06785,11.2665,0.45725,-8.8026,-0.3939,38.46125,72.0455,13.127,13.9865,87.7,102.0775,387.5925,197.355,337.435,4.656,18.6255,13.51575,-8.793025
7,12.25,0.0697,10.80875,0.576975,-10.0768,-0.362125,33.369,71.84,12.04965,14.3055,87.7,111.535,399.7325,202.11,338.48,4.599,18.58375,13.4695,-10.23545
7,12.75,0.0999,11.2005,0.631275,-9.261,-0.4544,43.8505,67.564,10.06065,14.259,87.7,121.645,447.8525,222.3,340.1715,5.564,18.54625,13.6085,-9.357125
7,13.25,0.130525,11.19875,0.539325,-8.85295,-0.3878,4.382,60.1135,8.757625,13.775,87.7,82.07675,354.2,178.9,340.1415,6.02225,18.72775,14.1095,-8.995225
7,13.75,0.148,11.129,0.63475,-8.489125,-0.329375,3.83625,70.1015,8.68075,13.51025,87.7,88.4825,341.855,165.99,340.06875,5.594,19.666,14.32425,-8.64025
7,14.25,0.15125,11.56325,0.524225,-9.3114,-0.2928,-16.06075,53.10025,7.0258,12.989,87.7,89.23175,354.945,177.87,340.401,6.54475,20.031,14.586,-9.2956
7,14.75,0.139025,11.1965,0.70265,-7.95675,-0.391875,-9.2715,41.28675,5.91595,13.0895,87.7,47.441,190.1475,94.9825,341.67625,5.7515,19.76975,14.65125,-7.907875
7,15.25,0.213575,11.40475,0.76725,-7.34785,-0.28115,-44.98275,41.73175,5.823225,14.02,87.7,36.784,230.29,121.09,341.77,5.009,19.29725,14.7635,-7.19715
7,15.75,0.0784,11.81075,0.37055,-6.899375,-0.2715,-46.57275,39.825,4.3079,14.29025,87.7,3.458025,68.45925,31.088,341.893,4.50225,18.86625,14.8025,-6.785875
7,16.25,0.204025,11.716,0.50305,-6.4687,-0.34865,-62.50275,7.54175,1.79225,14.585,87.623275,27.25375,111.0925,52.066,341.675,3.36925,18.53975,14.9545,-6.51455
7,16.75,0.19745,11.99775,0.65005,-7.0985,-0.3066,-58.667,25.658,0.909275,14.73625,87.7,47.5875,135.8125,68.4165,341.22375,3.1885,18.1935,15.22025,-6.9307
7,17.25,0.198825,11.597,0.47095,-5.5082,-0.3758,-47.766,23.07825,-0.42275,14.62225,87.7,38.716,120.29,60.12575,341.4385,3.7595,18.03475,15.313,-5.3742
7,17.75,0.1259,11.338,0.035225,-4.7462,-0.0606,-26.22075,12.43425,-2.8233,15.2765,87.623275,16.40025,82.5,43.03075,341.78275,3.5805,17.4105,15.16025,-4.5574
7,18.25,0.107375,11.2135,0.1622,-3.63,-0.047975,-34.86525,1.83775,-5.1002,16.65725,87.7,-5.5767,58.77375,28.356,341.90625,3.58175,16.63175,15.22025,-3.27055
7,18.75,0.06805,10.70825,0.10335,-1.79455,0.019675,-50.813,-6.17575,-6.975875,17.6445,87.7,-18.54825,29.602,15.20275,343.014,3.4,16.164,15.4425,-1.40945
7,19.25,0.077225,10.338,0.0107,0.04995,0.211325,-57.69275,-6.19425,-8.756025,18.5355,87.7,-59.6035,17.131,8.7,345.0495,2.96225,15.500475,15.6635,0.329975
7,19.75,0.05045,9.52275,0.001225,0.541,0.1298,-65.542,-9.16875,-11.04615,21.6885,87.7,-77.1875,2.947725,1.337125,345.156,2.81125,14.85725,15.749,0.893
7,20.25,0.060225,9.1085,0.021225,1.35335,0.0534000000000001,-65.16,-13.26525,-12.4295,25.59275,87.7,-79.41,0,0,344.23575,2.5565,14.13525,15.85075,1.76085
7,20.75,0.033125,8.72125,0,1.113325,-0.1959,-68.537,-12.46375,-14.53555,26.47725,87.7,-78.5575,0,0,345.056,2.45575,13.439,15.84275,1.52985
7,21.25,0.031225,8.8045,0,0.9968,-0.3618,-68.62,-17.687,-15.510875,25.64525,87.722725,-77.25,0,0,344.9715,2.36475,13.09475,15.6575,1.1896
7,21.75,0.044125,8.36,0,1.068425,-0.84645,-63.90375,-13.62275,-15.585375,25.25675,87.7,-75.115,0,0,346.3815,1.77225,12.35725,15.4475,1.50845
7,22.25,0.026675,8.24375,0,0.343875,-1.231125,-70.9145,-12.611,-15.864875,26.0835,87.722725,-76.0525,0,0,345.367,1.80625,11.6045,15.41825,0.53035
7,22.75,0.027125,7.89,0,0.90485,-0.58215,-69.22475,-15.4,-16.743425,27.25975,87.722725,-76.6825,0,0,343.7945,1.8185,10.99175,14.9335,1.0076
7,23.25,0.0314,7.1825,0,1.1016,-0.9716,-81.09625,-17.126,-17.29675,28.931,87.7,-77.4075,0,0,343.9375,1.98925,10.4745,14.73425,0.912775
7,23.75,0.0318,7.13225,0,0.270625,-0.56575,-71.748,-13.932,-17.707425,30.16825,87.7,-77.1125,0,0,344.8195,1.707,9.9105,14.78625,0.837375
8,0.25,0.01,7.30475,0,-0.031625,-0.382875,-76.1075,-10.32525,-15.851925,26.975,87.7,-77.4775,0,0,339.3775,1.5295,9.74125,15.57575,0.522
8,0.75,0.012125,7.187,0,0.1136,-0.2797,-76.38,-9.83,-16.289075,26.65025,87.7,-78.1775,0,0,339.86075,1.5365,8.999,15.458,0.5041
8,1.25,0.019125,6.7587,0,-0.105,-0.3005,-75.22,-11.62575,-16.75655,27.008,87.7,-76.0525,0,0,340.918,1.509,8.53925,15.325,0.2815
8,1.75,0.015275,5.8765,0,0.17455,-0.652,-70.78725,-10.46125,-17.293125,27.5965,87.722725,-73.535,0,0,341.072,1.26725,8.02125,15.1795,0.47485
8,2.25,0.011025,6.0514,0,0.3872,-0.919775,-71.14625,-9,-17.875825,28.11375,87.722725,-70.505,0,0,342.739,1.17925,7.55825,15.18475,0.7088
8,2.75,0.0173,5.49685,0,0.19795,-0.70785,-74.3295,-15.288,-17.965175,29.7145,87.801,-70.3545,0,0,342.54825,1.08025,7.1595,15.0725,0.6418
8,3.25,0.016,5.018125,0,0.0483,-0.630825,-64.684325,-9.31175,-18.1797,28.48025,87.7,-73.315,0,0,341.967,1.14575,6.8352,14.98575,0.294175
8,3.75,0.017,4.31615,0,0.22675,-0.839375,-69.7035,-10.157,-18.229375,27.00725,87.7,-73.21,0,0,341.67425,1.0075,6.338,14.8125,0.489625
8,4.25,0.0221,4.7267,0,0.526925,-1.22355,-65.33995,-11.604,-18.138925,25.83125,87.7,-72.14,0,0,342.184,0.83525,5.9379,14.61975,0.426325
8,4.75,0.020025,4.479575,0,0.2787,-0.6664,-62.8195,-10.57975,-18.046325,26.129,87.7,-72.15,0,0,342.55,0.8475,5.579825,14.6335,0.2595
8,5.25,0.014025,4.582725,0,-1.4223,-1.2742,-58.63025,-10.74875,-17.76425,25.4395,87.722725,-65.76375,2.956325,1.3664,341.04,0.798,5.373875,14.44025,-1.47085
8,5.75,0.0113,5.376275,0,-3.208125,-1.3925,-51.0875,-15.7275,-16.916875,25.8605,87.801,-37.28,21.6595,10.4555,338.678,0.97125,5.3293,14.1285,-3.409875
8,6.25,0.01305,7.06375,0,-4.755,-1.573625,-49.384,-6.206,-14.774575,26.92225,87.801,24.0635,72.773,39.1465,336.94,1.456,5.33885,13.80925,-5.328
8,6.75,0.0171,8.85125,0,-5.307725,-1.40365,-26.31175,1.796,-10.192175,26.039,87.801,76.2725,125.655,64.3755,336.0695,2.481,4.4676,12.53375,-5.975925
8,7.25,0.0444,9.313,0,-6.5349,-1.431,-7.6375,14.938,-3.84745,23.7565,87.801,134.9275,167.73,81.3035,335.47075,3.15225,3.99755,10.88375,-7.194825
8,7.75,0.0751,9.99225,0,-6.9415,-1.110075,13.7515,21.51,0.00930000000000003,21.11525,87.801,111.215,193.2325,101.5175,333.4685,3.73125,6.361875,10.8005,-7.656425
8,8.25,0.09215,10.1885,0.181575,-7.9124,-0.580725,1.9305,17.534275,2.663075,18.98575,87.801,122.755,277.1875,140.6975,334.79,4.24175,9.443,11.29925,-7.962875
8,8.75,0.0616,10.8235,0.30785,-7.8479,-0.64695,31.64975,42.98725,4.152875,17.8145,87.801,227.575,502.39,259.2775,335.63675,4.82375,11.832,11.73675,-7.9526
8,9.25,0.041825,11.297,0.21995,-7.644625,-0.573625,28.8665,38.5865,7.919275,17.336,87.801,239.415,391.855,200.16,335.7405,5.24475,13.42525,12.08925,-7.664275
8,9.75,0.112675,11.9985,0.328175,-7.8981,-0.5317,84.92,53.71775,11.849025,15.51575,87.801,269.01,664.78,337.78,334.42,5.46475,14.6425,12.42,-7.9712
8,10.25,0.0914,11.787,0.57525,-8.429,-0.502,151.115,55.7515,14.22825,14.262,87.801,335.1825,688.515,348.0475,336.185,5.7345,16.6625,12.77375,-8.853
8,10.75,0.06945,12.2705,0.70895,-8.2595,-0.54025,176.04675,53.138,14.471,14.7845,87.722725,497.3525,845.625,413.33,334.755,5.63175,18.2415,13.02375,-8.2836
8,11.25,0.11835,12.85275,0.6939,-7.301675,-0.4653,152.79,58.82125,13.775175,14.538,87.722725,392.1275,864.9,427.2375,334.2005,5.50625,18.84025,13.3645,-7.49245
8,11.75,0.0948,13.45,0.6654,-7.833825,-0.4589,154.40675,56.9015,16.7063,13.99125,87.7,268.295,893.9,449.2925,334.84825,6.4025,19.996,13.56175,-8.015475
8,12.25,0.118825,13.571,0.7879,-8.46965,-0.4585,135.03525,34.878,18.338825,12.317,87.7,274.655,817.4,405.755,335.7685,6.99125,20.2535,14.0145,-8.6008
8,12.75,0.08795,14.0605,0.708775,-7.09375,-0.3803,130.44625,36.6225,13.059575,11.871,87.7,180.705,519.265,239.7225,334.97725,6.57525,21.034,13.98925,-7.0011
8,13.25,0.14775,14.022,0.677775,-6.9256,-0.34065,106.81,41.868,12.3737,12.21625,87.7,276.0225,624.675,307.75,335.65475,6.68025,21.358,14.315,-6.911
8,13.75,0.157725,13.91125,0.57565,-6.40655,-0.36805,82.113,26.2785,10.1802,13.023,87.7,196.0775,428.5625,205.5075,336.1145,6.3435,20.9805,14.31875,-6.55765
8,14.25,0.139425,13.29675,0.64115,-7.55425,-0.39655,60.98775,30.682,9.207225,13.194,87.7,114.8575,347.8475,172.7975,336.261,6.558,20.883,14.633,-7.58085
8,14.75,0.21095,13.03825,0.9815,-6.12175,-0.369575,72.661,27.43825,5.86095,13.9385,87.7,72.03775,366.2075,185.57,336.61725,6.8125,20.86125,14.957,-6.067375
8,15.25,0.18715,13.12925,0.765275,-6.843675,-0.32885,42.7505,13.947,2.90885,13.86525,87.7,44.2545,217.93,110.5975,336.8045,5.59875,20.9105,15.5115,-6.7019
8,15.75,0.198975,13.6345,0.881275,-5.64895,-0.30635,43.876,26.731,0.9054,14.1335,87.7,84.4125,290.1975,132.705,336.72575,5.83625,20.52,15.467,-5.94245
8,16.25,0.2426,13.11,0.80255,-4.955,-0.200425,-1.52075,16.20075,0.338525,12.91775,87.7,26.94925,169.5375,77.155,336.917,5.847,20.12225,15.897,-4.8643
8,16.75,0.30975,13.369,0.947375,-4.3522,-0.2702,-13.59275,5.957,-2.95275,12.99425,87.7,46.67975,159.9825,73.88325,336.318,5.6165,20.34,16.15225,-4.2826
8,17.25,0.257375,13.17925,0.856475,-4.0284,-0.29645,-15.265,0.14625,-1.3645,12.999,87.7,29.78275,130.9875,61.34975,337.162,5.57025,20.0525,16.3125,-3.6016
8,17.75,0.205675,12.5375,0.814525,-3.1918,-0.1391,-25.121,0.2855,-4.53715,12.8425,87.7,14.12175,94.69,45.36225,337.573,5.4025,18.68925,16.3135,-3.0652
8,18.25,0.172825,12.12825,0.328525,-2.234,-0.02855,-46.6835,-9.02325,-7.867325,12.74825,87.7,-28.96775,67.075275,29.56575,337.9135,4.46825,17.7495,16.225,-1.678
8,18.75,0.073,11.304,0.0408,-0.842775,0.17885,-63.097,-12.7055,-9.631525,14.52325,87.7,-67.61725,15.39375,5.604075,338.7645,3.32725,16.5995,16.39125,-0.13205
8,19.25,0.03645,10.4545,0.00235,0.2547,0.271425,-67.37925,-17.66875,-12.353575,18.103,87.7,-78.805,0,0,337.993,2.87625,15.55725,16.424775,1.014525
8,19.75,0.035075,9.884,0.015475,0.69025,0.092,-62.70375,-18.315,-13.7883,18.758,87.7,-81.3725,0,0,338.435,2.44175,14.67375,16.319,1.17
8,20.25,0.0356,9.4435,0.006125,0.6244,0.04915,-82.384,-12.948,-14.00305,20.84325,87.7,-81.3,0,0,338.649,2.45375,13.91025,16.188,1.09295
8,20.75,0.063225,9.0985,0,0.313375,-0.033525,-69.0585,-12.0885,-14.31235,22.0515,87.7,-80.0625,0,0,338.3925,2.448,13.27125,16.148725,0.59975
8,21.25,0.0256,9.01475,0,0.75775,-0.084,-77.33875,-14.274,-14.669175,23.67475,87.7,-78.72,0,0,338.27,2.42675,12.6835,16.0995,0.989
8,21.75,0.04045,8.79375,0,0.29205,-0.202175,-72.971,-13.0455,-15.4777,25.81025,87.7,-78.225,0,0,338.005,2.26275,12.14025,16.00625,0.6314
8,22.25,0.025075,8.659,0.000225,0.332625,-0.29625,-66.13875,-11.25,-15.805125,26.474,87.7,-76.905,0,0,338.52425,2.43025,11.5925,16.07025,0.719875
8,22.75,0.03,8.4395,0,0.64145,-0.10975,-70.431,-10.47925,-15.348925,26.4745,87.7,-75.9675,0,0,338.574,2.46025,11.03825,16.014975,0.96465
8,23.25,0.0286,7.33725,0,0.1434,-0.466,-74.14875,-10.0555,-15.052325,28.208,87.7,-76.1,0,0,339.08075,2.2645,10.4975,15.859725,0.3166
8,23.75,0.0242,7.56,0.023675,0.498625,-0.32755,-84.176,-11.93925,-15.895175,27.877,87.7,-77.245,0,0,339.58875,1.839,9.9375,15.74725,0.60155
9,0.25,0.0142,2.39635,0.00445,0.1831,-1.060825,-58.40125,-13.965,-17.074,25.02725,87.4,-64.9215,0,0,342.2375,1.30125,2.7387,10.957,0.323975
9,0.75,0.012,2.847975,0.000225,0.0805,-0.675375,-63.19675,-14.968,-16.8255,23.21075,87.4,-62.28125,0,0,341.979,1.19075,2.161475,10.76775,0.323875
9,1.25,0.02005,2.54605,0.001125,-0.298,-0.29875,-55.2035,-12.05,-17.51005,24.97425,87.4,-58.90975,0,0,342.079,0.965,1.766725,10.6485,0.21225
9,1.75,0.02405,2.3913,0.005675,-0.04225,-0.64375,-55.7725,-10.64,-17.359,26.54175,87.4,-60.502,0,0,342.5635,0.926,1.553125,10.52975,0.10425
9,2.25,0.014,2.24005,0.002025,-0.076,-0.9558,-66.6315,-11.8,-17.091425,28.53775,87.4,-58.86275,0,0,342.655,1.0245,1.372225,10.40225,0.3434
9,2.75,0.01605,2.27425,0,-0.0238,-0.8056,-70.7985,-8.61225,-16.73445,26.89975,87.4,-58.95525,0,0,342.62625,1.03725,1.212675,10.36425,0.2512
9,3.25,0.023,1.5123,0,0.018,-0.51475,-64.686525,-14.9055,-16.737,26.56575,87.323275,-58.98125,0,0,342.846,1.096,0.945475,10.33825,0.24625
9,3.75,0.015075,1.3964,0,-0.10205,-0.6739,-57.37725,-10.50225,-16.660325,29.7855,87.323275,-55.52575,0,0,342.818,1.22675,0.70585,10.16275,0.31985
9,4.25,0.0102,1.6769,0,-0.10005,-0.64615,-70.659,-11.54375,-16.963625,30.21725,87.323275,-55.73125,0,0,342.5715,0.99575,0.513975,10.04675,0.38285
9,4.75,0.017,0.957825,0,0.042125,-0.48715,-65.874,-7.75825,-16.646125,29.47075,87.345775,-56.6885,0,0,343.558,0.96475,0.523475,9.93825,0.275125
9,5.25,0.01205,0.588725,0.00045,0.123875,-1.038875,-55.42825,-11.04,-16.17475,29.0845,87.323275,-54.211,0,0,343.742,0.8035,0.4202,9.90325,-0.170075
9,5.75,0.01805,1.39395,0,-1.538875,-1.119375,-53.58425,-10.38,-16.23845,30.7025,87.345775,-49.62625,0,0,343.59625,0.72575,0.208325,9.7785,-1.622625
9,6.25,0.01905,1.230275,0,-1.87585,-1.4335,-40.1575,-12.27375,-15.046375,30.1925,87.323275,-27.0415,14.84475,6.683675,340.145,0.92025,-0.0825249999999999,9.61425,-2.2964
9,6.75,0.02415,2.378675,0,-3.445125,-1.4984,-44.04,-7.998,-14.061375,30.3565,87.323275,1.67915,40.107,20.589,338.382,1.2125,-0.667875,8.737,-4.392375
9,7.25,0.02215,4.02785,0,-5.496,-1.4285,-23.976,-8.852,-10.89505,29.14225,87.345775,12.5729,83.24,35.1615,339.3065,1.659,-2.030675,6.572725,-5.76175
9,7.75,0.0195,6.449525,0,-5.161925,-1.44405,-5.912,7.762,-5.8798,24.65775,87.345775,32.29475,151.455,72.2875,339.175,2.07125,-1.160275,5.764275,-5.7013
9,8.25,0.037075,7.088825,0,-5.629,-1.059,-4.89475,10.9975,-2.3182,20.97575,87.323275,27.47075,140.1225,65.8745,339.662,2.18225,1.682425,6.068825,-6.091
9,8.75,0.0447,8.0835,0.068675,-5.719875,-0.86495,4.99025,12.17,-0.216,17.55825,87.323275,52.427,226.52,105.98,339.1745,2.50875,4.633075,6.72635,-6.1978
9,9.25,0.082,7.749,0.10315,-6.2513,-0.9439,8.9735,17.95825,2.703875,16.79925,87.323275,83.472225,219.84,106.9625,337.94,2.41825,6.43025,7.4125,-6.5273
9,9.75,0.139,8.3435,0.15595,-6.2587,-0.806,3.2755,21.5305,3.892925,15.1415,87.323275,72.81475,206.4825,101.8175,337.829,2.98025,9.3865,8.22875,-6.3429
9,10.25,0.083,8.71225,0.411225,-6.37055,-0.6465,18.854,24.54775,3.343275,14.36825,87.323275,141.095,322.2225,154.9175,337.9705,3.19625,11.629,8.8785,-6.51925
9,10.75,0.111,9.466,0.3938,-6.29085,-0.49925,37.392,19.0445,5.604425,13.277,87.323275,134.0625,410.275,207.2675,338.435,3.916,12.27075,9.427,-6.74845
9,11.25,0.137,9.68225,0.6229,-6.241,-0.468,42.934,31.286,6.71075,14.896,87.245,100.605,365.27,188.62,338.5815,3.309,13.687,9.70225,-6.153
9,11.75,0.11505,10.18625,0.408225,-6.19015,-0.5173,67.89,13.918,6.740575,14.0165,87.245,150.86,526.99,262.94,340.128,3.01075,14.6575,9.11425,-6.4701
9,12.25,0.124,10.3495,0.7061,-6.511425,-0.42155,83.16825,28.888,9.04665,13.2175,87.245,154.0225,437.405,232.805,338.09,4.068,15.2445,9.613,-6.573775
9,12.75,0.1163,8.91075,0.74005,-4.7955,-0.4064,96.553,24.149,9.53735,13.31625,87.245,197.49,579.7225,288.2175,337.34125,2.7215,14.208,9.44325,-5.1028
9,13.25,0.1164,9.032,0.6917,-7.39,-0.348975,83.504,22.474,7.686625,12.457,87.245,133.58,438.4825,227.08,335.93875,3.51825,14.812,9.9115,-7.149
9,13.75,0.195125,9.89625,0.90485,-5.8245,-0.347,89.043,25.005,8.6248,11.9365,87.323275,140.0175,485.77,248.91,336.1285,3.817,15.47925,9.82575,-5.721525
9,14.25,0.198175,10.25375,0.83285,-5.37015,-0.3492,112.11375,22.93675,7.96215,12.36325,87.323275,170.435,561.0975,292.58,337.446,3.40675,16.42275,10.39875,-5.26495
9,14.75,0.146075,10.11825,0.74035,-5.8105,-0.420825,13.146,15.626,7.273825,12.365,87.323275,117.4625,339.56,139.78,337.59875,3.56075,16.436275,10.63075,-5.610075
9,15.25,0.223925,9.65875,0.7894,-5.709,-0.38505,24.49925,9.2455,2.695925,12.305,87.323275,117.2775,290.425,51.021,337.40975,3.34475,15.5305,10.9705,-5.296525
9,15.75,0.2244,9.282,0.74425,-4.8711,-0.2446,20.420775,0.42025,-0.214875,12.2085,87.4,65.9575,257.0375,38.24625,337.88,3.1515,14.79925,11.15375,-4.6056
9,16.25,0.22585,9.29475,0.7845,-4.305475,-0.176025,8.0095,4.409,-1.060225,12.7005,87.4,55.721,188.92,39.90425,337.87525,2.9775,14.55575,11.4405,-4.208075
9,16.75,0.2238,8.544,0.2703,-3.263925,-0.100975,-9.24225,-0.42425,-4.30165,12.89975,87.4,3.216375,112.26,46.585,337.91225,2.8625,13.51225,11.575,-3.1
9,17.25,0.227425,8.0625,0.418675,-2.149625,0.028275,-20.684,-7.324,-7.436975,13.514,87.4,-21.0315,82.0825,30.39825,338.7575,2.7255,12.4675,11.75375,-1.89135
9,17.75,0.119375,7.68025,0.085025,-1.48525,0.071175,-40.23375,-11.385,-9.840025,14.7045,87.4,-65.118475,21.59025,8.4715,339.52475,2.65675,11.74475,12.00225,-1.159725
9,18.25,0.048275,7.066675,0.05325,-0.18035,-0.24695,-59.315,-15.165,-12.349025,17.10075,87.323275,-67.71825,0,0,341.012,2.41475,10.8225,12.2835,0.1768
9,18.75,0.04115,6.338575,0,-0.1368,0.1082,-61.412,-13.307,-14.230675,19.7495,87.323275,-69.15025,0,0,340.87375,2.15575,10.01475,12.32175,0.727
9,19.25,0.035,5.996275,0,0.121575,0.046475,-60.58175,-15.28375,-14.811375,21.3405,87.301,-70.6275,0,0,340.375,1.91125,8.9205,12.1695,0.614375
9,19.75,0.031025,5.8714,0,0.33095,0.00929999999999998,-66.90025,-12.961,-14.798175,22.5465,87.301,-71.3,0,0,341.077,1.6705,7.79225,11.96475,0.775825
9,20.25,0.028275,5.7733,0.033725,0.179,-0.214375,-66.6455,-16.561,-15.058,22.85,87.4,-71.56325,0,0,341.541,1.616,6.74795,11.586,0.214625
9,20.75,0.026075,5.648875,0.000225,0.0216,-0.5316,-66.70125,-13.97675,-14.8908,23.554,87.4,-68.42975,0,0,342.048,1.59475,6.006625,11.425,0.4878
9,21.25,0.024125,4.898225,0.006075,0.1005,-0.64775,-65.29475,-13.1375,-15.194825,23.9995,87.4,-65.5605,0,0,342.15975,1.63175,5.4552,11.33425,0.291375
9,21.75,0.0231,4.402075,0,0.02595,-0.43725,-66.61475,-12.54325,-15.479825,24.72275,87.4,-64.24875,0,0,342.937,1.4905,4.971325,11.24225,0.1802
9,22.25,0.03605,4.0109,0,-0.2068,-0.4736,-63.84,-13.79975,-16.182375,24.8765,87.4,-63.87975,0,0,342.42625,1.425,4.5516,11.2035,0.2142
9,22.75,0.015025,3.81155,0,0.195,-0.6015,-68.41175,-12.22875,-16.408325,26.5085,87.323275,-61.595,0,0,342.7625,1.33375,4.107125,11.12,0.43075
9,23.25,0.025075,3.007725,0.013225,-0.1785,-0.457625,-73.5765,-16.3385,-16.88325,26.881,87.323275,-61.3515,0,0,342.9095,1.33325,3.6627,11.08875,0.14275
9,23.75,0.01505,2.748725,0.000675,-0.200675,-0.8211,-67.88925,-12.18,-17.353175,26.8705,87.4,-63.7595,0,0,340.161,1.27125,3.231225,11.054,0.29435
10,0.25,0.026,-0.376925,0,-0.0626750000000001,-0.257775,-70.1815,-9.86,-18.719125,29.06375,87.335825,-60.40425,0,0,342.97675,0.66025,-2.827425,4.6461,0.124675
10,0.75,0.020075,-0.271525,0,-0.231675,-0.24325,-61.705,-10.564,-18.9222,32.37025,87.318325,-61.83725,0,0,340.7375,0.59675,-2.983425,4.68905,0.108125
10,1.25,0.0173,-0.50815,0,-0.2365,-0.415775,-57.08075,-7.1455,-18.977575,32.5765,87.335825,-60.44025,0,0,343.378,0.51225,-3.104675,4.668425,0.166125
10,1.75,0.008225,-1.187575,0,-0.0705,-0.647,-69.48,-7.16,-18.83655,30.93375,87.318325,-59.6625,0,0,344.6535,0.548,-3.36205,4.626025,0.1231
10,2.25,0.010375,-1.296,0,-0.178,-0.81275,-66.743,-16.84175,-18.850875,33.2615,87.318325,-60.214,0,0,344.4725,0.55125,-3.57595,4.437275,0.0508
10,2.75,0.01615,-1.147525,0.01645,-0.7962,-0.4896,-64.68,-8.31,-18.937425,34.06925,87.301,-61.35775,0,0,344.7555,0.53475,-3.73145,4.471325,0.1954
10,3.25,0.017225,-0.91305,0.001125,-0.285625,-0.73725,-61.29125,-9.10075,-18.4885,33.1945,87.301,-63.562,0,0,342.02,0.39125,-3.8402,4.29075,0.105875
10,3.75,0.02,-1.09085,0,0.00870000000000001,-1.09565,-66.718,-7.424,-18.671875,33.31675,87.301,-64.8605,0,0,342.3755,0.4235,-3.87965,4.304225,0.1259
10,4.25,0.017075,-1.778625,0,-0.335175,-0.702325,-69.19,-9.26,-18.560375,32.59675,87.301,-63.3795,0,0,343.04275,0.409,-3.958925,4.380225,0.069275
10,4.75,0.014225,-1.987825,0,-0.108525,-1.0328,-83.081,-12.86,-18.3145,35.15475,87.217675,-61.4515,0,0,344.29075,0.38125,-4.1066,4.4668,0.03475
10,5.25,0.01315,-1.016975,0.004725,-0.133725,-1.109575,-83.9995,-6.73,-18.227,33.40925,87.217675,-62.2895,0,0,343.625,0.39225,-4.384775,4.429075,0.11925
10,5.75,0.0151,-1.785375,0,-0.090025,-0.615025,-70.06675,-10.26625,-18.163375,32.011,87.217675,-61.86625,0,0,342.96675,0.35675,-4.37585,4.1907,0.23525
10,6.25,0.018075,-1.742025,0,-1.716,-0.926,-64.22825,-8.8495,-18.100325,32.13975,87.217675,-58.27975,0,0,341.38775,0.29675,-4.34295,4.21295,-2.2672
10,6.75,0.0153,-1.6886,0,-2.04315,-1.23595,-59.2485,-10.092,-17.995,32.593,87.217675,-34.58375,7.45175,3.8216,341.73275,0.4835,-4.38055,4.224675,-2.50255
10,7.25,0.02615,-0.4854,0,-2.357475,-1.45115,-54.97,-5.98,-17.35825,31.48575,87.235,-3.698275,30.57075,17.72675,340.895,0.51,-4.629225,3.19885,-3.095675
10,7.75,0.02815,0.76015,0,-3.8578,-1.2636,-24.3695,-1.46275,-16.4345,26.27075,87.235,13.39575,52.22175,27.888,341.525,0.53725,-4.853575,1.818175,-4.4549
10,8.25,0.06045,2.41685,0,-5.35305,-1.2392,-9.311,4.269,-15.6686,23.15825,87.235,20.18275,62.14025,35.06325,341.39075,0.7395,-4.528125,0.976675,-6.09895
10,8.75,0.0713,3.086375,0.009675,-5.5556,-0.7919,2.10925,7.162,-11.766375,23.41575,87.235,23.149,86.7825,43.494,340.64375,0.74575,-2.726725,1.478675,-6.00305
10,9.25,0.0758,3.654225,0.149725,-5.9788,-0.7826,1.68675,10.805,-9.31495,22.4045,87.235,40.6905,141.32,73.6615,339.598,0.79,-0.796825,2.4279,-6.24
10,9.75,0.09385,4.352075,0.05065,-5.997125,-0.5735,-0.81675,7.0205,-7.397475,20.08775,87.235,43.3525,134.8725,65.8685,339.652,0.8395,0.520825,3.513125,-6.307625
10,10.25,0.114,4.7787,0.048725,-6.5004,-0.571225,3.7635,15.202,-4.6054,18.81475,87.235,60.93025,166.095,93.2125,340.1615,0.75125,1.2209,3.645725,-6.654575
10,10.75,0.118225,5.04945,0.213175,-6.2906,-0.71375,28.5305,17.23525,1.353,18.257,87.235,60.86175,222.2575,112.5575,340.62,1.007,1.691625,3.6109,-6.456275
10,11.25,0.09805,6.0235,0.46245,-5.7225,-0.5398,18.05,12.7,6.043125,16.19175,87.301,69.67075,203.55,110.7175,339.36825,1.00025,2.569925,3.842175,-5.86415
10,11.75,0.12815,5.6811,0.39525,-6.289575,-0.53965,23.9715,15.728,6.3011,14.8995,87.301,63.12125,194.79,104.975,339.10125,1.05725,3.294975,3.793875,-6.60615
10,12.25,0.062025,5.93005,0.514275,-7.04065,-0.52665,14.669,15.763,5.731425,14.43175,87.301,74.765,234.8975,120.86,339.0905,0.86825,3.987225,3.814075,-7.1615
10,12.75,0.0641,5.72345,0.591475,-6.058575,-0.43,40.66425,16.9995,5.191475,14.25925,87.217675,81.69,211.1875,119.3425,338.383,1.308,3.8588,3.70835,-6.068025
10,13.25,0.106,5.5556,0.5687,-6.1921,-0.4296,28.716,15.1085,2.63865,13.96225,87.2,87.6775,257.98,127.7375,338.152,1.304,5.06625,3.9687,-6.44275
10,13.75,0.163725,5.843325,0.230775,-5.089775,-0.447375,21.9565,14.622,1.856725,14.36575,87.2,69.75675,213.605,105.7175,338.23375,1.5305,5.35065,4.000925,-5.11045
10,14.25,0.1424,5.456175,0.330825,-5.06275,-0.289575,28.099,16.6295,0.292675,14.39225,87.2,68.137,216.0275,102.8875,338.63425,1.57425,5.564375,4.296025,-4.584
10,14.75,0.13115,5.16605,0.2774,-6.4902,-0.2786,11.33225,8.0885,-1.4535,14.38,87.217675,41.01025,123.1,66.59575,337.48775,1.18775,5.63645,4.6933,-6.2458
10,15.25,0.1344,4.96085,0.141225,-5.13735,-0.20175,2.2475,2.9195,-4.7184,14.307,87.217675,31.93475,102.4725,26.80475,337.75175,1.204,5.692575,4.7922,-4.9743
10,15.75,0.1037,4.7906,0.198625,-4.08935,-0.18485,-5.8625,2.342,-7.276625,14.62675,87.2,16.8025,66.4105,26.668,337.986,0.976,5.12805,4.888925,-3.86785
10,16.25,0.16295,4.64155,0.02275,-3.571125,-0.335625,-8.274,-4.86575,-9.425825,16.053525,87.2,-6.254475,31.525,17.862,337.94,1.02025,4.636925,5.21355,-3.243625
10,16.75,0.1065,4.3787,0.038125,-2.73175,-0.132125,-29.56375,-4.802,-11.585775,17.484,87.131,-50.4095,16.743,7.775,338.53225,0.937,4.072125,5.434175,-2.54
10,17.25,0.0445,3.503875,0.0165,-1.115,-0.517,-50.45,-6.29,-14.683225,18.79225,87.131,-73.2025,0,0,338.582,0.85975,3.1621,5.569325,-0.706
10,17.75,0.0391,2.6921,0.008025,-0.113,-1.0735,-56.3925,-12.5735,-16.422125,21.89775,87.131,-78.15,0,0,337.79,0.755,2.631875,5.57655,-0.109
10,18.25,0.03015,2.1533,0.004725,0.045375,-0.683125,-67.719,-16.8645,-16.330875,23.9695,87.131,-78.0475,0,0,338.65,0.6905,1.920525,5.4426,0.1993
10,18.75,0.0201,1.684775,0.005475,-0.025675,-0.3229,-62.62,-11.6485,-16.806125,25.99125,87.131,-79.915,0,0,339.418,0.727,1.25065,5.280975,0.226975
10,19.25,0.024,2.0211,0.00855,-0.17995,-0.289875,-69.4135,-12.2245,-17.791475,27.18025,87.131,-80.2625,0,0,340.4105,0.68575,0.645275,5.05135,0.160225
10,19.75,0.028,1.115075,0.001575,0.0183,-0.21145,-81.4795,-14.74475,-18.158175,28.17425,87.21515,-77.035,0,0,340.464,0.7135,0.0347500000000001,4.932975,0.22025
10,20.25,0.01625,0.94935,0,-0.3055,-0.474,-69.0245,-13.1545,-18.5445,30.6415,87.301,-73.965,0,0,340.2805,0.79025,-0.5271,4.8587,0.112
10,20.75,0.024,0.539,0,0.133575,-0.341775,-73.72675,-13.41,-18.782375,31.85675,87.301,-72.938,0,0,340.594,0.82225,-0.97735,4.738925,0.37455
10,21.25,0.022,0.73445,0,-0.274625,-1.251975,-68.2905,-7.227,-18.65,32.45325,87.31585,-73.7275,0,0,341.05075,0.7705,-1.374525,4.548675,0.11845
10,21.75,0.02005,0.406775,0,-0.045775,-0.22765,-63.656,-9.3535,-18.916375,32.483225,87.301,-73.2325,0,0,341.6425,0.788,-1.675125,4.4767,0.17915
10,22.25,0.0145,0.223975,0,-0.467,-0.752,-76.05,-6.8,-18.87675,32.9595,87.301,-71.51,0,0,341.5365,0.66075,-1.93465,4.490625,0.104
10,22.75,0.0172,-0.281375,0,0.093125,-0.417,-73.39,-7.53,-18.88895,33.36725,87.301,-71.6975,0,0,340.812,0.64375,-2.17845,4.4381,0.25475
10,23.25,0.00605,-0.513,0,-0.1405,-0.5385,-76.35,-8.53,-18.866,27.685475,87.31585,-69.78025,0,0,340.8605,0.74675,-2.400275,4.4148,0.0815
10,23.75,0.022275,-0.725725,0,0.007,-0.509,-68.68,-7.89,-18.4245,29.5685,87.31585,-64.515975,0,0,342.647,0.629,-2.542925,4.434775,0.371
11,0.25,0.017,-9.63725,0,-0.7064,-0.9362,-70.719,-12.864,-24.8623,38.89225,86.278275,-60.972,0,0,360.9425,0.14,-10.379,-0.553575,0.0636
11,0.75,0.0284,-10.28775,0,-0.22495,-0.48805,-66.376,-10.0795,-25.380875,41.33175,86.278275,-60.372,0,0,360.115,0.13225,-10.61,-0.556925,0.3173
11,1.25,0.0132,-10.30975,0,-0.4376,-0.998875,-71.3715,-9.512,-26.218375,42.78525,86.256,-59.2935,0,0,360.0485,0.14225,-10.872,-0.524625,0.05455
11,1.75,0.0222,-9.98,0,0.0927,-1.05125,-67.083,-14.28375,-27.56625,40.884,86.278275,-58.0145,0,0,360.5725,0.14,-11.042,-0.6039,0.28875
11,2.25,0.0168,-10.04125,0,-0.18005,-1.08015,-67.90925,-5.379,-28.25955,31.784,86.355,-54.30975,0,0,360.47575,0.1345,-11.224,-0.601725,0.13045
11,2.75,0.011,-9.8555,0,-0.018,-0.744,-66.256,-6.816,-29.162325,33.772,86.355,-57.26825,0,0,360.4725,0.1345,-11.35725,-0.616275,0.216
11,3.25,0.0164,-10.54975,0,-0.4768,-0.8311,-70.26325,-8.3575,-28.84555,38.0875,86.455225,-60.067,0,0,360.785,0.1245,-11.416,-0.7566,0.2159
11,3.75,0.0236,-11.6185,0,-0.639375,-1.42775,-62.324625,-8.234,-27.61045,37.45025,86.4775,-58.1445,0,0,360.756,0.12,-11.4745,-0.7936,0.099875
11,4.25,0.011725,-11.9995,0,-0.59695,-0.86185,-71.13275,-7.266,-27.3587,33.1125,86.5,-60.718,0,0,359.41,0.12,-11.5955,-0.826275,0.06825
11,4.75,0.0268,-10.688,0,-0.17265,-0.7295,-78.44,-5.58,-28.449875,38.75975,86.578275,-56.65025,0,0,359.99,0.14225,-11.70875,-0.902075,0.25595
11,5.25,0.0216,-10.8765,0,-0.38575,-0.3384,-86.534,-9.76875,-29.001675,38.7485,86.655,-57.3295,0,0,359.503,0.15,-11.80725,-0.705025,0.150625
11,5.75,0.0193,-11.42975,0,-0.4098,-0.4572,-77.408,-10.25325,-28.9515,40.5855,86.555775,-57.996,0,0,359.114,0.15225,-11.8635,-0.765,0.1516
11,6.25,0.0221,-10.916,0,-0.68215,-0.346925,-52.85325,-11.1915,-28.60995,37.438,86.5,-60.36975,0,0,358.6345,0.15,-11.97,-0.9123,0.03525
11,6.75,0.01615,-11.03325,0,-1.533,-0.5432,-68.461,-6.93125,-28.337875,38.9695,86.4775,-54.3595,0,0,359.775,0.11675,-12.0795,-0.9227,-1.593
11,7.25,0.0164,-10.72825,0,-0.3494,-0.8057,-69.02,-7.241,-28.067925,43.24375,86.4775,-49.0305,0.70875,0.331875,358.89325,0.1345,-12.099,-0.99245,-1.0098
11,7.75,0.0274,-9.39,0,-0.9075,-0.9995,-46.3055,-3.52625,-26.715,39.24025,86.5335,-17.538,9.2285,4.515625,359.43475,0.15,-12.92275,-2.49065,-1.0615
11,8.25,0.0352,-7.21425,0,-1.992225,-1.3528,-31.472,-3.461,-24.8155,35.01275,86.510775,3.389175,23.02725,11.401,359.9105,0.15,-13.11425,-4.168525,-2.161925
11,8.75,0.0378,-6.27465,0,-3.574175,-0.84495,-37.48875,1.85025,-20.24875,33.20275,86.5335,12.468475,37.538,17.1805,359.9005,0.16,-11.223,-3.6815,-3.82345
11,9.25,0.044175,-5.848,0,-4.2456,-0.923325,-34.003,3.37,-15.1073,31.8645,86.610225,16.0905,55.79225,22.1335,359.524,0.16,-7.9792,-2.4138,-4.58105
11,9.75,0.044625,-5.687075,0,-4.8708,-1.1309,-40.0315,10.018,-10.650625,30.69725,86.610225,20.6265,74.7275,39.59375,359.10275,0.16225,-6.5245,-1.714225,-5.5576
11,10.25,0.056025,-5.60325,0.05525,-5.255225,-0.96365,-24.146,9.311,-9.156625,30.0565,86.6325,27.276,71.74825,39.96125,358.4505,0.16225,-6.422175,-1.7414,-5.40985
11,10.75,0.1,-5.41585,0.090675,-4.9239,-1.1545,-26.918,9.0965,-7.71045,30.2645,86.7408,28.75025,82.32,43.63975,358.835,0.1545,-4.8902,-1.54465,-5.1627
11,11.25,0.1065,-4.638075,0.0914,-5.49675,-0.7295,-8.68899999999999,11.0865,-6.74135,28.81625,86.7408,30.08475,68.48725,30.57675,358.25375,0.17225,-3.6021,-1.298175,-5.72775
11,11.75,0.105125,-4.42495,0.102025,-5.319525,-0.891975,-2.6885,11.845,-7.285275,27.6475,86.66,34.9255,98.5175,45.199,357.9,0.1745,-3.41835,-1.1915,-5.325625
11,12.25,0.1125,-4.39935,0.0797,-5.264,-0.9076,21.9845,10.781,-7.1927,26.6635,86.6802,30.65825,90.88,47.09525,357.1015,0.1945,-3.3046,-1.10145,-5.3206
11,12.75,0.0718,-4.210225,0.13765,-3.961625,-0.57335,1.54775,13.07375,-6.7636,25.33925,86.6802,36.57275,94.02,56.82075,357.431,0.2345,-3.22975,-1.40705,-4.103575
11,13.25,0.0766,-4.05965,0.151675,-4.2772,-1.501,-18.795,8.403,-6.5708,24.2595,86.7,27.53825,95.68,48.501,356.9965,0.30225,-2.525125,-1.1399,-4.5884
11,13.75,0.089375,-3.76755,0.020725,-4.6006,-0.564125,-26.001,8.81,-6.668575,23.765,86.7,16.581,65.2675,29.866,356.89175,0.196,-2.369875,-0.9045,-4.75595
11,14.25,0.066125,-4.0097,0.008725,-3.61725,-0.32625,-30.27775,3.265,-6.893375,23.55425,86.7808,17.26225,44.29475,24.4425,356.675,0.196,-2.12315,-0.535525,-3.68725
11,14.75,0.087,-4.248,0.019575,-4.339175,-0.267575,-21.5385,0.97725,-7.097425,23.61775,86.7808,6.00775,39.67775,17.43225,356.18825,0.178,-1.924525,-0.329325,-4.388025
11,15.25,0.067125,-4.67635,0,-3.4355,-0.467,-26.71375,-0.2995,-7.0939,22.38975,86.7808,-6.5572,32.29525,15.703,355.9055,0.16225,-1.73725,-0.122725,-3.39725
11,15.75,0.0285,-4.8649,0,-3.4461,-0.4865,-51.501,-0.65,-9.35595,22.5875,86.7808,-24.31225,17.421,6.9547,352.835,0.15225,-1.862625,0.1898,-3.39685
11,16.25,0.035125,-4.973125,0,-0.9832,-0.1847,-45.8865,-1.9705,-9.8488,23.868,86.7,-55.70625,5.755825,2.58745,355.44,0.13225,-2.147025,0.419175,-0.8472
11,16.75,0.0458,-5.2336,0,-0.6577,-0.1862,-50.162,-3.7575,-10.786825,28.518,86.6802,-69.71575,0,0,356.3645,0.12,-2.71575,0.675925,-0.593
11,17.25,0.0246,-5.496075,0.00745,-0.0608,-0.6226,-63.2005,-8.012,-12.688325,33.88425,86.7408,-72.2525,0,0,357.375,0.1245,-3.5795,0.73215,0.167
11,17.75,0.021875,-5.665525,0,-0.22025,-0.318125,-55.6505,-4.502,-15.022,35.6155,86.66,-71.1425,0,0,356.899,0.10225,-4.558675,0.54615,0.194125
11,18.25,0.026,-5.740175,0,-0.0802,-0.4294,-60.0075,-8.938,-16.51345,35.352,86.7408,-70.411,0,0,357.2535,0.09225,-5.32625,0.3433,0.1486
11,18.75,0.02025,-5.939875,0,0.089875,-0.918,-76.754,-10.624,-17.626925,33.061,86.64,-68.7335,0,0,357.2985,0.10225,-5.97965,0.143475,0.256125
11,19.25,0.018,-6.4609,0,-0.13445,-0.48465,-62.20025,-9.93125,-18.6883,28.84875,86.6202,-67.49425,0,0,357.3195,0.10225,-6.606675,-0.0237749999999999,0.22445
11,19.75,0.02375,-6.729125,0,0.0198,-0.6296,-68.956,-8.194,-18.99925,28.431,86.6,-65.815,0,0,359.34,0.11,-7.10425,-0.0856,0.0716
11,20.25,0.026,-7.417825,0,-0.233,-0.592875,-62.7375,-6.1775,-18.62545,33.11625,86.5208,-63.6185,0,0,359.7665,0.12,-7.52395,-0.209875,0.074
11,20.75,0.022875,-7.534475,0,-0.80845,-0.3248,-63.21875,-5.42125,-19.74575,31.6655,86.5208,-61.2545,0,0,357.772,0.11,-7.957625,-0.257625,0.13195
11,21.25,0.014,-7.73265,0,-0.4765,-0.638,-56.482125,-6.744,-22.466875,29.75325,86.4202,-61.02025,0,0,360.066,0.1,-8.3276,-0.1986,0.275
11,21.75,0.01425,-8.38325,0,-0.41115,-0.89375,-66.39775,-6.064,-24.345075,31.40425,86.4202,-59.11675,0,0,359.94,0.1145,-8.7525,-0.273375,0.10485
11,22.25,0.01725,-8.49175,0,-0.53925,-0.226925,-72.366,-7.381,-24.733625,34.0865,86.4202,-58.313,0,0,360.035,0.11225,-9.08025,-0.33365,0.40725
11,22.75,0.02425,-8.577,0,-0.818,-0.431,-65.38025,-9.613,-24.908825,37.8075,86.36,-61.24975,0,0,360.1755,0.12225,-9.4925,-0.3366,0.216
11,23.25,0.01375,-8.853,0,-0.2855,-0.75265,-70.5,-9.21425,-26.207,39.5935,86.36,-64.061,0,0,359.31275,0.13225,-9.812,-0.400425,0.1075
11,23.75,0.0239,-9.668,0.000225,-0.2855,-0.75265,-58.95,-3.87,-25.445,40.33025,86.2808,-62.8465,0,0,359.31275,0.10675,-10.08225,-0.462,0.1075
12,0.25,0.020325,-6.28375,0.001,-0.8165,-0.49,-115.404,-11.9375,-15.822625,59.32375,86.263125,-51.66375,0,0,358.271,0.06125,-3.079875,0.3765,0.014
12,0.75,0.021575,-6.26725,0.001,-0.0924,-1.2654,-106.03375,-9.286,-16.271375,60.07625,86.263125,-49.84125,0,0,360.40525,0.065,-3.209875,0.404875,0.0416
12,1.25,0.026,-6.075875,0.000625,-0.302875,-0.81265,-93.5925,-13.16,-20.592625,58.03,86.226,-53.885,0,0,359.746,0.04625,-3.447875,0.264625,0.069375
12,1.75,0.0289,-6.118625,0.001,-0.254325,-0.844325,-74.26625,-9.46875,-20.03375,52.7925,86.287875,-52.65125,0,0,359.778,0.0625,-3.73825,0.267625,0.0332
12,2.25,0.02735,-6.44425,0,-0.6604,-0.5452,-83.385,-15.9455,-19.519375,53.29,86.25,-46.04375,0,0,358.74925,0.0625,-3.814875,0.2885,0.1526
12,2.75,0.0312,-6.470625,0,-0.4552,-0.289,-79.6,-8.40825,-19.307,59.70125,86.150625,-45.35875,0,0,360.3945,0.06625,-3.823875,0.370625,0.0162
12,3.25,0.0263,-6.4555,0,-0.42245,-0.5615,-96.30375,-9.137,-19.467125,61.715,86.1406,-53.61875,0,0,359.321,0.08,-3.783125,0.3175,0.0602
12,3.75,0.0243,-6.92625,0.000625,-0.40815,-0.284525,-104.384,-5.27625,-20.285375,58.7925,86.08,-58.12,0,0,359.74,0.06625,-3.858,0.356125,0.168275
12,4.25,0.022275,-6.741875,0.001,-0.5549,-0.5002,-90.037,-15.702,-20.899375,59.3675,86.12,-56.8725,0,0,359.8715,0.06625,-3.978625,0.3795,0.1443
12,4.75,0.034,-6.808125,0.001,-0.7262,-0.2917,-92.19625,-12.082,-23.285,58.0725,86.12,-52.375,0,0,360.284,0.06625,-4.098875,0.381375,0.048225
12,5.25,0.02325,-7.115,0.000625,-0.5425,-0.44835,-94.873,-6.935,-22.84325,54.50375,86.0606,-53.74,0,0,359.8375,0.07,-4.22625,0.329875,0.083475
12,5.75,0.0235,-6.968125,0.001,-0.54325,-0.35965,-108.3395,-4.4925,-21.04375,56.20125,86.0606,-56.925,0,0,360.0245,0.07625,-4.262875,0.335125,0.09345
12,6.25,0.0195,-7.11375,0.000625,-0.49235,-0.28745,-109.5485,-6.62075,-19.35,58.60125,86.0606,-56.17875,0,0,360.30125,0.08625,-4.269875,0.323,0.0197
12,6.75,0.0245,-6.655625,0,-0.6041,-0.7021,-109.39875,-6.4255,-20.343875,57.4975,86.12,-59.625,0,0,360.52125,0.09625,-3.921,0.336,0.0649
12,7.25,0.0285,-6.698125,0,-0.49695,-0.41105,-101.5685,-6.009,-23.195,56.78875,86.0606,-53.4175,0,0,360.256,0.09625,-3.943,0.36275,-0.2875
12,7.75,0.0245,-6.7775,0.000625,-1.5556,-0.30295,-90.3895,-14.826,-24.600125,52.90375,86.0206,-43.12875,0,0,360.135,0.09,-4.02475,0.296375,-1.416975
12,8.25,0.013,-6.5915,0,-3.0538,-0.5552,-100.37875,-4.62,-21.801875,51.17,85.96,-19.88625,5.563375,1.80775,359.576,0.08625,-4.59525,-0.116,-2.8123
12,8.75,0.028475,-6.388375,0,-2.31365,-0.4544,-93.605,-4.177,-19.498875,47.765,85.9625,-11.0725,14.47,4.2095,359.853,0.08625,-4.70875,-0.643875,-2.5434
12,9.25,0.04055,-6.14,0,-3.383725,-0.968125,-87.8305,-0.8775,-13.8825,44.215,85.93035,-17.45625,19.57875,6.539125,359.51375,0.09625,-4.03,-0.554875,-2.86985
12,9.75,0.043375,-5.7615,0.000625,-2.926275,-0.6072,-49.878,-2.2085,-9.9745,43.4325,85.83,-25.76375,20.26875,6.90325,358.6925,0.09625,-3.275625,-0.275125,-2.716275
12,10.25,0.025375,-5.405125,0,-3.7482,-0.7806,-76.315,-1.78825,-7.018375,42.75625,85.825,-24.3,33.9025,7.625,358.49875,0.08625,-2.62925,-0.014125,-3.493
12,10.75,0.07175,-5.161375,0,-3.41935,-0.66275,-42.378,0.542750000000001,-5.457,40.5275,85.76565,-25.5275,36.50875,10.29125,358.3335,0.08,-2.070375,-0.02475,-3.40975
12,11.25,0.0655,-5.153625,0,-2.954325,-1.0639,-95.8755,5.445,-4.6815,36.03375,85.763125,-34.9775,36.11875,10.48875,359.466,0.09,-1.490375,0.1795,-3.2106
12,11.75,0.0701,-4.797875,0.001,-3.2526,-0.6432,-98.17325,1.737,-4.7005,35.6225,85.801,-38.11125,41.95125,9.8075,354.7765,0.08,-1.17025,0.16625,-3.49345
12,12.25,0.056,-4.65325,0.000625,-3.0624,-1.0852,-104.847,1.366,-4.689125,34.99,85.801,-36.24625,51.74375,13.47625,354.636,0.08,-0.897125,0.235625,-2.8756
12,12.75,0.0465,-4.66525,0,-3.018525,-0.920925,-78.036,4.2415,-4.687375,34.9825,85.763125,-34.705,44.11375,16.99,354.2555,0.07625,-0.849125,0.087375,-3.06895
12,13.25,0.092625,-4.503,0,-2.92555,-1.352875,-53.454,5.8945,-4.722875,34.6075,85.763125,-32.90875,41.51,11.9425,352.465,0.09,-0.569875,0.362375,-3.711975
12,13.75,0.0881,-4.40475,0.000625,-2.877975,-0.5378,-54.73575,3.545,-4.76425,34.36,85.763125,-32.1225,33.365,12.3325,354.047666666667,0.08625,-0.620125,0.395625,-3.0086
12,14.25,0.110625,-4.543375,0,-2.60505,-0.901875,-62.13275,3.46,-4.786,35.53,85.763125,-20.055,26.40375,9.45875,355.630333333333,0.07625,-0.62475,0.5795,-2.5704
12,14.75,0.070775,-4.5455,0,-2.735,-0.844,-82.02725,-0.175500000000001,-4.79175,37.7325,85.96,-13.4075,18.25375,5.915625,357.213,0.06625,-0.606375,0.521625,-2.769
12,15.25,0.05165,-4.535,0,-1.8393,-0.7226,-62.575,-0.7265,-4.791625,38.5,85.96,-12.3925,12.1475,4.803125,357.79875,0.06625,-0.506875,0.629125,-1.9034
12,15.75,0.0322,-4.68875,0,-1.2558,-0.1851,-71.40875,-2.9345,-4.79975,40.00125,86.0206,-37.255,6.00325,2.02,358.6605,0.06,-0.539375,0.527875,-1.2018
12,16.25,0.0217,-4.711,0,-0.9657,-0.331925,-64.374,-4.06,-5.000125,45.13125,86.0206,-50.26875,0,0,359.52225,0.05625,-0.458,0.5495,-0.897075
12,16.75,0.02665,-4.9895,0,-0.47715,-0.392425,-63.4219,-7.97275,-5.0125,50.145,86.0206,-59.08875,0,0,360.384,0.05875,-0.446625,0.593875,-0.00535000000000004
12,17.25,0.0135,-5.754875,0,-0.39875,-0.7578,-82.352,-5.25575,-5.00725,53.12,86.12,-57.77125,0,0,358.5725,0.0525,-0.433,0.630625,0.0777
12,17.75,0.02365,-5.89225,0,-0.3081,-0.5126,-72.4265,-5.8955,-5.00125,53.2925,86.12,-51.88,0,0,358.81875,0.05,-0.58525,0.599,0.023
12,18.25,0.0228,-6.012375,0,-0.5483,-0.325775,-82.97375,-5.54475,-5.00175,55.12875,86.0606,-53.5075,0,0,358.735,0.05,-0.7485,0.579125,0.105625
12,18.75,0.0368,-5.885875,0,-0.4218,-0.3668,-105.55625,-8.87175,-5.549,56.9125,86,-51.50625,0,0,359.219,0.0625,-0.826125,0.524125,0.1524
12,19.25,0.03765,-5.856125,0.000625,-0.8056,-1.1284,-102.92,-10.9065,-5.510375,58.26,86.0206,-50.815,0,0,359.453,0.06,-1.017875,0.4635,0.0046
12,19.75,0.0253,-6.412125,0.001,-0.183875,-0.3253,-97.28125,-12.744,-5.477,58.49875,86.0206,-52.6425,0,0,357.016,0.06625,-1.208125,0.438625,0.051125
12,20.25,0.0183,-6.514375,0,-0.546,-0.485325,-80.2835,-2.955,-6.008125,58.52875,86.058075,-56.575,0,0,356.98475,0.0625,-1.371625,0.45325,0.227
12,20.75,0.0264,-6.44875,0,-0.2414,-0.7331,-108.275,-4.883,-6.33325,58.8625,86.115,-60.479625,0,0,360.241,0.06625,-1.57675,0.4545,0.2338
12,21.25,0.033325,-6.288125,0,-0.4002,-0.7982,-123.919,-9.93375,-8.132375,58.25375,86.115,-62.1725,0,0,358.317,0.08,-1.713625,0.48825,0.0708
12,21.75,0.0309,-6.223,0.000625,-0.330875,-0.44325,-113.123,-5.0495,-10.505,58.5775,86.173075,-61.015,0,0,358.295,0.055,-1.812125,0.46,0.264625
12,22.25,0.0223,-6.214875,0,-0.42975,-0.502875,-106.38,-6.53325,-12.463875,55.64,86.216,-61.70875,0,0,358.832,0.06875,-2.009125,0.423875,0.04475
12,22.75,0.0263,-6.2485,0,-0.336675,-0.27015,-87.994,-13.9145,-13.267625,59.295,86.258075,-56.88,0,0,358.95725,0.07625,-2.260875,0.44125,0.061475
12,23.25,0.0216,-6.5655,0,-0.15005,-0.52805,-83.8895,-4.2845,-14.012,61.72375,86.315,-56.13875,0,0,358.8085,0.06875,-2.54075,0.423375,0.17215
12,23.75,0.02925,-6.1222,0.001,-0.603775,-1.2708,-92.49,-3.124,-14.6718,60.83,86.258075,-54.636,0,0,358.476,0.086,-2.8284,0.3854,0.050025
