DOY2,HR2,FC,H,LE,USTAR,WS,NETRAD,PPFD_IN,SW_IN,TA_1_1_1,RH,VPD,PA,G,TS_1_1_1,TS_1_2_1,TA_1_1_2,SW_OUT,LW_IN,LW_OUT,CO2
1,0.25,1.704,-0.395,12.226275,0.438,2.87275,-8.215,0,0,2.71875,97.925,1.7125,90.82575,-0.92525,1.62625,0.9815,3.3812,2.554,218.455,283.58,433.971
1,0.75,1.294,-0.7075,0.605,0.455,2.7205,-7.2475,0,0,2.70775,97.275,1.8575,90.82575,-0.92375,1.67625,0.9835,3.09253,2.947445,213.4355,280.229,433.94975
1,1.25,1.898,3.6175,1.21,0.435,2.77025,-7.9575,0,0,2.75575,97.1375,1.7775,90.82575,-0.92525,1.63925,0.993,3.470275,2.6705025,219.6435,280.503,435.056
1,1.75,2.502,1.3075,9.08785,0.45725,2.31325,-6.58525,0,0,2.78425,98,1.73,90.801,-0.92225,1.6705,0.983,3.00817,2.66114,208.78,279.041,436.35475
1,2.25,1.332,-1.235,12.517225,0.3295,2.3995,-6.892,0,0,2.4935,97.775,1.59,90.801,-0.9115,1.67625,0.969,2.75383,2.50195,227.669,278.09,435.14175
1,2.75,0.5265,0.395,3.34,0.39,2.3095,-7.315,0,0,2.8,98.0975,1.6,90.801,-0.906,1.66425,0.993,2.7916075,2.688495,215.871,276.826,437.461
1,3.25,0.274,1.23,2.27,0.4655,2.33875,-7.53,0,0,2.826,97.85,1.68,90.7505,-0.903,1.69575,0.98175,2.6673575,2.4999,207.193,275.787,438.962
1,3.75,1.262,1.895,4.03,0.43825,2.306,-5.973,0,0,2.625,97.96,1.75,90.801,-0.90075,1.645,0.97575,2.805155,2.54435,215.80275,279.7145,437.932
1,4.25,1.197,1.09,2.99,0.41675,2.3395,-6.31525,0,0,2.771,97.775,1.7075,90.801,-0.89025,1.64575,0.9685,2.55727,2.25681,216.939,278.443,436.82275
1,4.75,0.84775,-0.3425,16.9356,0.3305,2.14875,-5.8145,0,0,2.93425,96.875,1.63,90.801,-0.89,1.62525,0.95425,2.27873,2.02998,210.619,276.997,440.50675
1,5.25,1.1355,-3.66,3.46,0.34475,2.069,-5.619,0,0,2.7425,97.325,1.62,90.8,-0.8945,1.6245,0.95475,2.22463,2.1999125,210.485,275.76575,443.001
1,5.75,3.62375,1.36,3.21,0.36575,2.20125,-5.574,0,0,2.5175,97.825,1.6075,90.801,-0.89525,1.68125,0.95025,2.535515,2.751095,217.6515,276.5635,440.57075
1,6.25,1.6235,1.62,4.754255,0.429,2.3145,-5.884,0,0,2.69125,97.9,1.7125,90.801,-0.88975,1.6555,0.965,2.6804975,3.0523575,223.5605,278.09875,437.801
1,6.75,2.67,9.73,5.96,0.3575,2.296,-5.599,0,0,2.5875,97.60825,1.5875,90.801,-0.896,1.64975,0.9685,2.6233175,4.49509,215.118,278.25075,439.758
1,7.25,0.44125,9.2325,10.1,0.357,2.16275,-4.976,1.0665,0,2.615,98.075,1.565,90.801,-0.88875,1.72625,0.99675,2.44747,8.41936,201.448,277.846,441.176
1,7.75,-0.04275,20.53,20.8925,0.359,1.76925,-1.426,17.2125,7.34775,2.52375,97.875,1.58,90.801,-0.89225,1.70525,1.0005,2.565265,11.99415,205.2465,279.3115,437.845
1,8.25,-0.046,48.24,40.6875,0.42425,2.1375,7.2,64.035,30.921,2.50175,97.625,1.6525,90.9,-0.89225,1.52425,0.9945,3.2067825,34.7189,212.02,286.75075,436.361
1,8.75,-0.2535,103.72,30.5775,0.461,2.272,25.96,121.2,66.79875,2.66,97.05,1.675,90.95,-0.8945,1.446,0.94825,4.236225,54.2251,222.79725,291.31225,434.917
1,9.25,-0.6385,64.401,30.9875,0.435,2.367,49.60975,194.35,96.29825,2.75325,97.175,1.825,91,-0.895,1.364,0.93325,5.556015,61.23025,226.0295,299.297,432.1625
1,9.75,-0.017,83.31,56.7358,0.403,2.5145,119.9175,393.24,206.3725,3.6785,94.975,2.11,90.95,-0.8565,1.343,0.89925,6.295815,70.1571,228.3085,304.1985,429.42625
1,10.25,0.16025,141.8225,43.225,0.4585,2.289,174.0375,561.975,305.745,4.3625,95.05,2.415,90.9005,-0.897,1.36675,0.80525,7.66197,73.8342,228.095,307.518,428.088
1,10.75,-0.297,148.79,58.23,0.557,2.6495,210.95,651.625,329.925,4.9075,92.50125,2.6225,90.9005,-0.8855,1.4155,0.70275,8.37372,77.994075,233.514,315.303,426.9635
1,11.25,0.53,149.68,49.43,0.60475,2.77475,220.2525,711.25,266.975,5.3075,90.375,3.08,91,-0.901,1.453,0.65925,9.01,83.8735,228.488,318.5695,427.0315
1,11.75,0.912,152.97,38.64,0.539,2.67075,243.575,763.5,344.9775,5.69,89.9,3.29,90.85,-0.89275,1.45425,0.62975,9.596835,81.4176,216.56375,323.14,426.811
1,12.25,0.122,144.81,32.58405,0.5355,2.73025,251.2975,781.5,347.5175,5.99675,87.96925,3.5,90.85,-0.862,1.44175,0.6075,9.19508,87.233375,218.92175,319.6365,426.5305
1,12.75,-0.454,155.35,35.04,0.6095,2.92175,250.6375,791,382.01,6.4875,86.3,3.64,90.8,-0.84725,1.50175,0.62875,9.7881075,92.7941,227.394,321.1885,427.1115
1,13.25,0.38025,166.18,27.865,0.679,3.06575,233.27,748.75,378.425,6.41,84.375,3.95,90.8,-0.85275,1.57525,0.656,10.7355,91.57125,227.405,327.5055,427.487
1,13.75,0.073,126.22,48.945,0.67,3.056,213.665,695.205,337.97,6.725,87.1,4.375,90.7505,-0.874,1.7455,0.67825,10.6883,86.058,220.514,326.672,427.287
1,14.25,-0.109,84.34,27.15,0.53625,3.032,180.15,574.1,195.015,6.445,88.85,4.125,90.75855,-0.89925,1.88175,0.7225,11.176,77.84665,226.187,327.0605,427.0385
1,14.75,-0.5665,80.715,13.47,0.575,2.80175,130.9175,453.125,127.2975,6.2475,90.85,4.38,90.7679,-0.87725,1.971,0.77325,11.544825,72.51785,225.67225,328.8695,426.46625
1,15.25,-1.033,39.420525,22.745,0.531,2.7445,80.25,338.175,119.61,6.38,90.5,4.3625,91.22525,-0.89825,2.01225,0.836,11.9059,65.20905,219.019,328.44975,426.28475
1,15.75,-0.8435,25.3275,5.9925,0.511,2.5925,31.5475,205.375,75.43675,6.0475,92.55,4.06,91.22525,-0.9185,2.10775,0.858,12.471075,55.545225,215.46075,328.19475,426.0205
1,16.25,-0.595,-1.1675,5.8575,0.454,2.721,4.995,84.864,21.9635,5.6675,91.5,3.455,91.22525,-0.917,2.08425,0.91175,12.501325,44.257175,210.4915,326.2795,425.7005
1,16.75,-0.52175,-1.01145375,2.2875,0.4985,2.52675,-4.159,20.1675,7.97575,5.3325,92.1075,2.8225,91.22525,-0.926,2.012,0.97325,11.8153,33.3944,224.951,319.606,424.678
1,17.25,0.028,3.5862975,2.98,0.4755,2.53175,-7.545,1.1135,0.75925,5.06,92.57075,2.595,90.80355,-0.92825,1.98525,1.03225,11.112,21.413,224.104,318.719,425.996
1,17.75,0.91075,-1.3325,5.0825,0.439,2.62175,-8.195,0,0,4.84,92.9,2.41,90.801,-0.91925,1.8795,1.0785,10.612425,10.0762775,216.35025,314.63875,425.333
1,18.25,4.572,-2.4875,0.2975,0.452,2.55225,-9.9025,0,0,4.51,95.125,2.115,90.75245,-0.9085,1.77775,1.09125,9.85092,3.32163,204.78275,305.84875,425.60875
1,18.75,1.153,-2.5,3.14,0.4165,2.489,-8,0,0,4.165,95.525,2.0375,90.72525,-0.912,1.72525,1.13975,8.92617,2.6033,212.9085,300.7055,426.218
1,19.25,0.706,1.07,14.4832,0.375,2.49975,-7.97,0,0,3.855,96.3,1.9025,90.72525,-0.906,1.69325,1.1355,8.14492,2.37563,217.0615,298.1365,427.27125
1,19.75,3.74675,-0.44,0.086592,0.408,2.60575,-7.665,0,0,3.59,96.15,1.91,90.801,-0.90875,1.68175,1.11525,7.0611575,2.577695,211.63575,297.184,428.2825
1,20.25,0.46925,-3.22877,3.605,0.3715,2.45875,-8.545,0,0,3.075,96.375,1.815,90.801,-0.90325,1.6875,1.086,7.386115,3.04061,201.773,298.903,428.8275
1,20.75,1.992,-0.25,9.2684,0.3535,2.62975,-7.51,0,0,3.1675,96.675,1.715,90.82575,-0.91275,1.7455,1.085,6.5047225,3.1234825,200.041,294.13975,429.27075
1,21.25,0.492,-2.825,9.2201675,0.4135,2.8185,-7,0,0,2.9775,96.85,1.59,90.801,-0.9125,1.646,1.06575,6.082485,2.83746,197.2505,292.3525,430.017
1,21.75,0.657,0.4575,14.8425,0.4005,2.7245,-9.06,0,0,2.8675,96.35,1.635,90.9,-0.90625,1.65925,1.05025,5.58458,2.619535,202.5675,288.3045,432.186
1,22.25,1.041,-0.67,8.44701,0.4785,2.6185,-8.265,0,0,2.79025,95,1.735,90.925,-0.91025,1.6425,1.03875,5.19997,2.60851,204.852,286.765,433.064
1,22.75,1.425,-4.38,7.9325,0.455,2.60925,-7.1225,0,0,2.5475,96.475,1.65,91,-0.90975,1.6515,1.03425,5.15307,3.14609,193.021,286.458,431.777
1,23.25,1.523,-2.67,7.6925,0.493,2.594,-5.768,0,0,2.5915,97,1.5725,90.9,-0.9055,1.65275,1.03925,4.6545,2.7407,211.272,284.162,433.003
1,23.75,1.523,0.4075,17.3199,0.4075,2.5175,-7.11475,0,0,2.495,97.45,1.47,90.9,-0.90725,1.59675,1.02975,4.3872,3.142,199.593,282.11,434.205
2,0.25,1.056,-0.395,12.226275,0.3095,2.001,-6.224,0,0,1.9325,98.375,1.45,90.82575,-2.05825,2.15775,1.22125,3.3812,2.554,218.455,283.58,433.971
2,0.75,1.985,-0.7075,0.605,0.3005,2.14925,-5.586,0,0,1.83325,98.7,1.4775,90.82575,-2.059,2.13825,1.23675,3.09253,2.947445,213.4355,280.229,433.94975
2,1.25,1.80225,3.6175,1.21,0.34625,2.29225,-5.4435,0,0,1.565,99.3,1.34,90.82575,-2.05825,2.1135,1.17425,3.470275,2.6705025,219.6435,280.503,435.056
2,1.75,0.645,1.3075,9.08785,0.356,2.3505,-5.0105,0,0,1.522,99.125,1.47,90.801,-2.05725,2.118,1.21225,3.00817,2.66114,208.78,279.041,436.35475
2,2.25,1.422,-1.235,12.517225,0.35825,2.12325,-5.032,0,0,1.46725,99.725,1.475,90.801,-2.0555,2.11225,1.16625,2.75383,2.50195,227.669,278.09,435.14175
2,2.75,2.054,0.395,3.34,0.4295,2.467,-3.9905,0,0,1.5405,99.65,1.34,90.801,-2.05725,2.09825,1.16875,2.7916075,2.688495,215.871,276.826,437.461
2,3.25,2.282,1.23,2.27,0.391931,2.1295,-3.363,0,0,1.315,100,1.37,90.7505,-2.056,2.11975,1.23325,2.6673575,2.4999,207.193,275.787,438.962
2,3.75,3.29375,1.895,4.03,0.34,2.149,-3.659,0,0,1.42,99.9,1.37,90.801,-2.05675,2.13225,1.246,2.805155,2.54435,215.80275,279.7145,437.932
2,4.25,0.53075,1.09,2.99,0.2855,2.128,-3.4825,0,0,1.38,99.85,1.5075,90.801,-2.05725,2.096,1.19175,2.55727,2.25681,216.939,278.443,436.82275
2,4.75,0.86025,-0.3425,16.9356,0.325,2.3035,-3.90825,0,0,1.47,100,1.5575,90.801,-2.05675,2.115,1.19125,2.27873,2.02998,210.619,276.997,440.50675
2,5.25,4.364,-3.66,3.46,0.38322625,2.0665,-3.60625,0,0,1.2805,100,1.5425,90.8,-2.054,2.1205,1.2285,2.22463,2.1999125,210.485,275.76575,443.001
2,5.75,2.145,1.36,3.21,0.36525,2.189,-3.106,0,0,1.2745,100,1.59,90.801,-2.0555,2.14375,1.12075,2.535515,2.751095,217.6515,276.5635,440.57075
2,6.25,0.57,1.62,4.754255,0.4505,2.2355,-3.06875,0,0,1.296,100,1.615,90.801,-2.05575,2.0605,1.1195,2.6804975,3.0523575,223.5605,278.09875,437.801
2,6.75,0.472,9.73,5.96,0.428,2.3745,-2.661,2.1705,0.513,1.465,100,1.58,90.801,-2.0525,1.9785,1.015,2.6233175,4.49509,215.118,278.25075,439.758
2,7.25,-0.22840425,9.2325,10.1,0.36475,2.29,0.426,27.09,8.39,1.505,99.8,1.43,90.801,-2.05325,2.001,1.045,2.44747,8.41936,201.448,277.846,441.176
2,7.75,-0.0795,20.53,20.8925,0.36175,2.3735,11.105,77.5,26.985,1.665,99.35,1.51,90.801,-2.045,1.836,0.79575,2.565265,11.99415,205.2465,279.3115,437.845
2,8.25,-0.125,48.24,40.6875,0.478,2.1305,27.78,137.35,53.775,1.635,99.65,1.5875,90.9,-2.03825,1.53075,0.78625,3.2067825,34.7189,212.02,286.75075,436.361
2,8.75,-0.037,103.72,30.5775,0.48075,2.353075,66.975,254.15,126.6,2.07,99.45,1.75,90.95,-1.55775,1.03175,0.75225,4.236225,54.2251,222.79725,291.31225,434.917
2,9.25,0.10675,64.401,30.9875,0.479,2.457,140.6,442.35,180.25,2.55,96.95,2.07,91,-1.01775,0.99625,0.71625,5.556015,61.23025,226.0295,299.297,432.1625
2,9.75,-0.252,83.31,56.7358,0.52533125,2.6985,194.95,591.65,221.65,3.065,95.6,2.28,90.95,-0.6065,1.12325,0.702,6.295815,70.1571,228.3085,304.1985,429.42625
2,10.25,0.04,141.8225,43.225,0.529,2.7865,250.7,734,258.2,3.8065,93.35,2.69,90.9005,0.5085,1.56625,0.66225,7.66197,73.8342,228.095,307.518,428.088
2,10.75,0.431,148.79,58.23,0.668,2.825,298.8,881,391.35,4.73,89.55,2.935,90.9005,0.9755,1.79725,0.74025,8.37372,77.994075,233.514,315.303,426.9635
2,11.25,0.821,149.68,49.43,0.75225,2.978,348.6,957.5,482.5235,5.335,90.55,3.45,91,2.67275,1.83975,0.8635,9.01,83.8735,228.488,318.5695,427.0315
2,11.75,0.2325,152.97,38.64,0.6825,3.139,376.45,1018,452.7,6.01,88.2,3.925,90.85,5.29075,1.827,0.80975,9.596835,81.4176,216.56375,323.14,426.811
2,12.25,-0.12075,144.81,32.58405,0.753921,3.172,373.35,1055,421.65,6.6845,86.05,3.875,90.85,3.90175,1.908,0.919,9.19508,87.233375,218.92175,319.6365,426.5305
2,12.75,1.12025,155.35,35.04,0.743,3.037,351.7,990,353.3,6.741935,83.7,3.95,90.8,5.728,2.006,0.95925,9.7881075,92.7941,227.394,321.1885,427.1115
2,13.25,0.85275,166.18,27.865,0.747,3.377,333.75,971.5,385.75,7.19,82.55,4.37,90.8,2.69175,1.976,0.867,10.7355,91.57125,227.405,327.5055,427.487
2,13.75,0.22325,126.22,48.945,0.744,3.2565,311.1,935.5,382,7.405,81.85,4.3725,90.7505,2.821,2.08475,1.103,10.6883,86.058,220.514,326.672,427.287
2,14.25,-0.2955,84.34,27.15,0.6945,3.2655,292.7,880,328.6,7.69,84.3,4.5225,90.75855,1.63325,2.2035,1.3405,11.176,77.84665,226.187,327.0605,427.0385
2,14.75,-0.49,80.715,13.47,0.64225,3.0915,234.1,721.5,350.7,7.69,83.6,4.305,90.7679,0.98025,2.40825,1.45375,11.544825,72.51785,225.67225,328.8695,426.46625
2,15.25,0.038,39.420525,22.745,0.6625,3.087,181.7,605.7,335.9,7.51,82.2,4.41,90.7173,1.0635,2.433,1.34675,11.9059,65.20905,219.019,328.44975,426.28475
2,15.75,-0.421,25.3275,5.9925,0.6285,2.932,109.25,395.6,205.7,7.245,84.6,4.0475,90.7747,-0.3375,2.545,1.4165,12.471075,55.545225,215.46075,328.19475,426.0205
2,16.25,0.02,-1.1675,5.8575,0.572,2.8785,59.88,265.1,149.1885,7.055,86.85,3.7625,90.76815,-1.753,2.54675,1.419,12.501325,44.257175,210.4915,326.2795,425.7005
2,16.75,-0.3995,-1.01145375,2.2875,0.53,2.871,22.455,151.2,97.75,6.4045,89.15,3.5,90.80825,-2.01225,2.57475,1.3755,11.8153,33.3944,224.951,319.606,424.678
2,17.25,-0.2565,3.5862975,2.98,0.4405,2.8575,-0.962,45.365,33.405,5.775,89.6,3.09,90.80355,-2.04225,2.45625,1.436,11.112,21.413,224.104,318.719,425.996
2,17.75,-0.4935,-1.3325,5.0825,0.354,2.8405,-7.05,5.706,2.8685,4.859,90.35,2.6925,90.801,-2.06225,2.47675,1.4775,10.612425,10.0762775,216.35025,314.63875,425.333
2,18.25,0.676875,-2.4875,0.2975,0.434,2.6255,-9.19,0,0,4.509,91.9,2.5175,90.75245,-2.0615,2.32225,1.4155,9.85092,3.32163,204.78275,305.84875,425.60875
2,18.75,1.84725,-2.5,3.14,0.382,2.38675,-7.58,0,0,4.0625,92.325,2.2,90.72525,-2.0635,2.369,1.3915,8.92617,2.6033,212.9085,300.7055,426.218
2,19.25,2.04,1.07,14.4832,0.361,2.35575,-7.06125,0,0,3.6875,92.925,2.0225,90.72525,-2.06425,2.266,1.33475,8.14492,2.37563,217.0615,298.1365,427.27125
2,19.75,1.74355075,-0.44,0.086592,0.34825,2.522,-7.255,0,0,3.508,93.25,1.86,90.801,-2.06125,2.2505,1.271,7.0611575,2.577695,211.63575,297.184,428.2825
2,20.25,3.272945,-3.22877,3.605,0.391,2.328,-6.689,0,0,3.19,95.5,1.81,90.801,-2.06175,2.2235,1.286,7.386115,3.04061,201.773,298.903,428.8275
2,20.75,1.874,-0.25,9.2684,0.4205,2.4490025,-6.369,0,0,2.895,96.225,1.675,90.82575,-2.06075,2.17975,1.305,6.5047225,3.1234825,200.041,294.13975,429.27075
2,21.25,2.308,-2.825,9.2201675,0.36937075,2.321,-6.24075,0,0,2.62,96.6,1.525,90.801,-2.06025,2.17,1.2325,6.082485,2.83746,197.2505,292.3525,430.017
2,21.75,0.57925,0.4575,14.8425,0.398,2.527,-6.18575,0,0,2.43,96.7,1.4775,90.9,-2.06125,2.125,1.23275,5.58458,2.619535,202.5675,288.3045,432.186
2,22.25,0.586,-0.67,8.44701,0.3815,2.40275,-6.865,0,0,2.4025,96.65,1.53,90.925,-2.06025,2.108,1.217,5.19997,2.60851,204.852,286.765,433.064
2,22.75,1.923,-4.38,7.9325,0.39875,2.518,-5.72425,0,0,2.074,97.2,1.53,91,-2.06,2.1565,1.2025,5.15307,3.14609,193.021,286.458,431.777
2,23.25,0.774,-2.67,7.6925,0.37048075,2.344,-5.95625,0,0,2.14,97.4,1.66,90.9,-2.059,2.15275,1.257,4.6545,2.7407,211.272,284.162,433.003
2,23.75,2.889,0.4075,17.3199,0.392,2.204,-6.259,0,0,1.757,97.7,1.4,90.9,-2.059,2.16875,1.2295,4.3872,3.142,199.593,282.11,434.205
3,0.25,0.74,1.205365,7.15946,0.3235,2.11415,-19.075,0,0,3.57,89.45,1.975,91.1096,-4.3675,2.3615,3.17,3.3812,2.554,218.455,283.58,433.971
3,0.75,0.547187,3.361015,1.5398575,0.32275,2.168265,-19.23,0,0,3.558,90.94,1.977115,91.1602,-4.35875,2.34375,3.08875,3.09253,2.947445,213.4355,280.229,433.94975
3,1.25,2.157,2.5025,1.21,0.315,1.964,-19.18,0,0,3.35745,91.375,2.005,91.169225,-4.4255,2.28775,3.02075,3.470275,2.6705025,219.6435,280.503,435.056
3,1.75,1.27459,1.045,3.1298925,0.26671875,1.93975,-17.38,0,0,3.019,92.55,2.01,91.17635,-4.42475,2.26975,2.929,3.00817,2.66114,208.78,279.041,436.35475
3,2.25,0.893,0.96,1.9694425,0.28311875,1.89975,-16.275,0,0,2.705,93.6,1.9075,91.169,-4.349,2.2265,2.84475,2.75383,2.50195,227.669,278.09,435.14175
3,2.75,1.37929,2.9527775,3.90089,0.299042,2.018,-15.9075,0,0,2.705,94.4925,1.91,91.158425,-4.27225,2.1735,2.7605,2.7916075,2.688495,215.871,276.826,437.461
3,3.25,1.28544,1.8625,4.6331275,0.276377,1.981785,-15.5125,0,0,2.6853175,95.15,1.92,91.14295,-4.24175,2.20125,2.75,2.6673575,2.4999,207.193,275.787,438.962
3,3.75,1.53055,1.985,1.7026775,0.321,1.987,-15.13,0,0,2.5968325,95.45,1.86544,91.1521,-4.364,2.21175,2.68075,2.805155,2.54435,215.80275,279.7145,437.932
3,4.25,1.21525,-0.205292,4.57907,0.24283375,1.99275,-14.215,0,0,2.46,96.02335,1.82754,91.1623,-4.4695,2.15,2.5735,2.55727,2.25681,216.939,278.443,436.82275
3,4.75,1.965,4.01467,6.195,0.316,2.057,-13.94,0,0,2.465,97.09165,1.8875,91.1969,-4.30975,2.17425,2.48225,2.27873,2.02998,210.619,276.997,440.50675
3,5.25,1.002663,3.70342,3.27832,0.245,1.937275,-13.0425,0,0,2.2818975,96.675,1.88,91.2,-4.33375,2.1165,2.4245,2.22463,2.1999125,210.485,275.76575,443.001
3,5.75,0.6615,3.3965375,2.768085,0.26975,1.84825,-11.78,0.2049,0,2.25,96.9,1.832215,91.2,-4.35475,2.07975,2.39975,2.535515,2.751095,217.6515,276.5635,440.57075
3,6.25,0.308,1.9235,5.1416,0.25946525,1.919,-8.145,19.324125,7.7981875,2.1425,97.1,1.79,91.2,-4.0395,2.201,2.377,2.6804975,3.0523575,223.5605,278.09875,437.801
3,6.75,0.34475,2.7175,5.4539725,0.248683,1.877,2.767,66.34825,25.2625,2.2875,97.55,1.81352,91.203425,-3.898,2.24325,2.35225,2.6233175,4.49509,215.118,278.25075,439.758
3,7.25,0.58975,13.98365,17.6397,0.277567,2.09475,18.55,121.55,50.9654,2.28455,96.5,1.8475,91.2,-3.61225,1.9045,2.27975,2.44747,8.41936,201.448,277.846,441.176
3,7.75,0.71425,29.09,29.1181,0.316,2.10825,52.26,210.2,89,2.45,95.9,1.96,91.2,-2.7925,1.85775,2.17425,2.565265,11.99415,205.2465,279.3115,437.845
3,8.25,-0.2595,59.2528,30.32,0.28706,2.0025,151.3,481.325,283.65,3.019275,91.147475,2.16,91.2,-1.2035,1.77525,1.98675,3.2067825,34.7189,212.02,286.75075,436.361
3,8.75,-0.136,102.5415,52.475525,0.387,2.129,261.8,762.295,419.2995,4.185,85.231675,2.59,91.2,1.23425,2.246,1.726,4.236225,54.2251,222.79725,291.31225,434.917
3,9.25,-0.15025,176.149,70.99,0.508943,2.48075,340.4,968.313,521.415,5.91527,82.6,3.42818,91.2,2.487,3.04675,1.283,5.556015,61.23025,226.0295,299.297,432.1625
3,9.75,-2.042,216.52,85.42785,0.591,2.836,399.9,1120,594.685,7.03,75.5,4.13,91.2,4.642,4.02275,1.08775,6.295815,70.1571,228.3085,304.1985,429.42625
3,10.25,-2.4978375,237.585,86.7118,0.627,2.858,442.1,1207.5,646.38025,7.9875,72.425,4.93047,91.101,6.74325,5.3455,0.926,7.66197,73.8342,228.095,307.518,428.088
3,10.75,-3.384,223.368,99.0175,0.6794395,2.981,480.425,1315.5,698.45475,8.795,68.269975,5.78,91.109525,9.3115,6.25125,0.73475,8.37372,77.994075,233.514,315.303,426.9635
3,11.25,-2.7175,235.96975,100.631,0.653,3.3115,529.28,1458,739,9.18,65.474,6.43,91.1125,14.554,8.3755,0.64275,9.01,83.8735,228.488,318.5695,427.0315
3,11.75,-3.94975,252.298,85.7755,0.793,3.66475,545.052275,1497,769.8535,9.745,63.365,6.9,91.101,17.834,10.2075,0.789,9.596835,81.4176,216.56375,323.14,426.811
3,12.25,-2.742,295.60475,129.9785,0.858303,3.86147,551.875425,1516,765.0425,10.2325,62.8125,7.0820975,91.101,18.6665,9.19,1.0755,9.19508,87.233375,218.92175,319.6365,426.5305
3,12.75,-3.19625,334.051,114.053,0.82702275,3.7096925,537.894425,1494,759.722,10.48,61.6725,7.215,91.096275,18.884,10.28,1.40775,9.7881075,92.7941,227.394,321.1885,427.1115
3,13.25,-3.098,293.367,83.08,0.807,3.45829,515.5,1444,736.855,10.74,64.96,7.65,91.0496,18.377,10.27625,1.65525,10.7355,91.57125,227.405,327.5055,427.487
3,13.75,-3.0475,262.236,115.344,0.810284,3.551345,478.75,1367,700.361,10.93185,64.1705,7.965,90.9912,16.12025,10.88875,1.816,10.6883,86.058,220.514,326.672,427.287
3,14.25,-3.2306375,201.48775,92.67075,0.793,3.579,440.7,1300,648.2,11.16,62.87,8.06,90.9635,15.30875,10.30125,1.89375,11.176,77.84665,226.187,327.0605,427.0385
3,14.75,-3.128,206.151,79.7361,0.766,3.5745,391.6025,1162.3975,591.224,11.380075,61.7125,8.3875,90.946675,12.82875,9.96375,1.7355,11.544825,72.51785,225.67225,328.8695,426.46625
3,15.25,-2.569,194.345,69.1293,0.7925,3.4125,329.1775,1003.475,518.70225,11.505,64.9885,8.4109075,90.9397,12.55525,9.42375,2.058,11.9059,65.20905,219.019,328.44975,426.28475
3,15.75,-2.099,157.144,61.3202,0.739,3.2940575,251.5475,811.25425,437.133,11.02,65.566,8.05284,90.975,11.696,9.01375,2.44525,12.471075,55.545225,215.46075,328.19475,426.0205
3,16.25,-1.69275,101.004,47.99915,0.716552,3.368,180.35,624.35,336.45825,11.095,65.4835,7.7575,90.972775,10.3855,9.09,2.6915,12.501325,44.257175,210.4915,326.2795,425.7005
3,16.75,-1.1488875,55.594625,51.074875,0.6618215,3.103,107.2,418.05,245.116,10.79,68.62635,7.25727,90.95,7.37075,8.49375,2.8935,11.8153,33.3944,224.951,319.606,424.678
3,17.25,-0.704248,35.8076,28.298325,0.634,2.864,39.09,255.885,149.0145,10.3825,71.32435,6.76,91,5.358,8.08125,3.064,11.112,21.413,224.104,318.719,425.996
3,17.75,-0.437752,-0.8982305,25.1223,0.56925,2.65225,-1.28175,104.575,58.7523,9.6875,74.475,5.9625,91,3.548,7.61875,3.26025,10.612425,10.0762775,216.35025,314.63875,425.333
3,18.25,-0.19764,0.946333,8.270775,0.543,2.5233325,-20.8075,20.2827,7.28572,8.5825,77.425,5.565,91,1.594,7.06,3.3795,9.85092,3.32163,204.78275,305.84875,425.60875
3,18.75,0.40675,-3.5725,6.70175,0.444,2.18,-22.74,0.0202333,0,8.01,78.8,5.095,91,0.57625,6.479,3.5615,8.92617,2.6033,212.9085,300.7055,426.218
3,19.25,1.21998,-4.6,11.6256925,0.37075,2.1265,-20.165,0,0,7.6045675,79.675,4.38,91,-0.75025,6.00375,3.6365,8.14492,2.37563,217.0615,298.1365,427.27125
3,19.75,0.818,0.29,6.156295,0.37772625,2.21775,-20.355,0,0,7.09,80.25,4.02,91.094275,-1.432,5.59875,3.71875,7.0611575,2.577695,211.63575,297.184,428.2825
3,20.25,0.869,0.2538702,1.728375,0.30522375,2.119,-19.7,0,0,6.53,81.6,3.63,91.101,-2.27425,5.2695,3.68425,7.386115,3.04061,201.773,298.903,428.8275
3,20.75,0.266096,1.78885,1.9075,0.279,2.1415,-15.955,0,0,6.05,82.05,3.295,91.101,-2.615,4.966,3.57375,6.5047225,3.1234825,200.041,294.13975,429.27075
3,21.25,0.689,0.07985325,4.893965,0.262355,2.101,-16.64,0,0,5.642,82.6,2.9925,91.101,-2.826,4.5815,3.62675,6.082485,2.83746,197.2505,292.3525,430.017
3,21.75,0.506195,1.6625,1.377601,0.284,2.069,-19.98,0,0,5.26667,83.3,2.78,91.101,-3.615,4.1115,3.54275,5.58458,2.619535,202.5675,288.3045,432.186
3,22.25,0.686,1.42,0.637967,0.356,2.223,-20.33,0,0,4.7945,83.6,2.63109,91.101,-3.84625,3.6875,3.57075,5.19997,2.60851,204.852,286.765,433.064
3,22.75,1.14553,-0.55039075,1.29839,0.319,2.0945,-18.425,0,0,4.495,85.03665,2.465,91.101,-4.0855,3.31,3.472,5.15307,3.14609,193.021,286.458,431.777
3,23.25,1.673075,2.0554225,1.72998,0.302407,1.9875,-20.805,0,0,4.235,87.3,2.32,91.1463,-4.284,2.979,3.42125,4.6545,2.7407,211.272,284.162,433.003
3,23.75,0.7468655,1.8562525,3.35926,0.288844,2.049,-21.305,0,0,4.095,86.80665,2.1475,91.11355,-4.17825,2.6195,3.39825,4.3872,3.142,199.593,282.11,434.205
4,0.25,0.77675,1.12,5.11,0.27751275,1.96175,-25.245,0,0,5.9525,83.45,2.6175,91.2559,-4.6735,7.495,7.793,6.271475,2.6413725,278.26075,336.187,432.108
4,0.75,0.99125925,-1.61,6.31081,0.285802,1.9865,-23.1875,0,0,5.62,85.125,2.54,91.2545,-4.774,7.25925,7.73425,6.09488,2.7920475,271.3145,333.8945,432.1
4,1.25,0.896684,0.09,3.67,0.292058,2.0570725,-23.2975,0,0,5.46025,87.275,2.34514,91.176175,-4.86425,7.00675,7.67575,5.926805,2.3255275,266.92825,333.323,433.6735
4,1.75,1.1895,1.42,2.79095,0.28125,1.86185,-24.3225,0,0,5.1547,87.95,2.27,91.17525,-4.86275,6.90925,7.60425,5.8974675,2.914175,265.41925,332.74675,437.804
4,2.25,1.428,0.87,4.69487,0.265545,1.85925,-22.3775,0,0,4.93975,88.35,2.24,91.17525,-5.34375,6.8165,7.53,5.80837,2.6765675,259.23275,331.048,435.78775
4,2.75,1.007,0.39,6.0111,0.259,1.98625,-19.67,0,0,4.8098275,89.55,2.08,91.17525,-5.456,6.797,7.35375,5.307645,2.2912725,259.262,329.13725,437.93925
4,3.25,0.940141,-0.19,4.33,0.26153075,2.18325,-18.2975,0,0,4.78,90.7,2.07,91.101,-6.05625,6.709,7.33825,5.0766775,2.31491,260.99125,331.4555,439.63975
4,3.75,1.75125,1.12,4.74,0.25925,1.9605,-19.895,0,0,4.445,91.85,2.09,91.101,-6.1875,6.53875,7.24475,5.013695,2.61621,264.09725,330.82975,437.63
4,4.25,1.462,-0.21805,4.2690675,0.292,2.019,-19.78,0,0,4.381,93.3,2.09902,91.101,-6.12175,6.40725,7.12625,4.986265,2.603215,265.375,330.0265,439.1395
4,4.75,1.377515,0.6591365,6.5375,0.256,1.913,-18.79,0,0,4.32,93.9,2.0475,91.101,-5.863,6.23675,7.12025,4.92273,2.23795,259.835,328.6615,441.9705
4,5.25,1.06187,2.2325075,7.14,0.28925,1.692,-14.98,12.95,4.107,4.25,94.5,1.9985525,91.101,-5.76375,6.08475,7.073,4.622815,3.07519,275.428,328.337,440.5645
4,5.75,0.259,2.5078575,12.2975,0.257,1.762,-3.625,55.934,24.79,3.95,95.1,1.9257925,91.101,-5.77825,6.0125,7.04,4.248565,4.47668,269.22,328.9615,444.5645
4,6.25,0.0315,4.33,18.3378,0.2805,1.91775,12.885,111.325,50.315,3.895,95.525,2.034425,91.101,-5.63775,6.111,6.97975,4.455875,7.0303725,277.84725,332.562,444.4255
4,6.75,-0.176,36.125,28.260375,0.267,1.9193525,40.487025,190.135,85.986875,4.0075,94.255025,2.08,91.122675,-4.86075,6.2385,6.876,4.8639725,10.76335,277.46975,334.9425,438.7825
4,7.25,-0.000999999999999999,95.32,48.37,0.29565775,1.891,95.2,364.8,184.834,4.64917,91.1,2.35,91.1462,-3.417,6.45375,6.662,5.02338,20.4094,289.592,340.337,435.773
4,7.75,-0.178,127.16125,56.8875,0.32697975,2.089,217.8,633.675,331.79625,5.363,84.65,2.78387,91.18305,-2.39825,6.785,6.47225,5.32686,53.04655,290.07475,342.6405,435.8115
4,8.25,-1.822115,155.32,87.95,0.4685195,2.04663,302.8,837,484.15,6.8475,76.2,3.46161,91.1741,0.50475,7.3495,6.295,5.8241,56.5839,302.37,345.52,429.272
4,8.75,-2.219,209.6465,99.5141,0.56975,2.557365,384.9,1084.5,556.65,8.07,71.01085,4.59,91.15435,4.0355,8.25625,5.943,7.41763,65.1635,301.37,351,426.13
4,9.25,-2.5135,264.6105,106.391,0.59436375,2.6525,458.1,1259,656.5,9.675,67.225,5.673335,91.13485,9.198,9.11375,6.0035,8.24823,73.2553,304.643,359.197,425.848
4,9.75,-3.084,271.57,119.915,0.635,2.977215,509.75,1392,736.5685,10.435,64.245,6.9055,91.14585,12.75125,9.77625,6.00775,9.13167,78.8273,308.383,363.1,424.696
4,10.25,-4.117,333.714,123.876,0.727741,3.1105,587,1524.5,801.565,11.54,61.825,7.760535,91.1388,15.418,10.7175,6.1415,9.804,83.8077,316.2,369.4,424.666
4,10.75,-4.372,342.741,128.24425,0.76446825,3.315465,633.075,1636,843.85175,12.3075,60.375,8.5125,91.1268,18.89925,12.57,6.06175,11.51895,85.18575,314.782,374.43725,424.47175
4,11.25,-5.02025,330.074,129.22225,0.804554,3.44825,655.9,1665.5,862.39825,12.9075,58.05,9.1575,91.103925,22.902,16.15875,5.96875,12.5025,86.9133,308.483,377.9815,424.076
4,11.75,-4.64,361.6215,142.47825,0.8395,3.669,676.075,1712.25,885.716,13.554325,57.800175,10.07,91.101,29.11125,16.10375,6.10925,13.754025,84.924075,299.91275,384.46225,424.053
4,12.25,-4.286,352.23275,145.44,0.895,3.60225,680.4,1714,886,14.17,58.09,10.98,91.101,33.4995,15.18875,6.365,14.47965,84.805,300.3665,387.777,423.026
4,12.75,-4.245,335.071,128.78,0.85675,3.726,663.8,1705,882.7,14.6,57.12,11.67,91.101,31.495,15.3175,6.56225,15.1472,89.63,302.5015,388.8235,424.0265
4,13.25,-4.4945,339.6535,131.90525,0.866,3.65525,651.966825,1663.5,849.06675,14.9875,58.6825,11.6,91.06765,29.6655,15.68,6.74375,15.4108,89.732675,306.2415,391.917,424.15825
4,13.75,-3.87675,357.61,122.907,0.8775,3.676,621.575,1602,799,15.16,56.77,12.46,91.0603,27.9685,16.4765,6.81675,15.886,89.73115,308.431,391.2475,423.716
4,14.25,-3.781,322.649,114.388,0.8628565,3.715,573.9,1496,746,15.4473,59.51,12.71,91.0447,28.327,17.7075,6.87025,15.6585,84.1403,314.06,392.4035,423.027
4,14.75,-3.94525,290.908,99.0875,0.81675,3.60575,513.175,1360.75,687.22625,15.4945,59.825,11.99,91.05955,27.42175,17.92875,6.9995,15.28905,78.22235,304.29275,390.43575,422.75675
4,15.25,-4.115,237.372,100.41575,0.889,3.6255,460.625,1224.75,619.7125,15.4025,59.66,12.2825,91.078675,28.44825,18.48625,7.24425,14.54125,71.34525,309.46475,389.353,422.944
4,15.75,-3.15,185.72,69.5564,0.829,3.4045,372.55,1036.5,532.6,15.42,61.35015,11.965,91.0123,21.45425,17.94625,7.334,13.6587,61.8807,300.223,386.887,422.584
4,16.25,-2.992,138.61475,56.7393,0.789767,3.4135325,294.15,857.31,429.3,15.263975,62.695,11.73,91.065925,16.08475,17.12625,7.5635,13.51625,51.863675,300.56025,380.64525,422.56075
4,16.75,-2.338,98.72205,51.081825,0.7232255,3.225425,204.65,657.5,324.036,14.9575,64.241575,11.5025,91.06465,13.2295,16.419,7.838,13.21725,42.6616,300.1985,376.83975,422.55125
4,17.25,-2.35953,65.5193,38.7259,0.72690625,3.201,130.975,438.723,222.1,15.0277,64.42,11.22,91.0631,10.97575,15.72375,7.962,12.83885,32.021,290.4935,373.66825,422.189
4,17.75,-1.47275,33.206425,42.34745,0.6885,3.061665,51.665,261.31225,136.05,14.1425,65.975,10.6342,91.05525,8.28125,15.0175,7.9995,12.50865,22.143675,298.62975,368.8575,421.929
4,18.25,-0.20077025,1.2375,18.562225,0.5785,2.76525,0.579,111.18075,57.705225,13.1025,69.4,9.545,91.07445,6.24125,14.2425,8.12575,11.946925,11.79125,290.0515,365.217,421.958
4,18.75,0.354398,-3.304805,11.0428,0.5255,2.75025,-21.62644925,24.232075,10.92,12.338075,72.4,8.46,91.0837,3.95675,13.39875,8.2145,11.063725,3.40632,279.84275,359.20725,422.21625
4,19.25,0.944,-0.85729875,8.55408,0.4825,2.51225,-29.0625,1.3315575,0,11.454,72.9,7.2,91.090175,2.01575,12.6575,8.358,10.3836,2.168955,277.70075,355.94325,422.68225
4,19.75,1.276,-0.49207325,6.77028,0.454,2.335,-30.3375,0,0,10.7525,72.775,6.21,91.11585,0.42325,11.8875,8.40125,9.74058,2.33278,272.10975,353.58025,422.8205
4,20.25,1.185925,-0.97,6.4932,0.4055,2.37625,-28.8775,0,0,9.95,74.575,5.6075,91.171,-1.23925,10.99625,8.339,8.93083,2.2858475,284.61425,349.29475,423.2185
4,20.75,0.68755175,-2.13866,6.52,0.367,2.414,-27.7475,0,0,9.4280025,75.6,4.9275,91.17475,-2.1735,10.41875,8.245,8.41917,2.29237,275.8215,345.69,423.6045
4,21.25,1.4582,-1.114015,5.2175,0.35625,1.975,-30.15,0,0,9.016,75.8,4.4975,91.1744,-2.53925,9.86875,8.1165,8.632665,2.522485,284.965,343.833,425.126
4,21.75,1.0259925,-1.065,5.205,0.327,2.229775,-29.27632475,0,0,8.3,76.471675,4.06,91.1928,-3.08575,9.2525,8.044,7.98772,2.588395,272.55725,340.16675,425.14525
4,22.25,0.9966995,-2.2,5.02596,0.29725,2.03878,-28.1,0,0,7.75,77.6,3.775,91.2,-3.49075,8.735,8.02775,7.60745,2.289745,268.8715,339.038,426.04
4,22.75,0.887,0.41,5.4697,0.34161,2.198,-25.5125,0,0,7.2325,77.875,3.37,91.18835,-3.78325,8.27,7.987,7.210975,2.4071375,268.946,337.80925,427.60525
4,23.25,1.2155,0.63,5.4893,0.3115,2.37014,-28.8425,0,0,6.956825,78.925,3.2000775,91.25335,-4.1895,7.93125,7.97875,6.688265,2.684665,270.304,336.87775,429.19125
4,23.75,1.3599125,-2.98,4.24,0.2825,2.14525,-28.285,0,0,6.20575,80.425,2.895,91.18525,-4.59525,7.69125,7.90975,6.2698075,2.25678,269.42425,336.42525,429.0025
5,0.25,2.21099,-2.88362,10.87,0.32796275,2.2105,-26.4675,0,0,10.133525,81.35,3.83,90.95875,-4.5785,11.03625,11.9895,10.86895,2.7130825,286.41925,356.159,427.88425
5,0.75,1.57569,-2.7711,8.64354,0.331247,2.182,-25.0225,0,0,9.5977525,83.525,3.76,91,-4.65,10.7275,11.91525,9.8164975,2.9164025,288.90575,353.0785,431.1355
5,1.25,1.028,0.6675,4.38,0.3035,2.176,-25.51,0,0,9.5268325,83.775,3.63,90.986425,-4.85175,10.52625,11.87825,9.470155,2.886875,290.09325,350.54775,433.209
5,1.75,2.331,-3.1708875,10.405,0.31775,2.2825,-23.78,0,0,8.88497,85.5,3.175,91,-4.79075,10.36875,11.5265,8.9145,2.561635,292.7135,349.27,432.8495
5,2.25,1.967,1.4225,6.4315125,0.3247385,2.2735,-21.73,0,0,8.25397,86.5,3.00823,91,-4.84325,10.28625,11.66875,8.2329,2.44382,288.265,349.7485,435.6985
5,2.75,2.8910175,0.856491,3.99199,0.326,2.216,-19.93,0,0,8,87.7,2.71081,90.9505,-4.837,10.2175,11.616,7.88185,2.47862,287.9135,348.5,438.481
5,3.25,1.375,-0.0325,7.31537,0.356,2.162,-19.19,0,0,7.94,90.7,2.61,90.9474,-4.9535,9.92125,11.51575,7.46173,2.64775,296.393,346.95,441.159
5,3.75,1.31122,-0.01,12.4607,0.314,2.312,-19.525,0,0,7.97,89.5,2.575,90.940925,-5.1425,9.6475,11.402,7.3747525,2.7868275,293.55925,346.4585,441.23325
5,4.25,2.128015,3.21559,19.5569,0.343,2.0875,-17.73,1.169,0,7.82,90.1,2.625,90.9369,-4.9225,9.55625,11.20375,7.066435,2.654985,283.6585,344.635,443.3505
5,4.75,1.345,3.245,25.52,0.3305,2.15936,-13.96,20.16,7.8777,7.47,90.45,2.5617025,90.97945,-5.16075,9.6625,10.9355,6.99157,3.44083,286.527,346.237,447.512
5,5.25,0.5160045,9.62,20.8125,0.28411,2.009,0.45675,62.583275,29.9275,7.26,91.475,2.57098,90.98215,-5.40875,9.56375,10.8445,6.5983725,5.519965,297.82425,343.32025,446.90875
5,5.75,0.392,35.13,37.0275,0.2913775,2.00443,21.71977,117.8,53.55,7.46,92.6,2.58478,90.9963,-4.4785,9.56625,10.572,6.33088,6.95755,302.97,343.1735,447.581
5,6.25,0.12775,60.335,57.3875,0.3105,1.863,44.23,174.217,87.4,7.18,90.6,2.715,90.9976,-3.5455,9.795,10.58125,6.12372,9.019035,288.9665,342.27,440.3125
5,6.75,0.22,87.86,97.7325,0.342,1.96781,108.6,395,191.053,7.71,87.5,2.96,91.0096,-2.00825,9.97625,10.442,7.01658,23.90665,288.9185,344.335,438.4455
5,7.25,-0.7795,124.047,94.74,0.452,2.14875,255,750,412.07,9.0558,81.5,3.8625,91.0118,-1.093,10.3625,9.87775,8.562235,54.84965,293.3785,358.6865,432.476
5,7.75,-0.7987035,163.97,101.51,0.471,2.24355,318.8,936,509.457,10.98,74.5,4.93,91.0233,0.7695,10.8975,9.6365,10.9335,58.95265,293.335,372.2565,426.597
5,8.25,-2.809,238.1325,155.0515,0.556,2.4415,392.7,1144,605.3,12.2983,71.9,6.16,91.0467,3.4525,11.915,9.513,12.7853,66.31765,299.4985,385.152,424.8375
5,8.75,-4.34775,253.856,152.23,0.66396475,2.672,483.475,1331,688.265,13.47,69.36,7.66,91.021375,6.7655,12.89625,9.44825,13.322,71.91595,309.84225,389.78975,424.9035
5,9.25,-4.476,324.91025,166.165,0.61125,2.824,557.9,1474,767.547,14.15,66.38,8.8925,91.0204,10.05125,13.92625,9.695,14.8322,79.62835,310.1785,401.215,423.749
5,9.75,-4.5335,358.81,154.76,0.689,2.95275,618.744,1600,821.023,14.85,64.86,10.0125,91,13.12,15.335,9.87675,16.05435,84.62,310.583,410.6415,423.1875
5,10.25,-5.66775,423.738,160.227,0.7715,3.07525,667,1706,877.9335,15.57,62.585,10.9084,90.90845,20.16475,15.78,9.69975,16.278,86.6533,316.807,415.217,424.233
5,10.75,-5.8825,434.77275,169.527,0.8595,3.451,703.864525,1784.75,924.32525,16.705,59.9875,11.544275,90.9,22.44175,16.53375,9.70575,17.522075,88.489975,315.11075,423.76575,423.2345
5,11.25,-5.8925,461.79,170.1025,0.895141,3.483,732,1841.5,953.875,17.285,59.156325,12.5095,90.925875,20.7945,18.60875,9.68575,18.35735,87.7825,317.216,429.2665,423.3475
5,11.75,-5.428,422.5105,196.358,0.857,3.634,745.9123,1877,968.1665,17.68,58.265,13.32,90.90045,25.248,19.2625,9.891,19.273,87.1333,319.24,434.81,423.516
5,12.25,-5.345,427.0565,169.835,0.9086155,3.70875,749.5,1881.5,968.6,17.78,57.775,13.87,90.9,28.06375,18.77125,10.322,19.6297,85.2167,324.01,438.51,423.343
5,12.75,-4.6271125,416.05675,170.13325,0.888,3.74275,739.226,1861,953.7,18.14,56.76,14.28,90.9,27.51575,19.6175,10.5305,20.196,90.928,325.01,441.5685,423.338
5,13.25,-4.40493,384.5175,145.32,0.9171315,3.792,717.93015,1813,927.5,18.305,57.535,14.77575,90.9,27.2045,20.70375,10.60325,20.122,91.6767,329.037,439.123,423.687
5,13.75,-4.6315,380.942,132.33025,0.9365,3.762,683.68275,1750.75,891.342,18.605,57.075,15.2825,90.9,30.50975,22.15125,10.82375,20.403325,90.6225,329.15925,440.2335,423.324
5,14.25,-4.380825,345.4635,128.899,0.91,3.824,640.26185,1649.25,842.85825,18.835575,55.91,14.9575,90.9,37.68225,23.06625,11.1315,20.56565,87.982475,334.058,438.43575,423.3675
5,14.75,-4.306,327.88,127.794,0.91475,3.786,596.060575,1544.75,790.52475,19.1025,57.6975,15.4275,90.9,40.1805,24.42125,11.279,20.609025,82.140575,330.252,436.637,422.9365
5,15.25,-4.0085,272.9895,100.45575,0.89625,3.6415,535.55,1409,721.0785,19.145,57.29,15.18105,90.80425,31.53625,24.43625,11.61825,20.1517,75.9343,328.817,429.667,422.831
5,15.75,-3.76675,261.9185,104.58,0.8808195,3.74325,467.15,1248.5,643.2685,18.98785,56.82,14.745,90.8505,23.973,23.70375,11.87575,19.6237,67.0427,325.127,425.14,422.504
5,16.25,-3.165355,198.89525,85.4,0.873,3.556,386.9,1071,550.17925,19.0612,59.1175,14.675,90.87525,21.87125,24.1975,12.225,19.620925,57.36795,327.5595,423.35275,421.826
5,16.75,-2.721595,184.306,78.970075,0.855441,3.554,310.575,888.75,456.6075,18.521075,60.5,14.3625,90.801,16.4425,22.38125,12.3695,19.458925,49.39495,326.81775,419.6645,422.16825
5,17.25,-2.8870225,110.0435,68.832325,0.761,3.416165,220.9,674.4,353.94825,17.9825,60.865,13.71,90.9,9.918,20.515,12.46925,18.8971,42.470675,322.7365,413.941,421.79
5,17.75,-1.5635,70.26655,43.2078,0.749092,3.2605,138.95,471.375,259.81075,17.5125,62.125,12.781975,90.8382,6.10575,19.09875,12.5595,18.607225,33.807475,322.23225,409.75225,421.45425
5,18.25,-1.145095,33.7511,34.0755,0.692,3.044,70.175,307.979,172.2925,16.8175,63.605,11.7025,90.9,4.44325,18.09625,12.57525,18.216,24.855675,320.70825,404.9865,421.628
5,18.75,0.0980441,3.4245775,25.1974,0.5555,2.733,5.325,129.9,66.8147,15.86,66.72,10.33,90.9,3.21225,17.195,12.652,17.35865,15.1405,314.748,397.945,422.1845
5,19.25,0.679984,-0.810709,11.8566,0.48352575,2.3890875,-22.78347,34.8,15.45,15.01,69.56,8.95,90.9,1.1325,16.335,12.7685,16.44665,3.86247,315.21,391.1715,422.5715
5,19.75,1.332175,-3.3169225,17.4375,0.448102,2.290345,-31.3925,3.3455,0.54975,14.32275,70.325,8.3525,90.9,-0.536,15.51625,12.76175,15.857825,2.77967,311.4475,387.108,422.74325
5,20.25,1.4284925,-0.40526275,6.1469325,0.423,2.3345,-34.7475,0,0,13.955,71.075,7.6,90.9016,-1.47675,14.5825,12.66875,15.24265,2.9388025,306.2025,381.347,423.7965
5,20.75,1.4484575,0.0625279,6.2675,0.346,2.259335,-33.195,0,0,13.265,73.2,7.105,90.9475,-2.3205,13.79375,12.51325,14.811775,3.3548475,304.74425,379.87475,424.46525
5,21.25,1.57275,-0.8625,11.613775,0.349,2.204,-28.6425,0,0,12.9575,74.45,6.510795,90.952525,-2.49125,13.1275,12.42625,14.24845,3.23246,301.404,379.48325,424.46625
5,21.75,1.755035,-4.637145,7.47796,0.3265,2.11775,-29.85,0,0,12.64,74.7,5.915,91,-3.28425,12.69875,12.33875,14.07735,2.9431,302.285,374.8135,425.133
5,22.25,1.469,-4.62659,7.12991,0.338,2.1760425,-25.99,0,0,12.27,76.5,5.57,90.9523,-3.641,12.30375,12.29225,13.476,3.233385,299.8,370.2785,426.258
5,22.75,1.413025,-5.80537,6.42036,0.338,2.23825,-28.47,0,0,11.56,77,5.19,91,-4.13075,11.97375,12.236,12.937,2.8592,298.19,366.4215,426.4635
5,23.25,1.347275,-0.97845,11.7,0.3255,2.134,-30.57,0,0,11.19,78.9,4.74074,91,-3.86675,11.74,12.137,12.25915,2.79582,292.8185,363.628,427.3915
5,23.75,1.67206,-2.64938,4.384265,0.31175,2.1735,-29.1025,0,0,10.753325,80.351775,4.14,90.964975,-4.267,11.39375,12.0735,11.3951,2.7994225,291.884,360.71425,426.162
6,0.25,2.45065,1.9575,3.238845,0.296,2.0875,-41.645,0,0,13.2,75.151,5.8775,90.9629,-3.182,13.0475,14.912,14.429,2.8844,309.707,376.417,444.076
6,0.75,1.88675,0.88058,4.188445,0.264,2.04,-42.05,0,0,12.815,76.55,5.2675,90.9522,-3.7875,12.38625,14.60425,14.2147,2.99167,310.993,374.487,442.492
6,1.25,2.52625,-0.016879,4.50002,0.259,1.92425,-39.7275,0,0,12.506025,77.775,4.9,90.97895,-4.32475,12.00875,14.458,13.27945,3.0186575,316.058,374.39275,445.783
6,1.75,2.30713,2.1435125,1.9540375,0.264,2.028,-36.705,0,0,12.02415,79.05,4.5025,90.95635,-4.8665,11.55,14.40875,13.0183,3.25497,317.247,373.123,453.543
6,2.25,2.45775,0.127725,1.626775,0.261,2.097,-31.646135,0,0,11.484,81.5,4.25,90.9529,-5.45075,11.15875,14.35125,12.1743,2.5155,313.54,371.843,456.951
6,2.75,2.01586,0.917393,1.77,0.271,2.0785175,-28.437175,0,0,11.130775,82.375,4.025,90.980275,-5.88675,10.87,14.28125,12.178525,3.00682,304.738,366.61575,463.8565
6,3.25,1.5340475,2.3259625,2.520775,0.250116,2.082015,-31.66,0,0,11.04,84.44835,3.915,90.96545,-6.28075,10.5725,14.2495,11.92,2.97247,300.567,364.59,459.683
6,3.75,2.041895,5.878305,4.3698725,0.24,1.857,-27.94,0,0,10.4077,87.1,3.73,91,-6.65925,10.42375,14.14225,11.6938,2.580865,293.3465,365.91,458.0285
6,4.25,0.951,3.09298,3.8808125,0.2199775,1.92058,-26.53,5.906,1.8,9.99067,88.5,3.54,91,-6.98375,9.9875,14.02525,11.00365,3.092865,292.215,364.4,465.4885
6,4.75,1.2701225,7.96561,8.8825,0.228052,1.78325,-13.2275,37.305,11.5775,9.8490025,90,3.41,90.99055,-7.14175,9.63,13.93525,10.675025,4.2396775,295.40725,363.69225,475.2755
6,5.25,1.04025,25.02,22.4635,0.227,1.8537775,2.273,81.025,34.700575,9.6518325,90.847475,3.35,90.997925,-6.77825,9.80625,13.67,10.981825,6.121635,297.75225,363.51225,466.57875
6,5.75,0.76943175,60.68,50.2925,0.261,1.8395,15.875,130.2725,58.001275,9.74,90.2,3.455,91,-6.05475,9.995,13.3315,10.467,7.3063325,299.90525,364.66175,459.73575
6,6.25,0.541049,106.875,61.675075,0.20375,1.8955,41.675,196.975,84.300175,10.065,88.825,3.7475,91.006375,-4.843,9.78375,13.18725,11.1221,9.3077675,296.534,366.496,451.2615
6,6.75,0.715,122.175,65.925,0.26336275,1.8579025,190.925,619.9,311.8835,11.257425,79.8,4.555,91.01425,-4.04475,10.00625,13.11375,11.8173,40.055875,300.487,370.3545,449.502
6,7.25,-0.67125,143.47,106.83275,0.343,1.9025,290.1,879,448.9165,13.285,73.44615,6.33,91.003,-1.54925,11.3425,12.54275,13.1823,57.8037,307.643,383.13,446.481
6,7.75,-2.007985,217.49,123.336,0.42825,2.228,355.85,1056,548.727,15.01435,65.855,8.465,91,1.1515,11.95625,11.965,15.6897,62.6437,313.063,398.59,431.413
6,8.25,-3.253,282.53,155.6,0.473,2.178,427.25,1232.5,638.11,16.43565,62.0015,9.881955,91,3.92825,13.34625,11.4065,17.8613,66.2937,310.917,411.663,423.026
6,8.75,-4.476,281.17,152.42,0.529,2.228,523.9,1400,719,17.45,58.475,11.725,91.00355,6.132,14.75375,11.2125,18.4877,72.6823,315.523,417.183,421.036
6,9.25,-4.7855,303.15,169.104,0.549,2.552,588.31635,1544,793.0815,18.425,55.755,13.33205,90.98715,7.44775,15.9395,11.393,19.2637,79.7437,319.207,425.727,420.521
6,9.75,-4.5435,346.44125,199.27,0.6105,2.70488,648.374975,1668.25,853.82525,19.54,54.0805,14.808475,90.954275,10.61575,17.87625,11.47675,20.11735,85.29335,326.3695,433.4385,419.785
6,10.25,-4.9442625,385.8775,193.65175,0.67875,2.82975,693.321675,1770,907.41675,20.2725,52.0975,16.2025,90.92075,13.8185,19.36625,11.8445,20.6118,88.181425,330.73275,438.99575,419.6825
6,10.75,-4.5895,379,194.135,0.7135,2.9715,730.25,1845.25,941.75025,20.774,49.59,17.11335,90.9237,18.21875,21.31625,12.159,21.0938,88.784975,331.6765,444.564,419.47675
6,11.25,-4.69375,404.72675,202.6225,0.755,3.2375,760.25,1909,966.14175,21.4275,48.27,17.932225,90.93,17.98875,22.265,12.3315,22.2155,86.674175,335.319,452.88675,419.32
6,11.75,-4.668,441.91,230.86975,0.812,3.26857,777.109975,1945.5,988,21.84,47.1775,19.185,90.9213,20.02575,24.9475,12.49275,22.794,86.103325,336.035,457.09575,419.8055
6,12.25,-3.7625,407.25275,203.01075,0.826,3.464,780.987775,1960,994.25,22.229275,47.455,20.2721,90.89535,21.8625,24.04,12.6195,23.53935,85.7092,340.63025,462.0535,420.2955
6,12.75,-3.65116,429.907,199.777,0.87625,3.4686275,773,1943,983.5,22.524,45.7,20.635,90.8738,21.4,24.4225,12.881,24.264,92.6067,340.593,466.173,419.098
6,13.25,-3.18787,431.021,195.36,0.88375,3.51875,758.5,1904,956.7665,22.8025,46.08,21.189,90.85895,27.687,28.25625,13.0465,24.9897,92.4953,343.69,469.3,419.627
6,13.75,-3.32125,399.678,177.56,0.843342,3.6905,733,1854.5,930,23.10865,45.67,21.58,90.8505,36.14,29.10625,13.23975,25.5617,92.0267,343.83,471.493,419.282
6,14.25,-3.24575,384.62,189.21,0.85175,3.5855,687.35,1764.5,878.05,23.379,45.51,21.92,90.8505,38.88625,29.945,13.54225,25.7893,89.4867,348.263,471.167,419.493
6,14.75,-2.8275,335.47625,146.52725,0.892,3.7245,634.4,1644.5,824.88525,23.38875,45.3125,22.0525,90.862725,40.07,33.11375,13.79225,26.081775,83.70335,347.653,465.252,418.872
6,15.25,-3.362245,297.829,125.7805,0.892,3.657,570.835025,1509.25,754.29,23.72,47.3375,22.047225,90.844875,39.89625,30.96375,13.89475,26.030825,75.611025,348.891,466.61275,418.4735
6,15.75,-2.337,223.704,104.737,0.8525,3.556,513.8,1361.5,681.5165,23.55085,48.50485,21.42965,90.801,36.735,33.44625,14.0695,25.8607,68.9373,348.527,462.367,418.75
6,16.25,-2.41925,238.90125,106.5045,0.87575,3.592,438.8,1190,597.3635,23.40365,48.805,20.8834,90.86795,35.02,34.0425,14.34225,25.695,60.81,350.33,460.513,417.729
6,16.75,-2.169,187.0345,112.003,0.831,3.5505,366.3,1016.5,512.65,23.237,49.57,20.735,90.86675,22.66875,30.2025,14.92225,25.603,53.1173,352.23,456.05,418.044
6,17.25,-1.8065,178.65875,99.675375,0.81275,3.504,283.9,820,416.6735,23.08085,50.81,20.045,90.8113,15.8525,27.54,15.3905,25.1373,46.6007,350.173,449.84,418.204
6,17.75,-1.418565,118.3155,82.737575,0.756,3.2075,198.65,626.5,320.2635,22.77665,53.675,19.255,90.9,11.23625,25.81125,15.60375,24.7933,38.733,347.447,444.823,418.329
6,18.25,-0.7195,55.33415,66.56875,0.716022,3.0695,125.90285,442.5,231.55,21.795,55.38,17.695,90.9,9.21125,24.3525,15.62675,24.3623,32.0063,345.057,439.257,418.331
6,18.75,-0.195,21.591675,45.36675,0.661,2.82439,48.5375,244.45,145.60275,21.062825,58.126675,16.665,90.9,6.5255,23.5125,15.752,23.68675,22.37855,344.633,434.53225,418.4025
6,19.25,0.65075,4.35441,27.27905,0.60618825,2.5965,-12.3031975,94.1,53.2175,20.187925,60.4875,15.1875,90.9,4.75675,22.38125,15.79525,22.73705,13.476175,341.75225,428.856,419.5005
6,19.75,1.834,-3.4012825,15.338,0.523157,2.463165,-40.005,20.225,7.495,19.12965,63.92,13.24,90.9,2.4695,21.05375,16.06425,21.5473,2.86757,339.05,420.747,419.97
6,20.25,2.019875,-2.4984025,9.36173,0.489649,2.42075,-47.7275,1.42225,0,18.18,65.14575,11.9575,90.9,0.95375,19.84875,16.1365,21.16075,2.8181075,331.48575,415.03175,421.21325
6,20.75,2.411,-4.367125,8.186525,0.415,2.24585,-48.54,0,0,17.57,65.99,11.175,90.95,0.3755,18.77625,16.091,20.4623,2.82383,328.55,408.993,422.989
6,21.25,2.224,-0.68139875,6.72065,0.362,2.1385,-48.96,0,0,16.9475,67.415,10.0016775,91,-0.39425,17.60125,15.85725,19.86275,3.0639775,324.67075,404.2705,424.24425
6,21.75,2.138,-3.320355,4.099145,0.299497,2.29978,-46.33,0,0,16.24,68.41885,9.10915,91,-0.84325,16.73125,15.6725,18.824,3.23093,327.527,400.017,424.714
6,22.25,1.6145875,2.0225,2.5732075,0.3155,2.1795,-45.345,0,0,15.463,70.15165,8.555,91,-1.42875,15.935,15.6,17.8873,2.9949,322.593,394.01,427.226
6,22.75,2.06582,0.452445,2.4789725,0.308953,2.18511,-45.595,0,0,15.03,71.2,7.5,91,-1.9115,15.1375,15.08475,16.8717,2.92623,318.183,389.363,429.341
6,23.25,2.408,-2.82208,1.8675,0.2935,2.3855,-44.81,0,0,14.345,72.5,7.01,90.9486,-2.50275,14.40375,14.918,16.254,3.2157,316.91,385.1,434.283
6,23.75,2.128,1.4425,2.2986925,0.265519,2.01503,-44.8,0,0,13.785,73.16935,6.295,90.93075,-2.8845,13.8125,14.99225,15.253,3.06507,315.357,379.18,437.426
7,0.25,2.279,0.36335,1.695,0.2645,1.96675,-49.98,0,0,17.771525,71.442,9.345,91,-3.518,15.4725,16.456,20.2841,2.9773075,326.951,405.5335,442.17375
7,0.75,2.0556725,3.2075,2.83,0.261053,1.9477825,-48.05,0,0,16.915,72.9,8.44,91,-3.834,15.1775,16.369,19.729075,2.7939925,324.98675,400.18025,449.677
7,1.25,2.52,2.3077675,2.436005,0.19348,1.84734,-44.14,0,0,16.4975,74.3,7.8375,91,-4.06825,14.71375,16.26225,18.955525,2.989965,323.60025,395.8495,451.55325
7,1.75,2.86866,1.4775,2.4475,0.226,1.81843,-43.399035,0,0,15.7825,75.6,6.7575,91,-4.49,14.32625,16.04475,18.46225,3.18284,320.8705,392.23925,456.51025
7,2.25,2.6036,3.0977975,2.42382,0.1834975,1.78825,-43.925,0,0,15.044225,76.4965,5.896165,91.009225,-4.918,13.965,16.015,18.0775,2.83111,318.94675,389.86325,465.9705
7,2.75,1.90801,3.46,5.158295,0.1675,1.82825,-42.92025,0,0,14.524975,79.8,5.52,91.016625,-5.32175,13.49,15.871,17.3348,3.0198825,311.96475,387.372,464.57925
7,3.25,2.7214125,3.247445,3.6909125,0.1515,1.80425,-37.04,0,0,14.19875,80.553475,5.10072,91.019825,-5.89275,12.9425,15.7555,17.0785,2.8439425,314.44275,386.5125,468.72275
7,3.75,2.34934,2.9558875,3.331595,0.1275,1.79275,-35.685,0,0,13.8675,83.579175,4.87013,91.03035,-6.015,12.34125,15.76025,16.5925,3.207605,314.4465,382.8725,469.40875
7,4.25,1.79625,5.509355,5.8731775,0.1535075,1.782,-31.9,2.3331175,0.24435,13.4255,85.43,4.7,91.044825,-6.216,11.8475,15.65,16.548525,3.0378575,312.85925,381.132,480.46525
7,4.75,1.747,17.753375,21.1575,0.161442,1.824,-25.45,24.96475,7.4237825,13.1775,87.475,4.25,91.060725,-6.471,11.4475,15.5745,14.6176,4.33204,309.62725,375.7475,472.26375
7,5.25,1.0945,44.3325,38.77,0.144,1.80401,-9.485185,61.755,19.976325,12.731575,87.975,4.18,91.06605,-6.512,11.12375,15.48525,14.7555,4.841325,308.194,373.03275,477.23875
7,5.75,1.336685,95.8975,60.4425,0.136542,1.699,3.606,96.575,41.544825,12.5975,90.25,4.383135,91.075675,-6.10375,10.94,15.3215,14.274975,6.33419,308.31275,371.8635,482.0865
7,6.25,0.661,117.16,83.3675,0.12954925,1.72982,13.9475,132.475,56.6695,12.8625,88.8,4.557225,91.0828,-5.454,10.8225,15.125,13.93095,8.1923,304.4695,373.163,464.249
7,6.75,0.9355,173.425,115.915,0.137,1.6785,134.6,459.15,202.02375,13.9675,83.475,5.37,91.08295,-4.64675,11.07,14.9395,15.033,28.727575,306.794,378.969,469.03
7,7.25,1.838705,152.585,116.7375,0.22,1.286315,279.791075,828.75,405.9735,15.554025,73.6,7.25,91.078225,-2.14575,12.25625,14.63575,15.9983,56.85805,309.18025,394.7345,465.851
7,7.75,0.273,191.827,149.28625,0.308,1.0375825,336.5,987.5,493.76925,17.51,66.3725,9.45,91.069025,-0.28375,13.1525,14.13575,18.004275,60.63905,314.53775,411.067,455.35375
7,8.25,-1.7778,253.22,153.415,0.349998,1.183245,412.25,1183.75,620.282,19.6875,61.735,11.8375,91.06955,2.07125,14.505,13.7115,20.577925,65.419325,322.34825,428.2705,445.81325
7,8.75,-3.123,266.7635,205.9125,0.367,1.58875,482.275,1352.5,701.6375,21.722425,55.442925,15.1425,91.065475,5.76375,15.90625,13.225,23.1708,71.33595,330.2475,443.11575,433.7805
7,9.25,-3.412,307.13375,238.37025,0.416,1.59,561.115,1502,773.5575,23.3825,50.8775,18.62945,91.012025,7.078,17.83875,13.00525,24.9667,77.0791,335.45825,455.9725,426.17625
7,9.75,-3.64476,357.0325,256.639,0.49,1.806,620.2,1624,835.68325,24.46,46.79,21.54,91.020175,10.2185,20.47875,13.072,26.2956,82.52915,342.9205,466.48325,420.436
7,10.25,-4.772,327.842,222.0525,0.483,2.062,666.55,1727,887.05,25.41815,44.34715,23.53,91.0142,15.35825,21.4,13.2825,27.6043,86.6967,345.363,478.393,420.008
7,10.75,-4.17468,368.465,208.5,0.557917,2.3645,708.5,1819.5,929.8335,26.655,41.86,26.175,90.9772,21.62575,22.5925,13.62725,28.796,88.8167,353.943,487.637,419.144
7,11.25,-3.8735,355.6085,240.3875,0.647,2.6925,742.292725,1889,956.71675,27.2928,38.535,28.2575,90.988075,17.892,24.25375,13.5985,29.1907,87.350025,357.51325,491.87075,419.0755
7,11.75,-3.637,419.17325,251.313,0.72624725,2.92325,762,1926.75,974.30825,27.811925,37.8975,29.0625,90.98625,19.691,28.0275,13.5615,29.95245,85.55,360.5425,498.73075,419.24325
7,12.25,-2.522,385.097,226.48425,0.72321175,3.0385,765,1927.75,974.62475,28.305,37,30.675,90.9992,27.69375,26.8325,13.757,30.639425,83.437525,365.2295,503.30475,418.7715
7,12.75,-1.8755,389.9285,229.09975,0.822,3.18725,766,1925.75,967.5,28.9875,35.9025,31.8375,90.954975,23.14925,26.39375,14.00875,31.205175,90.102475,369.555,508.74175,418.7005
7,13.25,-1.216785,362.64475,237.82925,0.796,3.281455,745.75,1884.5,946.75,29.205,36.7775,33.02,90.9264,24.87225,29.4175,14.16425,31.7598,90.87,368.00425,509.504,420.18875
7,13.75,-1.659375,358.84825,267.52175,0.8275,3.39475,720,1830.5,908.95025,29.679575,35.2625,33.9225,90.9142,23.75725,31.40875,14.391,32.191925,90.409975,366.0385,511.10525,419.52775
7,14.25,-1.3635,285.441,213.32025,0.82,3.24775,686.238475,1757,871.99175,30.12,34.61175,34.7225,90.902175,30.8255,33.149,14.4145,32.7594,89.6533,367.15025,511.397,420.07
7,14.75,-1.221285,300.292,206.896,0.83,3.3865625,632.675,1632.5,814.935,30.170025,34.8025,34.4175,90.9,34.9685,35.1875,14.58175,33.27395,83.091675,369.475,511.603,419.1005
7,15.25,-1.356,265.4955,167.06925,0.87,3.332,578.95,1494.75,750.15975,30.213225,36.165,33.8621,90.9,30.1825,36.2075,14.821,32.907025,75.652025,371.31525,506.8805,418.70825
7,15.75,-1.3365,233.73,202.87075,0.85,3.35725,509.5,1356.25,672.43825,29.91,37.325,34.0725,90.903375,23.66975,35.5775,15.239,32.942775,69.1097,371.965,505.071,418.708
7,16.25,-1.27099,198.4055,168.38525,0.81,3.4906375,437.7,1182.5,588.7975,29.6105,37.255,32.6425,90.90555,21.83875,35.7275,15.706,32.89355,60.20045,371.16075,501.68025,418.04875
7,16.75,-0.5885,132.764,145.121,0.803503,3.3415,361.325,1008.5,499.0975,29.22375,38.9275,31.611625,90.901725,20.372,35.76875,15.99475,32.790825,51.7559,368.3845,497.844,418.34725
7,17.25,-0.895,110.21575,113.00525,0.8035,3.2930925,280.25,822.5,407.105,28.879575,40.495,30.92,90.90075,16.0125,31.7075,16.52475,32.621775,45.6991,365.0435,493.16425,418.98975
7,17.75,-0.09325,68.192,87.11505,0.73075,3.00025,193.375,619.6,312.91775,28.072225,42.51,28.875,90.9,12.41075,29.33375,16.99175,32.048075,37.60335,360.40225,486.58525,419.177
7,18.25,0.05,30.981525,68.7258,0.697,2.8867675,116.7,433.825,226.08575,27.362525,44.1525,26.785,90.9219,9.69,27.3225,17.256,31.4406,31.1074,357.143,479.598,419.069
7,18.75,0.422,11.846325,47.8584,0.636,2.9245,42.96,257.20525,142.73425,26.51,47.6,24.385,90.92865,7.61125,26.01125,17.33175,30.593275,21.822475,356.3145,471.769,419.029
7,19.25,1.335,-3.145,27.5675,0.55725,2.4675,-19.025,89.7,46.918625,25.7025,51.244725,22.513375,90.9657,5.671,25.10125,17.3935,29.560775,13.38245,354.2195,461.982,419.51725
7,19.75,1.58138,-2.2755,10.99235,0.4585,2.19125,-48.845,19.199675,5.979,24.6175,56.0195,19.9725,90.975125,3.80925,23.645,17.43725,28.222075,3.268605,351.49975,452.27675,419.416
7,20.25,2.3428875,-1.6471325,7.455,0.3821235,2.2742325,-55.265,1.0444825,0,23.545,58,19.2825,90.987625,2.5215,22.3875,17.5055,27.11115,3.4772325,347.52325,443.859,420.013
7,20.75,2.7755,-1.775,4.323505,0.36475,2.16375,-54.65,0,0,22.545,59.1125,17.394775,91.00075,1.0225,21.23,17.5105,25.98885,3.360325,344.13175,437.6775,425.07775
7,21.25,2.06278,-3.985,4.6972325,0.29834825,2.1395,-55.305,0,0,21.7525,61.185,15.7825,91.015075,0.1085,20.13125,17.205,24.950675,3.3688025,341.29825,430.54725,426.028
7,21.75,2.684,-1.3425,6.303765,0.27840375,2.201285,-54.63,0,0,21.23,62.15,14.735,91.011325,-0.62375,19.17,17.2315,23.877,3.506735,339.45975,423.08825,428.64575
7,22.25,2.08677,1.09,3.6,0.287109,2.28025,-53.03,0,0,20.680675,64.2125,13.4325,91.008175,-1.36125,18.45125,16.90325,23.0386,3.3567975,336.15725,419.40275,428.47
7,22.75,1.997,-1.18,5.09931,0.3105,2.39522,-52.02,0,0,19.9275,67.0175,12.537875,91.00255,-1.88925,17.875,16.8195,22.4586,3.169965,332.1815,415.56275,430.6655
7,23.25,2.40682,0.13554425,1.4223625,0.29925,2.41925,-51.095,0,0,19.316,68.434425,11.62,91,-2.2565,17.1625,16.88,21.400725,2.842075,328.618,413.699,434.53475
7,23.75,3.206065,0.045,4.28,0.292,2.2751125,-50.1025,0,0,18.404,69.791975,10.39,91.011625,-2.69,16.4525,16.70125,20.9745,2.84122,332.924,408.12425,440.55275
8,0.25,2.8935,0.187203,4.5105275,0.3050055,2.13725,-47.74205,0,0,18.044075,73.55,9.23,90.9896,-2.7495,17.9,17.6035,18.245025,2.429,342.5565,397.50275,435.99125
8,0.75,2.53675,3.4175,2.0015425,0.255901,1.909045,-47.6675,0,0,17.315,75.34935,8.555,90.9975,-3.04425,17.3125,17.5145,17.8397,2.56803,336.6465,396.987,440.571
8,1.25,2.579855,0.74,3.168245,0.22219375,1.8885,-47.115,0,0,16.454825,76.649275,7.54,90.9986,-3.385,16.76,17.394,17.6845,2.693995,335.0015,396.95225,441.536
8,1.75,2.55875,3.95878,2.9327625,0.238946,1.90175,-46.13,0,0,15.928775,78.048975,6.6575,90.997025,-3.7625,16.1475,17.3095,16.8963,2.8033825,326.9535,394.71,441.579
8,2.25,2.39325,1.371685,2.34,0.184183,1.79118,-45.93,0,0,15.46,81.5,6.2761575,90.9966,-4.18975,15.565,17.1575,16.73335,2.710335,322.107,390.96,443.6595
8,2.75,3.0424425,0.62,2.36,0.158,1.831,-43.8925,0,0,14.66,81.6,5.67586,90.9938,-4.632,15.06875,17.05975,16.2035,2.61815,323.4655,388.785,450.673
8,3.25,3.106,3.358285,4.352715,0.1811565,1.78607,-41.9575,0,0,14.2465,84.5,5.3325,90.9789,-4.9275,14.4375,17.00775,15.8943,2.5779,328.69225,388.517,455.258
8,3.75,2.27,5.191525,3.94663,0.15475,1.80075,-40.16,0,0,14.07,85.906775,5.185,90.990575,-5.264,13.83625,16.938,15.420825,2.63294,327.25,384.08975,464.806
8,4.25,4.575995,3.105,5.153445,0.16625,1.74525,-38.385,0,0,13.5325,87.025,5.12,90.994325,-5.50175,13.32875,16.88675,15.061075,2.564715,326.5085,383.785,462.767
8,4.75,2.40125,4.095135,8.68,0.1385,1.7625,-36.765,2.341535,0,13.065,89.75,4.74406,90.9976,-5.9085,12.83125,16.77025,14.7487,2.32827,325.2245,381.887,465.635
8,5.25,1.994,18.6675,18.1625,0.13675,1.722605,-26.53,26.3175,8.4675,12.8425,90.275,4.35392,90.999375,-6.14375,12.40125,16.652,14.63145,3.61958,324.193,381.01575,464.3405
8,5.75,1.48825,56.16,46.4,0.132,1.709,-11.956,65.24,24.2833,12.54,92.9,4.155,91,-6.244,12.08,16.5065,14.5843,5.015665,324.375,381.155,470.9845
8,6.25,1.505,109.51,89.4725,0.12775,1.6495,3.562825,103.45,41.759525,12.8675,93.325,4.4090825,91,-6.19275,11.84625,16.35525,14.28195,7.0972925,326.323,381.26025,468.71575
8,6.75,1.415265,131.5625,100.8125,0.1350165,1.7185,16.021,140.575,63.8825,13.0475,92.175,4.7325,91,-5.9455,11.91875,16.19225,15.07625,10.67975,324.727,383.33525,464.26225
8,7.25,0.7255,183.355,117.85,0.17217575,1.603,156.243725,500.2,271.567,14.1,85.7,5.68,91,-5.2695,12.26625,15.96925,16.101,30.59925,327.5075,391.8835,459.971
8,7.75,0.7165,203.74475,123.4225,0.18333875,1.009,273.675,834,414.6235,16.24335,76.95,7.248835,91,-3.1035,13.565,15.58925,16.7557,50.2353,333.101,401,458.336
8,8.25,-1.06175,250.9,134.405,0.237,1.04775,343.7123,1001.8175,513.48525,18.415,69.705,9.695,91,0.29325,14.605,15.0595,18.13365,58.387775,336.0465,411.4205,446.07175
8,8.75,-1.828425,282.531,164.8,0.324,1.154105,421.8,1205.75,624.875,20.7375,61.991425,13.275225,91,5.1945,16.6625,14.48525,20.16505,64.87965,343.287,423.3285,434.099
8,9.25,-3.39,308.14,170.46,0.3535,1.30725,495.7,1365.75,700.2925,22.664,56.208475,16.8875,91,7.378,19.54,14.12425,22.140025,70.733275,349.1785,438.63575,420.12475
8,9.75,-4.86225,310.5675,159.931,0.393,1.52475,561.9,1506.75,772,23.9775,53.686075,19.66,91,9.64875,22.51125,14.033,23.302225,77.65585,351.4285,446.84975,416.4705
8,10.25,-4.758,368.50875,189.191,0.478,1.671,616.4,1618,830.44175,25.15,49.46,22.38,91,13.097,22.70125,14.09025,24.17,82.00855,362.417,455.04175,414.6945
8,10.75,-4.9595,319.5,190.7275,0.486,2.0483175,657.5975,1710.75,866,26.22,45.623675,25.0525,90.9949,14.72675,25.66875,14.174,24.855,82.8933,365.217,462.753,413.536
8,11.25,-4.81375,375.5165,174.46775,0.64333875,2.533,686.74,1772,895.24975,27.1,41.98,26.73,90.96355,17.1455,29.81625,14.14525,25.916075,83.809175,360.792,468.94475,412.39175
8,11.75,-4.148,359.08,209.257,0.668,2.6895,706,1804,916.1335,27.595,38.675,27.93065,90.93375,20.8475,32.5315,14.0835,26.7917,81.9957,373.763,475.933,412.69
8,12.25,-3.5545,352.81,205.05375,0.7485,2.9335,712,1815,920.6,28.2425,38.2925,29.495,90.91375,23.508,30.7925,14.40925,27.59795,79.1423,379.691,481.4695,412.811
8,12.75,-3.113,313.12,177.96,0.7262355,3.015,711,1803,913.467,28.78,36.48,31.44,90.9,23.061,29.96625,15.20175,28.15385,85.0433,381.1915,485.57,412.244
8,13.25,-2.513,287.838,162.865,0.75287625,3.048,690.9,1765,889,29.32,34.34,31.72,90.9,24.5795,32.577,15.66975,28.5288,85.36165,373.2835,485.3315,413.668
8,13.75,-2.59347,261.352,194.17,0.7997125,3.25,667.9,1704,858,29.51,34.49,32.56,90.9,22.62325,32.97875,15.9035,29.01,85.4807,372.687,488.5085,413.6815
8,14.25,-2.44125,227.997,150.456,0.84,3.239,626.8,1615,812,29.8,34.519,33.0473,90.9,27.3425,35.30875,16.28225,29.31935,84.2205,375.493,485.9585,413.7005
8,14.75,-1.96625,225.434,167.176,0.853,3.333,581.2,1502,760,29.83,34.55,33.42,90.8862,32.70075,36.745,16.4395,29.47685,78.09135,379.82,488.06,414.585
8,15.25,-2.1045,225.934,132.681,0.8390125,3.314,523,1378,687.913,30.01,36.119,33.06,90.9,31.42725,39.68,16.5475,30.017,71.85085,379.973,487.757,413.6545
8,15.75,-1.92525,178.2095,132.42925,0.799,3.2688425,454.625,1216.25,611.425,29.8045,37.44675,33.515,90.9,23.36325,37.58375,16.763,30.030825,62.39755,377.056,486.0765,411.91375
8,16.25,-2.213,165.80225,112.4365,0.79199,3.252,377.22,1041.6,523,29.51,38.27,32.54,90.9,19.39975,35.15,17.18975,29.55065,54.188,376.652,479.45,412.563
8,16.75,-2.1465,127.889,89.4878,0.77575,3.178,296.9,857,438.2,29.04,39.54,30.86,90.9,18.59375,35.6625,17.30275,29.32685,45.9045,371.17425,475.195,411.408
8,17.25,-1.564,89.94755,80.223875,0.731,3.164,210.75,662.9,332.1,28.53,41.44,28.77,90.9,16.40425,33.34,17.103,28.7665,35.34535,374.0635,469.185,411.297
8,17.75,-0.7616835,33.9969,66.4892,0.69275,2.88395,127.3025,469.2,235.21775,27.826,43.4,27.32555,90.882525,12.35625,31.0675,17.58275,28.3036,28.222475,368.3825,464.09025,411.87975
8,18.25,0.251,6.48,37.2375,0.6075,2.55,47.66875,276.757,143.5,27.05,45.54,25.55,90.8886,9.51025,29.20875,18.0895,27.59035,18.3465,361.055,457.4085,411.5415
8,18.75,0.8470065,-6.22324,15.14,0.54875,2.312,-16.69,117.5,65.02,26,50.63,23.77,90.9,7.34675,27.59875,18.29775,26.7385,10.2326,353.7715,450.63,412.3155
8,19.25,1.5933,-8.46214,7.2802475,0.464,2.17825,-54.702665,24.3773,7.6546,24.7225,54.8975,20.6575,90.89865,5.1755,25.97875,18.42675,25.46885,3.3989725,351.7375,440.9375,414.1205
8,19.75,2.06899,-4.6675,3.3475,0.38675,2.2075,-60.585,1.420625,0,23.7825,56.43,18.65,90.909,3.398,24.52875,18.4795,24.622175,2.6188725,351.332,433.85925,414.6665
8,20.25,1.9155,-6.405,2.5574075,0.310469,2.21625,-58.695,0,0,22.965,59.01,17.084025,90.946975,2.20925,23.23125,18.47425,23.627175,2.515655,350.8,429.977,415.89575
8,20.75,2.119,-1.745,2.4260325,0.32275,2.202,-58.485,0,0,22.3125,60.065,16.1582,90.9593,1.38725,22.20875,18.39,22.9501,2.56932,348.765,425.651,417.39125
8,21.25,2.15425,-6.95549,1.9675,0.30525,2.3855,-56.59,0,0,21.6975,61.4525,15.1925,90.95435,0.38825,21.505,18.3085,22.390225,2.78479,346.485,419.5115,418.53625
8,21.75,2.10391,-4.774535,1.7375,0.325038,2.45263,-54.315,0,0,21.2325,63.188675,14.35,90.952725,-0.3315,20.66875,18.19925,21.83055,2.6935925,336.8515,413.1275,418.753
8,22.25,2.255,-2.50283,2.60314,0.297,2.235,-53.515,0,0,20.75635,65.34,13.33,90.9478,-0.85275,20.04,18.03875,20.9687,2.5945,338.236,409.69,424.219
8,22.75,2.188855,-0.215,3.44756,0.281,2.203735,-51.63,0,0,20.243,67.085,12.245,90.9593,-1.3295,19.52875,17.889,20.474,2.70253,342.94675,407.993,425.235
8,23.25,2.56947,-1.4075,2.78996,0.28425,2.468,-51.265,0,0,19.7275,68.655,11.26,90.966375,-1.7995,18.96,17.805,19.473325,2.78476,334.67,405.97225,428.98475
8,23.75,2.098,-0.4428135,3.7569,0.3010165,2.2225,-50.76,0,0,18.695,70.673675,10.245,90.965325,-2.30375,18.38875,17.708,18.406725,2.69514,332.595,399.7675,430.3095
9,0.25,2.143,1.02,3.76787,0.207,1.8935,-41.59,0,0,14.35785,77.233,6.6,91.101,-2.44975,13.99075,15.0815,17.1753,2.85243,321.623,384.55,447.158
9,0.75,1.957,4.904025,1.596585,0.191,1.808415,-41.6475,0,0,14.02,78.55,5.86465,91.101,-2.945,13.5625,15.20225,16.1763,2.79503,324.573,382.203,454.143
9,1.25,2.15,5.426855,2.148205,0.192,1.811,-39.55,0,0,13.395,82.4,5.61,91.09215,-3.19325,13.32075,14.64825,15.8963,2.8224,320.32525,381.857,448.872
9,1.75,2.36825,0.79,2.81559,0.207,1.95386,-38.61,0,0,12.80915,83.65,5.06,91.0909,-3.536,13.45875,15.14575,15.0057,2.86783,319.5965,379.293,463.003
9,2.25,3.01104,2.98713,2.107645,0.184641,1.933435,-32.97,0,0,12.405,86.05,4.695,91.0853,-3.852,13.47575,15.083,14.604,2.4374,316.06,376.837,464.875
9,2.75,2.957,4.69046,5.21,0.193033,1.8305,-29.32,0,0,12.06,86.35,4.5,91.0845,-4.26775,12.8495,14.98625,14.2033,3.2072,320.65275,375.483,461.333
9,3.25,3.15238,1.6303025,2.767135,0.18111325,1.912,-29.19,0,0,11.8825,87.075,4.31,91.0857,-4.74275,12.43,14.906,13.9077,2.90722,316.982,372.52575,466.76575
9,3.75,3.614,5.0322425,4.13173,0.1630255,1.89704,-27.05,0,0,11.39,88.612475,4.07,91.08125,-5.03325,11.88,14.816,14.028925,2.7479175,321.593,371.55025,476.249
9,4.25,1.817105,3.2175,4.7625,0.16675,1.93875,-23.84,0,0,11.1225,90.425,3.995,91.079625,-5.21675,11.33875,14.724,13.57185,2.6564725,320.4015,368.856,469.9605
9,4.75,1.83065,5.44708,3.37,0.198892,1.913,-22.38,0,0,10.88,91.2,3.8125,91.0877,-5.533,10.87875,14.612,13.068,2.88573,321.145,369.7885,468.415
9,5.25,2.14042,5.08,5.05379,0.141,1.869,-21.08,1.025,0,10.66,92.5167,3.6038225,91.0949,-5.70425,10.5675,14.57275,13.272,2.9356,321.4565,370.1835,468.96
9,5.75,0.827,39.3,23.02,0.15,1.836,-17.61,21.23,6.577,10.508,93.7,3.429735,91.101,-5.85725,10.0985,14.41225,13.0678,3.09695,324.5465,368.162,475.562
9,6.25,1.49425,67.82,45.81,0.1475,1.812,-3.114,63.1,24.077,10.14,94.3167,3.2725,91.101,-5.28975,9.8,14.246,12.5965,4.491915,324.105,366.3765,475.0305
9,6.75,0.87425,98.47,43.52,0.15217475,1.887,6.7835,105.6,49.856,10.28,94.9,3.395,91.101,-4.776,9.64625,14.08175,12.68035,6.24402,306.3925,366.423,464.553
9,7.25,0.21980575,110.61,65.6175,0.14675,1.885,23.84,173.12725,81.52815,10.615,92.559975,3.7448975,91.10475,-4.1555,9.67325,13.89925,13.498175,9.2115075,302.113,368.6455,463.1685
9,7.75,0.787106,165.11,81.005,0.17421,1.697125,186.024,537.55,295.4525,11.536325,87.115,4.3875,91.120675,-3.33475,10.028,13.725,12.6726,36.301425,302.357,374.6595,461.08925
9,8.25,1.118,204.5975,98.605,0.21907275,1.37225,273.325,796,439.625,13.486075,77.375,6.0075,91.11465,-1.20075,12.415,13.399,14.151175,54.4885,308.05775,387.55275,469.24175
9,8.75,0.192,236.35,125.38,0.318454,1.39025,340.85,990.98325,522.75475,15.97,69.360425,8.253,91.101,3.1235,15.03275,12.97,16.917475,61.29605,312.453,404.1985,452.2385
9,9.25,-1.43,228.11,132.57,0.30775,1.2435,413.35,1183.6,591.48,18.251,63.34,11.07,91.09965,6.515,16.0425,12.33075,19.5,65.821,339.61025,418.38,443.136
9,9.75,-2.97925,269.78,143.5425,0.392,1.329,472.8,1327.5,651.25,19.9,60.42485,13.848,91.075,8.129,17.4225,12.44725,21.153,71.6257,335.032,431.297,431.923
9,10.25,-4.6559025,277.3745,143.4335,0.4169475,1.82849,531.5,1442,722.4,21.525,55.755,16.78245,91.0472,8.88025,19.22625,12.57275,22.3597,75.992,345.215,440.747,419.385
9,10.75,-5.0025,289.99,145.967,0.567,2.176,565.8,1528.5,755,22.465,51.58,18.8753,91.02035,13.4395,21.92,12.52425,23.5537,76.225,347.003,451.657,419.322
9,11.25,-5.981,315.8015,143.0245,0.555872,2.45548,607.47815,1591.5,789.06,23.585,49.8435,20.845,91.0034,19.3575,26.0825,12.32575,25.668,77.923,350.247,462.553,417.665
9,11.75,-6.34875,294.9115,144.74,0.6853385,2.6445,615.675,1614.385,780.3935,24.5,47.795,22.525,90.97255,20.45875,27.015,12.31225,26.86,75.9537,351.73025,468.24,417.622
9,12.25,-5.84125,313.1915,152.11,0.7415,2.903,612.039775,1624,804.2135,25.045,45.82,24.24765,90.95325,19.667,26.14375,12.617,27.2463,76.8433,356.321,472.083,416.938
9,12.75,-5.82004,289.877,138.9055,0.767,3.248155,608.4,1597.885,804.4815,25.795,43.335,24.97325,90.93685,17.44325,26.745,13.10125,27.7343,80.9273,358.1885,475.047,417.669
9,13.25,-5.15222,226.00675,146.94075,0.7505,3.198,590.7,1553.5,783.1525,26.251,42.204,25.9175,90.9,21.9775,28.38,13.40975,29.293925,82.35675,360.088,482.96025,417.788
9,13.75,-5.491175,212.25075,132.465,0.796,3.15925,556.3,1488.16,739.32975,26.849675,41.95,26.8925,90.9,20.06075,29.4,13.59575,29.6773,79.866425,361.0235,485.8425,417.932
9,14.25,-5.0868625,233.089,135.847,0.798,3.211,517.375,1379,695.703,27.08,41.36,27.977,90.9,17.915,28.65375,13.653,30.26335,75.7935,365.51275,485.638,417.7615
9,14.75,-3.8081725,182.6085,127.259,0.7533945,3.2555,455.4,1257.25,620.0765,26.71,40.4925,27.6125,90.894425,14.8375,27.83875,13.955,30.2395,68.138525,367.81,483.8445,418.93725
9,15.25,-4.1737675,132.43375,106.04675,0.7645,3.223,388.9,1091.5,527.42675,26.7475,41.395,27.9675,90.8959,14.99225,27.31875,14.275,30.130575,62.93235,365.2835,481.131,417.65925
9,15.75,-3.363,104.5365,92.1448,0.758,3.0595,319.825,917.25,457.01025,26.57,42.965,27.21625,90.89525,13.60125,27.3475,14.492,30.01365,51.6503,364.29725,476.4125,418.1385
9,16.25,-1.89,40.70625,64.62255,0.7075,3.0255,236,725.5,343.25,26.41985,45.205,26.81735,90.8941,11.0155,26.61325,14.837,29.8957,41.886,363.745,472.057,419.342
9,16.75,-1.76025,40.05005,54.91845,0.67291,3.025,156.7,539,254.8265,26.06,46.87,25.59875,90.8998,8.8825,25.4875,15.23625,29.4287,34.09,361.05175,467.977,418.817
9,17.25,-0.0995,5.1348,43.0046,0.6315,2.8895,77.75,362.35,175.05,25.465,48.99,23.7392,90.9021,7.29,24.539,15.3505,28.838,22.6147,356.41,459.707,417.661
9,17.75,0.779,-4.21,15.3049,0.5826265,2.7015,8.36777,180.8085,92.8545,24.44,53.46,21.685,90.911,5.6955,23.19875,15.476,28.1903,14.4567,354.573,453.687,417.49
9,18.25,1.52798,-1.045,9.965065,0.52,2.522,-31.605,51.72,21.41015,23.23,55.975,19.48,90.91325,4.0185,22.24125,15.648,27.347,6.6751,355.03,444.013,417.946
9,18.75,1.7673175,-2.23393,5.35945,0.402,2.2435,-48.66,4.32,0.2635,22.15,58.61,17.975,90.94355,2.4285,21.345,15.76975,26.5987,2.71683,350.037,438.617,418.309
9,19.25,2.6357175,-2.56731725,6.86458,0.4,2.19643,-44.2775,0,0,21.2,61.175,16.13505,90.98165,1.20675,20.04375,15.4485,25.8257,2.48347,348.602,435.043,418.875
9,19.75,2.12725,0.025,2.436795,0.355264,2.1145,-42.33,0,0,20.36,62.77,14.50615,91.00115,0.364,18.92125,15.41525,24.862,2.81327,349.3765,428.463,419.989
9,20.25,2.171,-1.328115,1.555,0.311,2.145,-42.035,0,0,19.205,64.45835,13.46,91.0095,-0.21275,18.16375,15.57975,23.8247,3.00467,347.371,421.11,422.487
9,20.75,2.15784,2.162555,2.555,0.309,2.06249,-47.185,0,0,18.555,67.332,12.135,91.01335,-0.63875,17.595,15.16725,22.329,2.9832,338.293,414.737,424.114
9,21.25,2.511605,0.1,1.795,0.304,2.016735,-48.7791,0,0,17.955,69.42,10.9483,91.01675,-0.835,17.23375,14.9535,21.5537,3.08203,337.35975,410.4,427.468
9,21.75,2.359,1.19,3.55873,0.301078,1.9195,-47.65,0,0,17.19,70.75,10.0275,91.0299,-1.2735,16.63875,14.8565,21.0907,2.7514,341.389,410.577,430.249
9,22.25,1.843,4.175,1.57707,0.26,2.0295,-47.4375,0,0,16.66,71.55,9.2495,91.0682,-1.8695,16.02625,14.88775,20.1877,2.88377,332.3505,403.073,434.842
9,22.75,2.0535,1.125,2.21777,0.271,1.9565,-43.4725,0,0,15.729,72.6,8.05,91.08195,-2.06725,15.56875,14.7205,19.6067,2.7823,332.828,398.663,436.506
9,23.25,2.68607,2.82025,5.422495,0.25,1.767,-41.7775,0,0,15.42,73.1135,7.66,91.0961,-2.0685,15.063,15.54875,18.4797,2.53063,334.499,391.607,440.681
9,23.75,2.5429,0.884431,3.74086,0.173808,1.805,-40.0925,0,0,14.95,75.2,7.13,91.0963,-2.245,14.533,15.31725,17.934,3.07243,333.193,387.86,444.696
10,0.25,1.4051175,1.92322,3.288455,0.2099775,1.71725,-27.2,0,0,9.785,86.4625,3.56,91.14375,-3.819,8.0775,10.56875,11.4807,2.80607,300.43,361.52,440.156
10,0.75,1.17063,2.825,2.9196675,0.219,1.74,-24.54,0,0,9.394,88.2,3.4517,91.12725,-3.5985,7.92875,10.6235,11.16235,2.55877,291.00925,363.05775,442.2435
10,1.25,2.04167,5.49,5.365,0.19575,1.7136975,-24.35,0,0,8.963835,89.225,3.2725,91.13865,-3.52125,7.80125,10.48675,10.92,2.59427,294.2365,359.243,443.492
10,1.75,2.36145,4.524865,3.515125,0.20079625,1.745815,-22.2625,0,0,8.92,90.625,3.1,91.1453,-3.543,7.70925,10.50425,10.7043,2.72267,299.9065,355.297,449.741
10,2.25,1.43538,2.531905,3.4599925,0.192779,1.717135,-19.74,0,0,8.6,90.4,3.1290175,91.1318,-3.511,7.6125,10.55525,10.50785,2.62053,306.83,356.6985,449.401
10,2.75,2.26164,1.98646,5.52,0.21075,1.85475,-18.65,0,0,8.5,91.775,3.15,91.101,-3.5525,7.50125,10.448,9.74383,2.82505,298.23575,354.345,447.78
10,3.25,1.048,1.490605,5.6478325,0.21,1.76098,-17.4675,0,0,8.6247525,92.38835,3.12,91.101,-3.66425,7.43125,10.29125,9.5389975,2.58579,297.59,355.87775,447.5765
10,3.75,2.882055,2.0481625,5.1964325,0.1965,1.8455,-17.72,0,0,8.3125825,94.255,3.06,91.101,-3.59275,7.36625,10.1225,10.141425,2.3411975,294.35175,360.4225,451.75975
10,4.25,3.069,2.8911,5.4880925,0.18,1.795,-16.129,0,0,8.265,94.21335,2.96,91.101,-3.6845,7.33875,10.0045,10.527325,2.6112475,294.50975,358.557,457.0705
10,4.75,1.90518,1.84,7.266505,0.18476375,1.8345,-16.219,0,0,8.1,95.275,2.795,91.101,-3.79925,7.1695,10.058,10.52485,2.4577,293.897,356.975,456.018
10,5.25,1.49666,4.1562575,4.8275,0.189371,1.929,-15.14,0,0,7.9119325,95.26,2.5933,91.1032,-4.0385,7.0295,10.08725,10.177525,3.070275,292.777,350.7645,450.5115
10,5.75,1.092,7.9026675,10.5425,0.18725,1.894,-13.74,0.0010675,0,7.7675,95.48,2.59,91.104125,-4.07325,6.9605,10.068,9.8383325,1.8564475,297.96025,353.1355,456.45775
10,6.25,0.73975,18.0475,13.6175,0.18934675,1.93421,-11.47,15.3175,4.478275,7.5975,96.2,2.661255,91.102325,-4.09575,6.9165,10.014,9.8415025,2.812985,293.7065,357.45175,454.43225
10,6.75,0.59656525,38.025,29.9125,0.1995,1.9885,-0.719,58.01,19.091,7.59,95.675,2.72,91.13735,-3.94725,6.965,10.03875,9.41433,4.11277,291.52,359.203,451.377
10,7.25,0.494942,68.9525,46.5,0.22372575,1.905,15.0075,102.16075,39.1394,7.575,96.8,2.7496475,91.150625,-3.38725,7.1035,9.955,9.48067,5.811595,301.771,357.7605,447.32275
10,7.75,0.163,60.695,55.3575,0.225,1.879,44.6325,189.3925,83.9766,7.7725,96.5,2.8908625,91.155325,-2.87475,7.2185,9.807,9.38792,10.4560825,297.012,358.23475,448.98775
10,8.25,0.7498755,62.95,67.75,0.272,1.79,201.925,597.3825,332.25,8.91,89.55,3.35,91.162125,-2.534,7.4025,9.75,10.379825,46.223425,314.2485,360.54825,444.873
10,8.75,0.409,133.6515,78.9125,0.32725,1.675,252.3125,779,416.05,10.4225,82.5,4.365,91.1982,-0.63725,7.66375,9.0945,11.425325,51.99035,308.368,372.42825,442.14625
10,9.25,1.1712675,184.495,92.235,0.3265,1.538,313.9,939.92475,489.68725,11.8525,77.2,6.3504375,91.2,0.9225,8.1775,8.69925,13.974225,59.243,316.2415,379.849,437.79075
10,9.75,-1.2755,148.605,88.1984,0.36225,1.718,363.4,1061.5,553.2875,14.126525,72.7,8.535,91.20385,2.62825,9.7625,8.59325,15.56785,64.66145,322.8485,394.617,429.7855
10,10.25,-2.38175,153.50275,103.3945,0.474,2.01,414.6,1166.75,607.1,15.757525,67.25,10.5,91.2,4.935,11.40125,8.52375,16.83295,68.150675,332.594,405.019,422.533
10,10.75,-4.7755,209.25875,104.26225,0.5463175,2.257,442.925,1239.025,643.1075,17.223,64.58,11.875,91.171125,9.9725,14.8825,8.505,18.03205,70.482225,338.76175,411.81425,419.53075
10,11.25,-5.124,202.4415,103.793,0.572345,2.596,472.85,1285.375,663.9,18.31025,61.81,13.575,91.11825,13.216,17.5875,8.526,18.7971,70.17605,337.707,416.38175,417.68525
10,11.75,-5.65125,210.217,112.899,0.6850845,2.813,481.4875,1321,677.7125,18.7625,58.89,14.5811,91.118875,13.787,17.07875,8.574,19.41835,69.75045,333.33425,420.919,417.465
10,12.25,-5.821,213.20825,100.82675,0.61,2.952,471.99985,1324.5,676.4995,19.149475,58.01,15.0875,91.102425,11.94425,17.995,8.6645,19.7951,72.125825,335.997,424.908,417.75075
10,12.75,-5.46275,176.8755,99.9225,0.685,2.95116,466.8,1301,657.255,19.505,57.1375,16.26,91.10045,11.64275,17.5275,8.99575,20.4787,74.7433,333.65,427.743,416.364
10,13.25,-5.214,174.7815,92.3757,0.74525,2.9933475,441.4,1232,632.715,20.385,56.12475,17.5582,91.0098,11.56125,17.775,9.3135,20.6327,74.7357,333.1435,427.797,416.324
10,13.75,-5.333,168.649,73.407,0.7145,3.035,401.875,1155.2575,582.56525,20.645675,58.1,17.93,91,9.709,18.6175,9.2645,20.63135,71.6977,335.60575,426.3015,416.21675
10,14.25,-4.5715,126.602,68.943525,0.703,2.981,353.525,1023.5,533.13225,20.805025,57.9083,18.42,91,8.9055,18.43125,9.6,20.733525,64.500525,340.56275,426.17,416.09425
10,14.75,-4.0793675,126.25125,73.64795,0.733,2.937,295.975,883.25,454.64,20.786,57.0737,18.17,90.969,9.184,18.2375,9.7635,20.8793,55.742725,334.92325,425.0625,416.40225
10,15.25,-3.65725,78.634875,48.13985,0.705,2.83282,231.15,726.25,384.05525,20.665825,57.2,17.891575,90.96,7.934,17.92125,10.06275,20.9287,51.11705,336.123,423.24525,416.6805
10,15.75,-2.61998,57.449325,40.017925,0.668579,2.805,156.4,540.89325,292.97975,20.40045,58.1553,17.401525,90.9791,6.0535,17.33625,10.4225,20.83425,40.463925,333.8795,420.403,416.89275
10,16.25,-1.78807,9.8581625,25.805625,0.624,2.947,82.6,334.31225,209.4,20.06775,60.4653,16.39,90.97925,5.9095,16.71,10.5875,20.3344,31.7316,333.48325,414.9325,416.4805
10,16.75,-0.77732,3.02266,18.5307,0.584,2.649,19.132575,167.5875,124.09975,19.271925,61.1285,14.7936,90.9966,5.43675,15.96125,10.73275,20.378575,20.681975,331.193,411.285,416.8365
10,17.25,-0.225,5.09,6.4368975,0.53,2.501,-19.445,53.0275,34.7975,18.2175,66.15,13.46215,90.993625,3.53975,15.15375,10.83275,19.19695,6.6632675,328.42675,403.308,417.877
10,17.75,0.704,-0.59,6.9975,0.407,2.163,-33.2488675,6.08755,1.5688825,17.0375,66.96,12.19,90.98575,1.52025,14.24875,10.9845,18.489075,2.43701,325.0575,398.617,419.0905
10,18.25,0.742698,-0.5725,2.16717,0.365,1.968,-31.7275,0,0,16.24525,68.62,11.1,91.001375,0.0035,13.485,11.05275,17.817775,2.74468,329.54,390.4875,419.39725
10,18.75,0.855,-1.109729,3.61217,0.287,2.055895,-33.915,0,0,15.64,68.6825,10.0691,91.01585,-0.26925,12.82,11.049,16.812,2.91633,323.357,385.227,419.862
10,19.25,0.914727,1.28,1.693355,0.301,2.0105,-33.96,0,0,14.845,70.775,9.01,91.0417,-0.7825,11.98,10.977,16.6177,3.1029,322.62075,385.137,420.738
10,19.75,1.10282,-0.73262,3.935,0.319,1.8515,-34.76,0,0,14.11265,72.7,8.4,91.08865,-1.21475,11.255,11.10375,16.3787,2.86377,318.501,382.82,421.764
10,20.25,1.244,1.91374,4.271915,0.25175,1.77025,-35.195,0,0,13.514,74.525,7.58,91.101,-1.72075,10.80625,11.0355,15.235,2.78143,318.25425,381.527,422.883
10,20.75,1.116,0.550042,3.2707,0.24025875,1.7087225,-31.37,0,0,12.44735,77.5,6.7971875,91.101,-2.035,10.305,10.92125,14.8183,2.86957,313.22425,379.943,426.293
10,21.25,0.9985,1.14,3.114715,0.261313,1.85566,-32.615,0,0,12.297525,78,5.9898625,91.101,-2.4045,10,10.81625,14.184525,2.7456725,310.265,377.03275,429.544
10,21.75,1.484,0.7325,3.9595525,0.252,1.836,-29.4123975,0,0,11.6925,79,5.5003,91.101225,-2.83675,9.70875,10.696,13.9138,2.95619,304.28,374.69275,431.515
10,22.25,1.244205,1.669115,2.4075,0.227,1.74456,-30.49,0,0,11.243225,80.9,4.94,91.14025,-2.9505,9.375,10.6735,13.916325,2.7728675,298.94775,372.29175,433.52175
10,22.75,1.86041,2.25396,3.6208125,0.241,1.806,-29.96,0,0,10.63,82.7,4.294505,91.14785,-3.27875,8.99875,10.6875,13.75035,2.8253925,298.5755,370.53325,434.5415
10,23.25,0.949,3.7727575,2.29529,0.236,1.847,-30.205,0,0,10.60875,84,4.12501,91.14505,-3.495,8.56875,10.6615,12.74345,2.6959725,293.50775,367.357,437.124
10,23.75,1.2205,0.272241,3.669595,0.247,1.832,-29.8175,0,0,10.110725,85.2,3.77,91.143975,-3.59225,8.26125,10.38875,11.849675,2.63074,293.76,364.51425,440.45225
11,0.25,1.5860625,-2.295575,6.593365,0.436091,2.4225,-10.43,0,0,5.236,99.2,2.05725,91.20015,-4.10525,4.02275,6.23375,5.0797,2.48613,322.04825,334.01,442.697
11,0.75,2.097,1.5775,11.39,0.426901,2.497,-8.785,0,0,5.11855,99.175,2.02,91.2,-4.17525,3.76875,6.18025,5.254835,2.590505,319.11025,334.974,440.62025
11,1.25,1.408335,-1.5893925,14.14495,0.405,2.527,-8.245,0,0,5.1479575,99.7,2.0136725,91.2,-4.24525,3.47325,6.02625,5.4217725,1.886335,320.79725,334.83325,438.88475
11,1.75,0.8312925,-0.9575,10.17,0.39314375,2.46875,-8.3725,0,0,5.09,99.75,1.98195,91.24795,-4.4535,3.1225,5.9475,5.2673,2.07727,315.1,334.173,435.675
11,2.25,1.9381725,-2.2,19.23,0.37959075,2.2545,-7.88,0,0,5.01,99.55,1.88082,91.2147,-4.49325,2.775,6.00225,5.1199,2.74103,314.23,334.56,441.702
11,2.75,0.694,2.022665,14.676,0.347851,2.05725,-7.13,0,0,4.587935,99.75,1.77076,91.2186,-4.5715,2.59475,5.86925,4.73763,2.51017,314.715,334.74,439.289
11,3.25,0.975224,1.681365,12.823875,0.3055,2.115,-5.61125,0,0,4.5845275,99.7,1.9567025,91.2,-4.61475,2.71725,5.781,4.7068175,1.9139675,320.835,334.50575,437.1615
11,3.75,0.84225,0.3925,11.891925,0.3115,1.875,-6.4665,0,0,4.61,99.95,1.870875,91.2,-4.65875,2.83125,5.7405,4.7548325,2.44669,320.7385,333.8605,432.57975
11,4.25,1.61596,-2.2913725,7.07927,0.313918,2.091,-5.97475,0,0,4.52007,99.9,1.87,91.2,-4.68925,3,5.73275,4.7730325,2.212615,291.1315,333.6105,445.35325
11,4.75,4.807365,0.3381675,10.9931,0.2825,1.964,-5.632,0,0,4.4145,100,1.99,91.2,-4.77825,3.24225,5.7905,4.3621975,2.1593725,318.41725,330.4275,455.077
11,5.25,1.653,-5.7,26.763025,0.289,2.121215,-5.84875,0,0,4.26,100,2.11717,91.255475,-4.69,3.37225,5.7025,4.068975,1.9482475,316.927,327.8605,446.291
11,5.75,1.05102,0.28,15.92515,0.34825,2.205595,-4.6025,0,0,4.20667,100,2.1162375,91.2,-4.69625,3.31175,5.7025,4.128215,2.183835,320.423,328.22,440.9505
11,6.25,2.182,2.01,20.39,0.331,2.221,-5.0275,0,0,4.175,100,2.1170575,91.2,-4.672,3.25375,5.623,4.247365,2.34306,323.2315,329.567,447.09975
11,6.75,0.634029,5.21,27.9757,0.36,2.27514,-4.026,6.841,1.715,4.2177,99.7,1.985,91.2,-4.6015,3.285,5.682,4.25902,2.29363,310.51725,330.5515,450.968
11,7.25,0.5545935,10.705,27.4475,0.35,2.4355,2.21525,37.895,13.3179,3.99,99.65,1.9673425,91.2025,-4.6015,3.285,5.71475,4.17373,3.457,311.177,330.643,445.185
11,7.75,0.89175,16.7,37.3815,0.38696375,2.3167125,15.8,89.4,37.7303,4.2485,99.4,2.0915925,91.2,-4.6015,3.5085,5.7135,4.447785,6.27173,315.2865,330.933,438.864
11,8.25,0.199439,26.47,35.618825,0.402,2.3467575,38.49,153.4,65.57,4.283,99.2,2.0283475,91.301,-4.6015,3.516,5.54225,4.53765,8.927615,308.448,333.32,440.219
11,8.75,-0.006,23.1993,34.568,0.36308225,2.2415,83.6,293,121.877,4.83,98.2,2.08,91.301,-4.6015,3.47925,5.441,4.741385,26.54655,317.6435,336.6435,437.901
11,9.25,0.6266645,58.0725,48.86,0.489,2.2425,152.45,479.8,260.98,5.3,95.6,2.46,91.301,-4.322,3.48525,5.38825,5.301385,43.62265,311.613,340.317,444.3175
11,9.75,0.135925,86.177,62.72675,0.49,2.2409925,206.125,612.725,307.8,6.49,95,2.8275,91.301,-2.61025,3.7825,5.38525,5.745215,48.82165,322.3215,342.9135,441.46
11,10.25,-1.58835,91.7607,61.4695,0.4645,2.2905,252.385,757.5,402.71925,7.05,91.4175,3.31499,91.301,-0.27775,4.9,5.09925,5.737895,47.085475,317.13175,343.97675,436.78625
11,10.75,-1.595,96.95165,96.22625,0.5125,2.7305,263.699925,775.5,408.07,8.0884925,86.975,4.01,91.22525,2.275,6.61525,4.87,6.55928,51.751725,315.70775,347.3785,430.98875
11,11.25,-3.006395,79.46115,90.342825,0.5076875,2.7745,292,847,433.075,8.8075,85.485,4.41957,91.2,2.368,7.316,4.77925,7.27025,49.819825,324.0285,350.755,428.5055
11,11.75,-3.3733175,106.743,95.99,0.516,2.7065,306.5,888.75,475.25,9.399165,82.815,4.87,91.2,2.87325,7.53375,4.84425,8.36867,50.4697,320.327,356.98,425.432
11,12.25,-3.92,110.416,88.2823,0.606806,2.79,288.2,857,476.4,9.5075,81.15,5.55,91.2,3.8245,7.9,4.89975,8.64934,51.673,312.573,356.01425,425.2835
11,12.75,-3.099,143.8545,89.46245,0.588887,2.89544,289.875,844,459.8,9.71,82.5,5.4875,91.2,4.95275,8.095,5.094,7.879935,58.5703,322.083,357.1865,424.5815
11,13.25,-3.55725,157.944,76.000025,0.657167,2.742045,257.2,774,419.425,9.9575,79.675,5.8275,91.16055,5.10825,8.36,5.15725,8.98289,56.3878,317.35275,358.65675,423.856
11,13.75,-3.65,69.08495,83.08695,0.61419525,2.6908375,219.55,684.05,335.9,10.025,81.75,5.81006,91.1908,5.24825,8.44,5.4445,9.26167,52.6767,317.41,358.973,423.659
11,14.25,-3.393,50.6093,60.1664,0.6305,2.8215,185.3,592.25,285.9665,9.8875,81.15,5.79004,91.1348,4.614,8.5125,5.583,8.595,47.125,314.21925,358.18,423.382
11,14.75,-2.988,52.798775,64.406425,0.599,2.701,122.75,447,232.925,9.7975,80.175,5.51248,91.101,4.02625,8.39625,5.808,8.1699175,42.4713,316.707,354.5985,423.535
11,15.25,-1.561575,21.884675,40.962175,0.55275,2.447,78.45,306.5,160.4,9.79067,80.7,5.37986,91.101,3.0905,8.35125,5.9335,8.071065,25.96765,314.81975,352.1535,425.9765
11,15.75,-0.8151845,4.8349475,26.39505,0.52308325,2.422,32.32,182.1,105.22,9.55267,82.8,5.06785,91.101,2.009,7.925,5.938,7.687785,14.3633,311.477,350.1165,425.016
11,16.25,-0.338812,-2.74641,25.04,0.464208,2.366,-0.47325,73.55725,41.146225,9.045,86.475,4.38,91.101,1.26175,7.8,5.94425,7.37077,5.3825175,307.551,347.83575,425.26575
11,16.75,0.141,-2.530095,12.582,0.431435,2.586,-11.915,10.68,4.295,8.54,87.7,3.8225,91.101,0.1625,7.2965,6.18075,6.8036,2.320335,323.57,345.125,424.7435
11,17.25,0.891126,-4.5974375,4.4020775,0.39834775,2.286295,-14.425,0,0,7.9325,87.275,3.50467,91.2166,-0.95625,6.99075,6.24,6.10879,2.0891325,291.733,340.79775,424.341
11,17.75,1.68478,-4.2870625,15.880525,0.369,2.597,-12.215,0,0,7.6525,89.175,3.355,91.17525,-1.53075,6.623,6.38425,5.920105,1.835795,325.416,340.04575,426.0885
11,18.25,1.694,-2.6728,13.8212,0.39499325,2.431,-13.56,0,0,7.2225,89.4675,2.93,91.17525,-2.021,6.20625,6.3615,5.67007,2.0630525,303.35725,338.112,426.4065
11,18.75,1.0173,-4.03701,13.0211,0.3745,2.191,-13.45,0,0,7.05,90.875,2.74,91.17525,-2.71225,5.8675,6.338,5.507515,2.458545,309.162,336.38075,426.74025
11,19.25,1.492,-1.01816825,6.268105,0.34075,2.089,-13.55,0,0,6.7925,92.35,2.565195,91.27575,-2.92875,5.5265,6.26325,5.3625275,2.37805,308.19175,336.304,428.9885
11,19.75,1.01431,-0.727504,9.9003125,0.3425,1.8735,-12.82,0,0,6.5075,92.8,2.235,91.301,-2.839,5.393,6.26725,5.3959,1.99685,296.2635,337.01275,428.968
11,20.25,1.336535,-0.25573625,12.73,0.299854,2.2372475,-12.9,0,0,6.034,93.7,2.2,91.301,-3.08575,5.23375,6.17475,5.375165,2.21945,294.73275,335.8085,431.355
11,20.75,2.647,-0.085,8.97912,0.3,1.9953525,-11.27,0,0,5.86295,94.5,2.16,91.301,-3.2885,5.10525,6.28425,5.4445,2.31387,284.283,336.787,427.859
11,21.25,1.301,-2.10191,13.7551,0.343,1.9905,-10.5725,0,0,5.53025,96.11,2.05972,91.301,-3.303,4.925,6.192,5.1928425,2.37142,294.6535,335.8055,434.76225
11,21.75,1.147,0.11,14.928075,0.33677125,2.027,-10.735,0,0,5.376,96.225,2.01,91.301,-3.3105,4.83675,6.1795,5.3881525,2.3545325,305.54225,336.16325,434.40475
11,22.25,1.99525,0.16,9.30578,0.368,2.073,-10.9425,0,0,5.29,97.1,2.0225,91.301,-3.38775,4.763,6.00525,5.214975,2.43049,291.81,332.88525,429.84625
11,22.75,1.988,3.4285375,18.1021,0.353071,2.0732325,-11.08,0,0,4.99787,97.9,1.8925,91.301,-3.55325,4.6215,6.03625,5.16197,2.090535,280.32425,333.6385,430.1225
11,23.25,1.31958,0.7,11.753375,0.354,2.1225,-11.3475,0,0,5.0895,98.575,1.9,91.2965,-3.686,4.38525,6.1145,4.944775,2.2943525,278.14,334.95775,439.24125
11,23.75,1.25889,-2.454545,12.1503,0.33675,2.2375,-9.8,0,0,4.966015,98.8,1.8954875,91.2505,-3.8115,4.07975,6.126,4.97703,2.59073,290.0865,333.73,432.409
12,0.25,0.4577805,8.750835,6.259705,0.2395,2.217,-6.104,0,0,2.33,97.8,1.6,91.552225,-1.2505,1.57675,0.986,1.11757,2.25874,315.6735,309.731,444.611
12,0.75,1.04801,8.689745,3.90578,0.3239745,2.154,-6.218,0,0,2.59,98.1,1.65,91.5485,-1.281,1.6095,1.02175,0.7252575,2.0641825,313.0115,309.36475,445.68
12,1.25,1.16284,0.450578,3.09865,0.376,2.233425,-5.7235,0,0,2.7225,97.7,1.64,91.5285,-1.288,1.61425,0.99725,1.45303,2.60852,313.48575,310.748,446.234
12,1.75,1.20983,1.6741455,12.83165,0.397,2.453,-6.673,0,0,2.94,97.6,1.675,91.483225,-1.289,1.63475,0.99025,2.84066,2.4315,312.983,319.04,446.33575
12,2.25,0.097,9.81542,3.3923925,0.427,2.512,-6.811,0,0,2.905,97.95,1.685,91.5079,-1.29125,1.60975,0.97025,2.543225,2.321325,312.23,321.23175,448.81425
12,2.75,0.727836,1.9165375,12.8928375,0.3967115,2.43,-7.2135,0,0,2.770785,97.65,1.7075,91.53085,-1.293,1.63975,0.95925,2.5103175,2.45213,314.537,324.1765,446.5045
12,3.25,0.2110625,3.90121,5.73414,0.3175,2.367,-6.766,0,0,2.885,98.15,1.74,91.546375,-1.296,1.65225,0.98125,1.40365825,2.0937575,307.43,307.9165,446.19
12,3.75,1.3636725,5.521295,6.438005,0.339,2.3175,-6.263,0,0,2.7175,97.511,1.64,91.547525,-1.29975,1.6215,0.96575,1.4899675,1.88726,306.8565,306.75675,447.184
12,4.25,0.7871435,1.70226,6.024785,0.3335,2.509,-5.877,0,0,2.5845,97.725,1.64,91.5341,-1.3355,1.59425,0.92525,1.56512,1.65037,306.47575,299.693,448.254
12,4.75,0.606254,0.465734,3.11176,0.4238805,2.46025,-6.83488325,0,0,2.6662475,97.034175,1.64,91.4495,-1.38075,1.63,0.95425,2.309985,1.9086,306.673,321.41,452.629
12,5.25,1.2872625,2.232585,13.2053,0.408,2.452,-6.782,0,0,2.82,96.9,1.625,91.534675,-1.3835,1.62825,0.97375,2.0102775,2.1630775,305.66925,322.296,451.09375
12,5.75,0.3266315,4.39624,6.920555,0.402,2.225,-6.342,0,0,2.79,97.17,1.69,91.540375,-1.38375,1.572,0.92225,1.94023,1.874875,299.719,319.3195,450.7735
12,6.25,0.721618,0.62523125,4.6821125,0.396667,2.281,-6.6195,0,0,2.419,97.0467,1.565,91.546775,-1.38475,1.55975,0.859,1.8592425,2.4746825,301.8375,318.38475,451.979
12,6.75,0.936467,0.9951235,5.50458,0.385482,2.18775,-6.45575,0,0,2.645,97.0875,1.5925,91.572,-1.3865,1.482,0.8645,1.94693,2.4689,309.82575,319.777,449.828
12,7.25,0.561163,6.2268775,4.72075,0.362,2.091,-5.21025,2.496,0.5916,2.73,96.64,1.5725,91.552275,-1.3895,1.50975,0.8965,1.8228975,2.4695925,294.411,317.78925,454.504
12,7.75,0.318453,1.06444,10.4023475,0.31912925,2.0219925,-0.9905,23.101575,6.423,2.63,97.275,1.5825,91.5342,-1.3915,1.4805,0.89175,1.71437,3.808155,307.426,315.2225,452.015
12,8.25,0.404113,3.08224,8.6494,0.39275,2.205,8.925,68.0463,27.210075,2.61,96.8,1.65,91.585475,-1.39275,1.448,0.86425,1.9430975,4.83381,317.805,313.13725,450.878
12,8.75,-0.172278,2.64895,17.3351,0.3165,2.3575,27.8216825,117.3,47.837275,2.8,96.9,1.67557,91.58615,-1.39325,1.267,0.785,2.07857,7.282905,318.49725,312.7475,448.461
12,9.25,0.0617,10.24619,13.010025,0.307,2.16,60.085,229.825,136.066,2.83,95.775,1.82,91.599,-1.3955,1.23675,0.76625,2.11097,30.3612,320.755,317.483,449.9645
12,9.75,0.793112,18.8511,30.50695,0.427,2.371,115.25,380.4375,188.6765,3.4425,94.6142,2.05,91.53095,-1.32675,1.282,0.74725,3.2557,40.69235,320.9,321.36775,447.72525
12,10.25,0.34627925,41.4815,47.5137,0.54825,2.65094,162.37515,534.64,250.512,4.035,92.44335,2.6290025,91.5647,-1.32675,1.49525,0.75375,3.80014,45.119775,335.30575,323.8675,448.0085
12,10.75,0.3025,32.62545,47.4901,0.487,2.8755,176.96975,597.35,287.39325,4.6729,90.49835,2.80022,91.5608,-1.212,1.45025,0.7135,4.6737675,47.219,324.69275,323.613,444.9575
12,11.25,0.947685,43.5336,51.0056,0.546,2.6895,206.075,668,319.01475,4.945,89.6715,2.93194,91.5753,-0.95525,1.603,0.86975,4.586815,49.428,323.36225,327.743,442.8265
12,11.75,-0.588119,85.80335,46.158625,0.49363975,2.796,225.903475,724.25,356.61,5.40875,87.2475,3.395,91.479175,-0.8355,1.5405,0.74575,4.455715,48.377025,329.3725,332.515,441.10225
12,12.25,-0.534062,85.87185,60.7096,0.5525015,2.897,225.25,744.17,384.535,5.8575,87.62425,3.66,91.47875,-0.7615,1.7065,0.9215,5.4773,48.6822,320.36575,334.9065,439.87625
12,12.75,-0.673044,102.36045,44.3954,0.52026675,2.833,213.7395,722.75,368.21,6.225,87.4,3.835,91.40645,-0.60675,1.63125,0.8205,5.52915,50.2021,329.02425,335.566,442.912
12,13.25,-1.34056,100.73025,52.4358,0.475747,2.801,197.4,674.075,346.65,6.3375,87.325,4.105,91.3987,-0.52275,1.79575,0.98175,6.2172,49.87075,318.7585,339.34825,443.454
12,13.75,-0.923,79.781025,29.415475,0.488162,2.543175,170.825,602.69,301.7,6.3817,84.88,4.29,91.4271,-0.45275,1.7795,0.989,5.603565,48.38465,307.307,337.7435,435.536
12,14.25,-1.01958375,81.11455,41.87165,0.48075,2.68775,133.725,503.905,217.753,6.6567425,83.325,4.4175,91.4095,-0.477,2.04325,1.17375,6.8493,41.876975,311.17425,340.5805,435.808
12,14.75,-0.88412275,46.4022,23.6552,0.46212925,2.53125,90.475,383.35,151.913,6.534625,83.125,4.13,91.413125,-0.49025,2.07025,1.1575,6.42953,34.695225,311.663,338.6455,434.3905
12,15.25,-0.5875,19.713975,18.32915,0.481204,2.52,38.452375,241.195,118.80825,6.5405,83.95,3.9425,91.4189,-0.5055,2.3175,1.4205,6.0494575,27.9226,321.897,337.04725,438.62325
12,15.75,-0.28175,6.998255,14.6446,0.405982,2.472,7.9,108.35,60.692775,6.05,85.2635,3.535,91.4232,-0.531,2.29025,1.37175,5.9441725,18.33595,310.963,335.746,437.2335
12,16.25,0.239225,1.8534375,10.42874,0.318954,2.4945,-4.731,25.9225,14.305,5.615,87.2725,3.105,91.41115,-0.69525,2.23675,1.351,5.66273,4.843,316.34,333.967,436.17075
12,16.75,0.0568,-1.340195,5.915755,0.307027,2.404,-9.3175,1.982,0.80175,4.7555,88.66835,2.5975,91.3843,-0.80375,2.24,1.32325,4.8443325,2.050875,309.633,330.3335,438.2585
12,17.25,0.354466,2.034405,3.563355,0.288685,2.37575,-10.14,0,0,4.4425,91.45,2.3575,91.374025,-0.986,2.07325,1.3775,4.60313,2.27917,311.217,328.807,436.098
12,17.75,0.397664,-1.884435,1.3738125,0.24400125,2.38375,-10.18,0,0,4.25325,92.5,2.221835,91.3868,-1.19325,1.99825,1.26075,4.53644,2.4195,313.08575,328.6195,435.7275
12,18.25,0.494131,-1.934365,3.242555,0.340199,2.304,-8.97,0,0,4.000335,93.52,2.09,91.3957,-1.21775,1.891,1.181,4.0498725,2.3888,313.89525,327.03,435.967
12,18.75,0.57910425,2.12756,2.49484,0.305,2.08791,-9.4281335,0,0,3.63,94.02,1.975,91.4057,-1.2225,1.8625,1.10875,3.51335,3.01543,309.08,326.867,433.879
12,19.25,0.218,1.52332,1.2679725,0.2405745,2.193,-8.275,0,0,3.453725,93.775,1.79,91.410425,-1.27925,1.76725,1.13575,3.4522,2.77817,306.16025,324.72,438.13425
12,19.75,0.28572,1.33528,1.67844,0.3285,2.049,-8.78275,0,0,3.17,94.2,1.8925,91.41455,-1.34775,1.7,1.0895,3.08752,2.6344,307.6935,322.977,439.912
12,20.25,0.26606725,0.367036,2.03451,0.371423,2.20335,-8.3525,0,0,3.17,94.1,1.8525,91.41095,-1.3675,1.67225,1.01025,3.072865,3.03,309.69,323.35,441.44
12,20.75,1.55556,9.28903,3.76165,0.261,2.322045,-8.7675,0,0,2.988,95.1,1.8875,91.4044,-1.36825,1.6735,1.01875,2.536365,2.5873,292.01,320.625,437.403
12,21.25,0.592679,2.476135,1.53842,0.4005,2.4245,-8.24,0,0,2.95,95.95,1.85,91.3676,-1.3635,1.671,1.05525,2.391075,2.8158,273.405,319.31,437.3005
12,21.75,1.08197,5.7524125,3.2002475,0.3267285,2.318,-7.76,0,0,2.9826675,95.5,1.7875,91.456675,-1.3675,1.67825,1.07625,3.03332,2.69617,288.46,320.425,442.468
12,22.25,1.921155,2.4488475,11.90675,0.306,2.19725,-7.025,0,0,2.91985,96.85,1.63029,91.4869,-1.36675,1.67225,1.02325,2.0728975,2.6017,287.42,318.573,443.1775
12,22.75,1.1527875,3.93112,2.02947,0.2776995,2.2685,-6.304,0,0,2.69,96.9,1.56817,91.49845,-1.36675,1.64725,0.99925,0.90697525,2.80662,287.0345,307.9965,441.312
12,23.25,0.93141225,2.16522,2.182275,0.286,2.2645,-6.5675,0,0,2.3525,97.509975,1.57,91.5395,-1.36725,1.63975,0.99,0.1849,2.418215,293.519,308.754,443.0135
12,23.75,0.783,0.36488225,4.3686175,0.2868165,2.19875,-6.383,0,0,2.3,98,1.59949,91.5266,-1.3285,1.57575,0.917,0.6791,2.1870575,292.067,308.55975,445.136
