DOY2,HR2,TAU,H,LE,FC,WS,USTAR,T_SONIC,CO2,H2O,U_SIGMA,V_SIGMA,W_SIGMA,T_SONIC_SIGMA,SW_IN,SW_OUT,TA,RH
1,0.25,-0.224185,-3.57335,-3.70609,-0.9158655,1.8107025,0.214948,-7.6446425,417.849,3.17907,0.63834225,0.521107,0.380792,0.12191525,-1.95797975,-1.56635175,-7.86875,93.28065
1,0.75,-0.190487,-1.2883,0.3394265,-3.231985,1.79364,0.224114,-7.791695,417.162,3.02032,0.691175,0.604451,0.381997,0.11194125,-1.8547125,-1.50491175,-7.857,88.55585
1,1.25,-0.177642,-3.63052,0.4306585,-2.0173075,1.8888175,0.230852,-7.875455,418.737,3.0873175,0.71366925,0.604028,0.365176,0.11267725,-2.423601,-2.033446,-7.87575,88.401075
1,1.75,-0.195465,-5.4910625,-0.90430525,-2.25714,1.83846,0.2539985,-7.6240375,418.599,3.11995,0.703433,0.55562525,0.367035,0.1099445,-2.690034,-2.188781,-7.9515,94.43895
1,2.25,-0.194967,-2.39423,-1.13508575,-2.628275,1.8655675,0.212158,-7.97963,418.49425,3.081105,0.669158,0.520418,0.350362,0.10168725,-2.660861,-2.233862,-8.35275,95.49025
1,2.75,-0.169865,-4.3062275,-0.423581,-2.111865,1.96927,0.25000425,-8.05638,417.246,3.11574,0.71070325,0.5504165,0.38385175,0.101969,-2.87741,-2.358626,-8.399,91.52825
1,3.25,-0.19197575,0.4542415,-0.36465,-5.07022,1.8679,0.23570525,-8.40978,418.061,3.17429,0.656657,0.581684,0.356852,0.1095195,-2.325959,-1.95351,-8.8265,96.585425
1,3.75,-0.2113305,2.1911625,0.0612535,-1.19876,1.8201775,0.243319,-8.42122,418.171,3.135235,0.72340575,0.55007775,0.37140075,0.112641,-2.464796,-1.996636,-8.6295,96.9154
1,4.25,-0.223634,2.003495,-1.3144125,-2.80547,1.796825,0.22031125,-8.41148,418.218,3.16053,0.6756545,0.52248675,0.36127375,0.104808,-2.410076,-2.022838,-8.67275,92.2164
1,4.75,-0.212317,3.0858075,0.833961,-1.211705,1.872995,0.22497,-8.55326,419.487,3.21383,0.6532335,0.538516,0.359017,0.111838,-2.536431,-2.055427,-8.84425,95.77505
1,5.25,-0.19819475,1.5552625,-2.3165625,-1.7275675,1.73892,0.23521925,-8.3563,421.15275,2.87107,0.66805575,0.52557375,0.3432885,0.1120575,-2.678448,-2.203763,-8.9065,92.7245
1,5.75,-0.17047725,1.1631025,0.38542,-2.019495,1.84241,0.20453825,-8.2925825,420.8155,2.94935,0.628592,0.51608825,0.353245,0.10848575,-2.075874,-1.743248,-8.64,95.47075
1,6.25,-0.183176,-0.0485,0.821421,-3.56384,1.80672,0.257154,-8.3754875,419.81,3.16695,0.683853,0.573175,0.382223,0.11144,-2.174445,-1.795327,-8.696,95.6885
1,6.75,-0.192345,3.11231,0.23238975,-3.5642275,1.8366,0.259087,-8.335395,420.151,3.14444,0.670148,0.54741,0.362367,0.110944,-2.137746,-1.72135,-8.602,94.7919
1,7.25,-0.172044,-0.358387,0.8959315,-4.23087,1.70518,0.231283,-7.9828775,419.532,3.33865,0.69892,0.526843,0.353866,0.11131,-1.931944,-1.559889,-8.5135,95.5182
1,7.75,-0.21625925,0.363726,-0.834975,-2.17748,1.79248,0.25988025,-8.01915,420.461,3.3411,0.732615,0.5620675,0.39005225,0.11882,-1.178211,-0.9166579,-8.5625,92.70165
1,8.25,-0.21629475,-0.3197495,-0.124502,-3.28913,1.781045,0.23487325,-8.0573575,420.226,3.2810475,0.6942255,0.5645955,0.37686075,0.12396525,2.123838,1.796221,-8.361,93.44525
1,8.75,-0.25480475,3.4970225,-0.91884175,-4.88735,1.870845,0.293677,-7.8632525,419.672,3.21229,0.749705,0.63338075,0.39128425,0.139914,11.99654,10.13051,-8.2635,92.235525
1,9.25,-0.245243,12.9755,-2.60458,-5.77306,1.9588075,0.307306,-8.14106,420.5085,3.234975,0.838349,0.648672,0.42386,0.162565,25.1944,21.19389,-8.4235,89.352775
1,9.75,-0.292103,-0.841451,-6.25341,-3.57177,2.33156,0.352903,-7.432525,419.6985,3.37672,0.874404,0.692514,0.462706,0.173777,44.58533,37.43857,-7.7055,90.0529
1,10.25,-0.28229775,-7.9316825,-5.97512,-5.49991,2.0822275,0.38562075,-7.3382775,419.1625,3.3202625,0.8939085,0.7126135,0.503478,0.179905,65.6452425,55.095615,-7.62275,89.4324
1,10.75,-0.306322,-29.173275,-18.1071,-5.2387025,2.21047,0.3729545,-6.636,418.20925,3.33616,0.8708185,0.6876015,0.5271405,0.20038025,85.12223,71.35792,-6.95625,88.751325
1,11.25,-0.31513275,-22.8376,-17.30015,-3.919455,2.2025075,0.412602,-6.552745,417.29775,3.4607,0.9243465,0.758798,0.50919575,0.219438,105.361775,88.398125,-7.03125,86.5602
1,11.75,-0.33921475,-19.341275,-15.504675,-6.48963,2.226835,0.36549075,-6.38064,417.61625,3.40199,0.962645,0.81486525,0.476172,0.213174,111.74985,93.7570675,-6.64,86.164775
1,12.25,-0.3068135,-1.2791375,-7.096505,-4.1956875,2.2630475,0.381899,-6.09272,417.31675,3.50322,0.93923175,0.8576495,0.50285125,0.2107035,105.865125,88.823345,-6.368,86.8722
1,12.75,-0.32288625,-10.9200825,-9.51752,-4.0701775,2.339175,0.34617075,-5.81372,416.896,3.47245,0.96702,0.7902175,0.45935025,0.196084,108.8438,91.307085,-6.124,83.210675
1,13.25,-0.25955725,-14.11755,-2.49272,-4.13416,2.286015,0.34463925,-5.47161,416.6025,3.3797375,0.95365075,0.8265395,0.47720225,0.22362925,100.541235,84.3584775,-5.78475,83.8102
1,13.75,-0.314937,3.10032,-2.436345,-4.1284175,2.39144,0.351949,-5.20502,416.67125,3.3618775,1.019315,0.848132,0.483649,0.211126,97.666335,81.9296625,-5.519,80.5381
1,14.25,-0.3266875,6.473835,-2.953245,-2.349045,2.176995,0.35775,-5.2373175,416.742,3.38965,1.016725,0.830927,0.4747575,0.2049445,88.96998,74.65472,-5.549,82.126025
1,14.75,-0.24720375,-13.5957775,-12.5831,-1.82601,2.32528,0.3530185,-4.81836,415.9765,3.4823675,0.928243,0.8740485,0.4750075,0.188459,74.05137,62.13891,-5.135,82.4384
1,15.25,-0.27224425,6.1672125,1.78583,-2.36373,2.3163175,0.31283875,-4.8036725,416.678,3.5913,0.98198275,0.82702175,0.4335925,0.1720665,59.10804,49.62103,-5.117,82.0665
1,15.75,-0.268461,3.63277,-0.275946,-1.1907685,2.301995,0.338147,-4.803065,418.05175,3.66184,0.941275,0.745923,0.454638,0.14517625,54.13216,45.45071,-5.1195,82.0905
1,16.25,-0.283618,-1.32451,0.554676,-3.62674,2.035615,0.298532,-4.756225,417.104,3.6361825,0.840166,0.723451,0.455786,0.14635425,33.98667,28.56462,-5.06,84.149075
1,16.75,-0.22599875,0.802042,-2.19558,-3.78367,1.74863,0.272669,-4.6587275,418.3765,3.61686,0.720548,0.636859,0.408628,0.123391,17.78087,14.97575,-5.0105,85.206
1,17.25,-0.240213,-0.92393925,0.96254925,-4.3945325,1.79276,0.2600715,-4.63664,417.69775,3.7080275,0.716436,0.55683375,0.37172775,0.11625225,3.888715,3.255172,-4.979,83.8931
1,17.75,-0.18294325,0.57933425,-1.4067675,-4.86758,1.6604,0.26300475,-4.83299,417.88125,3.7436675,0.69928775,0.51089375,0.35023275,0.11309925,-1.007357,-0.848112,-5.193,87.2037
1,18.25,-0.1818215,-9.09197,-3.3407325,-9.3685975,1.9150325,0.26962875,-4.832955,418.642,3.81305,0.69172075,0.52883425,0.3856225,0.11583325,-2.468481,-2.071875,-5.20525,86.297175
1,18.75,-0.199263,-2.49921,-3.03075,-8.45518,1.68247,0.25301775,-5.00929,420.27475,3.800295,0.717116,0.547452,0.3807545,0.1248815,-2.276871,-1.911901,-5.339,88.1446
1,19.25,-0.16143875,-5.50397,-7.680255,-4.559785,1.70463,0.257616,-5.14414,419.9035,3.80238,0.709099,0.558582,0.380898,0.12323275,-2.411323,-1.94563,-5.326,89.748425
1,19.75,-0.1991385,-3.96351,-2.2594975,-4.20158,1.7692925,0.26108075,-5.60764,418.016,3.7198425,0.69216325,0.556773,0.3893265,0.11766475,-2.229898,-1.872402,-5.9315,87.7627
1,20.25,-0.190157,-6.1984825,-0.09873775,-3.49164,1.6928175,0.2639535,-5.8813675,418.831,3.657595,0.72208725,0.5479055,0.380124,0.10409525,-2.349868,-1.972443,-6.201,88.9501
1,20.75,-0.235727,-5.26855,-2.15667,-3.767515,1.8803,0.2535295,-5.9919,418.044,3.53722,0.7235285,0.5409965,0.35274475,0.1066395,-2.479848,-2.081887,-6.16275,88.5195
1,21.25,-0.199192,-2.32097,-1.8185825,-1.653475,1.70707,0.24038075,-6.21249,417.31875,3.333565,0.7075995,0.59202675,0.36653925,0.1055025,-2.341598,-1.965747,-6.535,91.184925
1,21.75,-0.2169815,-6.77556,-3.7372625,-1.471575,1.77344,0.2454015,-6.3647725,417.203,3.25938,0.7308645,0.541636,0.3852415,0.1162995,-2.433708,-1.999408,-6.60525,92.70635
1,22.25,-0.20692375,-2.563615,-4.9949725,-2.393825,1.9590725,0.25127425,-7.03952,417.08575,3.2394,0.72859425,0.6047345,0.36341825,0.11077475,-2.669851,-2.212751,-7.3425,93.3017
1,22.75,-0.199865,-3.2324825,-3.13555,-1.4086925,1.88486,0.233288,-6.92671,416.65775,3.171555,0.71793125,0.60415125,0.37048175,0.1077925,-2.672284,-2.179246,-7.0865,93.4467
1,23.25,-0.1791295,-0.66079,-0.879347,-1.9277,1.69961,0.2378175,-7.06279,417.17125,3.28956,0.6794325,0.535275,0.3794505,0.117102,-2.662495,-2.213442,-7.115,94.51595
1,23.75,-0.20187525,-3.573605,-3.331955,-3.1398175,1.810495,0.24719625,-7.27607,417.4295,3.374175,0.70732975,0.53963775,0.36664075,0.121307,-2.477472,-2.015126,-7.276,95.876275
2,0.25,-0.204432,-9.85801,-1.84711,-3.5831125,1.78139,0.243945,-8.56835,419.5335,3.58155,0.661568,0.510859,0.386487,0.121034,-2.787738,-2.309176,-8.725,93.4152
2,0.75,-0.2013755,-6.09364,-1.41826,-2.396225,1.698495,0.248476,-8.55271,418.263,3.577585,0.6612775,0.5253305,0.36810525,0.114448,-2.5786305,-2.1153265,-8.8055,93.9636
2,1.25,-0.2320875,-3.78439,-2.85549,-2.03766,1.9379525,0.259314,-8.86729,417.75875,3.484975,0.756183,0.549697,0.3608815,0.1090945,-2.2467805,-1.8552255,-9.17225,94.3328
2,1.75,-0.25215075,-3.7647525,-1.10547,-3.201655,1.9917,0.242845,-8.6819475,419.14,3.4924,0.78683175,0.5962,0.37034675,0.112326,-2.3104295,-1.859862,-8.996,95.0258
2,2.25,-0.20848175,-5.221335,-1.741965,-3.42622,2.07131,0.251936,-8.90961,417.959,3.4334375,0.769213,0.585505,0.38362725,0.10972675,-2.0795605,-1.676746,-9.223,94.9412
2,2.75,-0.192887,-6.8887575,-1.6310325,-2.23832,1.8352775,0.2287505,-8.94172,418.3855,3.41569,0.74621175,0.5181805,0.36617,0.1053735,-1.857528,-1.511107,-9.257,92.4326
2,3.25,-0.2051775,-8.053975,-3.7012375,-3.63888,1.67111,0.241104,-8.985475,417.9375,3.463305,0.66501375,0.5068225,0.3801875,0.10443675,-1.977291,-1.602175,-9.2465,94.0888
2,3.75,-0.1528555,-8.65966,-5.7569475,-4.86342,1.7492725,0.248537,-8.80746,418.1955,3.44501,0.66903925,0.519511,0.387686,0.116256,-2.131503,-1.718141,-9.016,93.637725
2,4.25,-0.155771,-11.7388,-2.7050225,-3.92314,1.93794,0.283583,-8.867015,418.03825,3.501425,0.70414825,0.527553,0.3730075,0.11765125,-1.9332495,-1.5496035,-8.92475,93.98065
2,4.75,-0.215749,-14.0523,-1.35408,-2.76606,2.0213875,0.2818875,-8.881735,417.24175,3.4857325,0.76362425,0.5713225,0.40805475,0.116036,-2.0984095,-1.73075,-9.0425,94.1709
2,5.25,-0.23729375,-11.517075,-2.9270575,-2.72723,1.93126,0.250352,-8.8067525,416.0605,3.5125275,0.740555,0.568116,0.419013,0.117946,-2.4939205,-2.0235385,-9.04725,95.405875
2,5.75,-0.1972015,-12.5388,-0.4570755,-1.861985,1.98033,0.2873935,-8.79673,417.214,3.521855,0.8103005,0.59132675,0.41627875,0.128126,-2.561819,-2.0882125,-8.9635,95.2009
2,6.25,-0.233544,-13.2321,-1.759415,-2.25854,1.972415,0.29942725,-8.9761225,418.249,3.542155,0.71979775,0.58558275,0.4240915,0.120704,-2.7478495,-2.2473015,-9.277,95.7635
2,6.75,-0.2140325,-12.25875,-1.22106,-2.54449,1.97536,0.2809595,-9.3969475,418.2405,3.48079,0.718211,0.57597225,0.41445725,0.117312,-2.477855,-2.053298,-9.8555,93.9477
2,7.25,-0.208587,-5.05753,-1.18973,-5.077785,2.061315,0.289178,-9.1614425,418.17275,3.520895,0.769646,0.570308,0.397253,0.124913,-1.5600885,-1.2474025,-9.4695,92.824
2,7.75,-0.232871,-5.5918325,-0.25330575,-3.945565,2.11828,0.31185075,-9.14292,419.0065,3.58478,0.80399425,0.6370755,0.43808375,0.1353585,1.356795,1.134839,-9.4125,94.5185
2,8.25,-0.24312825,-8.6313775,-2.70657,-3.9271275,2.16884,0.3212625,-8.99052,418.83275,3.58779,0.87292975,0.6453545,0.48569225,0.173012,13.414925,11.289035,-9.172,91.3795
2,8.75,-0.306827,-20.8262,-2.671345,-5.7225025,2.142165,0.33407925,-8.39519,418.6865,3.62563,0.8643825,0.63801275,0.50484125,0.193732,34.59748,29.000495,-8.6965,93.7642
2,9.25,-0.2448915,-19.5441,-0.186265,-3.8197125,2.41976,0.3445135,-7.8625075,418.10675,3.6209,0.9092495,0.65343675,0.51992325,0.20849475,63.20288,52.9814925,-8.196,90.445
2,9.75,-0.350847,-40.3824,-5.747015,-4.595845,2.40509,0.394426,-7.8741,418.13,3.71513,1.02573,0.691661,0.553659,0.223114,97.57176,81.79573,-8.21,89.902225
2,10.25,-0.3459935,-26.2882,-20.126325,-7.0722975,2.416095,0.3845635,-7.35414,416.462,3.607285,0.98202425,0.76589825,0.55155925,0.2479585,139.5831,117.076,-7.641,87.73725
2,10.75,-0.3468865,-61.618275,-23.505,-8.425055,2.49995,0.397985,-7.62373,416.376,3.50309,0.97304,0.76595,0.55957,0.28432,161.6924,135.6082,-7.624,85.1969
2,11.25,-0.363603,-54.1828,-17.1152,-6.536445,2.41265,0.407636,-6.93056,417.69,3.49443,0.95266,0.707814,0.568234,0.275103,170.202575,142.683075,-7.295,81.7296
2,11.75,-0.367504,-31.0633,-7.951565,-7.72631,2.33819,0.413067,-6.76066,417.5185,3.6160675,1.05631,0.812364,0.592317,0.280657,187.976775,157.6352,-7.26,78.8603
2,12.25,-0.459912,-3.54042,-4.0230825,-4.1528,2.30324,0.437721,-6.59416,417.544,3.6110275,1.096455,0.8552105,0.576337,0.278256,201.5253,169.0124,-7.068,78.45945
2,12.75,-0.449213,-14.103175,-15.65015,-3.1196875,2.464165,0.41862075,-6.4642375,416.501,3.47253,1.0570075,0.7862735,0.57669725,0.278823,211.3542,177.2517,-6.7835,75.4701
2,13.25,-0.367714,-37.989475,-7.607465,-3.048305,2.51854,0.402668,-6.52723,416.298,3.6120075,1.13014,0.870541,0.572183,0.2759225,240.4984,201.6136,-6.542,75.641875
2,13.75,-0.43115,-40.44,-13.45875,-3.3179475,2.63754,0.375937,-6.20883,416.53,3.56194,1.09791,0.862251,0.572401,0.284529,238.282,199.8414,-6.353,73.768475
2,14.25,-0.39375825,-17.8044,-5.18895,-3.34468,2.62405,0.38523725,-6.24245,416.5775,3.650285,1.09473,0.876417,0.608455,0.275037,233.5691,195.8046,-6.548,73.047
2,14.75,-0.35326825,-22.05925,2.081655,-1.488105,2.63189,0.42260225,-5.99156,416.752,3.534195,1.09899,0.833159,0.610008,0.256174,187.7114,157.3602,-6.338,70.151725
2,15.25,-0.4194045,-18.361225,-3.942235,-1.650485,2.5553775,0.4020435,-5.999175,417.029,3.42658,1.086275,0.89009825,0.58331775,0.24475825,142.8491,119.7525,-6.3205,69.76635
2,15.75,-0.3273375,-14.12235,-2.73831,-1.55092,2.530345,0.4104655,-6.195725,417.7545,3.49788,1.04407,0.8049945,0.5734775,0.223472,116.241525,97.44559,-6.5335,70.08275
2,16.25,-0.36091,-10.7182175,-10.9176,-3.21802,2.4465575,0.3684955,-6.24012,417.553,3.472835,0.9531775,0.769677,0.6140745,0.194672,88.32702,74.065495,-6.579,71.2143
2,16.75,-0.2910105,-5.73926,-0.3652915,-3.96028,2.457295,0.3701865,-6.07534,417.87875,3.5058775,0.902076,0.6910865,0.5118525,0.1635205,58.6421925,49.21998,-6.3985,74.10325
2,17.25,-0.26252,-8.70809,1.6750625,-1.7980725,2.2617325,0.358017,-6.44383,417.752,3.5962175,0.838007,0.651054,0.5314195,0.147104,29.9379825,25.09404,-6.72225,75.2358
2,17.75,-0.271427,-13.12435,-7.84158,-2.92844,2.12126,0.331646,-6.522485,418.057,3.58872,0.812453,0.6220715,0.481716,0.150637,7.9857345,6.69112975,-6.8345,75.4695
2,18.25,-0.230362,-10.25157,-4.11673,-2.82888,2.082085,0.312254,-6.680805,418.969,3.58639,0.7336735,0.543861,0.4757185,0.1446925,-0.38180515,-0.2712084,-7.02,74.9806
2,18.75,-0.24317925,-12.10655,-3.424285,-6.17304,2.1035975,0.285861,-6.7621225,419.0105,3.61298,0.71011975,0.62205825,0.4363295,0.13547575,-2.7013835,-2.19023425,-7.10275,75.93405
2,19.25,-0.2172825,-2.920805,-1.941755,-1.10217,1.9593775,0.2836825,-6.93313,419.00725,3.583815,0.7751445,0.5802805,0.420332,0.1374035,-3.27046925,-2.7211665,-7.388,77.9174
2,19.75,-0.19138,-4.95867,-2.740055,-3.3466025,1.99473,0.262221,-7.127865,419.494,3.631165,0.7389165,0.5324135,0.4203735,0.127098,-3.064947,-2.5565805,-7.4655,78.7993
2,20.25,-0.2136665,-4.5872,-1.6044815,-2.11083,2.0195775,0.27622225,-7.2965125,419.618,3.6692,0.6824875,0.552566,0.42065925,0.126503,-2.8260785,-2.31536325,-7.63675,81.29125
2,20.75,-0.217974,-8.4463575,-3.544935,-3.70735,1.9733975,0.294016,-7.375755,420.9685,3.6241,0.705329,0.57829,0.4199855,0.12814875,-2.90418175,-2.421224,-7.68275,82.7175
2,21.25,-0.2065825,-7.30316,-4.9514,-2.5674,2.1395125,0.27243175,-7.88534,420.50575,3.652945,0.71106175,0.57567225,0.41186725,0.129839,-2.70821775,-2.23214825,-8.2005,84.6994
2,21.75,-0.2236175,-8.5540725,-1.02464875,-2.95976,1.9499525,0.26211875,-8.022715,419.65325,3.6226,0.761628,0.5653435,0.404531,0.115438,-2.78136125,-2.269579,-8.33575,86.2563
2,22.25,-0.205006,-7.095915,-1.375855,-4.1732325,1.922505,0.2635415,-8.28978,420.2615,3.49755,0.6922825,0.537894,0.405093,0.119617,-2.75811625,-2.31537775,-8.5795,87.226825
2,22.75,-0.191257,-3.07566,-1.8943225,-5.10919,1.99177,0.2330005,-8.416455,420.3715,3.48229,0.7911145,0.5585055,0.3872405,0.117835,-3.13405925,-2.571021,-8.7045,86.2177
2,23.25,-0.195541,-1.66766,-1.3429875,-2.32762,1.89947,0.244022,-8.45723,418.799,3.5059725,0.734146,0.520765,0.382596,0.121113,-3.10718875,-2.59480925,-8.734,91.6343
2,23.75,-0.18818875,-6.7057875,-2.946065,-3.2506175,1.765775,0.271661,-8.449295,419.99475,3.5879425,0.6558555,0.5386995,0.3730775,0.11626725,-3.143948,-2.58580425,-8.75,93.070525
3,0.25,-0.14701175,-11.395175,-3.6770425,-4.26095,1.688895,0.231923,-2.00865,421.03175,4.42016,0.5611735,0.42856875,0.3831005,0.11523625,-3.886324,-3.199733,-2.4555,77.4937
3,0.75,-0.140359,-13.943525,-6.434455,-3.94751,1.62513,0.2360335,-2.222755,420.85075,4.4151775,0.54524,0.412838,0.3805655,0.113011,-3.8986405,-3.212263,-2.6215,79.883175
3,1.25,-0.138096,-10.438525,-2.863315,-3.58487,1.64212,0.21213775,-2.491775,420.9385,4.40946,0.584202,0.3797845,0.37907975,0.10415225,-3.6684095,-3.046603,-2.889,80.2763
3,1.75,-0.122269,-9.03522,-5.996435,-3.2346225,1.53782,0.205114,-2.510995,421.488,4.399955,0.520311,0.40484075,0.355918,0.10455325,-3.670865,-3.0166905,-2.894,81.987375
3,2.25,-0.1373645,-14.9562,-3.453495,-2.578185,1.47661,0.21536075,-2.87878,421.9865,4.40479,0.522476,0.359985,0.351425,0.112988,-3.6305465,-3.0309565,-3.304,81.0803
3,2.75,-0.164794,-12.37185,-4.7467375,-2.304465,1.395345,0.22331,-2.85419,421.559,4.43994,0.516187,0.389646,0.3591855,0.108042,-3.6518055,-2.9876965,-3.261,80.81745
3,3.25,-0.13578925,-19.6878,-3.81853,-3.8509525,1.47421,0.20898075,-3.19888,422.541,4.40327,0.4946825,0.3765085,0.3700265,0.106905,-3.6375075,-2.977247,-3.586,82.5729
3,3.75,-0.19693175,-11.07015,-2.75711,-3.5187025,1.46619,0.22023725,-3.309745,422.94,4.421,0.56603475,0.3916345,0.35420925,0.100502,-3.547994,-2.925102,-3.718,82.1782
3,4.25,-0.14889125,-15.64475,-6.1888575,-2.08468,1.47356,0.21572775,-3.5889,423.141,4.4737675,0.556822,0.398784,0.3538345,0.1062545,-3.56789,-2.955939,-3.96075,83.610575
3,4.75,-0.1372285,-9.791875,-6.666195,-3.2575675,1.61092,0.236735,-3.67521,423.12125,4.4966,0.56677075,0.4359635,0.3585995,0.11985475,-3.623812,-3.010608,-4.066,84.4732
3,5.25,-0.119882,-15.5067,-3.1447275,-6.8312875,1.6449525,0.22121,-3.86178,424.277,4.39456,0.560388,0.419691,0.345328,0.112361,-3.6231545,-3.0057715,-4.227,85.363675
3,5.75,-0.13288775,-13.2212,-3.470695,-2.9586075,1.52366,0.239707,-4.0775,425.46425,4.37738,0.573149,0.4237,0.355192,0.111581,-3.500172,-2.881151,-4.443,86.6953
3,6.25,-0.1502395,-9.12903,-2.70828,-4.05508,1.46248,0.22937575,-4.20243,423.997,4.33021,0.55484675,0.45189275,0.35499,0.120438,-3.188644,-2.6270905,-4.70875,86.9181
3,6.75,-0.14519625,-9.39562,-3.4193625,-2.19228,1.6861625,0.22231075,-4.20538,425.596,4.3784975,0.645912,0.428734,0.39717625,0.125796,-1.6958475,-1.380023,-4.57125,88.405775
3,7.25,-0.16317925,-14.349,-7.14207,-5.223255,1.70244,0.277963,-3.74687,425.2045,4.278825,0.688886,0.502811,0.41705,0.173479,7.160516,6.0923395,-4.102,83.80715
3,7.75,-0.2159215,-25.0071,-12.689425,-3.1229075,1.94911,0.306899,-3.0687,424.7295,4.2863275,0.802717,0.580866,0.440283,0.200987,32.0329,26.904485,-3.458,82.42955
3,8.25,-0.224589,-35.7485,-14.932675,-4.571415,1.924765,0.315247,-2.181635,422.615,4.4002975,0.878319,0.707737,0.476865,0.2393765,67.728115,56.81345,-2.694,80.249725
3,8.75,-0.279619,-43.739375,-22.027275,-3.3031475,2.16815,0.363826,-1.800755,421.43675,4.28181,0.944651,0.784797,0.528506,0.25683,100.461665,84.301285,-2.246,74.3607
3,9.25,-0.3465365,-42.518125,-13.92095,-1.61358,2.33278,0.35223275,-1.35607,420.426,4.37551,1.0162075,0.81184425,0.54994725,0.27136,135.99205,114.04275,-1.758,72.755975
3,9.75,-0.427074,-39.4302,-9.110215,-0.4084205,2.57445,0.394428,-0.761162,419.74425,4.22872,1.0824,0.855358,0.539068,0.267861,189.44925,158.90355,-1.245,68.14755
3,10.25,-0.364789,-34.142625,-7.1056775,-2.18877,2.5702625,0.409157,-0.221098,419.591,4.13038,1.12417,0.945568,0.595564,0.297346,227.92445,191.13875,-0.63425,63.855
3,10.75,-0.390544,-44.988625,-20.57585,-1.581655,2.42461,0.428927,0.283429,419.891,4.0899875,1.1527325,0.98674675,0.59859175,0.31138625,245.2144,205.6101,-0.19,60.3661
3,11.25,-0.4157645,-37.6026,-20.5685,-0.8460375,2.59449,0.41952075,0.6261,419.42,4.08257,1.187495,1.02646,0.6304335,0.3381005,227.27295,190.52735,0.104,57.0351
3,11.75,-0.397608,-48.196725,-11.88745,-1.51684,2.750475,0.455909,0.9544435,419.224,4.1700575,1.278105,1.075485,0.637454,0.34355,277.6921,232.87755,0.404,55.856975
3,12.25,-0.403453,-25.4498,-22.4865,-1.1723,2.61285,0.5037375,1.22054,419.4985,3.936175,1.28745,0.990254,0.6917635,0.3588195,333.30655,279.48605,0.9265,53.242325
3,12.75,-0.486783,-38.8799,-14.8736,-0.3925975,2.533245,0.495654,1.512745,419.0375,3.9776725,1.19285,1.058555,0.702799,0.373569,311.1895,260.91735,1.092,51.874125
3,13.25,-0.536664,-19.68055,-7.21778,-0.614056,2.763165,0.4838105,1.717995,419.2075,4.012265,1.31127,1.042365,0.6394505,0.3530015,346.2866,290.37245,1.343,49.817975
3,13.75,-0.48866525,-33.5762,-10.46902,-0.117078,2.5864675,0.46447,1.863385,419.174,4.010155,1.229345,1.07405,0.646186,0.3773315,295.0024,247.38825,1.5165,47.622725
3,14.25,-0.453704,-37.9403,-12.7388,-0.90748,2.68561,0.481302,2.147025,418.2005,3.99256,1.2752475,1.059355,0.67485375,0.34696525,267.80515,224.57525,1.636,47.9975
3,14.75,-0.452434,-47.6202,-7.32377,-0.861271,2.6030525,0.42865075,2.23308,418.885,4.0848,1.2313475,1.0121075,0.6715435,0.2962175,236.4829,198.2895,1.887,48.1783
3,15.25,-0.41220475,-29.2432,-11.3395975,-1.40914,2.581295,0.401686,2.4783425,418.902,4.15226,1.2398375,0.915815,0.642251,0.298889,176.65245,148.17245,1.97825,48.624125
3,15.75,-0.436103,-30.9065,-3.5121,-0.59992175,2.6101125,0.4402405,2.290595,419.0605,4.138425,1.19727,0.89944975,0.658016,0.2712415,159.41505,133.72375,1.911,48.9252
3,16.25,-0.35689075,-45.404525,-12.1103,-2.33253,2.8165925,0.40420675,2.2733225,419.057,4.12986,1.2366625,0.9015415,0.618364,0.237976,128.5423,107.83445,1.8785,49.1512
3,16.75,-0.3571615,-42.225725,-15.178825,-1.02519,2.81538,0.415635,2.1227775,418.981,4.09965,1.13758,0.8568225,0.62049325,0.207267,84.13622,70.57123,1.62275,50.0421
3,17.25,-0.322982,-18.52955,-12.337025,-3.98074,2.571435,0.381833,2.08229,418.934,4.20305,0.98842675,0.80398075,0.6132225,0.17819,60.032765,50.36577,1.58,50.5065
3,17.75,-0.22901,-19.5895,-5.319405,-5.32935,2.48777,0.36092225,1.7713825,419.14375,4.14929,0.92933725,0.73686125,0.56904425,0.162397,39.485195,33.136655,1.30075,51.37885
3,18.25,-0.201862,-15.267575,-1.360225,-4.247635,2.25539,0.3066145,1.453175,419.7995,4.23339,0.8292065,0.62682075,0.4963955,0.1455155,13.25356,11.1942,0.9785,52.7106
3,18.75,-0.2041505,-15.1626,-9.98988,-5.90513,1.9136575,0.278504,1.07454,420.821,4.2225675,0.765429,0.587305,0.478859,0.143972,-0.4263194,-0.3341697,0.562,55.06895
3,19.25,-0.193568,-11.12265,-8.2623475,-3.67322,2.036455,0.29720075,0.88453525,421.10625,4.2633,0.68895375,0.57664975,0.455244,0.13823625,-4.248131,-3.5035725,0.45375,57.985675
3,19.75,-0.1942765,-6.98779,-6.584185,-2.87962,1.99854,0.272526,0.594628,421.71375,4.21027,0.77673,0.517341,0.439667,0.124202,-4.3254495,-3.554393,0.095,58.85255
3,20.25,-0.1799025,-4.53063,-3.58187,-2.7972925,2.089775,0.2710525,0.326247,422.7165,4.253815,0.678609,0.556486,0.4296215,0.121145,-4.3402615,-3.572477,-0.11525,62.60345
3,20.75,-0.1517195,-14.467975,-6.1784875,-5.509185,1.8694275,0.246985,0.082829,423.2575,4.277555,0.682633,0.51032,0.418217,0.12728675,-4.32309,-3.603051,-0.31725,64.8088
3,21.25,-0.15130875,-21.1024,-10.31805,-6.265825,2.05641,0.2618595,-0.49192175,421.7485,4.3460125,0.6714875,0.52734875,0.422404,0.11813525,-4.2077705,-3.472229,-0.9125,67.6612
3,21.75,-0.16727375,-12.031525,-4.086235,-4.492985,1.97691,0.26334575,-0.5743255,420.997,4.28232,0.705573,0.5245845,0.3993335,0.11465825,-4.2233195,-3.478726,-1.062,68.395525
3,22.25,-0.173341,-13.1657,-3.9245225,-5.009045,1.8166525,0.267449,-0.6535235,420.50325,4.4108625,0.69037075,0.517122,0.38628,0.108702,-4.1059885,-3.371751,-1.069,71.476775
3,22.75,-0.155772,-12.518425,-4.46583,-3.26597,1.8517175,0.2587515,-0.96194075,420.6625,4.39117,0.69671675,0.48402925,0.3826235,0.12274925,-4.0768965,-3.3670935,-1.46225,73.91245
3,23.25,-0.167742,-7.634405,-4.3046575,-3.109965,1.874655,0.249011,-1.4572175,421.415,4.446065,0.664899,0.4572565,0.3913905,0.1103725,-4.135856,-3.4355825,-2.01775,74.809675
3,23.75,-0.139642,-9.62706,-3.32456,-4.356655,1.70775,0.250565,-1.67885,421.1505,4.4621325,0.5994485,0.45499,0.397154,0.1132405,-4.017945,-3.338503,-2.178,77.1469
4,0.25,-0.112398,-11.99395,-9.9695575,-1.656355,1.715585,0.2442245,1.60511,422.3525,5.25784,0.6505655,0.5064905,0.3434975,0.110502,-3.7024355,-3.01868975,1.0285,69.2599
4,0.75,-0.12522175,-9.3391525,-2.3410775,-0.477064,1.79656,0.23869625,1.4214375,423.039,5.34685,0.656629,0.4800415,0.3655335,0.1189445,-3.83294,-3.1968355,1.093,71.45465
4,1.25,-0.1099935,-13.765025,-2.7665975,-1.21824,1.80328,0.2420595,2.00703,422.342,5.328765,0.666159,0.47287575,0.34288725,0.119168,-3.978509,-3.255789,1.238,73.23495
4,1.75,-0.11531375,-16.453675,-3.1821125,-0.67704025,1.73018,0.233838,1.59091,422.105,5.37723,0.630618,0.441917,0.361795,0.105741,-3.665208,-3.003115,1.165,75.1387
4,2.25,-0.1112385,-13.504375,-2.432905,-2.22471,1.6634425,0.208581,1.349525,422.5775,5.375955,0.63881325,0.454127,0.34181,0.10015025,-3.660698,-3.001977,0.83725,77.0912
4,2.75,-0.0995435,-11.79365,-5.4428175,-1.62853,1.8047225,0.2409695,1.3561575,422.597,5.62459,0.6302205,0.444989,0.3537285,0.11203275,-3.529858,-2.885212,0.68375,77.6862
4,3.25,-0.109141,-15.73065,-5.13615,-1.947445,1.869785,0.2358665,1.2773725,423.4185,5.490875,0.6659285,0.46231,0.362661,0.108395,-3.614533,-3.033001,0.731,77.833
4,3.75,-0.11957675,-17.3049,-3.33189,-4.655355,1.787565,0.22626575,1.2270875,423.755,5.55344,0.6298975,0.47575225,0.346579,0.113545,-3.37097,-2.828518,0.747,80.0126
4,4.25,-0.0933,-17.6977,-7.05635,-3.227515,1.7687725,0.234149,1.3345525,424.428,5.4340875,0.6732235,0.433517,0.356713,0.10975225,-3.564523,-2.916323,0.887,79.2581
4,4.75,-0.1169685,-9.21485,-7.246615,-2.46533,1.7487475,0.24122925,1.3242025,424.6845,5.52881,0.64970125,0.51506,0.36203675,0.10459075,-3.657386,-2.985791,0.50925,77.8691
4,5.25,-0.150177,-18.248975,-5.330835,-1.87869,1.747155,0.23184,1.1013725,426.171,5.54036,0.622053,0.485393,0.360482,0.0999,-3.253416,-2.730557,0.6045,80.2247
4,5.75,-0.13288475,-12.000025,-1.235945,-3.034235,1.66876,0.216481,1.001296,425.27175,5.5718075,0.64858325,0.459917,0.33082225,0.103118,-1.517318,-1.179336,0.368,79.9212
4,6.25,-0.1262235,-10.70905,-10.056835,-2.5893525,1.8086275,0.23891725,1.019756,425.3575,5.59786,0.657882,0.527215,0.37425725,0.12678325,2.49347,2.087154,0.35525,78.453875
4,6.75,-0.154523,-32.087325,-1.04319,-1.837705,1.922645,0.280809,1.34293,425.216,5.715765,0.7298155,0.5725475,0.397085,0.1640885,17.57782,14.80672,0.79175,77.5179
4,7.25,-0.1601895,-48.348675,-17.6908,-1.80479,1.9069825,0.29693425,1.6595025,423.4705,5.474335,0.81741275,0.62167725,0.429998,0.2022045,44.19079,37.04327,1.0555,75.527425
4,7.75,-0.2108355,-33.89605,-14.81875,-1.6551675,1.84671,0.318561,1.8547175,422.46525,5.44239,0.811737,0.64686,0.438206,0.2202485,66.30469,55.66294,1.66775,75.0047
4,8.25,-0.2225715,-53.760575,-9.00617,-1.43639,1.9623575,0.3095705,2.5654475,420.04025,5.234565,0.87882575,0.6703835,0.45321,0.25513225,95.25401,79.93194,2.05425,70.64805
4,8.75,-0.31922875,-60.88455,-18.98445,-2.23077,2.0260075,0.3591235,2.7651075,419.84525,5.15236,0.902047,0.6938555,0.495686,0.26463225,140.3884,117.7711,2.34075,66.96525
4,9.25,-0.3112435,-56.59145,-11.175515,-1.2525775,2.00789,0.36225625,3.0892575,418.921,5.1324,0.92199575,0.7293985,0.5379025,0.32329725,200.9585,168.5557,2.65425,62.52195
4,9.75,-0.4326765,-61.31185,-6.224605,-2.46518,2.1129775,0.3685555,3.112605,419.049,5.042095,1.0213125,0.76332125,0.54174275,0.32160075,234.4233,196.5956,3.107,59.358125
4,10.25,-0.2742545,-58.47305,-8.53139,-2.121785,2.23855,0.3969995,3.55405,418.468,4.777475,1.08845,0.81293825,0.57330875,0.36372025,243.628,204.3185,3.34825,54.039975
4,10.75,-0.41856225,-72.13555,2.1815,-1.63373,2.2568025,0.422017,4.1454475,419.216,4.93346,1.1252925,0.77022425,0.599755,0.408067,281.3857,235.9797,3.65375,52.823925
4,11.25,-0.442403,-7.724795,-14.841325,-1.50616,2.1667875,0.4537245,3.863435,418.962,4.735635,1.15298,0.8490495,0.636176,0.4056715,293.6497,246.2524,3.29425,51.1304
4,11.75,-0.38275325,-62.32995,-32.9818,-0.822402,2.4894,0.489089,4.313185,418.074,4.68824,1.208775,0.83284,0.638948,0.4037085,367.7022,308.3416,3.52225,49.068825
4,12.25,-0.4772925,-41.1785,4.90199,-0.504168,2.3561875,0.45859975,4.4531875,417.48125,4.6440425,1.198255,0.95774525,0.6569455,0.401965,356.8692,299.1711,4.19825,44.04775
4,12.75,-0.476609,-47.737,-1.65549,-0.7598645,2.28975,0.45958675,4.7318,417.60375,4.57147,1.23075,0.907558,0.664943,0.3898795,336.1043,281.8497,4.527,43.11145
4,13.25,-0.491475,-24.9644,-2.24208,-1.4922,2.3312525,0.444428,4.9040325,417.89775,4.65467,1.22586,1.050605,0.6566975,0.409257,284.1231,238.277,4.49675,44.6409
4,13.75,-0.457768,-49.664175,-16.7693,-0.96447975,2.4093025,0.4856525,4.9478675,417.138,4.65601,1.2744025,0.958218,0.673294,0.34916375,256.3707,214.9206,4.732,41.2699
4,14.25,-0.478289,-44.720125,-19.2819525,-1.01151,2.1841825,0.499363,5.17352,416.202,4.519075,1.256445,0.9912235,0.6701975,0.36157225,288.9626,242.324,4.941,42.023375
4,14.75,-0.4662075,-42.44715,-10.6951,-0.6675,2.50345,0.480136,5.29743,415.776,4.4744325,1.22605,0.9919215,0.6556585,0.346451,301.2773,252.659,5.065,40.3076
4,15.25,-0.449542,-29.99805,2.3138085,-1.038315,2.3874325,0.42599075,5.332755,416.17425,4.6633425,1.185215,0.89072925,0.6054005,0.30221525,232.3391,194.8655,5.19525,40.13005
4,15.75,-0.40761625,-88.7178,-5.0424675,-1.256065,2.41038,0.4647465,5.370265,416.525,4.528325,1.165975,0.920086,0.672563,0.28533475,192.2598,161.267,5.2775,39.548425
4,16.25,-0.339828,-95.042075,-3.42256625,-1.465485,2.6094,0.416076,4.80202,416.9135,4.42302,1.1313475,0.810992,0.695879,0.2459675,136.5336,114.5413,4.332,36.8813
4,16.75,-0.338073,-55.95925,2.0934675,-1.08849,2.26707,0.4023715,4.84134,417.264,4.59821,1.0649,0.906657,0.59641125,0.222506,96.51701,80.99204,4.062,39.0823
4,17.25,-0.3154935,-54.3408,-11.8061,-0.82211475,2.31499,0.404731,4.91343,417.08,4.60651,0.94177,0.77457,0.604722,0.190819,84.39766,70.7498,4.381,38.145475
4,17.75,-0.251152,-59.000325,-27.96165,-3.1137025,2.39844,0.40413,4.83864,417.44025,4.80188,0.907945,0.791705,0.599845,0.173286,47.09873,39.57581,4.062,41.076825
4,18.25,-0.218217,-21.3821,-15.21345,-5.15709,2.25486,0.368484,4.79728,417.573,4.8753025,0.894042,0.698295,0.506759,0.150461,23.65507,19.89923,4.006,40.74725
4,18.75,-0.156976,-24.44075,-1.59247,-6.29631,1.94801,0.287922,4.80572,418.4665,5.08891,0.819188,0.64570725,0.4378975,0.140796,9.565375,8.01485,4.014,42.901225
4,19.25,-0.164952,-21.870775,-13.65075,-7.56202,1.88263,0.281143,4.34514,418.571,4.86324,0.692849,0.543202,0.441959,0.136287,-0.1104237,-0.05198357,3.611,46.513
4,19.75,-0.147801,-16.6472,-4.31901,-9.36189,1.93819,0.292776,3.69638,419.05875,4.946925,0.69691,0.560788,0.409834,0.126003,-3.541156,-2.923087,3.139,48.441775
4,20.25,-0.12126475,-12.2527,-23.90125,-8.021275,1.78697,0.28153625,3.32889,418.254,5.0344825,0.695545,0.5203155,0.42071,0.124062,-4.538528,-3.722683,2.988,49.87525
4,20.75,-0.12921675,-12.7156,-11.212725,-4.4335225,1.698365,0.27838825,3.1978225,419.8005,4.79424,0.64250925,0.515364,0.38856725,0.11432025,-4.272936,-3.56165,2.77625,51.0349
4,21.25,-0.1187325,-12.92085,-4.30796,-3.309205,1.64012,0.251483,2.69255,419.77225,5.0374275,0.59215075,0.44914925,0.365,0.10776,-4.128981,-3.385508,2.317,52.7989
4,21.75,-0.10204425,-16.482925,-8.489075,-3.3548425,1.57458,0.22196725,3.02579,419.93075,5.229,0.558782,0.487306,0.3581095,0.10908,-3.981349,-3.280571,2.243,56.47475
4,22.25,-0.08635,-14.991675,-3.51084,-1.76578,1.59092,0.22831925,2.94252,421.438,5.2834375,0.58795875,0.45850575,0.34526825,0.117958,-3.802207,-3.17314,2.138,58.5509
4,22.75,-0.1001615,-12.987975,-7.40545,-1.5408875,1.55731,0.20472875,2.63061,420.86575,5.1365625,0.5969205,0.45168575,0.36107575,0.121991,-3.846242,-3.137503,2.093,60.1945
4,23.25,-0.112303,-15.3313,-4.2647,-3.34444,1.80928,0.235842,2.51919,421.392,5.0552575,0.661804,0.552066,0.362664,0.117218,-3.732641,-3.069657,1.901,62.8747
4,23.75,-0.13627,-14.2748,-1.852265,-3.70766,1.77216,0.23052275,2.5695575,421.546,5.248345,0.593154,0.51651125,0.36023975,0.11128925,-3.808228,-3.107243,2.10225,63.919925
5,0.25,-0.0622,-13.936625,-8.2189725,-3.81896,1.2574425,0.19618175,8.878255,424.403,8.30945,0.466405,0.39501775,0.27727375,0.12104325,-3.422531,-2.80013975,8.08375,65.8903
5,0.75,-0.0764,-13.942,-5.78203,-1.751435,1.1911425,0.178945,8.6378225,425.588,8.3032625,0.455012,0.376202,0.274308,0.1232595,-3.37840975,-2.74778325,8.05175,66.68425
5,1.25,-0.0665,-9.883915,-7.3963675,-2.3921425,1.25668,0.1842515,8.501355,424.5625,8.09395,0.480851,0.388641,0.271614,0.1170475,-3.10406675,-2.527675,7.762,66.88315
5,1.75,-0.0705,-14.833,-4.7062025,-1.48743,1.182485,0.204878,8.5807675,424.943,8.3423625,0.4591855,0.373895,0.2701645,0.1136665,-3.0498725,-2.4696865,8.092,69.271275
5,2.25,-0.089225,-11.9504,-11.5463,-2.26504,1.177835,0.19161925,8.2003475,424.168,8.3309225,0.500956,0.366539,0.27243575,0.116918,-3.00595225,-2.4484375,7.58125,71.0261
5,2.75,-0.08235,-13.43335,-4.703365,-1.720005,1.3287175,0.193952,8.117965,425.108,8.29858,0.4724845,0.3880795,0.2621235,0.117642,-2.83033525,-2.33232675,7.5475,70.4625
5,3.25,-0.08055,-12.48285,-8.36352,-2.123,1.09271,0.1852555,7.76101,425.751,8.008885,0.463066,0.364294,0.247324,0.11870375,-2.90726675,-2.41487125,6.891,71.1977
5,3.75,-0.07755,-15.6349,-3.653285,-2.68928,1.16632,0.19134475,7.67187,425.829,8.19006,0.45689825,0.3354875,0.2743225,0.11199375,-2.80626125,-2.290065,7.0175,72.465475
5,4.25,-0.084225,-11.626375,-5.5288725,-1.60786,1.0362825,0.1941695,7.29181,426.726,8.188645,0.46906975,0.35130775,0.2751355,0.114081,-3.034733,-2.517053,6.6635,74.5027
5,4.75,-0.095975,-15.4718,-9.53534,-1.8651875,1.1673125,0.16098125,7.1574175,426.847,8.285605,0.440794,0.33570075,0.2729705,0.1196795,-2.6756015,-2.1681445,6.548,73.65225
5,5.25,-0.09225,-17.6978,-5.6083125,-4.23594,1.11869,0.194563,7.45897,426.342,8.2766,0.456409,0.387237,0.2775115,0.1158335,-0.6439754,-0.46006335,6.64725,74.6172
5,5.75,-0.10572175,-18.89955,-15.35365,-2.352165,1.23478,0.214103,7.6512375,426.952,8.3344625,0.5501075,0.41668,0.2838785,0.13965925,7.8527725,6.58096175,7.02075,77.88915
5,6.25,-0.131851,-23.7887,-17.4933,-3.7117225,1.48268,0.232362,7.5062125,426.76,8.24275,0.64160375,0.4834245,0.32893975,0.1520625,23.4816375,19.7614975,6.8575,75.1452
5,6.75,-0.1155365,-21.65405,-17.7337,-3.473075,1.571725,0.253531,8.104135,424.504,8.246285,0.6826535,0.519226,0.33983,0.1790525,40.8803575,34.2907225,7.4875,71.482325
5,7.25,-0.134759,-34.53975,-15.1884,-3.62878,1.611485,0.283177,8.2031675,422.2285,8.51733,0.7082805,0.576622,0.37194,0.209605,70.72967,59.3872425,8.0335,67.9138
5,7.75,-0.157698,-60.48705,-8.65036,-6.26229,1.648195,0.30730775,9.02141,419.207,8.596055,0.74665725,0.61393675,0.42148225,0.238204,102.2098025,85.7062575,8.6085,64.521925
5,8.25,-0.21464775,-57.3225,-37.404825,-1.53416,1.64222,0.32761275,9.6791875,417.291,8.54668,0.76904725,0.67786525,0.4444995,0.24986,129.16865,108.377725,9.05875,59.18605
5,8.75,-0.171594,-43.9287,-32.0957,-3.65015,1.7015475,0.310873,10.066825,416.4,8.57797,0.819535,0.6452165,0.4478665,0.29175475,160.653025,134.7657,9.8945,56.533
5,9.25,-0.2168385,-26.58165,-29.825275,-2.709625,1.7871175,0.345445,10.97265,414.279,8.6255125,0.8587315,0.71746,0.44673,0.3018065,192.407975,161.320675,10.39825,51.943925
5,9.75,-0.275155,-26.1657,-18.2257,-2.3410875,1.73316,0.355513,11.730775,413.64,8.53106,0.84932675,0.76058475,0.457983,0.32449,223.863725,187.762875,11.019,51.09515
5,10.25,-0.306386,-79.1468,-31.977,-1.67222,1.8699275,0.3939795,12.3602,411.869,8.2836425,0.9768505,0.8049955,0.50992275,0.3671485,262.885225,220.4718,11.818,49.7429
5,10.75,-0.283816,-60.5678,-12.26335,-2.44321,1.9457875,0.371416,13.0007,411.495,8.25171,1.03298,0.836703,0.513113,0.3648715,287.614875,241.202875,12.4765,47.44055
5,11.25,-0.33638475,-46.9589,-24.260575,-2.2337,2.03001,0.4102405,13.24945,410.918,8.232185,1.086365,0.856879,0.5536135,0.3482425,326.0771,273.38015,12.2935,45.2182
5,11.75,-0.3621535,-31.916825,-20.34005,-2.935515,1.984215,0.4203585,13.53165,411.355,8.26403,1.06137,0.8491985,0.5652655,0.3622915,320.319875,268.6198,12.762,43.4672
5,12.25,-0.3533845,-53.3761,-25.05405,-3.18468,2.200385,0.39806,14.3403,410.842,8.2255,1.14514,0.894736,0.5596985,0.389927,335.511925,281.28955,13.1225,43.15975
5,12.75,-0.3055685,-93.2348,-29.9158,-3.3846325,2.06241,0.42555075,14.652625,409.62475,8.054565,1.1840475,1.0356575,0.5584855,0.35863375,304.7333,255.53365,13.40075,42.4755
5,13.25,-0.37813225,-30.6824,-14.419475,-2.40448,1.97135,0.4209915,14.7982,409.241,8.38755,1.1339,0.952406,0.552126,0.346013,335.56665,281.40025,13.714,42.0576
5,13.75,-0.342025,-65.60985,-37.99455,-1.984835,2.2037125,0.4296465,15.085575,409.438,8.3431425,1.1902,0.96148475,0.5661815,0.36888925,331.000275,277.57695,14.27775,40.44665
5,14.25,-0.350142,-41.3188,-5.953035,-1.7997725,2.0563075,0.407066,14.957325,408.99925,8.58208,1.1836125,0.94656975,0.54143875,0.33136975,333.07345,279.2236,14.2525,41.7034
5,14.75,-0.327909,-64.2557,-21.73675,-2.387305,2.228105,0.414988,15.107425,408.991,8.6544875,1.2294625,0.929863,0.554966,0.33281075,299.122175,250.853625,14.40925,41.1132
5,15.25,-0.33894675,-80.440825,-3.14695,-2.2552125,2.0229075,0.398967,15.119625,408.817,8.6007575,1.1334875,0.95288575,0.559465,0.3136605,274.543,230.17755,14.22675,40.0617
5,15.75,-0.3289445,-66.49645,-18.5367,-1.303975,2.164455,0.428242,14.9913,408.99675,8.6903775,1.148695,0.85271925,0.59243,0.303882,243.475775,204.203375,14.153,38.78635
5,16.25,-0.25948825,-48.42475,-20.038825,-1.53602,2.0572275,0.388968,15.331525,409.12625,8.7342825,1.13143,0.886227,0.54529975,0.27748475,211.6002,177.41135,14.20175,39.9806
5,16.75,-0.30175075,-32.98855,0.4829725,-1.36539,2.24541,0.38157525,15.20035,409.138,8.7048775,1.03431,0.818389,0.55113775,0.23916825,198.55095,166.541075,13.999,40.3878
5,17.25,-0.289613,-30.28375,-12.12385,-2.21398,2.1651175,0.40588375,15.0749,408.521,8.89935,0.9663185,0.823525,0.54232025,0.22558125,156.4435,131.218125,13.70025,41.26785
5,17.75,-0.25172075,-20.5959,-21.1037,-2.15987,2.2406975,0.35290875,14.5733,408.79375,8.738435,0.86169375,0.75386275,0.52733925,0.1772445,117.35415,98.4490375,13.3795,42.0521
5,18.25,-0.2696965,-20.1349,-15.762225,-2.79549,2.0573,0.29128625,13.69,409.865,8.7163,0.8293375,0.72221475,0.46711425,0.15016,77.0622425,64.61456,13.00475,44.0413
5,18.75,-0.201794,-11.2015,-25.0567,-4.211965,1.8538075,0.28496025,13.727575,410.65575,8.78571,0.7226035,0.590477,0.397487,0.13698725,45.7008725,38.33244,12.903,44.16675
5,19.25,-0.1156995,-10.07669,-4.8259325,-2.21565,1.7556725,0.24277925,13.418625,412.545,8.61383,0.600697,0.52083725,0.3489505,0.1381135,21.31695,17.93836,12.508,45.590325
5,19.75,-0.10638025,-9.65299,-8.06375,-2.70932,1.456715,0.20771225,12.998625,414.478,8.4602,0.529231,0.44500075,0.32414925,0.139436,1.947239,1.700975,12.11625,49.0609
5,20.25,-0.069375,-11.312775,-6.3309525,-3.435285,1.36769,0.21114225,12.52915,416.042,8.3812075,0.5224895,0.4289055,0.2932545,0.13790675,-3.52331875,-2.8744645,11.79925,51.1587
5,20.75,-0.08475,-15.697,-9.2384275,-1.776215,1.4949475,0.205559,11.799425,418.266,8.42879,0.517369,0.4434845,0.287777,0.137642,-4.01043875,-3.2911715,11.1665,54.07325
5,21.25,-0.06305,-13.5662,-7.96685,-3.034865,1.480895,0.20781,11.230975,419.887,8.41339,0.537357,0.456935,0.2935035,0.1496315,-3.87735575,-3.17943,10.18525,55.6195
5,21.75,-0.075875,-17.289075,-9.307515,-3.706965,1.645255,0.21164375,10.9356,420.9775,8.4752825,0.5719155,0.45617575,0.30623825,0.138512,-3.88209375,-3.202826,10.16975,58.032875
5,22.25,-0.07805,-13.068125,-6.227265,-2.85816,1.526885,0.18902225,10.733275,421.73825,8.9875,0.5135185,0.41649475,0.2793965,0.1386955,-3.818301,-3.165589,9.77375,60.3535
5,22.75,-0.07195,-16.554,-6.77605,-2.58293,1.4260625,0.209021,10.228275,422.946,9.1132175,0.52193875,0.408072,0.29850225,0.1285445,-3.70876575,-3.08888175,9.52325,63.19475
5,23.25,-0.074175,-13.275875,-4.63832,-2.310655,1.4166675,0.19504625,10.0082725,423.445,8.5640325,0.50258675,0.431492,0.2886035,0.13078425,-3.62950825,-3.042224,9.255,63.8293
5,23.75,-0.077475,-10.865325,-7.5638425,-3.0701525,1.38609,0.21282675,9.685485,424.92125,8.5817225,0.48985025,0.422706,0.2840055,0.1229055,-3.530026,-2.93667125,9.341,63.8879
6,0.25,-0.0773,-14.90475,-7.66934,-1.194375,1.19701,0.1628645,17.61405,415.8085,14.5519,0.446786,0.3663355,0.259965,0.1161915,-3.20963225,-2.59667325,16.087,70.34405
6,0.75,-0.0687,-11.62865,-10.7311525,-1.69823,1.221955,0.1679245,17.1839,415.927,14.652325,0.473015,0.35988,0.2459225,0.1247615,-3.25445375,-2.635872,15.642,72.2681
6,1.25,-0.0637,-12.055,-3.70786,-1.50936,1.12265,0.17027,16.9399,415.833,14.6357,0.446906,0.357659,0.261504,0.121802,-3.268104,-2.64618775,15.439,74.125625
6,1.75,-0.0809,-11.373875,-6.00967,-1.148405,1.112875,0.174001,16.718975,416.24675,14.309975,0.44734325,0.348908,0.2410265,0.1194625,-3.1985325,-2.58577975,15.238,76.39415
6,2.25,-0.079125,-14.959675,-6.4258925,-1.6880425,1.1463225,0.177804,16.4722,416.68475,14.302125,0.440621,0.33651375,0.27010925,0.1179965,-3.117064,-2.5197255,15.14775,76.642325
6,2.75,-0.085175,-12.0053,-8.6864825,-3.45089,1.159365,0.17386525,16.20385,416.90675,14.63705,0.44762025,0.35731175,0.26879575,0.119083,-2.97723025,-2.41736925,14.78825,78.703575
6,3.25,-0.077525,-8.87171,-6.139775,-2.17994,1.14564,0.15844975,15.803,417.13,14.3995,0.4372285,0.35537875,0.24970025,0.109523,-2.946289,-2.37544825,14.345,80.89595
6,3.75,-0.0789,-12.155,-3.6492275,-3.24527,1.135335,0.184197,15.41665,417.889,14.19465,0.45396,0.361408,0.236067,0.106307,-2.77119025,-2.318464,14.116,79.59465
6,4.25,-0.0957,-10.6982,-3.15517,-2.2184875,1.15204,0.179259,15.397275,419.94025,14.3074,0.435834,0.375706,0.256263,0.10793675,-2.9154335,-2.39288625,14.104,82.89985
6,4.75,-0.0823,-19.4656,-5.194065,-0.7314685,1.17512,0.170229,15.2347,421.279,14.12805,0.457524,0.349504,0.246193,0.0962,-1.867528,-1.47269225,13.993,83.0737
6,5.25,-0.102649,-15.40115,-9.78686,-0.432063,1.1977825,0.198207,15.24795,421.35,14.0028,0.489702,0.38636025,0.277731,0.103586,4.8322895,4.14072975,14.011,83.9656
6,5.75,-0.102651,-12.9924,-9.09582,-2.596185,1.184035,0.18448,15.564475,420.91,13.8329,0.522414,0.408364,0.295692,0.118277,22.2828975,18.6991275,14.09925,82.97665
6,6.25,-0.0984,-7.46805,-11.25675,-3.71291,1.2560875,0.19608,16.3761,420.1895,13.5643,0.599383,0.465095,0.30086,0.17581,48.3600875,40.608275,14.826,79.7142
6,6.75,-0.13967575,-2.2131825,-4.028765,-3.20979,1.51283,0.237833,17.257625,417.33875,14.2063,0.63975425,0.4662505,0.33162525,0.22136025,85.81568,71.961425,15.83125,75.02435
6,7.25,-0.14574975,-30.315875,-19.176425,-3.679285,1.435765,0.2818445,17.8139,414.8515,14.3894,0.7321505,0.550011,0.37748375,0.25167975,143.947375,120.6711,16.34125,70.6096
6,7.75,-0.14725375,-30.35885,-13.682025,-2.83313,1.58486,0.28818325,18.2873,408.611,14.425,0.72092825,0.60156225,0.39138025,0.28844,191.21175,160.388075,17.065,67.707
6,8.25,-0.173335,4.3238875,-24.0521,-2.542675,1.54768,0.319888,19.03385,406.804,14.185125,0.77959575,0.683877,0.417599,0.31207425,236.057175,197.984425,17.85125,65.1564
6,8.75,-0.22344825,-21.1774,-2.47057,-2.6855525,1.634575,0.31526525,19.69735,404.6935,14.22295,0.88492575,0.68340175,0.43242975,0.331246,323.12385,270.969,18.197,63.2025
6,9.25,-0.2713555,-13.25977,4.69869,-2.30554,1.5997975,0.35346575,20.31485,403.37575,14.6006,0.90205725,0.72521075,0.473152,0.3557385,332.805175,279.089125,18.7685,59.22025
6,9.75,-0.29259,-7.177445,-7.27066,-1.9111,1.69584,0.355529,20.5506,402.125,14.4723,1.00017,0.77025,0.503059,0.371667,402.705975,337.66735,19.128,56.944325
6,10.25,-0.289682,-1.55953,-1.04138,-2.281365,1.84732,0.3665265,21.2279,402.277,13.95035,1.07601,0.84389325,0.4930015,0.40442525,409.031725,342.9905,19.45025,54.2974
6,10.75,-0.25991975,-4.4262675,-1.174037,-2.10627,1.75319,0.38277,20.8362,400.8375,14.1545,1.034035,0.80935425,0.53812825,0.4245145,471.8974,395.69235,19.688,52.8679
6,11.25,-0.28042425,0.313575,-19.8984,-2.3884875,1.85728,0.405722,21.4335,400.28875,14.18835,1.08139,0.878989,0.527192,0.381135,486.12955,407.60205,20.115,50.6703
6,11.75,-0.36570025,-1.4366,6.106005,-2.2926275,1.7381125,0.40838575,21.561825,399.476,14.3451,1.1163225,0.950325,0.560152,0.4408875,478.196525,400.974375,20.2855,50.8885
6,12.25,-0.368324,-17.7814,-45.95305,-2.25457,1.846925,0.4170325,21.86425,398.69,14.1853,1.0999075,1.0019225,0.5918015,0.43102375,467.474375,389.9971,20.4835,49.5763
6,12.75,-0.40510975,5.052645,-11.375275,-2.11574,1.90548,0.39899475,22.08765,398.393,14.5863,1.1485625,0.8771395,0.572824,0.45513475,542.791525,448.6859,20.63725,46.885575
6,13.25,-0.3739335,8.898535,-9.69485,-1.99341,1.875895,0.420354,22.2239,398.438,14.56595,1.11957,0.905373,0.5828495,0.44097725,402.186825,336.4687,20.727,45.6624
6,13.75,-0.343839,-33.60235,0.15379075,-2.5452425,1.9234725,0.3795545,22.50455,398.4005,14.4902,1.158745,0.83165225,0.5764675,0.414461,439.99855,359.313125,21.13175,44.7646
6,14.25,-0.388095,-19.839675,7.50484,-2.3426,1.80521,0.40831175,22.4616,397.679,14.2389,1.22559,0.895616,0.58427,0.4382645,462.4927,387.80945,21.138,44.1972
6,14.75,-0.381899,-58.304725,1.438399,-1.8378575,1.7759825,0.389528,22.736075,396.667,14.7153,1.0787825,0.85147075,0.576615,0.3985365,404.960625,339.488275,21.0815,43.521775
6,15.25,-0.4054295,-48.1059,-4.7547925,-1.6383,1.88642,0.4019955,22.62575,397.07525,14.066475,1.13422,0.793205,0.5517095,0.377938,357.58925,299.84215,21.13825,43.85565
6,15.75,-0.360008,-28.0467,-4.82627,-1.54891,1.80388,0.367817,22.7596,397.21,13.6259,1.07277,0.852488,0.512586,0.338792,333.969325,280.064375,21.239,42.7537
6,16.25,-0.3330535,5.84469,-0.778005,-1.531945,2.10387,0.379421,23.098625,397.861,13.21475,1.05624,0.8166935,0.54307525,0.3178615,274.41035,230.13405,21.52775,42.1338
6,16.75,-0.32064575,-16.613025,-8.5792,-1.47267,2.037895,0.38663025,22.9777,397.205,13.235,0.9877595,0.8352125,0.5182695,0.29523125,284.1322,238.21675,21.7255,41.95485
6,17.25,-0.29502025,-49.821375,-22.1693,-1.12163,2.0157075,0.355982,23.0378,397.47625,13.4098,0.997223,0.772409,0.490184,0.280813,240.63635,201.8218,21.69,42.225925
6,17.75,-0.221981,-33.6749,-17.96865,-1.95671,1.95309,0.357897,23.0134,398.1065,12.9705,0.916074,0.731203,0.502517,0.216684,161.935325,135.84405,21.494,41.7759
6,18.25,-0.23706,-32.7077,-30.28795,-2.39641,1.990615,0.3536115,23.111,399.11275,13.0041,0.841436,0.610437,0.500324,0.173575,115.1038,96.56304,21.2795,43.38385
6,18.75,-0.1670565,-13.101375,-15.681125,-2.76675,1.665035,0.29030825,22.845825,398.98025,13.1415,0.70064025,0.56195625,0.40720375,0.1609135,79.5261675,66.7626125,20.96975,45.1428
6,19.25,-0.14197075,-14.165575,-14.9281,-3.45303,1.53622,0.2503415,22.159375,399.84325,13.7751,0.6106995,0.4525795,0.37232225,0.14210125,43.43409,36.4324825,20.39975,48.023125
6,19.75,-0.08095,-8.08207,-18.107475,-2.5422275,1.219715,0.203643,21.591775,402.51675,13.66755,0.53745275,0.379492,0.3026415,0.14830375,15.516555,13.099135,19.898,50.91115
6,20.25,-0.08485,-9.02812,-15.6899,-4.636555,1.3347425,0.1976825,21.1392,405.2525,13.792125,0.468926,0.358887,0.270795,0.14200825,0.25234555,0.232068275,19.53375,53.83045
6,20.75,-0.0707,-11.809325,-10.294965,-4.383545,1.1901575,0.181826,20.739375,407.06,14.0963,0.4511065,0.36163175,0.25438175,0.14404775,-3.9951915,-3.25889925,19.1445,56.35645
6,21.25,-0.07925,-12.46055,-13.29865,-5.55323,1.17755,0.1834705,20.32255,409.016,13.890275,0.469162,0.4077025,0.248357,0.1332765,-4.05622325,-3.32907075,18.7495,58.8446
6,21.75,-0.09435,-12.155325,-9.16906,-3.748,1.32916,0.17517225,19.852,409.69725,14.3157,0.50163525,0.4075525,0.25423875,0.135238,-3.85605425,-3.151808,18.4235,61.71595
6,22.25,-0.08415,-13.488825,-4.861115,-2.75304,1.28982,0.1718275,19.29415,411.872,14.5284,0.460703,0.40157,0.264313,0.134101,-3.68090975,-3.0043745,18.1105,64.0568
6,22.75,-0.068,-14.356,-3.7238575,-2.18728,1.26776,0.17821,18.89875,412.4235,14.6044,0.5107625,0.3994195,0.259339,0.1216375,-3.62556425,-2.94643825,17.513,66.14905
6,23.25,-0.0819,-11.9999,-6.156765,-2.6954325,1.1946325,0.175096,18.465625,413.99775,14.8719,0.5004695,0.38953975,0.277602,0.11033625,-3.5988755,-2.93740875,17.17225,67.488325
6,23.75,-0.075275,-14.2046,-3.472425,-1.1767,1.1939175,0.177088,18.112775,415.7235,14.93395,0.46318825,0.38910175,0.25013425,0.1142985,-3.40331775,-2.76943925,16.7505,69.481525
7,0.25,-0.0799,-10.02995,-6.1644175,-1.33294,1.302235,0.1893205,21.98445,409.8375,18.3815,0.5128135,0.401474,0.274837,0.106055,-3.27601525,-2.666894,20.2765,74.722
7,0.75,-0.071775,-8.0289225,-7.46349,-1.58578,1.3055225,0.18855,21.7284,412.16225,18.4157,0.5118525,0.42825175,0.275381,0.1005725,-3.1860435,-2.5878595,19.832,76.47845
7,1.25,-0.0751,-8.492045,-1.75855,-0.3686875,1.27527,0.173737,21.46225,411.7725,18.5438,0.5084335,0.406198,0.26061725,0.09535,-3.15604425,-2.566741,19.671,77.835075
7,1.75,-0.0782,-7.724925,-3.4885,-0.37252,1.2478525,0.16691575,21.27545,414.05025,18.7326,0.4700225,0.39300575,0.26351275,0.095875,-3.07967725,-2.504604,19.597,79.4502
7,2.25,-0.074875,-7.8792925,-2.75279,-0.75617575,1.2203275,0.18087925,21.0704,414.963,18.476625,0.480062,0.3383055,0.273862,0.093125,-2.8878185,-2.400858,19.21075,80.1286
7,2.75,-0.0813,-9.8904125,-2.23754,-0.5500095,1.20448,0.17952475,20.91605,416.0845,18.283,0.48120925,0.37158675,0.2710235,0.09295,-2.78551225,-2.242946,19.14825,80.785975
7,3.25,-0.08185,-7.50064,-3.20864,-1.13859,1.15107,0.1769805,20.729,418.127,18.289175,0.4604435,0.3652165,0.254918,0.09245,-2.7367325,-2.21375975,18.8975,82.855
7,3.75,-0.0777,-8.650175,-3.1939525,-0.04801175,1.175745,0.1607915,20.39535,419.24,18.274025,0.463212,0.35676,0.2392915,0.098531,-2.72215075,-2.23869725,18.715,81.874025
7,4.25,-0.079575,-7.3515325,-3.37898,-0.017475,1.2000175,0.1556405,20.079375,422.25025,18.4991,0.45950075,0.3219275,0.23700675,0.10571775,-2.61355875,-2.1031755,18.38075,82.4757
7,4.75,-0.0964,-9.27291,-4.306805,-0.420746,1.14515,0.167695,19.8077,421.298,18.4946,0.434494,0.339361,0.258766,0.100487,-2.38885325,-1.9786375,18.225,83.6922
7,5.25,-0.0811,-10.5861,-4.31616,-0.9660235,1.190375,0.1658275,19.686,421.746,18.2134,0.497521,0.361591,0.264931,0.09245,0.14420955,0.2064721,18.02,82.9666
7,5.75,-0.093075,-5.42476,-2.76432,-0.9072265,1.282505,0.1835105,20.0348,422.97275,18.6501,0.51920075,0.421765,0.29330775,0.1033165,13.218765,11.1669075,17.82425,83.32655
7,6.25,-0.103772,-5.91629,-3.413855,-1.92662,1.30975,0.2075,20.3566,421.499,18.50525,0.53856,0.451924,0.307882,0.156064,41.2742075,34.6417825,18.461,80.13365
7,6.75,-0.12584275,-7.7094325,-4.8139275,-2.98992,1.37589,0.23632475,20.475925,417.547,18.830625,0.5874155,0.48649625,0.349217,0.192755,79.2406525,66.4807775,18.82125,78.5993
7,7.25,-0.11793225,-27.848575,-15.2803,-2.473145,1.4972475,0.24406075,21.3259,412.08525,18.8971,0.6666895,0.49918775,0.3541035,0.22733925,134.12055,112.528925,19.55025,75.59125
7,7.75,-0.15725575,-14.801,-4.20493,-2.429745,1.50003,0.26516975,21.929925,405.8315,19.0229,0.75838775,0.54810375,0.377021,0.251873,184.860875,154.995025,20.187,71.565575
7,8.25,-0.158117,-5.40439,-3.7105825,-2.3753725,1.50996,0.252626,22.5043,404.05,19.02965,0.752101,0.556255,0.408839,0.292184,236.51095,198.3633,20.896,68.1555
7,8.75,-0.204413,-0.263766,1.54178,-2.325175,1.51557,0.293532,23.0663,400.921,19.365575,0.759039,0.631168,0.434743,0.332158,337.9181,283.308075,21.292,64.4548
7,9.25,-0.1879565,13.743925,-0.48193,-3.938555,1.635035,0.2861145,23.4988,397.0895,18.601925,0.829515,0.6871545,0.4457715,0.33497,316.42455,265.358,21.8485,61.086075
7,9.75,-0.22166,23.936975,1.62606,-3.4216,1.683935,0.309994,24.21065,396.1425,18.557725,0.930992,0.785808,0.463451,0.4096455,388.496225,325.75575,22.6135,58.3779
7,10.25,-0.235405,-13.09765,6.625105,-2.630045,1.79463,0.34878475,24.689325,393.898,18.313975,0.954582,0.81609925,0.504457,0.38419325,478.8995,401.566775,23.003,56.7401
7,10.75,-0.287658,3.065885,-9.2835725,-2.52651,2.018965,0.364482,25.26805,393,17.9487,1.11099,0.8431555,0.523022,0.432604,527.746875,442.512,23.4745,54.378775
7,11.25,-0.26506475,3.03109,-18.75895,-1.9256475,1.925445,0.36076575,25.357625,392.5515,17.8658,1.13768,0.8984495,0.52595,0.44395775,613.278675,514.215625,23.728,53.4781
7,11.75,-0.353831,-2.97599,-2.05891,-2.29388,1.99295,0.3787735,25.73435,391.4295,17.389825,1.19876,0.917191,0.532122,0.504076,604.008875,506.44575,24.3625,51.26505
7,12.25,-0.3246675,-27.208475,-16.50405,-1.978825,2.012435,0.371945,26.12845,389.584,17.5957,1.13562,0.833219,0.53668975,0.4721835,651.998575,543.266125,24.476,50.72485
7,12.75,-0.290825,-20.8976,2.8770625,-2.093515,1.98762,0.38774925,26.523325,390.179,17.53165,1.0722875,0.931659,0.56157825,0.4981885,625.473675,521.737925,24.75275,50.0006
7,13.25,-0.2850975,-13.529,0.652162,-1.82446,2.117975,0.3890805,26.5861,387.971,17.411325,1.212315,0.919251,0.5402065,0.486579,615.6141,516.17545,25.193,48.734625
7,13.75,-0.2920145,-24.2982,-5.9074,-1.60193,2.00089,0.3807295,26.50645,387.6985,17.268325,1.156455,0.9347165,0.5506415,0.4708835,579.652775,486.0283,25.121,48.54115
7,14.25,-0.3078155,-36.16955,-8.24969,-1.4886475,2.13342,0.3631905,26.57365,388.2255,17.6629,1.149935,0.8731495,0.5437125,0.4725045,569.3409,477.314525,25.2755,48.02775
7,14.75,-0.3180185,-0.57718,4.31268,-1.8314025,2.00724,0.3726605,26.73555,388.344,17.7066,1.067315,0.9289795,0.531855,0.4242235,500.110325,419.323475,25.368,47.46505
7,15.25,-0.273296,-11.64975,0.320161,-1.52754,2.079045,0.387022,26.807,388.9115,17.2471,1.139875,0.9542305,0.5204145,0.404524,453.130275,379.8688,25.4,47.6878
7,15.75,-0.3094755,-13.2001,7.60659,-1.66325,2.048505,0.372717,26.97845,388.2565,16.86245,1.11477,0.92037,0.5224445,0.3647925,403.172775,337.9885,25.3325,47.22905
7,16.25,-0.279559,-39.6347,-4.0124225,-1.673835,2.195795,0.3774915,26.87875,388.0595,17.0717,1.079745,0.838233,0.5292345,0.3167505,379.2255,317.9134,25.263,46.4268
7,16.75,-0.3499955,-0.39037,-20.606825,-1.32956,2.0577275,0.38177625,26.980275,388.047,17.29255,0.985145,0.80505425,0.5214195,0.31130025,297.858025,249.7933,25.241,45.8648
7,17.25,-0.293132,-18.89805,-9.2626925,-1.36495,1.907605,0.3499025,26.9214,387.673,17.1978,0.953222,0.6956815,0.4973115,0.275593,246.6499,206.771325,25.28,46.5034
7,17.75,-0.26479625,-19.8869,-20.25315,-1.1111,2.05163,0.379046,26.8654,387.7265,16.998975,0.90562,0.6797275,0.5012325,0.2483415,218.3921,183.17555,25.051,46.339775
7,18.25,-0.2318365,-16.7008,-26.8501,-1.2024275,1.814585,0.341704,26.60165,388.215,17.1153,0.8115845,0.601768,0.4833315,0.193286,170.10745,142.70255,24.8445,46.5492
7,18.75,-0.164449,-19.5519,-21.6819,-2.63391,1.818655,0.2726585,26.2333,389.122,17.2855,0.677947,0.5293035,0.405961,0.1580395,116.943425,98.125935,24.5135,49.65785
7,19.25,-0.1352785,-5.312495,-20.4612,-3.009455,1.645275,0.266022,25.67615,390.182,17.688325,0.5899985,0.44129,0.366278,0.136066,56.6081975,47.47749,24.127,52.685375
7,19.75,-0.08685,-2.591625,-10.182,-1.67468,1.389005,0.1958525,25.26925,391.042,18.092125,0.554406,0.430047,0.305811,0.1324315,20.1080925,16.923755,23.621,53.36865
7,20.25,-0.0941,-5.108675,-5.65595,-1.61847,1.315905,0.1905775,24.6702,394.282,18.287625,0.503686,0.4211475,0.28799,0.1405615,-0.00421917,0.0780038275,23.0235,57.68935
7,20.75,-0.0706,-5.988105,-5.6535975,-1.2998525,1.37763,0.1943745,24.09875,396.2725,18.038875,0.4883415,0.436648,0.2671615,0.139053,-3.9267825,-3.20301225,22.3455,59.92265
7,21.25,-0.079825,-4.7092925,-8.58522,-1.4498425,1.3887975,0.1966695,23.637675,399.72,18.108475,0.5201345,0.437471,0.29766575,0.12803725,-3.90702025,-3.183786,21.77075,62.585675
7,21.75,-0.079775,-7.3175625,-3.410725,-2.641975,1.4632,0.19444775,23.373425,402.2555,18.13675,0.57233975,0.4264235,0.2922195,0.11494275,-3.78892775,-3.083066,21.36375,65.0683
7,22.25,-0.070425,-7.27116,-6.889325,-3.1515,1.5242925,0.18726975,23.008725,402.66175,18.49435,0.52049575,0.4030875,0.3053595,0.110681,-3.5690485,-2.9373965,21.07725,67.8381
7,22.75,-0.070775,-9.70793,-3.64697,-2.46862,1.401995,0.1912575,22.6934,404.545,18.557725,0.520907,0.4084685,0.28868025,0.10320575,-3.354986,-2.754025,20.62025,68.91835
7,23.25,-0.082775,-6.4091175,-4.15899,-2.000605,1.3107475,0.19551325,22.1638,405.98275,18.32015,0.52003175,0.3966385,0.2657005,0.10784175,-3.3155955,-2.693681,20.36475,71.0115
7,23.75,-0.0719,-8.47556,-3.433985,-2.29662,1.38332,0.187159,22.06325,408.31775,18.3896,0.5060035,0.439531,0.2818275,0.1052935,-3.343045,-2.74407175,20.1795,73.20385
8,0.25,-0.05655,-6.3408325,-3.4230375,-0.9130325,0.96742575,0.12224175,20.9394,412.476,18.25475,0.38386775,0.30680025,0.1833715,0.10766675,-2.8819775,-2.322712,19.03475,79.33755
8,0.75,-0.0632,-10.05439,-3.871405,-0.733644,0.953042,0.1303525,20.5335,413.7675,17.7214,0.3684075,0.296041,0.1889075,0.107259,-2.7236715,-2.20342825,18.60675,80.6674
8,1.25,-0.056725,-7.296685,-2.233075,-1.65977,0.938305,0.11886675,20.298175,415.125,17.7307,0.392513,0.29659175,0.177907,0.10865575,-2.758001,-2.22892775,18.637,82.7836
8,1.75,-0.077425,-9.43238,-4.68852,-1.600915,0.9548075,0.13377875,19.835175,414.0165,18.1452,0.382753,0.2762235,0.2166015,0.1089175,-2.72231175,-2.194575,18.04025,83.97855
8,2.25,-0.055425,-10.24,-3.2568225,-0.304451,0.942048,0.1316095,19.397125,415.41175,17.989325,0.36415,0.26414,0.191685,0.1103415,-2.50921175,-2.08183325,17.67175,85.3842
8,2.75,-0.0518,-10.25875,-3.785105,-1.311785,0.922167,0.12155975,18.978225,417.317,17.9945,0.3926155,0.285754,0.199148,0.09855,-2.48603475,-2.0123085,17.1875,86.20595
8,3.25,-0.063575,-8.0584275,-4.53345,-0.5442275,0.89173425,0.127269,18.75755,417.433,18.02535,0.364359,0.301472,0.1998825,0.10385,-2.3627325,-1.95573025,17.0315,87.6358
8,3.75,-0.05855,-7.78433,-3.5921075,-1.29898,0.795634,0.1317935,18.55705,419.833,17.883475,0.388323,0.2951975,0.1962335,0.1066235,-2.4377285,-1.97407375,16.9225,87.4978
8,4.25,-0.0558,-8.053995,-4.49951,-0.12312425,0.831523,0.1308495,18.59515,419.486,17.8738,0.378303,0.2727395,0.2043215,0.0957,-2.41579625,-1.9848605,16.954,88.9389
8,4.75,-0.06345,-9.3595,-2.81924,-1.86265,0.9164355,0.128506,18.1985,420.494,18.1213,0.3993195,0.3027955,0.2125495,0.1085555,-2.38423925,-1.9409645,16.558,90.613025
8,5.25,-0.07075,-10.2783,-3.5700475,-0.19192725,0.933275,0.1408755,18.0268,421.753,18.2036,0.393163,0.319115,0.222484,0.0994915,-2.03301425,-1.6391815,16.3995,90.976025
8,5.75,-0.07755,-10.59576,-3.40132,-0.1925725,0.921208,0.142583,18.1219,426.1225,18.2241,0.425916,0.3102005,0.2176865,0.09835,0.316124625,0.30843605,16.613,90.26475
8,6.25,-0.06685,-3.494395,-7.059325,-1.12003,0.9672595,0.1562235,18.4707,423.718,18.208825,0.429361,0.339276,0.2386715,0.124873,16.286825,13.74485,16.856,89.0658
8,6.75,-0.0851,-8.25721,-5.130095,-1.12356,0.9513455,0.1699105,19.06635,424.6605,18.2431,0.484771,0.3979375,0.263563,0.1835905,50.94287,42.7739,17.5305,86.96055
8,7.25,-0.083,-9.522315,-9.32737,-2.67066,0.9843975,0.19404925,19.962325,418.847,18.1328,0.50539575,0.43810125,0.26952475,0.215299,97.1941275,81.548655,18.37475,84.205675
8,7.75,-0.104091,-23.8703,-6.8442075,-4.79496,1.1891975,0.23068375,21.114775,413.12525,18.25645,0.5917555,0.4940995,0.32819175,0.26059875,139.443,116.96645,19.32625,79.1034
8,8.25,-0.11588775,-5.6494525,-0.6322345,-5.2236775,1.26509,0.22776775,21.978625,407.3325,17.733725,0.68571075,0.588797,0.34815725,0.29588325,203.94435,171.063225,20.03125,74.17275
8,8.75,-0.14608,-4.651065,-36.9263,-6.33257,1.299585,0.2778645,22.4874,403.94575,17.80205,0.7684285,0.614506,0.363783,0.315174,313.46055,262.85045,20.932,68.76685
8,9.25,-0.1636235,-5.265891,-12.4897,-3.22357,1.36329,0.3030745,23.164225,399.90125,17.79145,0.814161,0.668319,0.39375725,0.364629,357.5697,299.780725,21.5695,64.79075
8,9.75,-0.191639,-18.814275,-2.585255,-3.3257675,1.40168,0.3416165,23.67935,397.88475,18.1557,0.8522135,0.7226825,0.4595615,0.391757,404.599925,339.2787,22.062,61.3243
8,10.25,-0.219676,-57.4788,4.0895475,-1.916335,1.554815,0.359507,24.3615,394.4365,17.28375,0.907504,0.7591565,0.488202,0.420458,486.666425,408.051275,22.6915,57.709575
8,10.75,-0.202525,3.2283,-13.0841,-2.548845,1.712365,0.359132,24.7262,393.6515,17.1457,0.944746,0.788633,0.4736445,0.411785,531.00795,445.245575,22.994,55.5565
8,11.25,-0.2504615,-48.514,-3.9998575,-1.3108,1.73725,0.36394325,24.958825,392.4385,17.13365,1.0118075,0.873505,0.4941125,0.443162,533.6266,447.44335,23.31925,54.386575
8,11.75,-0.28844,-52.2779,0.752697,-1.430985,1.9051175,0.3798305,25.368375,392.4765,17.1113,1.058075,0.9204385,0.50872325,0.4506965,552.3577,463.1237,23.51375,52.7418
8,12.25,-0.25065925,-14.6769,-5.09189,-1.4685475,1.7759775,0.3795815,25.314825,392.276,17.137025,1.10438,0.98074975,0.5147815,0.464644,544.957675,456.939425,23.7135,51.1555
8,12.75,-0.25030225,-12.46345,-12.42795,-1.76396,1.873125,0.37505425,25.615075,391.29975,16.7715,1.1504325,1.001185,0.54407325,0.46727,559.9689,468.7522,23.819,48.4851
8,13.25,-0.22797925,-58.4098,1.99787,-2.11775,2.05692,0.387008,25.741025,390.7395,16.5115,1.1633825,0.86870275,0.550483,0.464777,572.968525,479.20495,24.114,48.3398
8,13.75,-0.24878775,-44.30245,-2.19215,-0.715962,2.018735,0.39712725,26.058425,389.35925,16.534725,1.1496975,0.884028,0.545197,0.46429275,565.9999,474.559425,24.2975,48.0039
8,14.25,-0.266278,3.61172,6.06564,-1.7928325,2.22152,0.3771125,26.4265,389.7265,16.3463,1.1478675,0.84861525,0.537953,0.46095975,517.89645,434.233175,24.62825,46.9334
8,14.75,-0.286049,-16.1271,-7.607235,-1.936665,1.978845,0.37157075,26.465575,388.871,16.31165,1.12401,0.91250325,0.513218,0.45927975,495.45245,415.43975,24.49975,46.72355
8,15.25,-0.3194205,-52.941675,1.7554775,-2.301385,2.1420425,0.38237275,26.37005,389.185,16.501,1.0887375,0.80511075,0.58149425,0.41002275,464.681775,389.644425,24.37025,46.8508
8,15.75,-0.24168375,-31.143725,0.900884,-1.61592,2.1286725,0.337553,26.2021,389.3935,16.6444,1.08979,0.70720975,0.5318815,0.3573245,390.558925,327.504825,24.533,46.5748
8,16.25,-0.27109625,-10.0738275,-5.3988,-1.3843775,2.068085,0.36716,26.23305,389.308,16.37035,1.029295,0.724639,0.5173495,0.3389005,317.37505,266.15335,24.6615,46.73665
8,16.75,-0.231819,-10.2344,-12.645325,-1.03539,1.998765,0.3588025,25.9242,388.696,16.16385,0.9367215,0.721229,0.49396,0.266196,276.01365,231.480075,24.522,47.0366
8,17.25,-0.21431125,-11.5060325,-16.7203,-1.1465075,2.1695975,0.339923,25.88765,388.326,16.27785,0.87843075,0.69559975,0.47182525,0.2274335,211.90055,177.7315,23.998,48.58
8,17.75,-0.179697,-12.399975,-5.6628525,-2.45835,2.037295,0.3026215,25.81725,388.7415,16.929775,0.864669,0.601357,0.46565525,0.1937485,157.0614,131.738025,23.979,49.560625
8,18.25,-0.1541045,-26.8184,-20.319925,-1.16081,1.905745,0.288909,25.289,388.01,16.8439,0.769313,0.567061,0.4228625,0.1730475,99.065265,83.1378225,23.611,50.1422
8,18.75,-0.1075305,0.8646695,-18.655475,-2.23012,1.47105,0.249102,25.0007,389.94,17.2327,0.6469425,0.475342,0.3717115,0.149308,50.026175,41.95766,23.2995,52.593725
8,19.25,-0.0805,-6.57568,-7.946335,-1.06249225,1.273645,0.1948265,24.6544,391.5415,17.19545,0.506569,0.3455175,0.313954,0.1422165,13.3982725,11.324165,22.8875,55.64875
8,19.75,-0.0834,-5.388225,-9.6249275,-2.97596,1.218905,0.1723485,24.05035,394.234,17.280625,0.4561845,0.3663,0.260033,0.131039,-1.5479745,-1.20844675,22.39,58.179575
8,20.25,-0.0647,-5.31433,-7.33089,-2.965905,1.084135,0.1756605,23.526075,396.804,17.70445,0.41044875,0.332839,0.2296245,0.122189,-3.894917,-3.17756425,21.841,61.782925
8,20.75,-0.0618,-7.1987525,-4.5516225,-1.98804,1.09132,0.160108,23.04185,400.1325,17.890375,0.420044,0.333379,0.228436,0.125561,-3.7897065,-3.08578725,21.4375,65.28525
8,21.25,-0.073,-4.004505,-4.6387375,-2.71282,1.144655,0.161942,22.68565,401.6495,18.143575,0.4207865,0.3114435,0.232738,0.129051,-3.5448615,-2.89529575,20.9905,67.42155
8,21.75,-0.084375,-7.495785,-3.2362225,-0.84014875,1.066045,0.169364,22.260825,404.543,18.140875,0.4086675,0.3115985,0.24500075,0.120479,-3.3082615,-2.7377055,20.62175,70.249725
8,22.25,-0.07785,-7.1878575,-3.031475,-0.91447925,1.0375075,0.1658755,21.855725,405.046,18.180025,0.41946225,0.30391875,0.25933125,0.1141335,-3.20410925,-2.6679145,19.963,71.96945
8,22.75,-0.06385,-7.2343775,-4.213705,-0.763677,0.93051575,0.14625,21.71905,407.0885,18.207625,0.37468625,0.3202265,0.209005,0.11762525,-3.16089025,-2.57290225,19.961,74.152975
8,23.25,-0.063,-8.28161,-2.929605,-1.11697,0.96094875,0.13743675,21.390725,409.29175,18.268125,0.4539635,0.33431825,0.20552475,0.11616025,-3.049102,-2.4640615,19.5255,76.2779
8,23.75,-0.0574,-7.9089225,-2.487325,-1.833585,1.00670625,0.129383,21.0818,411.31375,18.566525,0.40481625,0.30818925,0.189091,0.10683975,-2.7691685,-2.24732525,19.19275,78.1832
9,0.25,-0.07755,-12.1069,-8.52692,-1.35676,1.27353,0.172318,16.4014,416.697,15.28685,0.4803975,0.3584995,0.2584205,0.1051785,-3.1904865,-2.600793,14.9775,83.785725
9,0.75,-0.09435,-13.4441,-5.0134125,-0.672011,1.26521,0.186349,16.0333,419.2575,15.372525,0.460117,0.3508055,0.282343,0.1006925,-3.1046375,-2.52724,14.623,84.45465
9,1.25,-0.0837,-13.4316,-3.26977,-1.195585,1.2754,0.177004,15.76745,419.793,15.3854,0.485339,0.336055,0.275095,0.104632,-2.9574785,-2.3841155,14.378,84.6806
9,1.75,-0.08425,-10.82635,-5.585015,-1.4549975,1.23027,0.178397,15.52495,419.688,15.2996,0.471715,0.36878,0.2601055,0.1044625,-3.032506,-2.483261,14.0475,86.1338
9,2.25,-0.08285,-8.891465,-5.46724,-1.5052675,1.20321,0.1791905,15.24025,421.114,15.1502,0.469459,0.3767175,0.26755,0.105362,-2.9494745,-2.3795715,13.8725,89.46515
9,2.75,-0.08015,-11.92785,-5.3515125,-3.652855,1.173455,0.1940095,14.97625,419.349,15.1779,0.511458,0.397073,0.269695,0.104208,-2.8744975,-2.344886,13.8735,91.4105
9,3.25,-0.0862,-9.8790525,-3.40527,-0.60642725,1.24547,0.1741285,14.9449,421.99375,15.1351,0.454509,0.366287,0.2702835,0.1094455,-2.82158,-2.2956295,13.5855,91.375975
9,3.75,-0.07305,-10.725,-4.436725,-0.266731,1.27223,0.1703245,14.7834,419.9125,14.8992,0.4874435,0.3836835,0.257852,0.1082905,-2.8025805,-2.259191,13.366,91.48545
9,4.25,-0.081725,-11.3968,-6.15987,-0.493797,1.267335,0.182862,14.69715,420.747,14.8428,0.47205175,0.3707165,0.268877,0.1110905,-2.7688735,-2.2533055,13.3715,92.0069
9,4.75,-0.08,-11.143475,-5.33337,-1.7475275,1.2762575,0.174266,14.562025,421.156,14.627175,0.47339225,0.4021465,0.27502225,0.120972,-2.6896675,-2.1933425,13.1385,90.89155
9,5.25,-0.0967,-13.0455,-4.7868275,0.33614925,1.31226,0.187293,14.3577,422.94,14.6542,0.460071,0.4255595,0.290365,0.110855,-2.79201,-2.25157625,13.02725,90.710425
9,5.75,-0.0814,-11.63845,-5.1535125,-1.23464,1.251745,0.18359125,14.35345,424.069,14.52465,0.4892245,0.4164765,0.3051865,0.112332,-2.6925845,-2.16578275,13.13175,90.626425
9,6.25,-0.0991,-8.7959975,-7.250635,-1.80795,1.32251,0.1922345,14.409075,424.21425,14.7837,0.5301475,0.44295775,0.2948635,0.11157175,-0.43470065,-0.283147225,13.06275,90.931425
9,6.75,-0.099633,-8.82559,-3.90131,-1.4711,1.33999,0.2041525,14.685975,424.2625,14.6477,0.58961825,0.451586,0.314788,0.139884,13.0194075,11.007125,13.359,88.9627
9,7.25,-0.11034725,-7.646885,-10.48835,-0.85551375,1.524605,0.235062,15.226425,420.44375,14.69775,0.67031425,0.52890875,0.344727,0.1639,40.353455,33.9204875,14.1485,85.891375
9,7.75,-0.15314575,-12.1753,-4.569,-1.986885,1.647195,0.24430625,15.717475,417.2555,15.2701,0.71614775,0.5189105,0.36852725,0.22507825,73.2958025,61.5146125,14.26775,83.157425
9,8.25,-0.16103025,-4.80708,-9.20942,-2.20228,1.58045,0.27880475,16.350375,414.1485,15.262075,0.73583425,0.58431975,0.40697725,0.2457965,121.8383,102.23255,14.918,79.8308
9,8.75,-0.2444085,-11.811295,-16.4084,-2.1984025,1.74567,0.284165,16.9328,410.964,15.475,0.811352,0.691879,0.4541075,0.2837325,171.34965,143.668375,15.802,75.23185
9,9.25,-0.2324745,1.2971545,-8.660775,-1.46769,1.766945,0.283797,17.6286,407.5485,15.199675,0.843175,0.701289,0.451554,0.300561,231.2059,193.91855,16.2825,72.082
9,9.75,-0.2302865,-1.1497045,-12.0123,-3.46457,1.76134,0.331759,18.3627,405.982,15.1276,0.8973975,0.763915,0.4749225,0.329792,292.45715,245.26635,16.924,68.261875
9,10.25,-0.2977575,3.57963,0.137142,-1.62409,1.938465,0.353194,19.0372,404.75925,14.7876,0.91896,0.848548,0.5313505,0.351406,309.70505,259.67845,17.6345,63.392325
9,10.75,-0.320625,-41.20285,-55.6336,-1.9082525,1.968555,0.3658705,19.33105,402.8995,14.6772,0.984974,0.913852,0.518796,0.3839485,374.3196,313.7996,17.887,59.182325
9,11.25,-0.2982555,-73.3585,-40.18265,-1.2813225,1.944605,0.4009125,19.8553,402.51625,14.3894,1.052075,0.9360325,0.528027,0.3840145,448.6231,376.1816,18.449,56.6859
9,11.75,-0.326262,-55.8943,-0.29916675,-1.27166,2.02941,0.390975,20.0422,402.1145,14.448375,1.083615,0.982302,0.5482295,0.394033,426.3412,357.4115,18.7235,55.17745
9,12.25,-0.2861995,-35.8235,-1.7371425,-1.29794,2.19502,0.404297,20.5976,400.851,14.4392,1.071005,0.8446135,0.5783055,0.379536,442.93425,371.4148,19.325,54.56995
9,12.75,-0.346256,-76.7105,0.893322,-1.02017775,2.10977,0.40687,21.0386,399.682,14.26265,1.11202,0.9680025,0.568547,0.359031,424.90975,356.3038,19.8165,52.68085
9,13.25,-0.3756415,-19.700475,-9.2977825,-0.852648,2.195625,0.408731,21.6306,400.171,14.061,1.122405,0.9684055,0.5752035,0.354009,394.33015,330.6678,20.2765,51.18565
9,13.75,-0.340029,-19.3996,-12.26805,-1.171275,2.228035,0.3980085,21.6509,398.46925,14.477275,1.11094,0.933481,0.611515,0.350349,409.05945,342.96985,20.3095,50.61605
9,14.25,-0.3474535,-35.421125,-4.857835,-1.320585,2.104865,0.428205,21.78185,398.375,14.2934,1.04181,0.8572495,0.6010755,0.3304295,373.8433,313.4928,20.414,50.48705
9,14.75,-0.390085,-61.6118,-2.2953375,-1.011819,2.08641,0.4043235,21.7841,398.30625,14.2344,1.033275,0.890047,0.5795885,0.3068665,279.5598,234.4066,20.4595,49.892125
9,15.25,-0.3296025,-67.6668,-1.3258175,-1.380525,1.916075,0.3727065,21.83315,398.012,14.3596,1.01324,0.8003135,0.5492485,0.2731875,260.5661,218.52955,20.674,49.805125
9,15.75,-0.327714,-24.2784,-1.379355,-1.52482,2.07951,0.39193,21.9701,399.096,14.2188,0.9182615,0.862006,0.563201,0.2233395,203.48685,170.6313,20.5975,49.71855
9,16.25,-0.268739,-38.6536,-13.309075,-1.17655,2.122355,0.3697305,21.876,398.453,14.498725,0.8708205,0.7596655,0.518427,0.212519,170.0327,142.63505,20.435,51.289775
9,16.75,-0.27412,-19.6056,-13.19456,-0.77226425,2.10271,0.3368175,21.822,398.726,14.5923,0.8906955,0.6737795,0.49502,0.191659,134.8048,113.0541,20.451,52.0084
9,17.25,-0.2141225,-16.32025,-24.4751,-2.166605,2.02286,0.331385,21.57125,398.9605,14.51715,0.7863045,0.620558,0.4592515,0.17013,101.90795,85.47646,20.494,52.27685
9,17.75,-0.188315,-14.7023,-14.78615,-5.0532525,1.85061,0.295567,21.2678,399.698,14.62685,0.6937285,0.535703,0.432972,0.1535745,55.875275,46.88501,20.072,55.13185
9,18.25,-0.163181,-11.10525,-14.3545,-3.473605,1.47727,0.2575825,20.9466,400.384,15.1342,0.5752915,0.4728245,0.3890285,0.138789,22.806215,19.210175,19.5885,57.479875
9,18.75,-0.1228675,-12.8397,-6.38592,-7.1423,1.479205,0.2273765,20.5818,401.7555,15.2659,0.536379,0.4197495,0.3411905,0.152201,-0.064703301,-0.010425485,19.1635,61.5151
9,19.25,-0.100133,-14.2177,-5.9833525,-6.216685,1.50235,0.2258595,20.2033,403.677,14.92425,0.5201035,0.4360125,0.326106,0.1490725,-3.719239,-3.02601,18.84,64.9498
9,19.75,-0.1040975,-13.2624,-12.03325,-5.896285,1.57456,0.2079615,19.8013,405.257,15.4214,0.5141945,0.423708,0.3196325,0.137784,-4.0264295,-3.3135595,18.3315,66.7711
9,20.25,-0.109163,-9.264475,-7.45701,-2.727675,1.52884,0.2162535,19.2069,407.033,15.178725,0.497703,0.4265305,0.318294,0.1226265,-3.887742,-3.1926075,17.739,69.76635
9,20.75,-0.0958,-8.93756,-2.5456825,-1.6616,1.456405,0.2145825,18.8036,409.01625,15.3476,0.5400325,0.4191955,0.318404,0.1213555,-3.61794,-2.9698345,17.47,72.660025
9,21.25,-0.091,-9.354075,-2.053905,-1.7754775,1.411895,0.203226,18.39515,411.526,15.2895,0.5332435,0.441294,0.317373,0.1155595,-3.4637495,-2.8104695,17.039,75.28875
9,21.75,-0.0967,-8.371445,-4.64183,-3.10098,1.38082,0.2036445,17.9218,413.359,15.0248,0.5067955,0.4351645,0.291003,0.110656,-3.4218285,-2.7747365,16.615,74.4604
9,22.25,-0.1036125,-9.53643,-3.3876025,-2.428435,1.45075,0.188314,17.6758,413.14,15.039,0.527189,0.366737,0.2929095,0.107672,-3.323842,-2.7333225,16.31,77.0906
9,22.75,-0.1006195,-12.4339,-7.699645,-2.38969,1.428925,0.211492,17.264,414.158,15.277,0.530436,0.389254,0.2871325,0.110705,-3.2701715,-2.6701145,15.86,80.22505
9,23.25,-0.101801,-15.30885,-5.134265,-1.99792,1.35465,0.1987515,17.11415,415.21075,15.3011,0.5188705,0.4109575,0.282756,0.1083125,-3.233523,-2.623661,15.645,81.997125
9,23.75,-0.09625,-12.50325,-6.62481,-1.8850075,1.28355,0.191706,16.74215,413.9225,15.36,0.507737,0.378375,0.268561,0.1121805,-3.182206,-2.602531,15.224,82.86155
10,0.25,-0.1216635,-12.49705,-0.361001,-0.13665,1.429475,0.2170725,7.0444975,415.4425,9.82099,0.5124695,0.440548,0.297045,0.1103765,-3.33225225,-2.70401625,6.097,87.461625
10,0.75,-0.1179835,-13.773375,-1.02276,-0.879042,1.310305,0.20895,6.7535775,415.93475,9.7769125,0.559573,0.417133,0.2970615,0.107523,-3.32631075,-2.70177625,5.82025,89.5357
10,1.25,-0.1086405,-15.68195,-2.74246,-0.344145,1.4546625,0.2151275,6.7396275,414.906,9.68075,0.52132,0.4021555,0.30245,0.111931,-3.1122765,-2.51513975,5.864,89.851875
10,1.75,-0.10731375,-11.30925,-2.7873875,-0.35359,1.398895,0.2062865,6.34635,415.202,9.68973,0.542662,0.4343655,0.3140765,0.10584875,-3.140026,-2.5518995,5.44275,89.2287
10,2.25,-0.103364,-12.824725,-1.159283,-0.107109,1.38564,0.1807875,6.25716,415.14275,9.7012275,0.52938,0.392109,0.2819065,0.1047105,-3.03551575,-2.4645595,5.3745,91.599375
10,2.75,-0.125265,-12.68065,-0.35193125,-0.870348,1.345445,0.1859555,6.130505,415.04025,9.85388,0.530891,0.407299,0.278325,0.09285,-3.0262775,-2.4547315,5.2145,91.828825
10,3.25,-0.1244555,-12.21215,-2.679115,-0.978521,1.358975,0.21096,6.04036,414.8845,9.611665,0.5119145,0.3990355,0.2964335,0.1067635,-3.010029,-2.4382775,5.2295,91.9545
10,3.75,-0.11848425,-10.416055,-1.47584,-0.16756325,1.338005,0.196195,5.900585,415.14925,9.44749,0.53903725,0.403509,0.295667,0.09645,-2.95247675,-2.38544625,5.01575,91.95425
10,4.25,-0.1127235,-12.928375,-2.464205,-0.205488,1.445635,0.2046775,5.995025,415.8395,9.467825,0.5748025,0.3896895,0.301471,0.099016,-2.87879975,-2.323578,5.01925,92.4412
10,4.75,-0.12990675,-13.2078,-1.8788,-0.2397,1.48465,0.2112025,5.82412,417.085,9.52465,0.5792685,0.39748725,0.30686675,0.09685,-2.8445295,-2.291212,5.0585,92.057825
10,5.25,-0.12296075,-9.11185,-2.39315,-0.584302,1.38004,0.203614,5.86775,417.5375,9.4330225,0.5313525,0.45370475,0.3160255,0.10227175,-2.844168,-2.29682,5.039,93.81085
10,5.75,-0.13900875,-9.9302,-2.781545,-0.934577,1.487075,0.202488,5.771735,418.831,9.55385,0.60166525,0.435834,0.3099095,0.09879775,-2.76939275,-2.2435135,4.988,93.164925
10,6.25,-0.13814925,-10.6069,-2.2873075,-1.0200615,1.41145,0.20285875,5.963305,420.7185,9.42632,0.602532,0.421839,0.31593475,0.0993,-2.821221,-2.275009,5.1555,94.413325
10,6.75,-0.1620755,-10.483905,-2.21278,-1.08581,1.5009925,0.2250605,6.02415,420.033,9.39908,0.593283,0.4555005,0.3311835,0.110571,-0.947379875,-0.7221604,5.24275,91.079225
10,7.25,-0.1724115,-7.159475,0.164745,-1.2758175,1.61811,0.23302225,6.0424075,420.91575,9.39099,0.67195175,0.51424825,0.3557535,0.134732,7.24286525,6.16267625,5.20625,94.58345
10,7.75,-0.1795925,-8.0196925,-3.9894425,-1.700765,1.79968,0.26687425,6.35731,419.235,9.6749275,0.71417425,0.525784,0.38079425,0.17075925,26.3439975,22.177155,5.5335,93.1229
10,8.25,-0.19163175,0.83136375,-7.29559,-1.9486375,1.81256,0.29582875,7.19664,414.8075,9.534925,0.82655675,0.55723925,0.42124525,0.20376175,56.7053475,47.629355,6.0065,89.7763
10,8.75,-0.248747,-5.127155,-3.718775,-3.499105,1.779815,0.3130445,7.44847,415.2795,9.55295,0.8326085,0.639465,0.437286,0.2096545,79.2417,66.512215,6.509,86.723375
10,9.25,-0.261786,-8.6123275,-0.022335,-1.9385375,1.8978975,0.32652425,7.9249975,412.96875,9.419735,0.888906,0.683357,0.42509675,0.24645025,98.6196075,82.7643075,7.06525,82.84225
10,9.75,-0.3142755,-1.442955,3.419675,-2.17627,2.0386825,0.33940175,8.3446375,411.3645,9.327685,0.87280525,0.718906,0.464704,0.239582,119.2642,100.070925,7.476,78.3813
10,10.25,-0.317361,0.18112575,3.12926,-0.980885,2.1826525,0.35903575,9.0766125,411.696,9.2193575,1.025855,0.81387325,0.49959875,0.23592675,147.652475,123.8638,8.1015,75.3034
10,10.75,-0.3048585,1.067495,5.02473,-0.972303,2.2471225,0.361491,9.4671725,410.293,9.33835,1.0514175,0.783297,0.517111,0.25190975,156.771425,131.516975,8.58925,70.094125
10,11.25,-0.300908,3.7986005,-0.104965,-1.1308475,1.96956,0.385497,9.86993,409.228,9.2195725,0.97259325,0.83340125,0.555123,0.24862675,178.22915,149.498375,8.973,67.5809
10,11.75,-0.3396905,11.32025,5.602805,-0.7306555,2.2283025,0.393829,9.8785025,409.138,9.1241275,1.01021,0.87482625,0.518732,0.268223,179.929075,150.928875,9.14725,64.936325
10,12.25,-0.35870475,-1.62084,9.13012,-0.7141705,2.0988,0.38974925,10.208225,408.6525,9.06638,1.003185,0.84718725,0.52012025,0.249335,190.096925,159.452075,9.36425,63.7381
10,12.75,-0.3336775,1.663085,2.4103225,-1.97771,2.3002975,0.400392,10.36655,407.698,9.0254275,1.03556,0.80392,0.5367605,0.244899,169.51695,142.20115,9.5115,62.21475
10,13.25,-0.3356445,-6.5514975,1.552405,-1.775485,2.2099425,0.3977275,10.54165,407.8775,9.1203,1.07359,0.8146135,0.551628,0.2470605,164.501575,137.99575,9.70875,61.31875
10,13.75,-0.3286415,0.659499,1.3077325,-0.83691,2.1352325,0.4216185,10.630675,406.96475,8.95259,1.15658,0.894919,0.5476995,0.2379675,141.13975,118.4101,9.711,59.1401
10,14.25,-0.32365475,-5.47635,0.604189,-2.43374,2.329045,0.42434125,10.463575,406.81375,9.00706,1.0868,0.920399,0.559465,0.22446925,132.18415,110.9022,9.61625,58.0335
10,14.75,-0.34090775,-2.0510325,4.78872,-1.09511775,2.322275,0.38392625,10.556425,407.92925,8.94864,1.01177,0.808462,0.54721125,0.2223395,121.7444,102.1494,9.706,59.550175
10,15.25,-0.3083495,-13.1081975,0.806707,-2.3300325,2.2767225,0.4071235,10.69225,408.40875,8.9114025,1.000073,0.796705,0.53235,0.1932135,106.800625,89.62351,9.65225,60.042
10,15.75,-0.3662675,-7.4893825,-7.180915,-1.318365,2.1313425,0.377276,10.4046,407.7915,9.0263075,0.907625,0.7174545,0.49817,0.1750985,73.748,61.9127275,9.51425,60.518125
10,16.25,-0.282345,-9.676565,-6.65796,-0.611527,1.967145,0.318035,10.0513125,406.6755,9.178445,0.886262,0.651293,0.458631,0.1409275,53.2030325,44.6928025,9.517,60.4225
10,16.75,-0.2129905,-6.827405,-2.61509,-0.697052,1.9349075,0.31996475,10.03756,407.472,9.08883,0.796859,0.589525,0.42769125,0.125992,35.30446,29.68524,9.4985,62.3301
10,17.25,-0.172487,-8.88697,0.59382625,-0.652056,1.7352,0.27435975,9.65948,409.36325,9.22854,0.70045775,0.54626575,0.38123025,0.1272015,17.4906375,14.753215,9.139,64.7006
10,17.75,-0.14023125,-11.46135,-1.6332575,-1.3853725,1.6421375,0.24190925,9.353855,411.4965,9.45226,0.61934125,0.45998475,0.33989675,0.124605,3.0713465,2.662487,8.398,67.5772
10,18.25,-0.13689675,-9.6850575,-4.10209,-0.711706,1.52716,0.23254,9.404755,413.001,9.427585,0.5954645,0.433839,0.340143,0.1243615,-2.18039175,-1.73526125,8.4035,69.5284
10,18.75,-0.1137185,-10.5405,-2.6577175,-3.43086,1.49475,0.2200115,9.15513,413.701,9.4681375,0.5757325,0.4422765,0.3129755,0.1114375,-3.986071,-3.25097375,8.1665,71.444125
10,19.25,-0.1235325,-9.773855,-1.68254,-0.25599,1.611065,0.2251525,8.9104,414.037,9.52729,0.553258,0.4412315,0.34333825,0.11459275,-3.43286875,-2.78538475,7.9975,74.5693
10,19.75,-0.1208485,-11.350175,-4.399335,-0.943009,1.54087,0.22068625,8.754275,415.4035,9.640905,0.562742,0.450821,0.328841,0.10670375,-3.39327625,-2.75791725,7.847,76.18865
10,20.25,-0.1214275,-8.6569925,-4.13805,-1.12169,1.60307,0.23437575,8.44223,416.20475,9.68217,0.56683825,0.40819225,0.3517115,0.10968375,-3.18525925,-2.57843675,7.47125,77.9001
10,20.75,-0.134452,-8.81904,-3.37799,-0.183571,1.60675,0.23936,8.0607325,415.72475,9.685705,0.565399,0.467055,0.330286,0.1027165,-3.279318,-2.6552705,7.28975,80.4534
10,21.25,-0.14818,-11.038025,-5.56217,-1.75181,1.649245,0.23649875,8.0611975,416.4895,9.806745,0.607432,0.4712525,0.33445675,0.10879025,-3.2336885,-2.61761675,7.19175,82.5256
10,21.75,-0.1186325,-10.155575,-1.900105,-1.09077,1.5858975,0.226463,7.7914775,417.184,9.7661,0.5807805,0.428306,0.33931175,0.105207,-3.3182255,-2.69190075,6.95525,83.2038
10,22.25,-0.1341475,-13.814575,-1.4315075,-0.2646335,1.4532975,0.23235275,7.82909,418.442,9.720635,0.58006725,0.43921,0.33721775,0.10806575,-3.215876,-2.6129715,6.99375,84.5461
10,22.75,-0.1554665,-14.64225,-2.76025,-2.099995,1.477275,0.2294905,7.586085,417.6275,9.72672,0.6016505,0.4584465,0.32805,0.105445,-3.2127175,-2.60481725,6.631,86.84485
10,23.25,-0.1474775,-14.74875,-4.10304,-0.4468365,1.47223,0.230621,7.456665,416.9345,9.728565,0.587043,0.4512295,0.3193935,0.1198395,-3.189634,-2.584894,6.591,86.773625
10,23.75,-0.1292575,-11.5083,-1.44894,-0.785119,1.421405,0.2099445,7.292065,415.55,9.656395,0.550368,0.4251575,0.302196,0.1118715,-3.279415,-2.65651875,6.35,88.9858
11,0.25,-0.166611,-4.382575,-0.24625,-0.1219655,1.60126,0.23727,1.086145,419.007,6.58294,0.6959465,0.4846745,0.351148,0.1004405,-3.197359,-2.5990735,0.482,91.21345
11,0.75,-0.20281325,-8.04733,-1.099615,-0.48558,1.6605125,0.22154825,1.06918,418.738,6.4773625,0.6413165,0.4935895,0.3372205,0.10878,-3.10837925,-2.52788025,0.504,89.5471
11,1.25,-0.18482825,-7.0489925,-0.328215,-0.537143,1.6422625,0.215012,1.072695,419.514,6.30666,0.6533615,0.53899225,0.3303965,0.0986,-3.196564,-2.60357375,0.463,87.86225
11,1.75,-0.180367,-5.84121,-0.100966,-0.5080425,1.6795125,0.22577525,1.0446675,418.457,6.2448875,0.6599605,0.5199915,0.3344675,0.10393025,-3.13423075,-2.542663,0.422,89.57545
11,2.25,-0.174822,-7.554005,0.61981975,-0.20723,1.69561,0.207732,0.844501,418.459,6.4963875,0.65484575,0.528414,0.319983,0.0957,-3.165107,-2.58376875,0.19425,91.0108
11,2.75,-0.186582,-5.8321325,-0.190506,-0.4698835,1.76174,0.22899725,0.735855,419.298,6.40873,0.69524125,0.5437445,0.33474,0.0935,-3.00905575,-2.45075975,0.0715,93.75715
11,3.25,-0.208817,-8.29402,-0.501761,-0.154809,1.9124975,0.23625525,0.6462715,418.835,6.3500975,0.65898975,0.5228785,0.34429975,0.092275,-2.930849,-2.38911675,-0.017,95.0622
11,3.75,-0.212987,-5.526125,-0.496943,-0.340828,1.8815275,0.231391,0.546225,417.99525,6.331335,0.669533,0.4843605,0.332976,0.092325,-2.9825165,-2.41346275,-0.05,96.0853
11,4.25,-0.1807125,-6.7729,-0.49700375,-0.08805,1.8103225,0.210466,0.7591235,418.219,6.36031,0.66222,0.5158275,0.3139915,0.095,-3.13655725,-2.561271,0.124,94.4644
11,4.75,-0.1607575,-7.419795,-0.8879295,-0.26962975,1.73913,0.20835625,0.81335825,416.0035,6.37561,0.63417075,0.5071915,0.32731775,0.0982,-2.8975505,-2.360283,0.1425,96.58685
11,5.25,-0.192504,-6.36574,-0.6745065,0.0422,1.752725,0.220149,0.45762225,417.638,6.41959,0.675411,0.507369,0.344063,0.0911,-2.71255975,-2.201131,-0.117,95.315625
11,5.75,-0.158777,-7.45381,-0.07973325,-0.3282095,1.7785575,0.25326,0.476733,416.825,6.506465,0.68892,0.495531,0.358271,0.0981,-3.0464845,-2.46918075,-0.46225,95.847225
11,6.25,-0.169204,-7.09703,-0.455107,-0.24175275,1.8317575,0.23076,0.1546755,417.573,6.4863675,0.705701,0.535832,0.350419,0.093,-3.0772645,-2.50646675,-0.8035,95.6392
11,6.75,-0.163189,-7.18281,-0.781197,-0.455474,1.79492,0.238436,0.0057,418.25075,6.57923,0.700831,0.493599,0.346648,0.0979,-2.750115,-2.24152325,-0.7965,96.668225
11,7.25,-0.185673,-3.63944,0.32404725,-0.0344,1.71182,0.234007,0.00914,420.065,6.556075,0.682439,0.522736,0.352131,0.108798,-1.17125475,-0.8989107,-0.75,97.5154
11,7.75,-0.193124,-1.73,0.3505465,-0.2874775,1.75912,0.24505,0.017635,421.03075,6.4649125,0.723646,0.588118,0.359352,0.126002,3.27174775,2.81589275,-0.596,95.29375
11,8.25,-0.21797,3.45235,1.34165,-0.1954795,1.7940175,0.247818,0.59502225,419.87,6.4546175,0.756636,0.612837,0.383238,0.146601,17.4759725,14.719065,-0.00525,96.6864
11,8.75,-0.244584,8.03982,1.816885,-0.328896,1.86673,0.264754,1.154195,419.689,6.4837075,0.852503,0.625805,0.406329,0.170086,35.157805,29.5520825,0.60975,93.46985
11,9.25,-0.287755,12.56075,4.82312,-0.153954,1.86225,0.30456775,1.6406025,418.7365,6.5828875,0.902487,0.67831325,0.41283375,0.199035,52.5263125,44.10757,1.055,89.11225
11,9.75,-0.355423,9.598915,6.34476,-0.19256525,2.03463,0.32449725,1.953345,417.42125,6.69963,0.87635725,0.706759,0.42768625,0.212549,68.0801775,57.153255,1.5255,86.866775
11,10.25,-0.367435,21.5213,4.32461,-0.62888075,2.0916175,0.3273875,2.30458,417.7505,6.63872,0.97286425,0.77027225,0.4370515,0.21642,97.3701275,81.69843,1.6275,81.54775
11,10.75,-0.33127,20.6346,4.4252,-0.5224645,2.1056,0.338365,2.42215,416.664,6.7061375,1.01298,0.798634,0.428785,0.229209,96.3296225,80.83413,1.81225,78.99505
11,11.25,-0.372434,12.914,6.99093,-0.35293,2.214385,0.348806,2.7755925,416.80525,6.618085,0.99319925,0.918006,0.471787,0.233736,111.189275,93.301065,2.34425,77.6656
11,11.75,-0.37166525,22.76505,7.016445,-0.214143,2.40865,0.36526525,3.09384,415.408,6.489195,1.016,0.89729,0.50949825,0.23643075,110.83475,92.99892,2.497,73.07935
11,12.25,-0.330511,17.796025,5.00541,-0.048,2.214225,0.39745025,3.2429225,414.492,6.60016,1.0998725,0.9615855,0.5272935,0.240582,112.08705,94.043645,2.5915,72.10475
11,12.75,-0.37045225,21.8121,6.813805,-0.051411,2.1560025,0.3808015,3.3867175,413.81825,6.57156,1.0460475,0.87120175,0.50763,0.2246795,120.39845,101.0234725,2.78625,69.9733
11,13.25,-0.38342025,12.270575,5.350535,-0.475469,2.4013025,0.39944975,3.79557,414.249,6.4687925,1.0577875,0.91668525,0.517243,0.222119,116.211625,97.5101975,3.2505,67.24365
11,13.75,-0.348822,17.2367,7.329965,-0.143405,2.35302,0.366627,3.93856,415.5605,6.28509,1.06825,0.98205,0.520018,0.209517,112.20365,94.15068,3.42,66.779875
11,14.25,-0.346705,13.3819,7.51609,-0.16889275,2.28282,0.381151,3.98441,414.997,6.267775,1.11799,0.951404,0.528603,0.2097,100.0236725,83.93439,3.609,64.4114
11,14.75,-0.31593075,13.1699,3.5659075,-0.26085425,2.32904,0.3773935,3.7747,414.953,6.1199725,1.03765,0.922781,0.51700775,0.176856,76.702255,64.3850925,3.184,62.803
11,15.25,-0.344099,9.1892025,3.70678,0.09075,2.28934,0.334032,3.8213725,414.135,6.2321525,1.0025975,0.890679,0.464455,0.16928875,61.343695,51.5060775,3.1995,64.767625
11,15.75,-0.3286965,7.1102125,1.7625925,-0.700183,2.3541325,0.3228185,3.8172275,414.113,6.41718,1.00952775,0.8161065,0.44473925,0.149709,47.35498,39.7812025,3.309,67.586275
11,16.25,-0.297109,1.19600875,3.114465,-2.22477,2.04318,0.30890675,3.763305,415.381,6.5055,0.857484,0.7331905,0.442461,0.1352735,30.7835,25.87948,3.22725,68.7299
11,16.75,-0.296945,-2.847795,1.2536175,-0.16885575,1.9775075,0.268697,3.777045,416.35675,6.44815,0.78810575,0.6197025,0.408556,0.12758875,12.96562,10.947195,3.047,68.09305
11,17.25,-0.29066675,-8.7094125,1.23033,-0.58568,1.9251825,0.248359,3.37187,417.3685,6.58572,0.7070145,0.55332425,0.3704975,0.12812325,1.50525775,1.34726425,2.91225,71.213425
11,17.75,-0.24440825,-9.2481375,-0.85910375,-0.2683225,1.69967,0.2316405,3.15979,417.687,6.650125,0.71401075,0.49300525,0.3752045,0.125612,-3.007864,-2.4384475,2.847,74.474975
11,18.25,-0.24367125,-7.9139475,1.308655,0.1490245,1.75376,0.25524925,3.1407325,418.49575,6.67486,0.73899375,0.53858225,0.3662905,0.1216075,-3.290324,-2.683359,2.57925,76.204125
11,18.75,-0.2138995,-5.124295,0.5872485,0.0557,1.8244475,0.242636,2.85156,419.474,6.688645,0.69191525,0.56182325,0.3548385,0.113544,-3.26901725,-2.669572,2.3215,78.52225
11,19.25,-0.19336075,-7.35605,2.1232275,-0.312481,1.8155,0.2459985,2.4057075,418.59325,6.6554925,0.7035125,0.55547275,0.35415275,0.115567,-3.165818,-2.58682225,1.899,79.623725
11,19.75,-0.17802,-7.019105,0.908111,-0.97749775,1.7834925,0.260819,2.3725625,418.93675,6.7682,0.74493525,0.6131525,0.377592,0.11630475,-3.16111875,-2.57218875,1.6755,81.9062
11,20.25,-0.189094,-7.34926,1.3790475,-0.70992825,1.7829,0.240097,1.95518,420.104,6.580785,0.738851,0.574014,0.399938,0.118093,-3.016743,-2.450511,1.307,81.257
11,20.75,-0.200019,-7.95808,-0.0787,-0.26431,1.75349,0.225668,1.89678,420.913,6.574405,0.758459,0.530971,0.402776,0.109931,-3.337278,-2.71855875,1.296,81.3315
11,21.25,-0.187327,-11.3771,-0.301146,-0.87361,1.78277,0.244435,1.72777,420.149,6.5004475,0.64867,0.552195,0.372364,0.112696,-3.2608775,-2.658263,0.999,82.91495
11,21.75,-0.217435,-7.3051,0.45195525,-0.30226325,1.6030225,0.241945,1.5082,420.4595,6.58126,0.6598475,0.5111035,0.345859,0.10713,-3.528906,-2.88940725,0.86825,83.583825
11,22.25,-0.1862725,-5.120615,-0.699,-0.6800985,1.6480925,0.22575875,1.2949375,420.4185,6.6467,0.638596,0.55121625,0.36163725,0.09665,-3.3959565,-2.75711225,0.646,85.133
11,22.75,-0.20529425,-7.609655,-0.3026945,-0.7237535,1.7617575,0.23018425,1.0012335,419.5575,6.53833,0.69515525,0.5254205,0.33683075,0.10605025,-3.16752025,-2.584746,0.4155,88.5651
11,23.25,-0.199093,-5.0291,0.382139,-0.4954235,1.652735,0.237635,0.9557275,420.113,6.5546125,0.627731,0.484718,0.341927,0.104533,-2.99383275,-2.42201075,0.39425,87.5429
11,23.75,-0.190055,-6.41894,0.35601875,-0.425276,1.62142,0.209275,0.90552625,418.96,6.69346,0.65695675,0.486708,0.329626,0.10637325,-2.9584335,-2.39109075,0.26625,92.97415
12,0.25,-0.22891725,-3.9071225,-0.82725175,-0.9325725,1.794885,0.220804,-2.924275,416.327,4.98351,0.6713295,0.5163715,0.35583475,0.10393625,-2.4981915,-2.0149025,-3.4005,99.3066
12,0.75,-0.1916525,-6.0775175,-1.00901275,-0.84834,1.83061,0.2222855,-3.04124,417.82,4.98936,0.72659125,0.5255095,0.361737,0.102857,-2.210603,-1.8179565,-3.444,98.76235
12,1.25,-0.20571,-6.0238175,-1.89048,-0.7540285,1.771615,0.2378985,-3.07977,417.285,5.012635,0.71581375,0.50932425,0.36779925,0.10988875,-2.001476,-1.680733,-3.49,99.223225
12,1.75,-0.202183,-5.355385,-0.878509,-0.711347,1.76762,0.2529845,-3.07299,416.679,5.0237275,0.703573,0.55407475,0.37777875,0.10438125,-2.115402,-1.688871,-3.582,100
12,2.25,-0.1957265,-10.18024,-0.6754935,-1.7009375,1.6590725,0.244785,-3.352275,416.6415,4.95034,0.644053,0.535126,0.375352,0.111126,-2.122468,-1.755027,-3.78125,100
12,2.75,-0.214704,-4.184205,-0.55644625,-0.802797,1.639995,0.24685525,-3.4966225,416.98725,5.06458,0.60837625,0.50022625,0.34698225,0.11250825,-2.061228,-1.650304,-3.7885,100
12,3.25,-0.19130425,-7.81726,0.154885,-0.62995975,1.67338,0.23872525,-3.66064,416.569,5.06959,0.6426165,0.4869675,0.371337,0.1099335,-2.087759,-1.687616,-3.93625,100
12,3.75,-0.16987075,-5.88687,-0.84946875,-0.581765,1.529045,0.243004,-3.4944625,415.1185,5.09158,0.61541225,0.504807,0.36460775,0.11431575,-2.455207,-1.992435,-3.88175,100
12,4.25,-0.1843655,-6.3312125,-0.698189,-1.358085,1.637145,0.24639025,-3.532665,415.078,5.0307125,0.63906375,0.50583075,0.3456885,0.10844775,-2.709098,-2.201389,-3.7805,99.31145
12,4.75,-0.2053345,-3.5259275,0.0872915,-0.8189115,1.7305625,0.239566,-3.5983625,416.418,4.824195,0.6986125,0.5542765,0.373759,0.1115095,-2.539054,-2.061849,-3.837,100
12,5.25,-0.2362055,-2.29063,-0.204262,-0.89914925,1.66781,0.261608,-3.5642575,415.342,4.76871,0.6822735,0.491437,0.367607,0.10606,-2.503967,-2.036337,-3.891,100
12,5.75,-0.21420675,-4.9005975,-0.941854,-0.85499,1.59286,0.26877625,-3.6025975,416.07225,4.9082,0.651311,0.5098395,0.381217,0.106416,-2.60657,-2.100443,-3.946,100
12,6.25,-0.247988,-4.3035625,0.3788365,-0.495253,1.680155,0.24260125,-3.6042825,415.92,4.8869525,0.673677,0.51318,0.40269175,0.1039025,-2.222724,-1.793004,-3.77825,100
12,6.75,-0.230282,-3.4603375,-0.90259925,-0.785989,1.668815,0.24890225,-3.48574,416.9515,4.8412775,0.69315825,0.502448,0.383102,0.1058885,-2.432597,-1.950936,-3.82425,100
12,7.25,-0.2290375,-0.974371,-1.142885,-0.3771455,1.734015,0.2680575,-3.60747,418.942,4.6792375,0.6744705,0.51261,0.386298,0.107562,-2.330838,-1.948124,-4.016,100
12,7.75,-0.221161,-2.81741,-0.3666355,-1.01653,1.669595,0.2681415,-3.5706825,417.6245,4.88846,0.717145,0.5523605,0.3897525,0.1182535,-1.336795,-1.092986,-3.901,100
12,8.25,-0.2466035,-5.1910975,1.45384,-1.15778,1.7633375,0.28268475,-3.778435,418.637,4.80174,0.71149,0.52352575,0.4103225,0.12525,3.210559,2.748156,-4.03425,100
12,8.75,-0.2658195,-4.045135,-0.817735,-1.0090955,1.913195,0.2873075,-3.83639,418.487,4.856095,0.7576915,0.59303,0.4378165,0.14668175,13.80254,11.63941,-4.12225,100
12,9.25,-0.25818325,0.3499665,0.4173645,-0.8952795,2.05856,0.31838225,-3.873355,417.0985,4.91799,0.90817325,0.6626865,0.48002725,0.1539115,30.72622,25.82156,-4.2595,98.6409
12,9.75,-0.3086295,9.44434,1.785985,-0.469589,2.13003,0.323608,-3.73888,416.379,4.9406725,0.9555905,0.795189,0.4691945,0.172518,43.84766,36.75444,-4.088,98.71795
12,10.25,-0.319405,8.481805,-1.0349035,-0.899715,2.2707925,0.32032625,-3.48757,416.069,4.810405,0.95685175,0.75996,0.471585,0.200585,60.30301,50.62473,-3.824,96.402575
12,10.75,-0.350984,9.5160025,1.35273,-0.56547475,2.3018825,0.352238,-3.28724,415.2305,4.92953,1.0122,0.833893,0.50625,0.186131,77.408,64.9565,-3.639,94.9687
12,11.25,-0.319027,13.3112,-0.00334,-0.113801,2.26523,0.369401,-2.81427,414.7635,5.008,0.978584,0.824424,0.52594,0.18987,94.9140425,79.5835925,-3.206,93.0181
12,11.75,-0.34634525,12.1086,4.139535,-0.152154,2.125955,0.3723725,-2.57027,415.0295,4.837185,0.999858,0.850137,0.5206195,0.189151,95.0411275,79.7246875,-2.857,89.585025
12,12.25,-0.380005,11.2253,3.86251,-0.290785,2.116375,0.390677,-2.38633,415.237,4.99816,1.00038,0.892481,0.527653,0.204978,94.3923175,79.12921,-2.681,88.412375
12,12.75,-0.381182,15.41025,3.71041,-0.8236165,2.147585,0.366637,-2.0984,414.8,4.894335,1.026995,0.819294,0.509062,0.21614425,93.8532475,78.7455625,-2.36425,85.6636
12,13.25,-0.3644015,16.9974,2.77896,-0.00204,2.182895,0.3607535,-1.64978,414.36925,5.0718125,1.014195,0.8885005,0.5102625,0.201303,91.165335,76.4977325,-2.15,85.13995
12,13.75,-0.351516,14.408275,3.79654,-0.12227625,2.13984,0.3445945,-1.6830875,414.565,5.05491,1.012122,0.8146895,0.4997985,0.19814075,91.4568775,76.7391225,-2.101,85.3142
12,14.25,-0.35025275,15.663825,4.514695,-0.1467525,2.1558575,0.37367825,-1.6378,415.003,4.9184325,1.0238275,0.90481075,0.5052605,0.19250725,82.5329475,69.251435,-2.0265,84.72765
12,14.75,-0.34966375,9.176495,3.0732625,-0.330328,2.354195,0.35116775,-1.65782,414.392,4.9303075,0.9904315,0.79766475,0.514742,0.17141,67.82653,56.89266,-1.92925,85.427975
12,15.25,-0.311165,9.35068,2.6367,-0.15726375,2.200605,0.366764,-1.71246,414.315,5.03082,0.953405,0.799608,0.518662,0.153135,49.6023,41.66105,-1.712,85.61065
12,15.75,-0.30648675,2.238465,2.00866,-0.33756825,2.26249,0.34996475,-1.65481,414.5325,4.9985,0.9564785,0.7376715,0.497137,0.132696,37.32158,31.35245,-1.81425,87.25055
12,16.25,-0.288961,1.098705,3.972155,-1.1717675,2.1885025,0.322804,-1.62437,416.435,4.925165,0.9081065,0.697574,0.472653,0.126701,23.35669,19.64668,-1.8315,85.58335
12,16.75,-0.2292345,-6.24345,0.2351325,-0.68915825,2.1777525,0.2837665,-1.80971,416.297,4.9034225,0.875606,0.675598,0.42582,0.119912,7.734017,6.549445,-1.863,86.470725
12,17.25,-0.236775,-6.12196,-1.827535,-0.62154175,1.92858,0.282309,-1.86041,416.124,4.9897525,0.8124385,0.582496,0.40593,0.11845375,-0.1678405,-0.09654188,-2.0955,88.3309
12,17.75,-0.20762775,-6.316215,0.0503,-0.802972,1.957475,0.268707,-1.76623,415.556,5.0952225,0.7797315,0.569248,0.407625,0.11438875,-3.333421,-2.756046,-2.0045,91.27355
12,18.25,-0.225061,-4.656875,0.41816725,-0.52114825,1.96328,0.25742225,-1.93129,414.768,4.974515,0.75869725,0.57672475,0.39742825,0.109074,-3.240452,-2.646102,-2.103,92.116575
12,18.75,-0.2445355,-2.87327,-2.57574,-0.409971,1.8941675,0.27975475,-1.950745,415.07575,4.9467175,0.7466175,0.60268325,0.4144645,0.10755475,-2.782069,-2.254553,-2.2955,91.813275
12,19.25,-0.24032025,-4.7857075,-0.31455225,-1.0144775,1.946535,0.264559,-1.9768275,415.2235,4.89382,0.7604245,0.6132705,0.38918875,0.10562025,-2.72565,-2.201003,-2.262,92.5679
12,19.75,-0.228595,-4.05541,-1.02934975,-1.148105,1.964145,0.2584225,-2.06642,415.53275,4.8053,0.7607635,0.593981,0.3872495,0.1032535,-3.085218,-2.510155,-2.4295,92.4396
12,20.25,-0.22586475,-4.9370975,-1.2221375,-0.3289705,1.880895,0.27196025,-2.225405,415.82625,5.0681775,0.73779775,0.562358,0.369619,0.1021485,-2.894855,-2.353067,-2.618,95.0175
12,20.75,-0.200834,-6.81255,-0.047325,-0.7138835,1.929385,0.243566,-2.41324,415.97725,5.039335,0.7143425,0.60450175,0.369052,0.102823,-2.83397,-2.349495,-2.626,95.4464
12,21.25,-0.22730825,-3.1544475,0.20983025,-0.31204575,1.88787,0.242908,-2.548145,416.24925,5.1251325,0.73242825,0.590502,0.3700865,0.1078265,-2.572804,-2.094557,-2.6815,96.24485
12,21.75,-0.2266125,-6.0110425,0.127885,-1.71217,1.8216475,0.2427395,-2.771925,417.1165,5.01212,0.72057375,0.58749125,0.36450175,0.09970575,-2.498486,-2.024475,-2.8045,96.26555
12,22.25,-0.214265,-3.3955175,0.1341765,-0.766757,1.8196175,0.2434725,-2.846125,418.008,4.975425,0.68644475,0.55200125,0.37766,0.099025,-2.677647,-2.181844,-3.07,96.8257
12,22.75,-0.22460425,-8.37413,-0.0129,-0.5956595,1.8189825,0.23320325,-2.84883,418.035,4.978855,0.68415025,0.55010925,0.365037,0.10604825,-2.557067,-2.074695,-3.1275,97.828675
12,23.25,-0.21278425,-3.714755,0.1429565,-1.397005,1.8102575,0.2176835,-2.702935,417.64925,4.986385,0.6950905,0.54585875,0.36692025,0.10278825,-2.437397,-2.046055,-3.0915,99.3001
12,23.75,-0.27054975,-3.04799,-0.94808175,-0.3560165,1.80188,0.239986,-3.00718,416.653,4.92382,0.73527775,0.5609855,0.35289275,0.1012065,-2.455362,-1.979702,-3.451,99.5833
