DOY2,HR2,FC_1_1_1,SC_1_1_1,USTAR_1_1_1,LE_1_1_1,H_1_1_1,CO2_1_1_1,CO2_1_2_1,CO2_1_3_1,CO2_1_4_1,TA_1_1_1,TA_1_2_1,TA_1_3_1,TA_1_4_1,RH_1_1_1,RH_1_2_1,RH_1_3_1,RH_1_4_1,TS_1_1_1,TS_1_2_1,TS_1_3_1,TS_1_4_1,TS_2_1_1,TS_2_2_1,TS_2_3_1,TS_2_4_1,TS_2_5_1,TS_2_6_1,TS_2_7_1,TS_2_8_1,SW_IN_1_1_1,SW_OUT_1_1_1,NETRAD_1_1_1,LW_IN_1_1_1,LW_OUT_1_1_1,WS_1_2_1,WS_1_3_1,WS_2_1_1,PA_1_1_1,NEE_1_1_1
1,0.5,0.28,0,0.1775,1.1,-4.5,406.24,406.7,407.57,408.91,-4.58,-5.17,-5.57,-6.265,85.35,86.75,87,90.2,-0.47,-0.29,-0.26,-0.18,-0.44,-0.29,-0.23,-0.21,0.315,0.32,0.93,1.74,0,0,-30.4,248.4,280.8,3.055,2.44,2.455,97.74,0.3
1,1.5,0.3,0,0.189,1.5,-4.95,405.64,405.96,406.675,408.425,-4.91,-5.365,-5.795,-6.29,85.55,86.2,86.8,90.1,-0.51,-0.31,-0.26,-0.18,-0.5,-0.3,-0.23,-0.21,0.31,0.32,0.93,1.74,0,0,-27.2,249.8,281.2,3.23,2.57,2.71,97.72,0.3
1,2.5,0.27,0,0.184,1.35,-4.95,405.52,405.91,406.655,407.56,-5.025,-5.52,-5.87,-6.37,85.5,86.9,87.2,90.4,-0.56,-0.32,-0.27,-0.18,-0.55,-0.32,-0.24,-0.21,0.3,0.31,0.925,1.74,0,0,-25.25,251.7,280.9,3.2,2.585,2.72,97.72,0.3
1,3.5,0.28,0,0.181,1.4,-5.7,405.33,405.68,406.135,407.455,-5.405,-5.8,-6.39,-6.86,86.1,87.1,87.2,90.65,-0.59,-0.32,-0.28,-0.19,-0.6,-0.34,-0.24,-0.21,0.29,0.31,0.925,1.74,0,0,-25.4,251.55,279.95,3.105,2.5,2.63,97.72,0.3
1,4.5,0.26,0,0.183,1.4,-5.4,405.27,405.5,405.97,407.43,-5.505,-6.05,-6.55,-7.24,86.9,87.8,87.6,90.95,-0.67,-0.335,-0.29,-0.19,-0.65,-0.34,-0.24,-0.22,0.28,0.31,0.925,1.73,0,0,-25,251.2,278.75,3.115,2.5,2.65,97.71,0.3
1,5.5,0.28,0,0.193,1.3,-4.2,405.3,405.5,405.95,407.34,-5.84,-6.46,-6.9,-7.3,87,88.1,88,91.1,-0.69,-0.355,-0.29,-0.19,-0.7,-0.37,-0.25,-0.22,0.27,0.31,0.925,1.73,0,0,-22.5,251.35,278.5,3.13,2.51,2.705,97.69,0.3
1,6.5,0.27,0,0.197,1.1,-3.55,405.38,405.7,406.32,407.15,-6.04,-6.69,-7.18,-7.28,86.6,87.8,87.9,91,-0.72,-0.37,-0.31,-0.19,-0.74,-0.39,-0.26,-0.22,0.255,0.31,0.925,1.73,0,0,-23.4,251.05,278.25,3.13,2.52,2.665,97.71,0.3
1,7.5,0.29,0,0.196,1,-5.6,405.54,405.7,406.28,407.27,-6.07,-6.67,-7.095,-7.335,87.1,87.9,88,91.05,-0.76,-0.4,-0.31,-0.2,-0.8,-0.41,-0.26,-0.22,0.24,0.31,0.91,1.73,1.6,1.5,-21.65,249.2,277,3.04,2.42,2.6,97.73,0.3
1,8.5,0.31,0,0.206,5.7,-0.3,405.67,406.07,406.24,406.94,-5.89,-6.16,-6.18,-6.365,85.7,86.55,86.6,90.6,-0.79,-0.41,-0.32,-0.2,-0.78,-0.43,-0.27,-0.23,0.225,0.31,0.92,1.73,57.8,26.9,2.3,250.2,283,3.37,2.73,2.915,97.75,0.3
1,9.5,0.45,-0.1,0.2615,14.45,12.75,404.925,405.2,405.16,405.72,-4.44,-4.49,-4.21,-3.905,81.7,82.6,81.9,86.1,-0.67,-0.435,-0.33,-0.2,-0.64,-0.45,-0.27,-0.23,0.2,0.31,0.91,1.72,183.6,64.2,48.7,250.8,293.85,3.995,3.33,3.6,97.76,0.325
1,10.5,0.49,-0.1,0.301,20.1,32.2,404.24,404.32,404.34,404.695,-2.99,-3.02,-2.615,-2.24,76.6,77.4,76.35,81.45,-0.52,-0.42,-0.335,-0.2,-0.535,-0.435,-0.27,-0.23,0.19,0.3,0.88,1.72,328.6,97,96.9,250.9,303.4,4.64,3.965,4.245,97.78,0.4
1,11.5,0.52,-0.1,0.309,22,44.6,403.36,403.45,403.43,403.79,-1.895,-1.86,-1.255,-0.85,72.85,73.6,73.2,77.95,-0.455,-0.42,-0.335,-0.2,-0.455,-0.41,-0.27,-0.24,0.19,0.31,0.875,1.72,416.35,116.5,132.85,251.9,310.3,4.72,4.04,4.345,97.71,0.44
1,12.5,0.56,-0.1,0.3205,24.2,46.65,403.14,403.18,403.14,403.42,-0.96,-0.91,-0.435,0.015,70.2,70.8,70.3,76.25,-0.38,-0.39,-0.33,-0.205,-0.35,-0.37,-0.26,-0.24,0.19,0.31,0.765,1.72,440.05,122.9,151.25,254.4,314.6,4.93,4.22,4.54,97.61,0.5
1,13.5,0.55,-0.1,0.319,22.4,44.25,403.06,403.07,403.17,403.55,-0.33,-0.33,0.205,0.25,67.9,68.7,68.5,74.9,-0.3,-0.36,-0.315,-0.2,-0.3,-0.335,-0.255,-0.23,0.19,0.32,0.79,1.71,427.4,115.9,140.4,256.1,316,4.91,4.12,4.575,97.56,0.5
1,14.5,0.54,0,0.317,19.4,31.7,402.9,402.955,403.01,403.165,-0.01,0.105,0.45,0.3,66.95,68.3,67.9,73.9,-0.26,-0.31,-0.3,-0.2,-0.265,-0.31,-0.245,-0.23,0.2,0.32,0.86,1.71,334.35,96.5,102.1,257.5,315.1,4.92,4.15,4.53,97.53,0.5
1,15.5,0.49,0,0.289,13.5,12.3,402.73,402.805,402.95,403.37,0.04,0.065,0.35,0.26,67.6,68.6,68.5,75.15,-0.24,-0.3,-0.28,-0.19,-0.25,-0.27,-0.235,-0.23,0.2,0.32,0.88,1.71,210.3,65.2,45.65,255.95,312.35,4.73,3.96,4.295,97.56,0.5
1,16.5,0.38,0.1,0.241,6.7,-4.1,402.835,402.89,403.115,403.86,-0.225,-0.33,-0.075,-0.45,69.8,71.1,71.2,78.05,-0.24,-0.28,-0.26,-0.19,-0.24,-0.25,-0.23,-0.23,0.21,0.31,0.83,1.71,73.05,29.7,-5.4,254.75,307.05,4.04,3.35,3.67,97.61,0.4
1,17.5,0.31,0.1,0.173,1.5,-7.9,403.44,403.87,404.48,405.95,-1.23,-1.41,-1.605,-2.23,74.1,75.75,77.6,83.9,-0.25,-0.27,-0.26,-0.19,-0.25,-0.25,-0.22,-0.225,0.21,0.3,0.82,1.71,3.45,2.2,-44.5,252.3,297.3,3.275,2.595,2.765,97.64,0.4
1,18.5,0.28,0.1,0.145,0.9,-6.35,404.17,404.85,405.795,407.36,-1.76,-2.155,-2.735,-3.97,77.8,79.7,81.6,87.3,-0.29,-0.26,-0.26,-0.18,-0.26,-0.24,-0.22,-0.22,0.22,0.3,0.835,1.71,0,0,-41.7,249.6,290,3.005,2.365,2.475,97.67,0.4
1,19.5,0.31,0,0.159,0.9,-7.2,404.45,405.445,406.61,408.02,-2.375,-2.93,-3.615,-4.665,79.8,81.85,83.6,88.3,-0.32,-0.27,-0.26,-0.18,-0.27,-0.24,-0.22,-0.22,0.22,0.3,0.89,1.705,0,0,-39.35,249.2,286.6,3.11,2.52,2.58,97.695,0.31
1,20.5,0.31,0,0.169,1,-7,405.09,405.98,407.35,408.61,-2.86,-3.305,-3.995,-4.72,81.5,83.3,85,89.4,-0.34,-0.27,-0.26,-0.18,-0.29,-0.25,-0.22,-0.21,0.22,0.3,0.88,1.7,0,0,-36.1,249.1,286.3,3.16,2.53,2.635,97.72,0.3
1,21.5,0.3,0,0.169,1.2,-6,405.59,406.52,407.47,409.1,-3.22,-3.86,-4.64,-5.305,83,84.45,85.8,89.55,-0.37,-0.27,-0.255,-0.18,-0.34,-0.25,-0.22,-0.21,0.22,0.31,0.87,1.705,0,0,-35.3,250.4,284.5,2.99,2.415,2.545,97.71,0.3
1,22.5,0.28,0,0.174,1.1,-5.95,405.61,406.025,407.12,408.49,-3.675,-4.53,-4.98,-5.76,83.95,85.05,86.3,89.9,-0.38,-0.28,-0.25,-0.18,-0.36,-0.27,-0.22,-0.21,0.23,0.3,0.85,1.7,0,0,-33.9,249.4,283.55,3,2.34,2.465,97.73,0.3
1,23.5,0.28,0,0.177,0.95,-4.9,405.175,406.075,406.82,408.33,-3.98,-4.89,-5.405,-5.76,84.8,85.85,87,90.15,-0.45,-0.29,-0.255,-0.175,-0.395,-0.29,-0.22,-0.21,0.23,0.3,0.85,1.7,0,0,-31.35,251.7,283.05,3.055,2.46,2.55,97.75,0.3
2,0.5,0.23,0,0.1785,1.3,-6.4,406.76,407.1,407.67,408.96,-3.515,-3.905,-4.42,-5.035,83.3,85.05,85.9,89.8,-0.23,-0.21,-0.23,-0.08,-0.25,-0.2,-0.15,-0.18,0.135,0.085,0.595,1.3,0,0,-35.35,248.9,286.6,3.18,2.56,2.64,97.74,0.28
2,1.5,0.28,0,0.178,1.4,-7.4,405.83,406.47,406.93,407.66,-3.72,-4.235,-4.97,-5.41,83.8,85.7,86,90.2,-0.24,-0.22,-0.23,-0.08,-0.26,-0.2,-0.15,-0.18,0.13,0.085,0.595,1.3,0,0,-34.65,248.2,284.9,3.15,2.59,2.665,97.7,0.3
2,2.5,0.31,0,0.162,1.2,-6.2,405.97,406.56,406.845,407.815,-4.305,-4.73,-5.39,-5.785,84.2,86,86.2,90.2,-0.25,-0.22,-0.23,-0.08,-0.28,-0.21,-0.16,-0.18,0.13,0.08,0.595,1.3,0,0,-33.5,246.3,284.8,3.145,2.585,2.625,97.7,0.3
2,3.5,0.27,0,0.171,1.4,-5.3,406.04,406.145,406.585,407.89,-4.46,-5.03,-5.67,-6.01,84.8,86.3,86.5,90.9,-0.26,-0.22,-0.23,-0.08,-0.3,-0.22,-0.17,-0.18,0.135,0.08,0.6,1.3,0,0,-29.75,247.45,283.65,3.14,2.6,2.64,97.675,0.3
2,4.5,0.3,0,0.182,1.9,-5.1,405.81,406.07,406.54,407.75,-4.76,-5.26,-5.72,-6.28,85.3,86.4,86.7,91,-0.28,-0.23,-0.24,-0.08,-0.31,-0.23,-0.17,-0.18,0.14,0.08,0.595,1.3,0,0,-27.3,248.4,282.3,3.14,2.605,2.705,97.66,0.3
2,5.5,0.24,0,0.181,2.1,-4.7,405.98,406.32,406.82,407.94,-5.14,-5.56,-6.21,-6.48,85.7,87.2,86.9,91.1,-0.28,-0.23,-0.24,-0.08,-0.34,-0.24,-0.18,-0.18,0.14,0.08,0.59,1.31,0,0,-26.3,248,280.9,3.01,2.51,2.66,97.7,0.3
2,6.5,0.27,0,0.188,1.3,-5.15,406.1,406.585,406.865,407.89,-5.35,-5.84,-6.1,-6.475,86.3,87.3,87.5,91.4,-0.31,-0.23,-0.24,-0.08,-0.38,-0.27,-0.19,-0.19,0.14,0.08,0.595,1.3,0,0,-24.8,249.3,280.6,3.11,2.55,2.71,97.69,0.3
2,7.5,0.31,0,0.189,3,-4,406.52,406.645,407.07,407.96,-5.26,-5.77,-5.97,-6.15,86,87.2,87.3,91.2,-0.34,-0.24,-0.24,-0.08,-0.43,-0.29,-0.2,-0.19,0.135,0.08,0.6,1.3,15,7.85,-13.5,248.35,281.35,3.15,2.7,2.71,97.705,0.3
2,8.5,0.37,-0.1,0.228,11.6,5.3,405.93,406.445,406.62,407.105,-4.26,-4.46,-4.08,-3.785,83.6,84.3,84.1,88.7,-0.32,-0.26,-0.25,-0.09,-0.41,-0.3,-0.21,-0.19,0.135,0.08,0.6,1.3,126.15,47,23.65,249.9,292.6,3.63,3.16,3.27,97.73,0.3
2,9.5,0.47,-0.1,0.277,21.6,23.6,405.295,405.465,405.445,405.76,-2.76,-2.99,-2.35,-2.115,78.2,79.45,78.8,84.2,-0.315,-0.26,-0.25,-0.09,-0.37,-0.31,-0.21,-0.195,0.135,0.08,0.595,1.3,287.4,88.75,88.9,251.05,302.7,4.315,3.83,4.045,97.725,0.3
2,10.5,0.52,-0.1,0.297,27,44.8,404.36,404.41,404.315,404.57,-1.48,-1.88,-1.03,-0.465,72.4,73.8,73.4,79.7,-0.27,-0.25,-0.25,-0.09,-0.31,-0.27,-0.21,-0.19,0.14,0.07,0.6,1.3,448.3,123.25,163.4,253.3,311.05,4.665,4.13,4.33,97.735,0.4
2,11.5,0.57,-0.1,0.313,31.3,58.65,403.93,403.95,403.94,404.235,-0.44,-0.5,0.09,0.475,68.2,70,70,77.05,-0.215,-0.24,-0.25,-0.08,-0.27,-0.25,-0.2,-0.19,0.135,0.07,0.595,1.3,559,143.25,233.9,256.05,316.05,4.975,4.33,4.54,97.72,0.5
2,12.5,0.6,-0.1,0.317,33.65,69.1,403.6,403.63,403.705,403.68,0.36,0.205,0.81,1.24,65.2,67,67.4,75,-0.13,-0.23,-0.25,-0.08,-0.24,-0.23,-0.2,-0.19,0.13,0.08,0.585,1.3,602.2,149.95,264.8,258.25,320.4,5.17,4.49,4.775,97.68,0.5
2,13.5,0.65,-0.1,0.326,32.9,61.9,403.03,403.035,403.08,403.04,1.06,0.8,1.44,2.05,63.5,65.3,65.5,73.8,-0.08,-0.22,-0.24,-0.08,-0.21,-0.21,-0.18,-0.18,0.13,0.08,0.58,1.31,585.5,142.6,237.3,259.9,323.45,5.16,4.51,4.825,97.63,0.6
2,14.5,0.6,0,0.321,30.1,48.4,402.55,402.59,402.61,402.68,1.24,1.09,1.52,1.955,61.8,64,64.3,72.3,-0.06,-0.21,-0.23,-0.08,-0.14,-0.195,-0.13,-0.18,0.13,0.08,0.595,1.3,491.4,123.25,191.6,262.3,322.9,5.335,4.59,5,97.59,0.6
2,15.5,0.57,0,0.308,24.2,27.8,402.67,402.72,402.81,402.905,1.31,1.18,1.78,1.87,62.4,64.2,64.6,72.5,-0.045,-0.19,-0.22,-0.08,-0.1,-0.18,-0.13,-0.17,0.13,0.09,0.59,1.3,351.8,94,120.1,261.4,318.4,5.04,4.43,4.765,97.57,0.6
2,16.5,0.47,0,0.2715,15.7,5.4,402.69,402.77,402.93,403.16,1.44,1.2,1.36,1.055,64.45,65.8,67.1,75,-0.04,-0.18,-0.21,-0.07,-0.08,-0.18,-0.12,-0.17,0.13,0.09,0.595,1.3,183.7,56.4,37.9,256.8,313.95,4.71,4.03,4.19,97.58,0.5
2,17.5,0.32,0.1,0.212,5.8,-6.9,403.24,403.33,403.93,404.63,0.7,0.35,0.56,-0.12,67.9,69.7,71.8,79.4,-0.06,-0.17,-0.21,-0.07,-0.11,-0.16,-0.11,-0.17,0.13,0.09,0.59,1.29,36.85,15.2,-25.2,256.2,308.1,3.77,3.295,3.4,97.59,0.4
2,18.5,0.28,0.2,0.1725,1.9,-8.8,404.06,404.675,405.995,407.52,-0.29,-0.57,-0.92,-1.87,72.3,74.1,77.5,85.2,-0.08,-0.17,-0.21,-0.07,-0.15,-0.18,-0.11,-0.16,0.13,0.09,0.6,1.29,0,0.2,-45.6,255.3,298.7,3.36,2.76,2.81,97.63,0.4
2,19.5,0.29,0.1,0.157,1.3,-8.9,405.325,405.64,407,408.57,-1.09,-1.6,-2.04,-2.845,75.4,77.5,80.6,87.4,-0.11,-0.19,-0.21,-0.07,-0.22,-0.19,-0.12,-0.17,0.13,0.09,0.6,1.29,0,0,-40.9,254.3,295.1,3.305,2.66,2.725,97.67,0.38
2,20.5,0.29,0,0.168,1.3,-7.6,405.51,405.885,407.045,408.54,-1.63,-2.14,-2.78,-3.575,78.2,80.3,83,88.7,-0.14,-0.19,-0.21,-0.06,-0.23,-0.19,-0.12,-0.16,0.13,0.09,0.6,1.29,0,0,-39.45,250.6,292.3,3.17,2.575,2.63,97.69,0.3
2,21.5,0.28,0,0.166,1.2,-7.5,405.67,406.25,407.21,408.23,-1.95,-2.67,-3.38,-3.995,79.6,82.1,84.3,89.4,-0.15,-0.2,-0.21,-0.07,-0.23,-0.19,-0.12,-0.17,0.13,0.09,0.6,1.29,0,0,-39.2,248.5,290.6,3.22,2.6,2.69,97.725,0.3
2,22.5,0.285,0,0.179,1.8,-6.75,405.66,406.44,407.05,407.865,-2.55,-3.1,-3.77,-4.23,80.8,83.1,84.7,89.5,-0.185,-0.2,-0.21,-0.07,-0.23,-0.19,-0.13,-0.17,0.13,0.08,0.6,1.29,0,0,-38.6,249.3,289.6,3.07,2.6,2.615,97.745,0.3
2,23.5,0.24,0,0.1725,1.7,-6.6,405.92,406.33,407.04,407.95,-3.17,-3.48,-3.94,-4.715,82.1,84.1,85.1,90,-0.22,-0.2,-0.22,-0.08,-0.24,-0.19,-0.15,-0.18,0.13,0.08,0.595,1.3,0,0,-36.7,248.7,288.25,3.11,2.6,2.66,97.73,0.3
3,0.5,0.53,0,0.2,1.7,-10.7,408.13,408.99,410.755,411.555,1.745,1.265,0.61,0.045,81.5,83.75,86.1,90.3,1.925,2.545,2.805,3.15,1.995,2.335,2.695,2.935,2.96,3.94,2.725,3.2,0,0,-38.6,274.8,309.3,3.455,2.8,2.79,97.48,0.6
3,1.5,0.52,0,0.1985,1.4,-9.7,407.52,408.485,409.65,410.99,1.28,0.805,0.485,-0.29,83.6,85.3,86.95,91.1,1.715,2.39,2.64,2.99,1.83,2.155,2.57,2.785,2.9,3.92,2.7,3.22,0,0,-38.2,273.4,307.75,3.435,2.82,2.925,97.51,0.55
3,2.5,0.54,0,0.192,2,-8.95,407.43,408.39,409.65,410.52,0.95,0.47,0.1,-0.6,84.9,86.4,88.1,91.9,1.485,2.25,2.455,2.89,1.66,2.005,2.42,2.74,2.825,3.855,2.695,3.24,0,0,-37,272,306.2,3.28,2.71,2.75,97.49,0.53
3,3.5,0.51,0,0.193,1.5,-9.2,407.76,408.32,409.505,410.49,0.64,0.22,-0.05,-0.76,85.8,86.8,88.45,92.75,1.24,2.11,2.3,2.78,1.475,1.86,2.275,2.63,2.765,3.83,2.68,3.26,0,0,-36.7,272.15,305.25,3.38,2.69,2.795,97.47,0.505
3,4.5,0.52,0,0.193,1.8,-8.8,407.71,408.36,409.59,411.15,0.37,0.07,-0.315,-1.085,86.4,87.55,89.05,92.95,1.17,1.96,2.16,2.67,1.315,1.715,2.165,2.51,2.705,3.8,2.68,3.28,0,0,-34.75,275.35,304.8,3.385,2.75,2.86,97.47,0.6
3,5.5,0.52,0,0.203,1.7,-7.9,407.985,408.97,409.96,410.96,0.2,-0.2,-0.52,-1.14,87.2,88.85,89.45,93.7,1.04,1.795,2.04,2.59,1.2,1.595,2.05,2.415,2.645,3.745,2.63,3.29,0,0,-33.1,274.4,305.2,3.35,2.79,2.85,97.48,0.5
3,6.5,0.55,0,0.204,2.7,-8.1,408.71,409.165,409.78,410.755,0.08,-0.31,-0.745,-1.135,87.6,89.15,90.2,93.8,0.97,1.705,1.94,2.525,1.105,1.55,1.94,2.35,2.625,3.71,2.61,3.3,4.3,2,-23.65,277.2,305.05,3.335,2.79,2.885,97.5,0.59
3,7.5,0.665,-0.1,0.2395,13.8,1.7,408.14,408.62,408.95,409.44,0.54,0.475,0.61,0.48,86.4,87.25,87.7,91.3,1.02,1.615,1.85,2.41,1.13,1.44,1.875,2.25,2.6,3.67,2.58,3.3,78.4,19.8,18.7,277.4,312.25,3.84,3.3,3.45,97.54,0.6
3,8.5,0.81,-0.1,0.313,30.1,28.85,406.47,406.51,406.635,407.085,2.125,2.13,2.375,2.81,80.3,81.2,80.95,83.8,1.39,1.695,1.83,2.3,1.455,1.5,1.905,2.195,2.56,3.6,2.55,3.3,236.4,49.1,109.9,276.4,327.25,4.75,4.03,4.3,97.56,0.7
3,9.5,0.87,-0.1,0.3575,44,73.3,405.245,405.37,405.51,405.76,3.525,3.79,4.35,5.07,73.4,73.95,73.85,75.55,2.36,1.92,2,2.26,2.21,1.83,2.035,2.165,2.525,3.535,2.39,3.32,413.7,78.1,229.3,281.05,341.75,5.345,4.65,4.905,97.57,0.74
3,10.5,0.995,-0.1,0.388,47.95,124.9,404.55,404.59,404.65,404.77,4.86,5.05,5.765,7.145,67.2,67.6,66.45,67.8,3.46,2.5,2.355,2.37,3.015,2.515,2.42,2.29,2.48,3.48,2.365,3.295,555.2,101.75,332.3,284.9,357.25,5.72,4.945,5.215,97.535,0.9
3,11.5,1.08,-0.1,0.403,58.65,154.5,404.005,404.115,404.18,404.43,6.455,6.4,7.335,9.08,60.9,61.6,60.2,60.45,4.55,3.28,2.885,2.63,4.08,3.27,2.99,2.44,2.49,3.42,2.36,3.3,663.1,116.1,394.25,290.25,370.45,5.83,5.09,5.37,97.525,1
3,12.5,1.075,-0.1,0.414,59.9,167.8,403.3,403.34,403.495,403.795,7.66,7.76,8.67,10.58,56.3,56.3,55.4,55.9,5.9,4.115,3.53,2.91,5.15,4.015,3.69,2.76,2.56,3.48,2.33,3.3,688.95,122.15,419.1,292.7,380.85,5.95,5.13,5.415,97.49,1
3,13.5,1.17,-0.1,0.4205,60.2,168.9,403.03,403.045,403.06,403.2,8.79,8.815,9.805,11.56,52.5,52.9,51.95,52.4,6.745,4.78,4.035,3.34,5.9,4.76,4.165,3.02,2.65,3.63,2.34,3.27,658.3,117.75,403,295.1,385.5,6.01,5.25,5.495,97.39,1.1
3,14.5,1.15,0,0.426,53.9,130.45,402.79,402.84,403.035,403.13,9.245,9.405,10.345,11.71,49.75,50.35,49.7,49.6,7,5.3,4.58,3.79,6.35,5.17,4.645,3.49,2.76,3.695,2.36,3.25,581.15,102.4,338.85,298.35,382.2,6.05,5.255,5.485,97.32,1.1
3,15.5,1.05,0,0.408,45.7,88.6,402.325,402.41,402.61,402.815,9.765,9.66,10.475,11.39,48.55,48.95,48.65,49.5,6.89,5.64,4.87,4.1,6.48,5.53,4.865,3.82,2.885,3.775,2.41,3.26,446.2,79.3,239.7,296.25,375.8,5.97,5.18,5.41,97.29,1.03
3,16.5,0.95,0,0.3815,33.45,38.05,402.41,402.49,402.68,402.83,9.51,9.5,9.98,10.41,49.15,49.4,49.25,51.3,6.6,5.65,5.03,4.35,6.11,5.46,5.005,4.05,3.09,3.875,2.44,3.26,279.05,51.95,120.5,296.4,364.95,5.67,4.95,5.14,97.3,0.99
3,17.5,0.78,0.1,0.33,17.9,-0.8,402.65,402.765,403.09,403.605,8.63,8.7,8.785,8.67,51.95,52.9,53.6,56.95,5.92,5.46,4.98,4.395,5.32,5.13,4.89,4.17,3.25,4.02,2.525,3.265,105.1,23.5,12.6,293.95,349.55,4.95,4.285,4.495,97.29,0.885
3,18.5,0.54,0.2,0.2255,5.1,-12.2,404.09,404.475,405.42,406.56,7.13,6.775,6.045,5.085,59.2,61,63.85,70.2,4.86,4.86,4.695,4.38,4.505,4.6,4.645,4.17,3.395,4.135,2.57,3.275,7.15,2.4,-46.35,290.4,331.25,3.85,3.24,3.305,97.315,0.7
3,19.5,0.57,0.1,0.1885,2.4,-13.1,405.425,406.325,407.51,409.37,5.39,5.03,3.915,2.475,66.3,68.35,71.75,79.25,4.04,4.31,4.33,4.285,3.92,4.155,4.295,4.07,3.515,4.175,2.63,3.275,0,0,-46.05,287.7,320.4,3.5,2.95,2.96,97.37,0.7
3,20.5,0.55,0.1,0.189,2.3,-12.8,406.31,407.2,408.16,409.675,4.4,3.825,2.79,1.49,70.5,73.4,76.85,83.35,3.55,3.855,3.985,4.11,3.435,3.7,3.895,3.925,3.51,4.255,2.74,3.29,0,0,-43.55,283.15,316.05,3.49,2.95,2.855,97.41,0.6
3,21.5,0.545,0,0.203,2.3,-12.4,406.5,407.22,408.405,409.735,3.54,2.995,2.15,0.955,73.9,76.6,79.8,85.2,3.05,3.535,3.64,3.925,2.985,3.31,3.57,3.69,3.46,4.22,2.81,3.31,0,0,-43.45,277.95,313.7,3.44,2.92,2.9,97.43,0.6
3,22.5,0.565,0,0.194,1.9,-12,406.18,407.06,408.61,410.215,2.99,2.505,1.535,0.515,76.6,79,82.1,87.15,2.72,3.235,3.38,3.705,2.635,3.02,3.335,3.535,3.4,4.135,2.855,3.335,0,0,-42.9,278.8,312.1,3.37,2.79,2.87,97.45,0.6
3,23.5,0.565,0,0.1915,1.9,-11.4,407.035,407.94,409.05,410.845,2.58,1.975,1,0.315,78.4,81.55,83.8,88.85,2.37,3.01,3.19,3.52,2.395,2.72,3.105,3.32,3.37,4.085,2.89,3.345,0,0,-40,276.4,311.3,3.33,2.73,2.795,97.47,0.6
4,0.5,0.78,0,0.199,2.2,-14.5,409.62,411.38,412.69,413.8,7.91,7.39,6.82,5.9,74.1,77.05,79.8,85.75,8.12,8.74,9.03,9.5,8.27,8.89,9.15,9.37,10.185,8.68,9.67,8.13,0,0,-43.7,300.4,337.9,3.48,2.82,2.92,97.17,0.8
4,1.5,0.81,0,0.208,2.2,-13,409.42,410.81,412.485,413.61,7.34,6.76,6.26,5.19,76.25,79.5,81.9,87.4,7.76,8.44,8.75,9.28,7.99,8.52,8.85,9.095,10.11,8.61,9.62,8.12,0,0,-43.4,298.25,335.6,3.48,2.79,2.935,97.15,0.8
4,2.5,0.84,0,0.204,2.4,-13.7,409.89,411.19,413,413.96,7.02,6.37,5.92,5.06,79.3,81.6,83.7,89.1,7.46,8.13,8.47,9.02,7.67,8.24,8.53,8.855,10.015,8.51,9.56,8.13,0,0.1,-41.4,298.7,333.75,3.425,2.77,2.885,97.135,0.85
4,3.5,0.84,0,0.195,2.5,-13.1,410.65,411.12,413.09,414.35,6.58,5.99,5.52,4.67,80.7,83.3,85.2,90.2,7.1,7.9,8.22,8.78,7.34,7.91,8.38,8.695,9.85,8.43,9.47,8.16,0,0,-39.45,299.7,333.5,3.47,2.84,2.875,97.125,0.8
4,4.5,0.82,0,0.203,2.15,-12.75,410.41,412.04,413.44,414.32,6.04,5.73,5.34,4.63,83.1,85.1,86.6,91.2,6.85,7.61,7.96,8.58,7.04,7.69,8.13,8.515,9.71,8.34,9.405,8.19,0,0,-38.85,297.3,332.2,3.45,2.8,2.955,97.14,0.8
4,5.5,0.82,0,0.198,2.1,-12.2,410.855,412.49,414.35,415.35,5.615,5.48,5.14,4.375,84.45,86.2,87.6,91.8,6.6,7.32,7.78,8.41,6.84,7.39,7.83,8.365,9.58,8.2,9.315,8.19,1.3,0.9,-36.5,297.7,331.05,3.4,2.84,2.94,97.18,0.875
4,6.5,0.845,0,0.221,13.2,-4.45,410.095,410.85,411.56,412.46,6.11,5.91,5.96,5.68,84,85.8,86.4,90.1,6.66,7.23,7.56,8.27,6.91,7.26,7.66,8.205,9.45,8.1,9.25,8.225,52.3,12.4,2.8,299,338.4,3.625,3.06,3.23,97.205,0.8
4,7.5,1.01,-0.2,0.298,34.7,23.5,407.42,407.41,407.6,408.31,7.76,7.88,8.14,8.52,77.9,78.9,78.25,80.95,7.6,7.45,7.56,8.12,7.505,7.62,7.735,8.095,9.35,8.02,9.19,8.23,203.4,37.4,92,301.7,353.2,4.61,3.96,4.24,97.25,0.88
4,8.5,1.035,-0.2,0.363,49.7,76.4,404.71,404.78,404.77,405.04,9.635,9.64,10.23,10.81,69.2,70,68.75,69.4,8.77,8.18,7.87,8.2,8.615,8.235,8.1,8.08,9.27,7.995,9.16,8.25,384.25,68.5,222.55,305.6,369.7,5.47,4.695,5.1,97.26,0.9
4,9.5,1.14,-0.1,0.41,57.45,140.1,402.57,402.64,402.815,402.715,11.15,11.45,12.24,13,61.2,61.3,58.9,58.25,10.11,9.245,8.6,8.39,9.755,9.175,8.79,8.29,9.22,7.965,9.1,8.24,577.3,99.7,354.05,309.15,387.3,5.995,5.19,5.57,97.24,1
4,10.5,1.15,-0.1,0.431,63.5,200.3,401.675,401.68,401.785,402.03,12.55,12.77,13.74,14.97,53.65,53.6,51.8,49,11.57,10.28,9.46,8.835,11.02,9.99,9.48,8.59,9.27,7.905,9.05,8.17,710.1,120.55,449,313.2,404.8,6.2,5.395,5.755,97.24,1.015
4,11.5,1.23,-0.1,0.4335,64.2,243.9,400.99,401.115,401.08,401.18,13.67,13.845,15.05,16.75,48.9,48.85,46,42.45,12.96,11.17,10.21,9.3,12.13,11.13,10.33,9.02,9.37,7.98,9.02,8.125,793.45,137,502.6,317.95,421.35,6.28,5.49,5.83,97.22,1.1
4,12.5,1.245,-0.1,0.44,68.9,263.9,400.3,400.36,400.5,400.65,14.74,14.99,16.31,18.01,43.85,43.85,41.5,39.2,13.71,12.135,10.91,9.91,13.05,12,11.13,9.61,9.505,8.045,9.04,8.12,827.15,143,520.5,321.4,430.6,6.395,5.53,5.9,97.15,1.17
4,13.5,1.29,-0.1,0.429,64.6,252.75,399.71,399.745,399.94,400.14,15.56,15.73,17.08,18.83,40.65,40.7,38.6,35.8,14.36,12.74,11.62,10.34,13.8,12.6,11.85,10.03,9.74,8.165,9.09,8.145,770.8,135.5,481.1,323.55,434.7,6.38,5.635,5.9,97.13,1.235
4,14.5,1.24,0,0.4465,59.1,211.9,399.55,399.55,399.69,399.95,16.15,16.3,17.575,19.15,38.4,38.4,36.85,34.5,14.72,13.18,12.03,10.87,14.16,13.075,12.26,10.47,9.945,8.34,9.15,8.145,674.85,118.9,415.45,324.4,433,6.51,5.74,6.035,97.05,1.2
4,15.5,1.185,0,0.439,51.15,154.2,399.24,399.33,399.56,399.64,16.2,16.49,17.485,18.795,38.05,37.8,36.8,36.1,14.705,13.34,12.3,11.15,14.24,13.31,12.57,10.835,10.195,8.51,9.2,8.15,526.8,92.8,311.45,324.2,423.35,6.36,5.615,5.82,97.02,1.2
4,16.5,1.085,0,0.4255,38.75,87.4,399.48,399.62,399.76,399.97,16.17,16.4,16.91,17.67,38.95,39,38.25,38,14.07,13.285,12.355,11.37,13.73,13.205,12.57,11.14,10.4,8.67,9.285,8.155,356.9,65.6,190.35,323.6,410.45,6.12,5.39,5.71,96.99,1.1
4,17.5,0.99,0,0.38,28.5,20.65,399.61,399.625,399.71,400.31,15.755,15.65,16.085,16.14,40.7,41.1,40.7,42.4,13.33,12.91,12.16,11.48,13.09,12.89,12.38,11.26,10.57,8.82,9.4,8.175,184.3,35.4,59.75,318.45,393.35,5.76,5.025,5.345,97.005,1.1
4,18.5,0.81,0.1,0.298,11.8,-11.7,400.725,400.85,401.42,402.7,14.09,13.885,13.91,13.24,46.6,47.65,48.4,51.95,12.27,12.23,11.85,11.39,12.2,12.31,12.02,11.24,10.635,8.96,9.54,8.195,40.2,9.4,-27.3,314.7,372.5,4.65,3.98,4.235,97.04,0.935
4,19.5,0.84,0.2,0.208,4.25,-17,403.29,404.44,406.85,408.865,12.085,11.54,11.08,10.01,53.6,56.5,59.1,65.75,11.185,11.49,11.405,11.215,11.21,11.63,11.48,11.02,10.67,9.045,9.625,8.22,0,0.3,-54.4,309.6,355.9,3.67,3.06,3.17,97.09,1
4,20.5,0.91,0.1,0.21,3.4,-15.9,405.18,407.13,409.035,410.74,10.885,10.335,9.71,8.48,59.05,62.9,66.55,74,10.24,10.81,10.96,11,10.4,10.86,10.95,10.725,10.735,9.06,9.7,8.25,0,0.1,-49,305.95,350.65,3.48,2.84,2.98,97.13,1
4,21.5,0.92,0.1,0.203,3.2,-15.5,406.415,408.43,410.41,411.825,9.985,9.52,8.745,7.875,63.6,67.1,70.9,77.45,9.63,10.27,10.435,10.66,9.835,10.265,10.46,10.41,10.685,9.04,9.78,8.27,0,0.1,-47.1,305.3,346.8,3.49,2.895,2.99,97.17,0.92
4,22.5,0.88,0.1,0.204,4,-14.55,407.6,409.265,410.97,412.38,9.275,8.7,8.15,7.325,67.75,70.5,74.7,80.7,9.08,9.74,9.94,10.3,9.325,9.8,10.025,10.175,10.655,8.965,9.815,8.3,0,0.1,-46.55,305.6,344.1,3.52,2.84,3.05,97.17,1
4,23.5,0.87,0,0.1995,3.3,-14.5,408.47,410.03,411.52,412.31,8.87,8.325,7.61,6.85,70.45,73.7,77.1,83.6,8.685,9.27,9.56,9.965,8.86,9.41,9.675,9.92,10.585,8.925,9.825,8.325,0,0,-45.5,303.9,341.2,3.54,2.86,2.96,97.17,0.9
5,0.5,1.455,0.1,0.169,3.1,-9.9,412.26,414.91,416.89,418.655,13.8,13.175,12.735,11.875,80.1,82.85,84.65,89.6,14.16,14.665,14.99,15.47,13.99,14.72,15.045,15.38,15.56,14.4,14.85,13.14,0,0.3,-42,336.4,369.85,3.07,2.465,2.45,97.11,1.5
5,1.5,1.485,0,0.165,2,-8.95,413.03,415.59,417.26,419.17,13.4,12.705,12.34,11.63,82.3,84.7,86.8,91.25,13.74,14.33,14.63,15.205,13.69,14.39,14.74,15.1,15.36,14.33,14.81,13.14,0,0.3,-39.6,334.15,367.9,2.95,2.47,2.44,97.11,1.5
5,2.5,1.605,0,0.17,2.1,-10.1,413.89,416.2,417.7,419.79,12.87,12.41,12.09,11.4,84.3,86.6,88.4,92.8,13.39,14.075,14.43,14.93,13.41,14.04,14.54,14.83,15.2,14.26,14.77,13.16,0,0.3,-39.55,335.6,366.4,2.97,2.37,2.43,97.1,1.6
5,3.5,1.61,0,0.167,2.5,-8.95,415.56,417.485,419.335,421.08,12.53,12.145,11.78,11.09,86.3,87.9,89.5,93.7,13.16,13.78,14.1,14.68,13.11,13.77,14.18,14.665,15.09,14.14,14.74,13.17,0,0.2,-36.3,335.6,366.05,3.035,2.415,2.47,97.12,1.6
5,4.5,1.56,0,0.17,2,-8.3,416.13,417.565,419.415,420.77,12.16,11.895,11.64,10.92,87.7,89.3,90.5,94.5,12.91,13.475,13.9,14.49,12.99,13.52,13.92,14.47,14.93,14.03,14.68,13.2,0,0.4,-33.55,334.5,364.1,2.93,2.33,2.46,97.12,1.6
5,5.5,1.45,0,0.186,6.9,-7.05,416.07,417.6,419.095,420.4,11.99,11.775,11.61,11.24,88,90.1,90.5,94.4,12.87,13.33,13.6,14.23,12.9,13.44,13.69,14.25,14.745,13.95,14.61,13.22,19.65,5.1,-15.25,334.4,366.3,3.09,2.595,2.64,97.17,1.4
5,6.5,1.5,-0.2,0.237,29.35,3.9,412.895,413.225,413.64,414.69,12.77,12.69,12.9,12.9,85.8,86.3,86.2,89.7,13.08,13.36,13.55,14.04,13.22,13.46,13.62,14.12,14.57,13.91,14.52,13.21,137.3,24.9,50,334.85,375.75,3.65,3.15,3.28,97.2,1.3
5,7.5,1.55,-0.3,0.293,55.8,34.6,405.815,406,406.32,407.17,14.475,14.42,14.92,15.16,79.4,79.5,78.2,80.7,14.2,13.86,13.79,13.97,13.995,13.905,13.79,14.05,14.53,13.85,14.435,13.21,299.2,49.6,165.8,335.9,390.9,4.45,3.89,4.11,97.22,1.2
5,8.5,1.48,-0.2,0.333,71.4,84.5,401.27,401.41,401.655,402.11,16.05,15.925,16.705,17.2,70.5,71.15,69.7,69.65,15.42,14.57,14.26,14.12,15.21,14.495,14.225,14.13,14.465,13.785,14.375,13.23,466.25,78.4,290.95,341.6,408.1,4.88,4.36,4.57,97.23,1.3
5,9.5,1.47,-0.2,0.349,79.8,139.45,398.625,398.715,398.94,399.22,17.595,17.535,18.355,19.21,64.1,64.2,61.5,60,16.66,15.39,14.905,14.465,16.625,15.39,14.95,14.32,14.36,13.81,14.34,13.235,640.7,107.5,413.9,347.55,425.1,5.12,4.58,4.79,97.24,1.3
5,10.5,1.46,-0.1,0.361,95.5,187.8,397.03,397.23,397.27,397.85,18.74,18.83,19.82,21.14,58.25,58.3,55.1,53.7,18.075,16.49,15.755,14.81,18.13,16.67,15.78,14.74,14.43,13.83,14.3,13.25,758.5,127.9,498.7,351.75,444.05,5.29,4.76,4.93,97.23,1.3
5,11.5,1.61,-0.1,0.3855,101.5,209.8,396.43,396.5,396.77,397.13,19.91,20.035,21.025,22.72,53.95,54.2,51,48.4,19.53,17.51,16.65,15.36,19.445,17.745,16.72,15.25,14.45,13.85,14.26,13.25,825.6,136.4,544.5,356.8,458.2,5.59,4.99,5.21,97.19,1.5
5,12.5,1.67,-0.1,0.3885,105.9,229.5,395.715,395.865,395.725,396.08,20.89,20.89,21.98,23.75,50.3,50.1,47,44.95,20.74,18.545,17.485,15.98,20.79,18.635,17.48,15.935,14.5,13.96,14.22,13.22,838.6,145,558.9,361.15,467,5.6,4.99,5.28,97.15,1.6
5,13.5,1.67,-0.1,0.392,98.8,227.65,395.37,395.38,395.72,396.425,21.34,21.385,22.535,24.21,47.1,47.4,44.8,42.3,21.35,19.27,18.22,16.62,21.51,19.505,18.24,16.575,14.68,14.145,14.26,13.21,778.7,137.6,516.3,362.15,467.75,5.63,5.015,5.23,97.11,1.6
5,14.5,1.66,0,0.3925,88.2,192.7,394.8,394.68,395.07,395.69,21.78,21.89,22.96,24.495,45.8,45.7,43.7,41.7,21.685,19.87,18.73,17.09,21.69,20,18.79,17.075,14.97,14.18,14.29,13.215,703,122,459.05,361.55,468.1,5.66,5.09,5.27,97.06,1.65
5,15.5,1.59,0,0.387,75.8,153.4,394.475,394.36,394.94,395.43,21.88,22.1,23.02,24.075,44.1,44.3,42.8,40.85,21.39,20.1,19.09,17.37,21.5,20.18,19.14,17.4,15.32,14.38,14.405,13.19,568.9,101,355.7,360.4,460.1,5.66,5.06,5.25,97.01,1.6
5,16.5,1.55,0,0.368,65.65,102.8,394.28,394.405,394.665,395.33,21.78,21.88,22.68,23.55,44.3,44.6,43.5,42.9,20.93,19.84,19.185,17.6,20.93,20.09,19.2,17.615,15.59,14.49,14.52,13.175,427.35,77.2,244,357.8,446.7,5.58,4.905,5.12,97,1.6
5,17.5,1.58,0,0.346,48.8,40.1,394.7,394.79,395.1,396.02,21.27,21.27,21.64,22.07,46,46.5,45.9,47.45,19.96,19.44,18.99,17.66,20.06,19.54,18.93,17.64,15.83,14.64,14.67,13.17,246.6,46.05,115.35,355.15,429.25,5.225,4.66,4.89,96.98,1.6
5,18.5,1.45,0.1,0.282,27.05,-1.15,396.065,396.47,397.045,397.95,20.3,20.12,20.535,20.2,51,52.1,52.2,54.6,18.83,18.76,18.47,17.59,18.875,18.86,18.48,17.52,15.995,14.78,14.8,13.16,101.4,20.7,5.85,351.8,411.5,4.42,3.89,4.02,96.99,1.545
5,19.5,1.43,0.3,0.197,8.85,-13.4,400.54,401.705,404.355,407.555,18.64,18.215,17.955,17.225,59.6,60.8,63.2,67.65,17.73,17.92,17.87,17.385,17.67,18.03,17.83,17.29,16.03,14.85,14.935,13.17,7.8,2.7,-46.35,346.9,394.95,3.47,2.95,2.96,97.01,1.6
5,20.5,1.5,0.2,0.165,4.7,-13.3,405.155,408.875,412.86,414.905,17.175,16.51,16.005,14.885,64.4,67.8,70.6,76.5,16.715,17.02,17.25,17.015,16.66,17.14,17.18,16.99,16.07,14.9,15,13.19,0,0.3,-48.35,343.3,385.2,3.23,2.56,2.53,97.06,1.8
5,21.5,1.65,0.1,0.172,3.85,-12.95,407.99,411.575,413.29,415.65,16.175,15.485,14.99,14.1,68.6,71.7,75.9,81.8,15.945,16.41,16.6,16.695,15.93,16.43,16.61,16.615,16.09,14.94,15.03,13.22,0,0.3,-46.1,341.3,379.9,3.08,2.54,2.52,97.115,1.7
5,22.5,1.37,0.1,0.164,2.7,-10.8,410.605,412.96,414.89,415.92,15.27,14.7,14.24,13.46,73.6,76.45,79.5,85.1,15.35,15.91,16.145,16.375,15.26,15.99,16.16,16.325,16.02,14.93,15.075,13.25,0,0.3,-44.15,338.5,376.65,3.05,2.485,2.47,97.13,1.5
5,23.5,1.49,0.1,0.157,2.6,-9.85,411.99,414.49,416.19,417.92,14.63,14.01,13.535,12.795,77.3,79.95,82.6,88.2,14.86,15.455,15.785,16,14.73,15.545,15.81,15.96,15.915,14.85,15.14,13.265,0,0.3,-43.65,336.6,373.3,2.96,2.37,2.37,97.13,1.51
6,0.5,3.26,0.1,0.158,5,-11.7,416.25,419.07,425.61,431.28,19.405,18.835,18.45,17.915,82.55,85.25,88.15,92.6,20.65,21.26,21.46,22.005,20.79,21.49,21.715,22.22,21.66,21.655,20.94,19.36,0,0.7,-46.6,365,402.8,2.49,1.9,1.895,97.06,3.4
6,1.5,3.63,0.1,0.152,4.45,-11,418.65,421.9,425.72,431.26,18.835,18.405,18,17.58,84.6,87.3,89.8,93.9,20.2,20.92,21.09,21.675,20.35,21.075,21.365,21.92,21.54,21.585,20.925,19.38,0,0.8,-46.2,362.3,400.6,2.455,1.885,1.91,97.06,3.7
6,2.5,3.29,0.1,0.1515,3.35,-9.8,420.34,423.92,430.08,436.59,18.465,17.895,17.565,17.18,86.05,88.6,91,95.3,19.815,20.6,20.81,21.4,19.975,20.77,21.05,21.57,21.38,21.47,20.905,19.41,0,0.8,-44.5,363.4,397.95,2.35,1.79,1.76,97.06,3.4
6,3.5,3.52,0.1,0.1445,3,-8.95,423.1,426.88,432.16,438.21,17.935,17.415,17.12,16.68,88.8,90.2,92.4,96.2,19.47,20.255,20.51,21.12,19.675,20.455,20.795,21.27,21.24,21.345,20.855,19.42,0,0.8,-41.4,362.2,395.9,2.35,1.74,1.79,97.05,3.7
6,4.5,3.27,0.1,0.1435,2.5,-8.45,424.925,428.83,433.605,440.37,17.63,17.135,16.925,16.48,90.2,91.9,93.2,96.8,19.25,19.985,20.22,20.84,19.405,20.16,20.49,21.01,21.07,21.225,20.795,19.42,0.4,1.1,-38.7,362.9,394.1,2.29,1.755,1.72,97.07,3.4
6,5.5,2.44,-0.1,0.157,11.7,-6.2,423.2,425.74,427.785,431.59,17.63,17.29,17.26,16.935,90.8,92.2,93,96.5,19.11,19.755,20.01,20.63,19.215,19.88,20.23,20.815,20.9,21.1,20.74,19.43,41.2,10.5,-11.45,361.1,397.7,2.37,1.84,1.82,97.115,2.3
6,6.5,0.95,-0.6,0.225,45.8,4,410.7,410.77,411.07,413.02,18.805,18.65,19.21,19.05,87.1,87.5,87.4,90.6,19.475,19.84,19.9,20.49,19.625,19.915,20.1,20.655,20.71,21.01,20.68,19.44,173.9,33.4,78.7,362.6,409.45,2.86,2.41,2.495,97.12,0.2
6,7.5,-1.16,-0.5,0.3035,87.2,31.55,400.06,399.35,399.01,400.48,20.53,20.34,21.01,21.23,79.15,80.1,78.7,80.9,20.225,20.14,20.1,20.43,20.45,20.345,20.245,20.6,20.55,20.915,20.61,19.44,355.25,60.45,210.3,366.1,423.95,3.61,3.03,3.19,97.14,-2
6,8.5,-2.81,-0.3,0.338,119,66,393.53,392.98,391.28,392.48,22.31,22.27,23.08,23.835,71.5,72.4,70.3,71.1,21.415,20.73,20.51,20.55,21.88,21.08,20.71,20.69,20.46,20.84,20.55,19.43,540.8,89.5,344.2,370.3,442.4,4.045,3.47,3.68,97.14,-3.14
6,9.5,-3.49,-0.2,0.358,152.8,100.8,388.46,387.52,386.34,386.335,23.55,23.72,24.63,25.99,65,65.8,63.8,63.1,22.71,21.605,21.1,20.775,23.44,22.33,21.57,21.04,20.425,20.775,20.5,19.43,702.1,115.7,462.9,377.2,460.3,4.25,3.67,3.85,97.125,-3.7
6,10.5,-3.955,-0.2,0.369,192.8,129.35,385.07,384.795,383.04,383.28,24.995,25.225,26.285,27.96,60.1,60.7,59.35,58.15,24.265,22.79,21.96,21.22,24.81,23.595,22.51,21.61,20.51,20.765,20.45,19.42,822.1,132.5,547.9,383.95,474.9,4.33,3.75,3.935,97.125,-4
6,11.5,-3.55,-0.1,0.382,207.05,143.7,382.89,382.09,380.55,380.785,26.28,26.52,27.62,29.34,55.8,56.6,55.2,53.5,25.85,24,22.99,21.75,26.07,24.795,23.55,22.27,20.57,20.805,20.415,19.41,893.1,143.25,598.45,389.3,487.6,4.55,3.93,4.15,97.1,-3.615
6,12.5,-3.885,-0.1,0.383,216.65,154.9,381.855,380.94,379.32,379.555,27.01,27.33,28.465,30.09,52.2,53.25,51.7,50.2,27.02,25.05,24.02,22.4,27.18,25.76,24.41,22.95,20.645,20.87,20.39,19.4,899.3,146.3,608.1,394,494.9,4.6,3.91,4.15,97.07,-3.985
6,13.5,-3.98,-0.1,0.394,213.35,142.9,380.89,380.11,378.34,378.65,27.69,27.8,29.02,30.69,49.5,50.4,49.1,47.6,27.6,25.75,24.85,23.12,27.76,26.36,25.14,23.575,20.85,21,20.37,19.395,874.25,142.45,582.6,397,498.9,4.65,4.07,4.24,97.035,-4
6,14.5,-3.4,0,0.397,194.1,128.5,379.57,379.45,377.79,378.115,28.2,28.19,29.395,30.93,48.8,49.4,48,46.9,27.97,26.17,25.3,23.64,28.06,26.85,25.655,24.08,21.075,21.14,20.44,19.38,793.8,130.7,522.5,395.35,497.2,4.605,3.9,4.175,96.995,-3.415
6,15.5,-3.015,0,0.386,177.5,99.6,379.13,378.19,376.995,377.43,28.32,28.39,29.37,30.51,48.1,49.2,47.9,47.2,27.49,26.24,25.515,24.03,27.99,27.09,26.03,24.55,21.34,21.31,20.47,19.38,660.4,112.2,428,395.25,492.2,4.605,4.01,4.26,96.96,-2.95
6,16.5,-2.205,0,0.377,146.45,64.9,378.63,378.22,376.95,378.27,28.19,28.14,28.84,29.65,48.8,49.45,49.05,48.8,26.86,26.075,25.5,24.18,27.77,26.97,26.21,24.82,21.58,21.45,20.565,19.37,513.3,88.9,307.25,392,480.9,4.52,3.87,4.15,96.94,-2.03
6,17.5,-0.85,0,0.3435,105,25.9,379.155,378.84,378.04,380.18,27.67,27.7,28.03,28.5,50.95,51.7,51.1,52.8,25.965,25.59,25.12,24.245,27.07,26.6,25.94,24.89,21.795,21.61,20.63,19.38,340.6,60.1,175.1,387.75,468.2,4.235,3.705,3.89,96.91,-0.8
6,18.5,0.475,0.1,0.29,61.85,-2.05,381.03,381.16,381.18,384.405,26.62,26.5,26.67,26.48,55.65,56.8,57.6,59.8,25.24,25.09,24.74,24.145,25.77,25.76,25.455,24.765,21.92,21.75,20.77,19.375,168.3,34.1,46.7,382.6,451.4,3.6,3.06,3.24,96.92,0.6
6,19.5,2.48,0.5,0.181,20.2,-13.35,388.19,390.425,394.48,400.435,24.735,24.29,24.005,23.395,63.2,65.8,68.5,71.65,24.16,24.51,24.29,23.96,24.595,24.87,24.785,24.365,22.12,21.83,20.88,19.39,30.9,7.4,-37.3,376.4,432.45,2.76,2.26,2.335,96.94,3
6,20.5,3.45,0.7,0.14,8.1,-12.8,400.49,406.13,412.62,419.3,22.925,22.2,21.35,20.76,70,73.6,77.45,82.2,23.14,23.69,23.7,23.67,23.505,24.02,24.09,24.01,22.15,21.9,21,19.385,0,0.4,-53.7,373.9,419.4,2.48,1.95,2,97,4.2
6,21.5,3.58,0.3,0.148,6.8,-12.5,406.98,412.745,418.83,427.03,21.59,20.775,20.2,19.67,73.8,78.1,82.2,86.9,22.27,22.9,22.97,23.33,22.66,23.265,23.455,23.605,22.135,21.93,21.05,19.4,0,0.7,-50,370.9,412.6,2.49,1.89,1.915,97.05,4.1
6,22.5,3.55,0.1,0.157,6.4,-12.3,410.13,415.31,419.135,424.32,20.7,19.98,19.71,19.16,77.7,81,84.7,89.7,21.69,22.32,22.46,22.92,21.99,22.62,22.845,23.195,22.08,21.89,21.11,19.425,0,0.7,-49.3,367.7,409.2,2.54,1.96,1.975,97.07,3.8
6,23.5,3.55,0.1,0.161,5.45,-11.7,412.58,418.06,423.5,429.28,20.01,19.45,19.065,18.54,80.95,83.3,87,91.7,21.22,21.79,22.02,22.5,21.395,22.09,22.355,22.8,21.98,21.84,21.095,19.455,0,0.7,-48.2,365.7,406.6,2.51,1.97,1.985,97.08,3.7
7,0.5,5.97,0.3,0.117,3.1,-8.9,436.88,449.6,473.61,485.03,21.055,20.395,20.005,20.07,91.2,94.2,96.1,98.1,22.43,22.94,23.19,23.44,22.46,23.02,23.21,23.47,23.18,22.705,22.76,21.41,0,0.8,-39.05,380.1,413.85,1.72,1.195,1.455,97.25,6.2
7,1.5,6.23,0.2,0.123,2.1,-9.7,438.97,450.18,467.13,480.5,20.56,20.035,19.705,19.625,92.8,95.5,96.7,98.5,22.07,22.64,22.87,23.24,22.14,22.7,22.9,23.24,23.1,22.65,22.74,21.43,0,0.8,-37.1,379.5,411.6,1.75,1.18,1.595,97.24,6.5
7,2.5,6.565,0.2,0.127,2.6,-10,440.82,449.65,466.42,478.99,20.1,19.745,19.38,19.33,94,95.9,97.1,98.8,21.86,22.41,22.66,23.05,21.865,22.45,22.66,23.02,23.01,22.59,22.73,21.45,0,0.65,-35,380.2,409.95,1.69,1.16,1.5,97.25,6.415
7,3.5,6.755,0.2,0.132,2.25,-10.2,443.365,452.415,470.35,482.65,19.86,19.395,19.24,19.19,95,96.5,97.4,99,21.65,22.165,22.4,22.86,21.61,22.2,22.39,22.83,22.9,22.52,22.68,21.44,0,0.7,-31.6,379.7,408.1,1.725,1.17,1.41,97.25,6.81
7,4.5,6.55,0.2,0.145,1.5,-9.9,446.87,455.34,473.51,486.92,19.59,19.14,19,18.985,95.8,96.8,97.5,99.2,21.385,21.915,22.23,22.665,21.4,21.97,22.19,22.66,22.81,22.455,22.63,21.45,0,0.9,-30.3,379.4,407,1.7,1.13,1.475,97.26,6.5
7,5.5,5.76,-0.1,0.137,5.3,-7.6,448.08,454.88,467.47,479.46,19.37,19,18.96,18.96,96.4,97.2,97.7,99.5,21.21,21.765,22.09,22.515,21.24,21.77,22,22.49,22.72,22.36,22.58,21.45,24.3,7.9,-11.45,378.3,406.95,1.665,1.135,1.42,97.31,5.425
7,6.5,-0.66,-1.7,0.198,38.75,-3.5,425.005,425.995,430.69,441.46,20.27,20.22,20.27,20.08,94.5,95.3,96.8,99.1,21.36,21.71,21.965,22.36,21.32,21.74,21.9,22.335,22.61,22.27,22.52,21.45,143.3,35.15,60.1,378.2,416.2,1.905,1.36,1.79,97.35,-2.55
7,7.5,-10.62,-1.55,0.278,108.15,9.85,400.01,399.08,398.67,410.22,21.89,21.8,22.06,21.94,87,88.3,90.9,95.4,21.83,21.86,22.005,22.29,21.92,21.95,22.01,22.25,22.52,22.19,22.45,21.45,321.7,64.65,192.55,379.7,428.3,2.45,1.84,2.58,97.365,-12.83
7,8.5,-19.6,-1,0.333,182.9,30.5,386.51,384,380.36,388.13,23.63,23.655,24.225,24.09,78.8,79.9,81.9,87.8,22.49,22.275,22.21,22.32,22.83,22.53,22.32,22.33,22.43,22.13,22.38,21.45,507.6,92.4,339.2,385.55,441.5,2.84,2.13,2.885,97.36,-20.68
7,9.5,-28.19,-0.7,0.349,260.05,47.1,375.25,372.68,365.86,375.12,25.185,25.41,26.045,26.03,72.3,73.45,75.6,81.35,23.365,22.85,22.64,22.445,23.58,23.24,22.87,22.53,22.4,22.095,22.34,21.44,677.3,115.9,479.6,391.7,453.8,3.05,2.26,3.05,97.35,-28.5
7,10.5,-33.56,-0.4,0.363,332.4,56,368.46,365.34,357.05,364.905,26.38,26.64,27.375,27.49,67.3,68.9,71.9,77.5,24.28,23.62,23.19,22.68,24.365,23.82,23.33,22.8,22.45,22.09,22.28,21.43,805,132.2,588.2,397.4,461.8,3.155,2.36,3.15,97.33,-33.77
7,11.5,-37.965,-0.3,0.372,387.9,56.9,364.46,360.6,352.38,359.25,27.29,27.59,28.42,28.76,64.3,66.1,70,74.3,25.1,24.35,23.78,23.06,25,24.36,23.86,23.13,22.55,22.095,22.27,21.41,882.4,143.45,657.05,402.8,467.4,3.27,2.47,3.21,97.33,-37.6
7,12.5,-37.93,-0.2,0.383,405.85,52.5,361.655,358.635,349.27,355.685,28.075,28.3,29.15,29.52,61.5,63.4,68.3,72.3,25.75,24.885,24.305,23.41,25.72,24.92,24.4,23.51,22.65,22.125,22.275,21.4,913.8,146.05,680.1,408.1,471.8,3.3,2.5,3.35,97.3,-38.3
7,13.5,-36.18,-0.1,0.3815,404.4,41.8,360.855,357.33,348.61,355.415,28.72,28.89,29.545,29.99,59.2,60.95,66.8,71.1,26.27,25.31,24.78,23.76,26.215,25.4,24.835,23.885,22.79,22.22,22.29,21.38,890.9,143.8,659.95,410.6,474.8,3.29,2.47,3.42,97.27,-36.13
7,14.5,-33.42,0,0.381,383.2,29.6,359.915,356.96,348.55,355.69,28.98,29.14,29.73,30.055,57.9,59.7,66,70.05,26.66,25.67,25.075,24.08,26.58,25.845,25.22,24.26,22.91,22.33,22.35,21.36,805.5,132.2,590.3,411.55,475,3.325,2.49,3.3,97.24,-33.2
7,15.5,-28.755,0,0.371,329.2,16.15,359.7,356.7,350.23,358.03,29.14,29.27,29.515,29.795,57.9,59.5,65.5,70.4,26.57,25.83,25.26,24.33,26.585,26.015,25.42,24.52,23.06,22.4,22.39,21.35,674,114.7,482.55,411.1,474,3.285,2.43,3.335,97.2,-28.6
7,16.5,-20.48,0.1,0.3455,253.4,-0.55,359.615,356.845,352.635,360.735,29.05,29.16,29.205,29.155,58,60.15,67,71.75,26.34,25.76,25.3,24.46,26.54,26.08,25.56,24.66,23.19,22.53,22.445,21.35,520.7,92.05,349.95,406.4,469.7,3.21,2.35,3.035,97.17,-20.4
7,17.5,-11.65,0.1,0.311,171.5,-11.7,359.495,357.63,356.605,366.03,28.75,28.76,28.46,28.08,60.5,62.8,69.25,74.3,25.865,25.56,25.24,24.515,26.245,25.96,25.57,24.75,23.3,22.625,22.52,21.35,342.1,66.4,203,401.8,464.7,2.97,2.12,2.86,97.14,-11.3
7,18.5,-2.535,0.3,0.232,80.1,-18.6,362.41,362.24,364.1,374.9,27.72,27.56,27.02,26.58,66.1,68.3,74.5,79.8,25.32,25.215,25.05,24.495,25.645,25.62,25.38,24.74,23.38,22.695,22.59,21.36,160.95,36.8,57.6,397.3,454.5,2.42,1.76,2.335,97.13,-2.3
7,19.5,3.93,1.4,0.1375,19.8,-13.35,377.115,384.555,398.635,409.5,25.71,25.29,24.67,24.29,74.6,78.9,85,88.6,24.78,24.815,24.77,24.42,25.055,25.155,25.03,24.65,23.46,22.75,22.65,21.37,26.65,6.6,-30.1,391.85,439.5,1.92,1.35,1.69,97.145,5.6
7,20.5,6.15,2,0.11,6.8,-12.05,400.07,417.75,443.94,457.1,23.86,23.16,22.54,22.38,81.15,87.1,92,94,24.14,24.34,24.48,24.28,24.31,24.61,24.64,24.41,23.43,22.79,22.72,21.38,0,0.2,-45.15,387.1,426.85,1.84,1.25,1.605,97.18,8.8
7,21.5,6.32,0.85,0.113,4.5,-10.3,418.045,435.005,458.43,470.275,22.85,22.04,21.61,21.49,85,90.2,94.1,96,23.55,23.9,24.1,24.09,23.68,24.145,24.24,24.2,23.4,22.8,22.77,21.39,0,0.4,-43.05,382.8,421.75,1.805,1.21,1.51,97.24,7.195
7,22.5,6.58,0.3,0.1175,3.6,-10.9,425.345,440.06,461.87,474.725,22.15,21.495,21.02,20.88,88.1,92,94.95,96.95,23.12,23.515,23.72,23.87,23.195,23.69,23.85,23.95,23.355,22.78,22.78,21.41,0,0.6,-42.25,382,419.4,1.78,1.21,1.52,97.25,6.9
7,23.5,6.595,0.2,0.119,3.6,-10.15,431.19,443.38,467.77,475.48,21.575,20.945,20.445,20.52,89.85,93.2,95.35,97.6,22.79,23.19,23.42,23.65,22.79,23.28,23.46,23.69,23.27,22.735,22.79,21.43,0,0.6,-40.3,381.1,416.8,1.7,1.21,1.53,97.26,7
8,0.5,7.22,0.2,0.133,2.7,-11,436.945,449.78,476.76,487.325,19.75,19.27,18.78,18.92,94.6,96.4,98,99.4,21.06,21.33,21.475,21.74,21.06,21.37,21.395,21.71,21.715,21.15,21.53,20.65,0,0.5,-34.75,378,406.7,1.67,1.04,1.36,97.31,7.3
8,1.5,7.71,0.3,0.13,2.5,-11.1,441.16,454.9,477.64,492.21,19.35,18.98,18.5,18.73,95.7,97.1,98.3,99.7,20.84,21.18,21.32,21.6,20.885,21.155,21.2,21.565,21.68,21.07,21.545,20.66,0,0.4,-32.65,376.6,405.6,1.59,1.01,1.3,97.28,7.88
8,2.5,7.44,0.2,0.137,1.6,-10.1,445.8,460.04,479.425,496.82,18.99,18.555,18.19,18.37,96.4,97.7,98.9,99.8,20.64,20.965,21.155,21.44,20.65,20.96,21.01,21.415,21.63,21.05,21.53,20.67,0,0.5,-29.55,376.3,403.4,1.58,1.01,1.29,97.285,7.7
8,3.5,7.31,0.2,0.138,2.5,-9.5,447.67,457.6,476.075,492.24,18.66,18.265,18.02,18.11,97.1,98.1,99.2,99.8,20.46,20.755,20.95,21.29,20.46,20.77,20.855,21.25,21.52,20.97,21.495,20.68,0,0.55,-26.2,375.3,401.7,1.51,1.01,1.26,97.3,7.4
8,4.5,7.455,0.2,0.131,2.6,-8.6,449.3,461.45,479.175,496.51,18.36,17.985,17.74,17.86,97.6,98.5,99.2,99.8,20.24,20.575,20.83,21.15,20.335,20.605,20.71,21.13,21.425,20.94,21.46,20.68,0,0.5,-23.95,375.2,400.1,1.51,0.96,1.255,97.29,7.5
8,5.5,7.13,0.1,0.133,2.7,-8.25,451.095,464.74,483.845,497.13,18.21,17.735,17.57,17.79,98.1,98.7,99.4,99.8,20.075,20.405,20.63,21,20.115,20.47,20.56,21.04,21.35,20.88,21.42,20.68,4.75,2.7,-17.3,375.4,399.4,1.51,0.97,1.23,97.32,7.1
8,6.5,3.17,-1.1,0.172,20.1,-6,440.475,443.005,450.885,469.265,18.58,18.365,18.34,18.38,97.5,97.95,99.2,99.8,20.06,20.3,20.52,20.87,20.035,20.335,20.38,20.9,21.28,20.81,21.375,20.67,82.3,21.9,27.3,376.7,405,1.63,1.1,1.42,97.37,2.3
8,7.5,-7.57,-2.1,0.264,79.6,3.2,412.8,412.84,412.84,427.28,20.21,20.145,20.3,19.9,92.1,93.05,96.6,99.6,20.29,20.38,20.5,20.79,20.3,20.435,20.35,20.805,21.17,20.77,21.34,20.67,248.9,51.4,140.9,377.8,416.5,2.13,1.46,2.125,97.39,-10
8,8.5,-18.77,-1.3,0.325,157.7,24.4,393.7,392.01,387.41,402.435,21.92,22.12,22.27,21.525,82.7,83.9,88.8,96.05,20.84,20.64,20.645,20.79,20.76,20.715,20.51,20.79,21.1,20.73,21.305,20.66,433.55,81.5,283.5,379.7,429.2,2.69,1.84,2.585,97.4,-20.4
8,9.5,-28.26,-0.9,0.352,233.95,39.95,379.16,376.725,370.185,384.21,23.71,23.92,24.21,23.11,75.8,76.6,82.3,91.6,21.36,21.03,20.88,20.88,21.33,21.065,20.835,20.865,20.98,20.69,21.255,20.645,603.35,107.8,419.85,385.2,440.8,2.93,2.04,2.75,97.4,-29.425
8,10.5,-34.4,-0.6,0.369,314.75,51,370.58,367.65,359.76,372.475,25.06,25.385,25.75,24.74,71.2,71.7,78.1,87.3,21.96,21.45,21.2,21.05,21.98,21.515,21.16,21.065,20.96,20.66,21.19,20.63,741.8,125.4,537.9,392.2,449.4,2.97,2.1,2.94,97.39,-34.91
8,11.5,-37.435,-0.4,0.3905,367.6,51.2,365.39,362.48,352.72,365.445,26.14,26.46,26.78,25.7,67.1,68,75.4,83.9,22.59,21.93,21.6,21.28,22.65,22.04,21.525,21.26,20.98,20.675,21.155,20.62,821.1,136.8,610.35,396.9,455.75,3.12,2.095,2.91,97.35,-37.7
8,12.5,-37.7,-0.2,0.389,402.8,41.6,363.11,359.55,349.91,361.61,26.92,27.29,27.555,26.45,64.4,65.7,72.7,81.65,23.22,22.42,22.02,21.52,23.235,22.565,21.96,21.54,21.02,20.71,21.145,20.6,858.7,140.7,637.45,401.45,459.25,3.14,2.16,2.975,97.32,-37.89
8,13.5,-35.82,-0.1,0.39,404.2,30,361.855,358.285,348.84,361.5,27.64,27.87,27.87,26.935,62.15,64,71.4,79.95,23.6,22.83,22.39,21.775,23.605,23.015,22.37,21.835,21.12,20.76,21.15,20.59,821.75,135.35,609.4,403.65,461.05,3.11,2.15,3.04,97.285,-36
8,14.5,-31.81,0,0.386,363.5,17.25,360.36,357.11,349.2,361.98,27.96,28.27,27.99,27.03,60.8,62.2,71.1,79.8,23.87,23.095,22.615,22.04,23.93,23.275,22.66,22.115,21.24,20.82,21.17,20.59,731.6,122.8,529.3,403.35,461.35,3.135,2.12,2.92,97.24,-31.8
8,15.5,-25.33,0.1,0.374,312.3,-1.3,360.315,357.365,351.335,366.025,28.07,28.2,27.735,26.68,60.15,61.95,71.2,80.6,23.815,23.21,22.78,22.26,23.905,23.425,22.89,22.3,21.41,20.87,21.215,20.58,597.4,106.35,418.4,401.8,459.85,3.1,2.09,2.965,97.21,-25.3
8,16.5,-16.765,0.1,0.3535,232.6,-15.3,360.96,358.5,354.61,370.355,27.92,27.89,27.31,26.1,61.2,62.8,72.5,81.65,23.69,23.245,22.89,22.39,23.745,23.435,22.96,22.445,21.535,20.935,21.25,20.58,438.1,81.1,286.5,399.9,456.4,2.92,2.02,2.71,97.19,-16.6
8,17.5,-7.54,0.2,0.3105,141.1,-22.65,362.24,360.98,361.5,377.15,27.28,27.18,26.23,25.215,63.8,65.75,75.6,83.75,23.47,23.145,22.905,22.49,23.59,23.33,22.9,22.515,21.65,20.995,21.31,20.58,255.8,52.5,134.5,395.55,450.1,2.67,1.8,2.495,97.17,-7.2
8,18.5,1.61,0.8,0.2075,53.1,-23.5,368.52,371.15,379.6,395.2,25.83,25.44,24.38,23.715,70.9,73.9,83.5,89.5,23.17,22.94,22.79,22.5,23.22,23.11,22.79,22.53,21.74,21.065,21.36,20.58,82,19.6,8.2,390.45,438.6,2.1,1.4,1.9,97.17,2.5
8,19.5,6.845,2,0.129,13.1,-16.2,387.39,400.675,425.03,439.845,23.595,22.835,22.04,21.755,79.7,84.8,92.1,94.9,22.675,22.66,22.61,22.455,22.71,22.8,22.62,22.48,21.8,21.09,21.395,20.59,3.4,1.2,-41.25,384.9,423.95,1.77,1.155,1.51,97.18,8.5
8,20.5,7.23,1.3,0.124,6,-12.7,406.83,423.83,450.625,462.465,22.155,21.42,20.64,20.56,85.5,90.7,95.3,97.25,22.215,22.3,22.36,22.34,22.24,22.415,22.32,22.34,21.81,21.13,21.43,20.59,0,0,-43.4,380.65,417.2,1.79,1.16,1.48,97.24,8.7
8,21.5,7.37,0.6,0.12,3.6,-12.2,418.53,442.09,468.04,477.675,21.23,20.58,19.85,19.81,89.2,93.1,96.55,98.2,21.77,21.915,22.07,22.195,21.79,22.04,22.02,22.19,21.81,21.15,21.47,20.6,0,0.2,-41,377.9,412.8,1.64,1.06,1.39,97.27,7.9
8,22.5,7.51,0.4,0.123,3.5,-11.35,426.29,443.23,466.08,486.595,20.52,20.06,19.4,19.51,91.4,94.4,97.1,98.8,21.495,21.66,21.825,22.04,21.5,21.77,21.76,22.01,21.81,21.16,21.49,20.6,0,0.3,-39.9,376.8,410.5,1.68,1.13,1.35,97.29,7.8
8,23.5,7.65,0.3,0.133,2.55,-10.9,432.06,450.095,470.91,483.155,20.09,19.57,19,19.13,93.3,95.3,97.6,99.2,21.26,21.44,21.615,21.85,21.235,21.56,21.54,21.84,21.745,21.13,21.505,20.6,0,0.3,-38,377.35,408.4,1.63,1.04,1.29,97.3,7.7
9,0.5,4.49,0.1,0.139,2.3,-12.4,423.2,430.76,445.5,454.85,16.01,15.45,14.935,14.95,90.9,94.5,96.5,97.9,17.89,18.235,18.56,18.945,17.91,18.285,18.47,18.985,18.655,19.315,18.64,18.91,0,0.8,-42.35,348.95,384.2,1.77,1.15,1.44,97.38,4.515
9,1.5,4.36,0.2,0.144,2.3,-12.1,424.58,431.84,445.05,453.53,15.47,14.835,14.395,14.505,92.8,95.25,96.9,98.5,17.68,18.05,18.37,18.805,17.67,18.07,18.22,18.8,18.56,19.25,18.625,18.91,0,0.8,-40.3,349.55,382.5,1.69,1.12,1.49,97.395,4.5
9,2.5,4.77,0.1,0.138,2.3,-11.2,426.875,433.23,447.96,459.26,15.03,14.54,14.075,14.25,94.15,96.3,97.4,98.7,17.415,17.86,18.18,18.655,17.42,17.86,18.03,18.65,18.46,19.195,18.595,18.905,0,0.9,-36.6,349.7,380.5,1.71,1.12,1.46,97.385,4.8
9,3.5,4.48,0.1,0.14,1.7,-10.4,428.84,436.54,447.32,459.02,14.585,14.135,13.885,13.985,95.3,96.4,97.7,98.9,17.215,17.7,18.005,18.5,17.16,17.67,17.86,18.45,18.38,19.12,18.56,18.9,0,0.8,-32.9,350.55,379.2,1.695,1.12,1.46,97.39,4.53
9,4.5,4.8,0.1,0.141,1.5,-10.5,431.76,436.64,447.145,456.96,14.37,13.965,13.67,13.795,95.9,97.05,97.95,99.3,17.03,17.53,17.8,18.335,17.03,17.46,17.69,18.245,18.28,19.07,18.535,18.88,0,0.8,-31.05,349.15,378.1,1.64,1.11,1.43,97.41,4.8
9,5.5,4.6,0.1,0.141,1.2,-9.5,434.21,439.9,450.68,456.9,14,13.69,13.29,13.52,96.6,97.7,98.25,99.45,16.875,17.435,17.61,18.21,16.875,17.33,17.57,18.155,18.165,18.995,18.515,18.865,0,1,-28.15,349.2,376.75,1.645,1.09,1.36,97.44,4.69
9,6.5,3.75,-0.2,0.158,7.35,-8.9,431.21,433.62,441.48,449.61,14.135,14.02,13.83,13.955,96.95,97.7,98.6,99.8,16.79,17.255,17.545,18.07,16.78,17.225,17.44,18.045,18.07,18.91,18.47,18.86,34.5,10.1,-4.1,349.9,380,1.65,1.13,1.41,97.47,3.3
9,7.5,0.455,-1.2,0.2595,50.25,2.3,415.51,415.13,417.86,427.53,15.94,15.99,16.04,15.77,92.6,93.7,96.7,99.2,16.995,17.335,17.495,17.96,16.945,17.27,17.41,17.925,18.01,18.885,18.43,18.855,180,40.25,84.2,354.7,392.05,2.115,1.485,2.19,97.51,-1
9,8.5,-5.21,-1,0.353,108.15,33.3,402.265,401.5,401.03,408.955,18.315,18.505,18.485,18,81.9,82.6,86.9,94.6,17.53,17.515,17.625,17.925,17.39,17.55,17.505,17.885,17.92,18.85,18.4,18.85,373.1,71.3,221.2,352.75,408.45,2.89,2.03,2.75,97.52,-6.5
9,9.5,-8.9,-0.7,0.423,150.95,71.4,392.685,391.53,390.23,397.15,20.305,20.675,21.08,20.44,71.9,71.8,74.6,84.95,18.185,17.885,17.88,18.01,18.105,17.885,17.76,17.96,17.85,18.835,18.33,18.845,542.35,95.95,351.95,358.9,424.25,3.24,2.3,3.17,97.51,-9.5
9,10.5,-12.095,-0.4,0.463,193.2,94.1,386.03,384.88,382.73,389.14,22.26,22.57,23.405,22.66,64.7,65,66.4,75.5,18.97,18.38,18.18,18.17,18.96,18.48,18.19,18.15,17.85,18.825,18.275,18.84,675.7,111.65,461.4,364.2,436.4,3.575,2.53,3.41,97.49,-12.55
9,11.5,-13.09,-0.3,0.485,226.2,107.25,382.64,381.51,379.11,384.79,23.58,24.09,25.01,24.29,59,59.6,61.1,69.05,19.74,19.045,18.7,18.41,19.585,19.15,18.695,18.405,17.83,18.85,18.225,18.83,752.9,122.4,526,369.3,444.45,3.735,2.61,3.62,97.45,-13.35
9,12.5,-13.02,-0.1,0.4855,239.9,100.95,381.325,380.37,378.34,383.36,24.49,25,25.855,25.45,55.1,55.5,57.2,65.25,20.4,19.56,19.195,18.74,20.28,19.685,19.25,18.79,17.86,18.87,18.195,18.82,773.55,125.15,542.55,374,450.4,3.805,2.66,3.59,97.39,-13.1
9,13.5,-11.98,-0.1,0.4815,242.8,86.1,380.815,379.45,377.24,382.84,25.31,25.71,26.54,25.865,52.3,52.7,55.3,63.1,20.735,19.98,19.62,19.08,20.73,20.16,19.65,19.14,17.975,18.925,18.22,18.81,728.25,118.65,504.9,375.6,453.5,3.81,2.715,3.605,97.32,-12
9,14.5,-10.645,0,0.461,221.05,61.75,380.15,379.315,377.11,383.385,25.71,26.02,26.595,25.63,50.3,51.4,53.8,62.45,20.87,20.23,19.8,19.31,20.94,20.42,19.96,19.36,18.115,18.98,18.265,18.8,627.4,106.75,418.7,375.3,453.05,3.67,2.67,3.38,97.28,-10.61
9,15.5,-7.965,0,0.46,182.6,30.2,380.14,379.35,377.61,384.69,25.82,26.06,26.245,25.09,49.9,50.7,54.8,64.3,20.86,20.27,19.93,19.53,20.89,20.49,20.11,19.55,18.24,19.06,18.27,18.79,484.8,87.9,302.3,372.75,449.9,3.61,2.57,3.425,97.255,-7.9
9,16.5,-4.125,0.1,0.414,132.9,-0.5,380.56,380.24,379.68,388.04,25.48,25.57,25.15,24.055,51.2,52.3,57.5,66.9,20.65,20.235,19.97,19.635,20.69,20.46,20.15,19.685,18.355,19.13,18.245,18.77,308.5,61.2,157.8,368.3,443.75,3.42,2.35,3.225,97.24,-4.02
9,17.5,0.435,0.3,0.32,67.5,-23.1,382.53,382.76,384.3,394.64,24.29,24.12,23.335,22.25,56.25,58.15,65.1,73.9,20.29,20.055,19.91,19.71,20.31,20.265,20.06,19.72,18.445,19.19,18.32,18.76,124.3,29.3,28.5,364.35,430.65,2.72,1.89,2.53,97.23,0.7
9,18.5,3.7,1.1,0.171,18.7,-22.2,389.78,395.19,405.44,417.555,21.725,21.14,20.05,19.58,66.1,71.3,81.1,86,19.905,19.86,19.8,19.705,19.87,20.005,19.91,19.705,18.54,19.24,18.36,18.745,11.5,3.3,-41.9,359.4,411.6,2.06,1.38,1.725,97.24,4.8
9,19.5,4.31,1.1,0.141,8.4,-16.8,403.23,413.08,428.84,440.74,19.63,18.64,17.51,17.42,74.2,81.3,89.8,92.5,19.395,19.475,19.545,19.65,19.365,19.605,19.57,19.625,18.605,19.26,18.4,18.745,0,0.2,-51.1,353.85,398.75,1.91,1.285,1.605,97.29,5.6
9,20.5,4.565,0.3,0.145,5.7,-16.5,410.58,417.865,433.275,445.09,18.395,17.56,16.56,16.39,79.5,85.9,92.5,94.45,18.885,19.16,19.26,19.49,18.87,19.22,19.29,19.49,18.6,19.285,18.45,18.75,0,0.5,-49.3,351.65,393.7,1.91,1.28,1.585,97.34,5.03
9,21.5,4.555,0.1,0.142,4.95,-15.85,413.215,421.475,435.73,449.2,17.595,16.61,15.795,15.73,83.5,88.7,94,95.6,18.515,18.815,19.025,19.33,18.505,18.86,19.01,19.32,18.59,19.295,18.5,18.755,0,0.6,-48.45,349.3,389.85,1.87,1.27,1.545,97.375,4.91
9,22.5,4.36,0.1,0.144,3.55,-13.6,416.4,424.335,438.42,450.745,16.92,15.97,15.285,15.3,86.5,91.4,95,96.5,18.205,18.55,18.785,19.155,18.17,18.565,18.72,19.115,18.54,19.275,18.51,18.75,0,0.8,-47.4,348.15,386.5,1.84,1.24,1.5,97.39,4.5
9,23.5,4.43,0.2,0.143,2.7,-12.7,420,428.165,442.895,451.055,16.31,15.67,14.84,14.8,89.35,93.4,95.8,97.2,17.95,18.29,18.57,18.97,17.86,18.36,18.475,18.94,18.48,19.23,18.505,18.75,0,0.85,-44.7,346.65,385.15,1.74,1.14,1.525,97.38,4.6
10,0.5,1.41,0.1,0.156,1.5,-10.1,409.875,412,415.1,418.36,9.1,8.5,7.85,7.54,83.05,86.7,90.5,93.5,11.33,12.02,12.43,13.13,11.265,12.03,12.33,13.14,13.45,14.02,14.1,14.665,0,0.4,-46.3,306.5,348.1,2.08,1.41,1.85,97.39,1.4
10,1.5,1.43,0.1,0.1575,1.5,-9.3,410.18,412.91,416.06,419.895,8.84,8.34,7.68,7.22,85.1,88.65,92.5,94.5,11.125,11.8,12.25,12.91,11.035,11.81,12.07,12.955,13.335,13.975,14.08,14.67,0,0.4,-44.8,304.75,346.4,2,1.345,1.84,97.38,1.5
10,2.5,1.38,0.1,0.161,1.3,-10.1,411.015,414.02,416.6,419.75,8.375,8.04,7.36,7.07,86.85,90.2,93.3,95,10.91,11.61,12.05,12.79,10.95,11.56,11.86,12.79,13.235,13.94,14.04,14.68,0,0.4,-42.3,303.9,344.85,1.98,1.345,1.93,97.37,1.435
10,3.5,1.43,0,0.164,1.9,-10,411.43,413.82,416.85,418.73,8.13,7.52,6.985,6.615,88.6,91.25,93.8,95.6,10.665,11.405,11.87,12.61,10.73,11.37,11.66,12.57,13.145,13.885,14,14.69,0,0.3,-41.8,302.6,343.4,2.055,1.41,1.99,97.39,1.5
10,4.5,1.44,0.1,0.162,1.9,-9.05,412.345,413.84,416.97,419.85,7.615,7.1,6.58,6.235,89.95,92.5,94.55,95.9,10.55,11.255,11.67,12.42,10.505,11.16,11.52,12.39,13.08,13.815,13.945,14.68,0,0.3,-39.65,302.8,341.6,2.05,1.42,1.88,97.39,1.5
10,5.5,1.39,0,0.157,2.1,-9.3,412.5,414.165,417,420.4,7.325,6.69,6.22,5.895,91.1,93,95,96.3,10.37,11.08,11.51,12.32,10.305,11.03,11.38,12.27,12.985,13.76,13.89,14.67,0,0.2,-35.9,303.3,339.25,1.99,1.42,1.88,97.41,1.4
10,6.5,1.49,0,0.17,3.15,-10.5,412.72,414.715,417.375,420.37,7.12,6.61,6.17,5.835,91.8,93.55,95.3,97,10.25,10.96,11.39,12.23,10.15,10.84,11.17,12.1,12.89,13.7,13.825,14.67,5.2,2.7,-28.8,303.7,339.5,2.03,1.41,1.95,97.45,1.5
10,7.5,1.63,-0.2,0.238,19.9,-0.8,411.025,411.87,413.38,415.64,8.215,8.19,7.98,7.82,88.9,90,92.35,95.45,10.33,10.89,11.295,12.13,10.285,10.78,11.1,11.96,12.78,13.68,13.73,14.66,93.95,23.2,18.4,304.1,350,2.33,1.66,2.38,97.495,1.4
10,8.5,1.77,-0.5,0.361,48.6,38.1,405.1,405.175,405.85,407.375,10.95,10.93,11.295,10.75,78.7,78.2,80.05,86.15,10.83,11.12,11.38,12.095,10.8,10.995,11.215,11.93,12.71,13.65,13.64,14.655,265.6,52.15,129.1,306.4,368.3,3.17,2.35,3.45,97.52,1.32
10,9.5,1.72,-0.3,0.432,56.2,102.5,399.52,399.71,400.01,401.045,13.17,13.23,14.03,13.77,66.4,65.8,64.75,71.55,11.75,11.57,11.605,12.15,11.635,11.51,11.47,12.045,12.625,13.595,13.615,14.64,429,74.2,239.8,311.6,385.7,3.75,2.85,3.97,97.53,1.4
10,10.5,1.73,-0.2,0.4695,54.55,168.3,396.86,397.01,397.23,397.85,15.07,15.385,16.075,16.23,57.4,56.8,54.75,58.8,12.87,12.235,12.065,12.26,12.55,12.25,11.965,12.245,12.535,13.58,13.6,14.63,559.7,90.6,327.3,318.65,402.5,4.15,3.125,4.32,97.51,1.42
10,11.5,1.76,-0.2,0.483,56.9,206,395.51,395.51,395.73,396.66,16.37,16.8,18.035,18.345,50.9,50.35,47.4,50.2,14.035,12.92,12.75,12.56,13.38,12.98,12.64,12.5,12.5,13.53,13.55,14.61,626.7,99,381.7,324.9,415,4.31,3.265,4.38,97.48,1.6
10,12.5,1.88,-0.1,0.498,59.6,215.2,394.56,394.74,394.88,395.81,17.64,18.03,19.275,19.765,45.9,45.25,42.7,44.8,14.785,13.67,13.3,12.95,14.255,13.655,13.205,12.9,12.58,13.57,13.54,14.62,636.6,101.5,389.6,328,422.9,4.395,3.335,4.29,97.41,1.7
10,13.5,1.905,-0.1,0.499,57.15,195.1,393.77,393.915,394.24,395.17,18.385,18.89,19.91,20.4,42.5,41.9,39.9,42.6,15.31,14.25,13.77,13.26,14.69,14.14,13.67,13.16,12.68,13.57,13.505,14.585,587.4,95,346.6,329.8,426.5,4.51,3.355,4.37,97.34,1.8
10,14.5,1.78,0,0.493,49.2,146.3,393.575,393.8,394.205,394.875,18.64,19.09,20,20.24,40.4,40.1,38.65,42.4,15.505,14.65,14.205,13.555,14.94,14.45,14.015,13.49,12.89,13.69,13.495,14.56,480.9,80.7,264.35,329.95,422.9,4.485,3.39,4.4,97.31,1.7
10,15.5,1.75,0,0.4765,40,79.5,393.64,393.855,394.23,395.325,18.615,18.79,19.53,19.245,40.8,40.35,39.8,45.2,15.21,14.67,14.385,13.815,14.82,14.55,14.21,13.68,13.08,13.665,13.49,14.54,326.8,59.6,153.8,330.55,414.4,4.32,3.21,4.35,97.29,1.79
10,16.5,1.67,0.1,0.407,27.3,10.65,393.615,393.72,394.48,396.225,18.24,18.17,18.29,17.615,43.2,42.9,43.5,50.8,14.72,14.61,14.45,13.98,14.48,14.45,14.3,13.86,13.225,13.73,13.49,14.53,154.1,34.95,32.3,326.8,401,3.85,2.86,3.71,97.28,1.7
10,17.5,1.44,0.3,0.264,11,-16.6,395.59,396.77,398.81,403.03,16.31,15.81,15.49,14.425,50.2,51.5,55.25,63.05,14.055,14.13,14.25,14.09,13.98,14.055,14.08,13.91,13.345,13.79,13.55,14.53,20.6,5.45,-42.95,321,382,2.84,2.12,2.59,97.3,1.8
10,18.5,1.33,0.5,0.172,2.95,-14,399.74,403.33,408.705,413.95,14.07,13.17,11.98,11.21,58.6,64.05,70.45,77.3,13.25,13.67,13.94,13.97,13.235,13.585,13.87,13.865,13.43,13.76,13.64,14.52,0,0.2,-55.7,316.35,365.05,2.31,1.615,2.11,97.33,1.895
10,19.5,1.34,0.3,0.1575,2.8,-13.8,403.055,407.405,412.75,417.975,12.64,11.49,10.27,9.82,65.5,71.1,77.7,83.45,12.65,13.23,13.495,13.795,12.565,13.19,13.37,13.695,13.435,13.83,13.69,14.5,0,0.2,-52.3,311.4,357.45,2.19,1.55,1.95,97.35,1.7
10,20.5,1.515,0.1,0.157,2.8,-13.4,406.1,409.39,413.315,417.49,11.5,10.61,9.4,8.99,70.6,75.7,81.8,86.8,12.18,12.77,13.15,13.6,12.145,12.805,13.09,13.57,13.45,13.89,13.75,14.5,0,0.3,-49.8,309.6,353.5,2.175,1.5,1.92,97.37,1.6
10,21.5,1.43,0.1,0.153,2.15,-12.5,407.48,410.01,413.635,417.22,10.54,9.74,8.94,8.455,74.4,78.9,84.6,89.1,11.78,12.425,12.83,13.34,11.8,12.49,12.69,13.37,13.38,13.92,13.755,14.5,0,0.4,-49.35,307.5,351,2.17,1.465,1.905,97.4,1.5
10,22.5,1.44,0,0.16,2.6,-11.8,407.2,409.385,413.25,416.66,9.895,9.11,8.35,7.9,77.6,82.6,87.1,90.85,11.5,12.15,12.6,13.22,11.47,12.19,12.495,13.19,13.38,13.92,13.77,14.49,0,0.4,-49.35,306,348.8,2.14,1.5,1.86,97.41,1.5
10,23.5,1.38,0.1,0.157,1.85,-11.4,408.63,410.44,414.04,417.1,9.38,8.53,7.95,7.37,81.1,84.9,89.3,92.7,11.28,11.945,12.36,13.01,11.23,11.95,12.24,12.96,13.325,13.885,13.74,14.475,0,0.3,-47.9,305.4,347,2.07,1.435,1.9,97.4,1.4
11,0.5,0.62,0,0.158,1.3,-10.3,407.57,409.78,412.36,413.8,3.44,2.37,1.86,0.82,79.9,82.9,85.9,91.1,4.9,5.69,6.11,6.72,5.03,5.605,5.965,6.6,7.51,7.62,8.02,9.09,0,0,-43.35,273,314.1,2.745,2.04,2.21,97.625,0.6
11,1.5,0.7,0,0.1565,1,-10.2,407.82,410.04,411.67,413.12,2.925,2.11,1.61,0.56,81.55,84.1,87.1,92.1,4.68,5.55,6,6.56,4.925,5.415,5.835,6.5,7.43,7.585,7.99,9.11,0,0,-43.1,272.85,313.2,2.76,2.05,2.26,97.61,0.7
11,2.5,0.59,0,0.152,1,-9.5,407.84,409.535,412.21,413.55,2.545,1.9,1.26,0.37,83.6,85.6,87.75,92.45,4.49,5.395,5.86,6.45,4.8,5.315,5.65,6.405,7.41,7.535,7.955,9.095,0,0,-42.25,272.6,312.75,2.83,2.05,2.27,97.605,0.6
11,3.5,0.625,0,0.151,1.2,-9.2,407.65,409.23,411.12,412.72,2.24,1.585,1.185,0.11,84.5,86.8,88.8,93,4.335,5.27,5.69,6.34,4.695,5.215,5.495,6.295,7.4,7.495,7.94,9.07,0,0,-39.9,272.25,310.9,2.86,2.1,2.38,97.61,0.7
11,4.5,0.65,0,0.1635,1.1,-9.3,407.715,408.61,410.97,412.92,1.845,1.275,0.67,-0.05,84.9,87.3,89.05,92.8,4.26,5.1,5.59,6.26,4.545,5.025,5.46,6.17,7.34,7.445,7.91,9.07,0,0,-39.2,272,310.65,2.785,2.08,2.28,97.63,0.6
11,5.5,0.61,0,0.163,1.4,-9.1,407.995,409.035,411.165,412.66,1.65,0.93,0.455,-0.1,85.7,88,89.65,92.9,4.125,4.97,5.485,6.17,4.45,4.88,5.33,6.07,7.275,7.39,7.91,9.06,0,0,-39,271.3,310,2.87,2.165,2.38,97.65,0.63
11,6.5,0.63,0,0.1545,1.2,-8.7,408.095,409.615,411.245,412.615,1.33,0.82,0.365,-0.47,86.75,88.8,90.3,93,4.025,4.8,5.31,6.12,4.26,4.76,5.23,5.95,7.22,7.31,7.87,9.04,0,0.1,-38.1,271.35,308.9,2.79,2.1,2.35,97.66,0.7
11,7.5,0.71,0,0.1845,5.75,-6.35,408.45,409.305,410.67,412.31,1.475,0.94,0.8,0.28,86.6,88.4,89.6,93,3.99,4.71,5.24,6.03,4.21,4.62,5.09,5.815,7.145,7.27,7.845,9.03,26.9,8.35,-14.8,272.7,311.6,2.905,2.295,2.48,97.67,0.67
11,8.5,0.93,-0.2,0.259,22.9,9.3,406.45,406.69,406.86,407.39,3.16,2.95,3.345,3.35,81.6,82.4,83.1,86.4,4.3,4.8,5.22,5.89,4.37,4.715,5.06,5.73,7.09,7.23,7.815,9.02,147.9,37.4,45.9,271.45,326.8,3.54,2.94,3.28,97.7,0.7
11,9.5,1.05,-0.2,0.33,40.3,49.5,403.45,403.5,403.575,404.045,5.33,5.44,5.95,6.205,72.4,73,72.55,75.1,4.975,5.12,5.34,5.835,4.93,5.07,5.22,5.79,7.01,7.2,7.8,9.03,299.2,65.2,140.6,274.2,343.4,4.505,3.89,4.21,97.71,0.8
11,10.5,1.11,-0.2,0.3695,43.2,97.7,401.87,401.95,401.92,402.24,7.2,7.22,7.93,8.905,63.8,63.8,62.5,63,6.07,5.665,5.68,5.94,5.78,5.63,5.63,5.92,6.95,7.18,7.78,9.02,419.9,86.2,217.15,280.6,360.9,4.99,4.27,4.68,97.71,0.9
11,11.5,1.09,-0.1,0.3965,41.8,129.1,400.3,400.35,400.49,400.75,8.77,8.87,9.83,10.77,57.1,56.9,54.9,54,6.945,6.43,6.18,6.22,6.615,6.255,6.065,6.095,6.98,7.18,7.765,9.01,482.35,97.9,257.2,285.3,373.6,5.21,4.52,4.91,97.67,0.9
11,12.5,1.13,-0.1,0.409,38.05,139.35,399.51,399.665,399.66,399.835,10.08,10.105,11.05,12.3,51.5,51.5,49.4,48.1,7.63,6.925,6.695,6.43,7.3,6.86,6.565,6.365,6.99,7.21,7.735,9,495.75,100,263.75,290.8,380,5.31,4.66,5.05,97.595,1
11,13.5,1.11,-0.1,0.409,33.65,118.1,399.185,399.2,399.29,399.53,10.98,10.89,11.89,12.82,47.9,47.9,45.9,45.2,8.1,7.37,7.09,6.72,7.76,7.24,6.995,6.64,7.07,7.23,7.685,8.98,446.6,91.5,227.1,293.9,381.5,5.525,4.72,5.24,97.55,1
11,14.5,1.03,0,0.398,28.8,77.6,398.7,398.63,398.83,398.99,11.435,11.415,12.31,12.78,45.8,46.3,44.7,44.35,8.21,7.675,7.425,7,7.895,7.51,7.23,6.87,7.175,7.28,7.74,8.96,344.9,72,151.7,291.4,376.9,5.41,4.69,5.09,97.5,1
11,15.5,0.93,0,0.369,21.4,24.5,398.65,398.7,399.05,399.5,11.125,11.085,11.635,11.845,46.1,46.05,45.8,47.2,8.05,7.83,7.575,7.22,7.82,7.64,7.41,7.105,7.28,7.36,7.72,8.95,204.15,46.6,58.3,290.8,367.5,5.05,4.44,4.75,97.48,0.97
11,16.5,0.7,0.1,0.271,10,-9.25,399.15,399.345,399.615,400.85,10.355,10,10.04,9.36,49.6,50.6,51.7,55.3,7.65,7.675,7.57,7.34,7.495,7.53,7.385,7.19,7.39,7.42,7.765,8.94,58.8,16.8,-22.7,288.8,351.1,3.915,3.3,3.62,97.5,0.8
11,17.5,0.56,0.3,0.161,1.8,-11.35,401.1,402.19,403.79,406.34,8.25,7.57,6.805,5.23,56.9,59.5,64.3,70.75,6.995,7.42,7.4,7.355,6.91,7.17,7.205,7.22,7.46,7.495,7.8,8.925,0.2,0.5,-52.3,287.4,332.3,3.02,2.34,2.52,97.52,0.8
11,18.5,0.565,0.2,0.142,1.1,-10.2,402.95,405.42,407.78,410.24,6.93,5.89,4.845,3.42,63,66.5,71.3,78.9,6.365,6.98,7.13,7.275,6.38,6.77,7.02,7.13,7.48,7.55,7.815,8.93,0,0,-46,283.1,324.9,2.88,2.16,2.28,97.56,0.7
11,19.5,0.6,0.1,0.1445,1.1,-9.2,404.135,406.135,409.26,411.3,6.015,5.005,3.76,2.44,67.5,70.85,75.6,83.15,5.91,6.6,6.875,7.175,6.03,6.5,6.715,7.05,7.54,7.56,7.83,8.92,0,0,-44.7,281.3,321.9,2.79,2.06,2.21,97.57,0.7
11,20.5,0.66,0.1,0.15,1,-11.05,404.425,406.86,410.02,411.495,5.175,4.12,3.15,2.04,70.4,73.9,78.5,85.3,5.58,6.29,6.605,7.02,5.7,6.29,6.455,6.87,7.54,7.555,7.85,8.925,0,0,-44.9,279.8,319.8,2.885,2.14,2.28,97.6,0.7
11,21.5,0.62,0,0.1515,1,-9.55,405.54,407.45,410.58,412.93,4.65,3.65,2.73,1.58,73.1,77.2,81,87.4,5.36,6.1,6.425,6.87,5.48,6,6.285,6.74,7.505,7.545,7.885,8.92,0,0,-43.6,278.9,317.2,2.82,2.07,2.27,97.625,0.635
11,22.5,0.58,0,0.143,0.9,-9.4,406.085,407.92,411.11,413.015,4.085,3.06,2.15,0.95,75.4,78.95,83,88.8,5.16,5.86,6.28,6.755,5.27,5.72,6.095,6.62,7.445,7.495,7.895,8.93,0,0,-43.9,275.5,314.8,2.75,2.05,2.17,97.63,0.6
11,23.5,0.605,0,0.149,1.1,-10,406.93,408.41,411.51,412.9,3.77,2.68,1.87,0.85,78,81.2,84.7,90.5,4.92,5.69,6.12,6.63,5.16,5.55,5.955,6.52,7.41,7.465,7.9,8.94,0,0,-43.7,274.3,314.1,2.78,2.1,2.28,97.62,0.6
12,0.5,0.38,0,0.177,0.7,-7.15,406.84,407.71,409.17,410.215,-2.53,-3.14,-3.8,-4.595,85.5,87.6,88.2,90.9,0.19,0.67,0.92,1.52,0.36,0.73,1.05,1.59,2.21,2.85,3.05,4.21,0,0,-35.6,250.2,289,3.015,2.31,2.435,97.61,0.4
12,1.5,0.36,0,0.169,0.9,-6.75,406.715,407.7,409.14,409.75,-2.885,-3.34,-4.17,-4.95,86.1,88,88.3,91.1,0.14,0.635,0.92,1.48,0.32,0.675,1.01,1.55,2.19,2.83,3.04,4.21,0,0,-32.7,250.5,287.6,2.97,2.28,2.425,97.59,0.4
12,2.5,0.385,0,0.1765,0.8,-6.4,406.68,407.535,408.57,410.26,-3.065,-3.59,-4.435,-5.1,86.8,88.3,88.4,91.3,0.11,0.615,0.9,1.44,0.28,0.63,0.99,1.5,2.17,2.8,3.03,4.21,0,0,-32.2,251.9,287.2,2.93,2.19,2.38,97.62,0.4
12,3.5,0.42,0,0.176,0.5,-6.2,406.62,407.47,409.09,410.65,-3.235,-3.78,-4.45,-5.12,86.6,88.3,88.6,91.4,0.09,0.59,0.89,1.43,0.26,0.605,0.96,1.49,2.16,2.79,3.035,4.2,0,0,-31.7,252.7,286.4,2.88,2.21,2.37,97.595,0.4
12,4.5,0.38,0,0.175,0.8,-6.5,406.73,407.85,409.29,410.38,-3.485,-3.975,-4.635,-5.37,87.1,88.8,89,91.6,0.03,0.54,0.86,1.4,0.24,0.58,0.92,1.47,2.15,2.77,3.04,4.21,0,0,-29.3,254.6,286.3,3.02,2.28,2.515,97.585,0.4
12,5.5,0.42,0,0.188,1,-7.2,407.43,407.94,409.035,410.37,-3.69,-4.155,-4.77,-5.34,87.5,89.1,88.95,91.5,-0.01,0.53,0.83,1.37,0.18,0.55,0.89,1.44,2.15,2.76,3.04,4.19,0,0,-28.4,253.6,286.1,3.135,2.37,2.565,97.58,0.4
12,6.5,0.415,0,0.185,0.8,-6.05,407.15,407.965,408.7,410.09,-4.01,-4.395,-5.005,-5.41,87.5,89,89.1,91.6,-0.03,0.505,0.8,1.36,0.13,0.5,0.85,1.41,2.15,2.75,3.03,4.19,0,0,-26.3,253.5,285.2,2.97,2.28,2.49,97.59,0.4
12,7.5,0.39,0,0.183,1.2,-5.8,407.115,407.87,408.46,409.32,-3.92,-4.51,-5.01,-5.23,87.7,89,89,91.5,-0.07,0.475,0.78,1.34,0.07,0.48,0.81,1.35,2.13,2.72,3.01,4.19,2.8,1.8,-23.45,254.3,285.1,2.98,2.33,2.45,97.635,0.4
12,8.5,0.46,0,0.208,8.5,0.9,407.17,407.93,408.225,408.63,-3.34,-3.58,-3.65,-3.55,86.2,87.3,87.4,90.65,-0.04,0.47,0.76,1.32,0.07,0.47,0.78,1.33,2.12,2.69,2.99,4.19,65,23.7,5.9,255.5,292.9,3.27,2.62,2.875,97.66,0.4
12,9.5,0.655,-0.1,0.2755,20.8,18.6,405.83,405.79,405.755,406.19,-1.83,-1.8,-1.5,-1.145,81.5,82.5,82.1,86,0.04,0.47,0.75,1.31,0.13,0.485,0.78,1.29,2.11,2.68,2.98,4.18,193.5,53.9,59.3,254.9,305.1,4.09,3.45,3.7,97.68,0.5
12,10.5,0.67,-0.1,0.315,29,45.5,404.52,404.63,404.63,405.12,-0.37,-0.39,0.1,0.48,75.5,76.7,75.9,78.8,0.24,0.495,0.79,1.3,0.25,0.545,0.79,1.3,2.1,2.67,2.97,4.18,306.3,75.1,123.35,255.3,314.6,4.795,3.93,4.365,97.68,0.5
12,11.5,0.74,-0.1,0.333,28.4,65.55,403.87,403.98,404,404.3,0.775,0.81,1.46,1.75,71.1,71.5,70.1,73.5,0.44,0.585,0.81,1.32,0.39,0.63,0.82,1.33,2.07,2.67,2.97,4.18,393.3,90.3,159.65,258.6,322.4,4.89,4.16,4.495,97.61,0.63
12,12.5,0.73,-0.1,0.342,24.9,71.1,402.98,402.995,403.05,403.455,1.66,1.71,2.32,2.69,66.7,67.25,65.9,69.5,0.68,0.67,0.88,1.34,0.61,0.72,0.89,1.37,2.065,2.67,2.96,4.17,397.2,93.9,172.6,261.9,327.6,5.02,4.305,4.605,97.55,0.7
12,13.5,0.71,-0.1,0.343,22.5,63.5,402.85,402.88,402.97,403.14,2.16,2.3,2.85,3.29,64.5,64.5,63.3,66.7,1.03,0.855,0.93,1.38,0.91,0.995,1.045,1.4,2.06,2.69,2.96,4.17,369.3,85.3,151.65,264.8,329.3,5.08,4.25,4.65,97.48,0.7
12,14.5,0.67,0,0.338,18.45,40,402.345,402.33,402.405,402.82,2.6,2.61,2.99,3.245,62.9,63.25,62.7,66.4,1.155,0.97,1,1.445,1.1,1.21,1.24,1.51,2.06,2.705,2.955,4.165,272.9,66.4,95.8,266,327.3,5.09,4.265,4.665,97.44,0.62
12,15.5,0.58,0,0.306,11.8,8.8,402.31,402.24,402.475,402.825,2.56,2.5,2.875,2.8,64.3,64.55,64.4,68.1,1.12,1.09,1.13,1.5,1.15,1.25,1.35,1.56,2.115,2.705,2.94,4.165,149.7,43.55,29.55,265.6,323,4.64,3.935,4.235,97.45,0.6
12,16.5,0.38,0.1,0.217,3.45,-6.6,402.87,402.93,403.575,405.005,1.84,1.91,1.775,1.2,67.7,68.8,69.8,74.7,0.88,1.15,1.17,1.58,1.02,1.24,1.42,1.61,2.16,2.73,2.94,4.16,34.6,12.6,-32.75,262.3,312.2,3.64,3.02,3.215,97.45,0.5
12,17.5,0.36,0.2,0.166,0.7,-8.1,403.94,404.44,406.12,407.87,0.69,0.37,-0.16,-1.715,73.25,75.4,77.85,83.6,0.62,1.01,1.155,1.59,0.76,1.18,1.37,1.64,2.2,2.74,2.93,4.16,0,0.1,-42.4,258.95,300.7,3.145,2.46,2.575,97.48,0.5
12,18.5,0.36,0.1,0.145,0.6,-7,405.635,406.665,407.77,409.69,-0.09,-0.54,-1.46,-2.705,76.35,79,81.1,86.4,0.43,0.925,1.105,1.585,0.645,1.08,1.31,1.65,2.21,2.77,2.92,4.16,0,0,-40.2,257.4,295.9,2.895,2.28,2.365,97.5,0.43
12,19.5,0.35,0.1,0.1475,0.6,-6.75,406.085,406.77,408.11,409.43,-0.715,-1.15,-2.29,-3.43,79.3,81.45,83.8,88,0.32,0.85,1.05,1.57,0.525,0.945,1.195,1.64,2.23,2.8,2.96,4.155,0,0,-39.1,254.85,293.6,2.84,2.24,2.355,97.53,0.4
12,20.5,0.36,0,0.1515,0.8,-6.8,406.09,406.73,408.355,410.05,-1.175,-1.67,-2.77,-3.74,80.7,82.8,84.8,89.3,0.25,0.775,1.015,1.53,0.455,0.84,1.115,1.61,2.21,2.8,2.98,4.145,0,0,-38.3,254.75,292.1,2.85,2.19,2.3,97.555,0.4
12,21.5,0.38,0,0.159,0.9,-6.7,406.19,407.6,409.025,410.41,-1.68,-2.215,-3.085,-3.9,81.75,84.15,85.8,89.8,0.22,0.725,0.965,1.53,0.425,0.79,1.08,1.6,2.2,2.79,2.98,4.15,0,0,-36.65,252,291.8,2.92,2.265,2.4,97.57,0.4
12,22.5,0.39,0,0.17,0.8,-6.5,406.87,407.43,408.63,409.93,-2.07,-2.67,-3.38,-4.28,82.9,85.1,86.35,90.1,0.2,0.68,0.94,1.49,0.38,0.77,1.05,1.575,2.19,2.79,2.995,4.145,0,0,-37.35,251.85,290.75,2.92,2.27,2.435,97.6,0.4
12,23.5,0.39,0,0.167,0.7,-7.5,406.685,407.3,408.55,409.785,-2.33,-2.91,-3.655,-4.57,84.3,86.5,87.2,90.5,0.18,0.63,0.89,1.455,0.34,0.71,1.015,1.54,2.17,2.78,2.98,4.14,0,0,-36.2,251.9,289.05,2.94,2.23,2.415,97.605,0.4
