DOY2,HR2,G_1_1_1,G_2_1_1,G_3_1_1,G_4_1_1,PA,RH,TA,NETRAD,PPFD_IN,PPFD_OUT,SW_IN,SW_OUT,LW_IN,LW_OUT
1,0.25,-9.6625,-13.265,-7.32575,-13.84,100.685175,79.745,-25.005,-33.39775,0,0,-8.2475,-7.1065,156.6,191.825
1,0.75,-9.74,-13.1375,-7.27525,-13.9975,100.663325,79.925,-25.125,-34.39825,0,0,-8.3625,-7.21725,156.775,191.05
1,1.25,-9.7475,-12.965,-7.39025,-13.9525,100.642425,79.9625,-24.8525,-34.9445,0,0,-8.195,-7.1225,157.325,189.775
1,1.75,-9.7025,-12.68,-7.443,-13.835,100.622625,80.07,-25.165,-34.009,0,0,-8.1925,-7.06375,155.675,191.075
1,2.25,-9.7025,-12.0575,-7.45275,-13.4075,100.605675,80.1,-25.3325,-33.01675,0,0,-8.33,-6.98875,156.35,191.575
1,2.75,-9.7025,-11.75,-7.47125,-13.17,100.612,80.175,-25.09,-35.51075,0,0,-8.3375,-7.26,157.75,190.65
1,3.25,-9.7025,-11.7375,-7.51675,-13.22,100.614375,80.25,-24.825,-36.20575,0,0,-8.5025,-6.98625,152.875,191.125
1,3.75,-9.7025,-11.945,-7.436,-13.265,100.62355,80.25,-24.8025,-35.14225,0,0,-8.3825,-7.319,152.05,192.2
1,4.25,-9.6925,-11.8125,-7.413,-13.505,100.61825,80.3,-24.745,-35.11375,0,0,-8.3225,-7.181,154.8,192.725
1,4.75,-9.6475,-11.64,-7.47925,-13.52,100.631975,80.175,-24.75,-35.62025,0,0,-8.1525,-6.98625,152.75,190.8
1,5.25,-9.5825,-11.55,-7.49,-13.67,100.65365,80.0175,-24.915,-34.19125,0,0,-8.03275,-6.879,155.3,189.775
1,5.75,-9.66,-11.455,-7.41125,-13.7325,100.6708,79.7275,-25.025,-34.293,0,0,-8.1275,-7.11975,153.95,187.9
1,6.25,-9.56,-11.3375,-7.3325,-13.285,100.67475,79.62,-25.0125,-33.75075,0,0,-8.00325,-7.178,156.3,188.325
1,6.75,-9.49,-11.295,-7.2755,-13.1875,100.6988,79.4475,-25.6675,-33.4635,0,0,-8.1825,-7.238,153.6,187.45
1,7.25,-9.4,-11.275,-7.27125,-13.0525,100.699025,79.28,-25.98,-33.567,0,0,-8.1425,-7.08425,155.4,188.05
1,7.75,-9.3725,-11.2925,-7.26325,-12.565,100.6733,79.265,-25.61,-35.02475,0,0,-8.0625,-6.87475,155.15,188.025
1,8.25,-9.3625,-11.2625,-7.253,-12.535,100.65665,79.025,-25.8825,-36.2455,0,0,-8.115,-7.2095,154.275,187.5
1,8.75,-9.35,-11.3625,-7.24925,-12.81,100.64055,79.1825,-26.1,-35.635,0,0,-8.19,-7.18675,154.05,185.975
1,9.25,-9.3825,-11.4725,-7.21975,-13.1575,100.6303,78.7975,-26.15,-34.488,0,0,-8.2125,-6.945,153.575,189.325
1,9.75,-9.45,-11.4775,-7.21975,-13.4725,100.640025,78.96,-25.975,-34.69425,0,0,-8.42,-7.01625,153.8,189.175
1,10.25,-9.4525,-11.51,-7.2195,-13.415,100.6299,78.735,-25.975,-34.79925,0,0,-8.3425,-7.07025,154.3,189.375
1,10.75,-9.475,-11.5275,-7.22425,-13.055,100.635375,78.9175,-26.025,-38.69275,0,0,-8.2925,-7.092,152.525,190.7
1,11.25,-9.4775,-11.475,-7.2185,-13.04,100.614825,78.995,-26.21,-38.29975,0,0,-8.345,-7.15,152.6,189.175
1,11.75,-9.4775,-11.505,-7.185,-13.0775,100.61755,78.78,-26.165,-35.93125,0.003,1.2885,-7.98825,-6.81525,152.85,189.175
1,12.25,-9.39,-11.295,-7.13625,-13.3675,100.60255,78.9975,-26.14,-37.67725,2.745,6.45975,-7.8765,-6.20525,152.1,186.5
1,12.75,-9.3425,-11.2825,-7.194,-13.3925,100.60555,79.04,-26.1625,-39.20475,5.907,6.73125,-7.121,-5.81825,152.25,185.825
1,13.25,-9.265,-11.6225,-7.239,-12.9825,100.6353,78.9025,-26.2075,-36.11175,6.5605,6.734,-6.90325,-5.3925,150.825,185.25
1,13.75,-9.2075,-11.855,-7.2505,-12.825,100.633175,78.7975,-26.3825,-36.008,6.48175,6.7375,-6.99825,-5.4345,150.5,185.575
1,14.25,-9.26,-12.005,-7.2745,-12.74,100.632425,78.715,-26.1525,-35.7225,6.10225,6.73375,-7.17175,-5.6535,150.225,185.95
1,14.75,-9.04,-11.44,-7.324,-12.28,100.5993,78.86,-25.96,-35.641,6.075,6.717,-7.497,-6.101,150.5,187.3
1,15.25,-9.3,-13.155,-7.4525,-14.305,100.603175,78.7375,-26.2725,-36.02625,0.5945,3.747,-8.1875,-6.38425,148.975,186.025
1,15.75,-9.3325,-13.1525,-7.59975,-13.475,100.59325,78.76,-26.3825,-36.1775,0,0.00825,-8.26,-6.8895,149.625,185.5
1,16.25,-9.3925,-13.1725,-7.66125,-13.865,100.5771,79.1225,-26.23,-34.09725,0,0,-8.335,-7.1225,149.875,185.325
1,16.75,-9.4425,-13.1275,-7.6615,-14.2375,100.5742,79.305,-26.0575,-35.509,0,0,-8.31,-7.41875,152.6,186.175
1,17.25,-9.4425,-13.14,-7.59525,-14.1925,100.579075,79.0275,-25.785,-32.711,0,0,-8.42,-7.45475,152.1,185.175
1,17.75,-9.3825,-13.3475,-7.659,-13.8975,100.59935,79.0875,-26.1075,-31.2575,0,0,-8.3775,-7.0265,153.275,188.325
1,18.25,-9.125,-13.325,-7.58,-13.95,100.6068,79.6,-25.69,-31.295,0,0,-8.34,-7.1355,156.15,189.45
1,18.75,-9.1,-13.545,-7.5585,-13.975,100.62835,79.61,-25.75,-31.8575,0,0,-8.185,-6.9835,157.1,191.4
1,19.25,-9.095,-13.625,-7.5485,-14.005,100.6391,79.86,-25.575,-32.846,0,0,-8.405,-7.2565,158.7,190.65
1,19.75,-9.125,-13.17,-7.546,-13.995,100.6423,79.865,-25.35,-33.059,0,0,-8.46,-7.162,155.65,190.15
1,20.25,-9.22,-13.165,-7.4885,-13.92,100.6505,79.73,-25.695,-33.0545,0,0,-8.285,-7.2765,156.35,189.3
1,20.75,-9.305,-13.115,-7.442,-13.815,100.6606,79.855,-25.31,-35.767,0,0,-8.365,-7.143,156.65,189.35
1,21.25,-9.39,-13.08,-7.4005,-13.64,100.67165,79.645,-25.5,-33.0565,0,0,-8.265,-7.2795,156.95,188.95
1,21.75,-9.375,-13.025,-7.3885,-13.405,100.6951,79.815,-25.38,-32.2245,0,0,-7.995,-7.04,158.2,188.1
1,22.25,-9.455,-13.225,-7.386,-13.385,100.71245,79.825,-25.32,-34.004,0,0,-8.195,-7.1335,156.1,188.15
1,22.75,-9.555,-13.255,-7.383,-13.42,100.7263,80.05,-25.155,-32.329,0,0,-8.0105,-7.012,156.6,188
1,23.25,-9.62,-13.29,-7.3555,-13.595,100.74245,80,-25.02,-34.059,0,0,-8.19,-6.9765,156.8,189.5
1,23.75,-9.66,-13.29,-7.3345,-13.76,100.73335,79.915,-24.975,-32.101,0,0,-7.9825,-7.14,157.65,190.85
2,0.25,-9.41,-11.65,-7.567,-11.88,101.2598,78.21,-26.82,-36.593,0,0,-7.913,-6.713,146.2,186.1
2,0.75,-9.35,-11.62,-7.659,-11.88,101.2639,78.3,-26.81,-38.673,0.004,0,-8.05,-6.605,148.4,186
2,1.25,-9.27,-11.62,-7.594,-11.72,101.2661,78.37,-26.8,-38.349,0,0,-8.2,-6.382,144.3,186
2,1.75,-9.29,-11.65,-7.548,-11.67,101.2709,78.58,-26.66,-39.168,0,0,-8.33,-6.652,145.5,184.6
2,2.25,-9.18,-11.55,-7.504,-11.67,101.2574,78.49,-26.44,-40.9,0,0,-8.3,-6.642,143.7,186.5
2,2.75,-9.1,-11.2,-7.436,-11.54,101.2709,78.92,-26.41,-38.703,0,0,-8.26,-6.544,144.4,185.4
2,3.25,-9.06,-10.91,-7.366,-11.53,101.279,78.53,-26.31,-39.119,0,0,-8.31,-6.337,145.4,185.3
2,3.75,-8.89,-11.09,-7.334,-11.48,101.2351,78.27,-26.31,-39.716,0,0,-8.16,-6.498,144.8,184.6
2,4.25,-8.8675,-11.215,-7.35375,-11.365,101.207725,78.785,-26.5775,-39.215,0,0,-8.275,-6.513,144.45,183.325
2,4.75,-8.93,-11.025,-7.3325,-11.2525,101.221625,78.735,-26.72,-39.608,0,0,-8.2525,-6.5865,141.325,182.675
2,5.25,-8.92,-10.91,-7.278,-11.1,101.2162,78.69,-26.51,-39.342,0,0,-8.25,-6.497,141.3,184.3
2,5.75,-8.88,-10.94,-7.222,-11.05,101.2168,78.67,-26.85,-40.098,0,0,-8.1,-6.49,142.4,183.4
2,6.25,-8.81,-11.32,-7.147,-10.95,101.2458,78.65,-27.07,-42.416,0.004,0,-8.18,-6.576,142.5,184.3
2,6.75,-8.81,-11.74,-7.11,-11.22,101.2407,78.65,-26.92,-46.744,0.012,0,-8.11,-6.426,142.3,184.9
2,7.25,-8.91,-11.7,-7.018,-11.11,101.2274,78.47,-26.93,-41.971,0,0,-8.03,-6.495,143.7,183.5
2,7.75,-9,-11.47,-6.997,-11.35,101.2215,78.37,-26.81,-43.304,0,0,-8.03,-6.335,143.7,184.3
2,8.25,-9.02,-11.81,-6.964,-11.78,101.2159,77.92,-26.59,-40.84,0,0,-8.05,-6.202,143.1,183.9
2,8.75,-9.02,-12.35,-6.993,-11.99,101.2198,77.99,-26.97,-41.412,0.127,0,-8.06,-6.349,142.5,183.9
2,9.25,-9.02,-12.66,-6.993,-12.22,101.2199,78.33,-27.09,-39.539,0.169,0.026,-7.851,-5.996,145.6,184.3
2,9.75,-9.02,-12.66,-6.993,-12.32,101.2344,78.33,-27.04,-41.295,2.698,3.232,-7.018,-5.386,145.7,184.4
2,10.25,-9.02,-12.66,-6.993,-12.32,101.2521,77.88,-27.11,-40.569,6.829,6.745,-5.197,-3.774,144.9,182.1
2,10.75,-9.02,-12.66,-6.992,-12.37,101.2832,77.43,-27.12,-40.615,10.17,11.91,-1.979,-0.909,146.6,183.4
2,11.25,-8.91,-12.64,-6.915,-12.08,101.2655,77.24,-26.82,-43.64,18.44,22.85,4.448,5.038,145.6,185.1
2,11.75,-8.82,-11.86,-6.882,-11.97,101.282,77.37,-26.66,-48.96,29.82,38.33,11.83,13.34,146.1,185.9
2,12.25,-8.72,-11.7,-6.882,-11.99,101.2851,76.77,-25.83,-50.11,41.41,52.52,19.29,20,146.5,185.9
2,12.75,-8.63,-11.85,-6.881,-11.98,101.2973,76.79,-25.05,-47.2,50.62,60.95,25.8,24.56,146.8,186.4
2,13.25,-8.58,-11.9,-6.877,-11.98,101.3183,76.6,-24.65,-40.06,56.83,66.31,29.62,25.45,147.6,186.8
2,13.75,-8.66,-11.98,-6.778,-11.98,101.3251,76.84,-25.05,-36.62,60.4,67.54,34.29,29.05,149,185.8
2,14.25,-8.55,-11.99,-6.771,-11.97,101.3339,77.58,-25.3,-33.46,57.44,66.7,31.4,30.14,149.7,186.4
2,14.75,-8.345,-11.365,-6.694,-11.4125,101.342525,77.61,-24.195,-32.5075,45.5925,58.815,24.41,21.8025,153.425,188.95
2,15.25,-8.685,-11.535,-7.02175,-11.8475,101.32335,76.575,-25.315,-31.845,36.4725,51.0175,19.545,16.76,150.225,185.925
2,15.75,-8.7225,-11.415,-7.0625,-11.8325,101.328175,76.36,-25.745,-29.5825,23.53,34.9425,11.1925,9.5725,150.925,185
2,16.25,-8.7225,-11.425,-7.14425,-11.77,101.340725,77.205,-26.27,-32.3275,13.82,22.27,3.10075,2.5585,151.725,184.7
2,16.75,-8.7225,-11.4925,-7.18675,-11.865,101.351475,77.6025,-26.61,-32.94125,8.0275,9.445,-2.5315,-1.9415,152.65,184.65
2,17.25,-8.7225,-11.2975,-7.20275,-12.095,101.372875,77.9925,-26.6525,-35.611,6.72675,6.736,-5.38125,-4.358,152.825,184.025
2,17.75,-8.7225,-11.3025,-7.19875,-12.155,101.368675,78.0675,-26.5525,-35.53625,4.179,1.15175,-6.53925,-5.67,153.2,185.425
2,18.25,-8.735,-11.6475,-7.19,-12.13,101.36525,78.6925,-26.5875,-35.11525,0.66575,0,-7.31175,-6.3295,152.775,185.525
2,18.75,-8.8025,-11.5525,-7.16675,-12.1525,101.379625,78.465,-26.67,-35.12075,0.0665,0,-7.842,-6.38725,151.175,185.15
2,19.25,-8.8325,-11.4775,-7.15875,-12.0725,101.39045,78.375,-26.6525,-34.577,0,0,-8.049,-6.5975,147.55,182.775
2,19.75,-8.9025,-11.625,-7.13975,-12.0725,101.392675,78.3725,-26.8925,-34.49375,0,0,-8.0475,-6.676,146.4,182.65
2,20.25,-8.9925,-11.585,-7.12575,-12.025,101.3836,78.21,-26.85,-35.966,0.00975,0,-8.02725,-6.6765,146.825,184.525
2,20.75,-9.1075,-11.525,-7.1415,-11.9325,101.38265,77.985,-26.895,-38.176,0.015,0,-8.01975,-6.61825,145.35,183.375
2,21.25,-9.2175,-11.39,-7.1675,-11.87,101.36275,78.2825,-27.1175,-36.34575,0.009,0,-7.9965,-6.60425,147.65,183.85
2,21.75,-9.305,-11.37,-7.1875,-11.845,101.351375,78.6475,-27.235,-36.6245,0.004,0,-7.94325,-6.52225,147.125,183.95
2,22.25,-9.42,-11.3375,-7.212,-11.8375,101.35365,78.035,-27.1425,-35.92775,0.001,0,-7.7785,-6.65125,148.325,185.475
2,22.75,-9.4925,-11.3425,-7.26125,-11.9125,101.338825,77.805,-27.2,-36.5145,0.001,0,-7.9355,-6.51275,147.175,185.775
2,23.25,-9.5375,-11.5675,-7.34,-11.8525,101.319725,77.93,-26.9375,-37.87325,0.00375,0,-7.8645,-6.467,148.925,185.575
2,23.75,-9.445,-11.8225,-7.41475,-11.865,101.319475,78.2325,-26.8775,-38.10425,0,0,-7.87475,-6.65425,148.675,185.675
3,0.25,-8.5025,-11.995,-6.19075,-11.4775,101.02575,78.1625,-26.155,-38.51975,0,0,-8.345,-6.8895,144.875,176.95
3,0.75,-8.595,-12.1675,-6.2335,-11.595,101.040475,78.1,-26.2775,-39.27425,0,0,-7.9925,-6.7245,144.425,179.325
3,1.25,-8.685,-12.1375,-6.311,-11.64,101.0599,78.35,-26.34,-39.2705,0,0,-8.0775,-6.7035,144.875,179.2
3,1.75,-8.7,-12.0925,-6.34075,-11.715,101.087025,78.245,-26.73,-38.45325,0,0,-8.01575,-6.8285,143.75,177.9
3,2.25,-8.775,-12.1025,-6.4345,-11.745,101.1124,78.2875,-27.12,-38.874,0,0,-7.83075,-6.744,143.275,178.8
3,2.75,-8.8525,-12.135,-6.43975,-11.915,101.12115,78.5475,-27.075,-38.33375,0,0,-7.98675,-6.68575,142.975,176.525
3,3.25,-8.9275,-12.1025,-6.451,-11.82,101.12445,78.455,-27.025,-37.165,0,0,-8.04,-6.60475,144.675,175.9
3,3.75,-9.015,-12.06,-6.49025,-12.0625,101.1238,78.355,-27.1775,-37.33625,0,0,-7.952,-6.631,145.275,176.325
3,4.25,-9.0825,-12.0225,-6.55825,-12.13,101.12275,78.51,-26.805,-35.74975,0,0,-7.99875,-6.4695,145.175,177.6
3,4.75,-9.0875,-12.16,-6.602,-12.075,101.116,78.55,-26.2675,-35.7745,0,0,-8.045,-6.52525,144.175,179.05
3,5.25,-9.2225,-12.1,-6.6595,-12.13,101.1116,78.395,-26.96,-34.0665,0,0,-8.035,-6.667,142,177.85
3,5.75,-9.3275,-12.0675,-6.7235,-12.19,101.1159,78.0125,-27.2425,-34.23875,0,0,-8.1075,-6.859,143.55,176.8
3,6.25,-9.435,-12.1675,-6.806,-12.2425,101.12845,78.2625,-27.1525,-34.49325,0,0,-7.91275,-6.72925,143.625,176.45
3,6.75,-9.5475,-12.075,-6.75125,-12.225,101.1474,78.1925,-26.985,-35.99,0,0,-7.62125,-6.57775,141.225,175.575
3,7.25,-9.64,-12.3,-6.7115,-12.07,101.14665,78.225,-27.045,-36.141,0.01075,0,-7.39025,-6.36275,142.525,175.025
3,7.75,-9.645,-12.41,-6.6795,-12.3925,101.153475,78.1275,-27.2725,-35.5775,2.523,0.4315,-6.48125,-5.35225,144.325,175.1
3,8.25,-9.695,-12.5375,-6.7035,-12.485,101.1664,77.6375,-27.2925,-33.699,6.99275,7.988,-2.554,-2.03625,143.575,175.7
3,8.75,-9.7175,-12.5975,-6.64325,-12.4925,101.18195,77.22,-27.1025,-33.63075,22.8625,25.545,7.2065,7.37625,142.25,176.5
3,9.25,-9.77,-12.6175,-6.64925,-12.56,101.17855,76.555,-26.805,-39.6625,53.7675,54.2575,25.3825,26.5025,143.5,176.825
3,9.75,-9.8,-12.505,-6.6325,-12.4725,101.18655,75.6925,-26.5175,-44.69,88.35,90.275,48.04,49.0875,143.075,180.075
3,10.25,-9.68,-12.3175,-6.65825,-12.36,101.211125,75.11,-25.685,-41.1975,125.65,139.65,77.7975,70.225,143.525,181.5
3,10.75,-9.555,-12.1575,-6.69075,-12.02,101.240125,74.83,-24.755,-41.565,165.75,195.925,107.75,99.575,143.45,183.2
3,11.25,-9.45,-12.11,-6.6615,-12.155,101.2575,74.345,-24.895,-70.8,206.65,260.15,117.1,128.65,143.15,186.4
3,11.75,-9.415,-12.13,-6.6715,-12.22,101.26465,73.95,-24.605,-36.3,218.8,292.7,156.6,146.45,143.7,190
3,12.25,-9.425,-11.63,-6.7135,-12.17,101.25915,73.575,-24.13,-31.35,216.1,342.25,180.4,180.25,143.1,193.2
3,12.75,-9.39,-11.25,-6.765,-11.88,101.26335,73.105,-23.445,-25.35,273.6,337.95,197.4,170.95,144.8,194.15
3,13.25,-9.26,-11.235,-6.7455,-11.555,101.2708,73.435,-23.28,-20.65,291.9,368.85,210.85,188,144.65,196.15
3,13.75,-9.17,-10.815,-6.7075,-11.25,101.28395,72.985,-23.3,-18.2,298.2,375.65,216.95,192.7,144.6,197.55
3,14.25,-9.045,-10.215,-6.715,-10.92,101.2932,72.66,-22.78,-13.25,294.1,368.25,212.3,182.75,146.05,198.4
3,14.75,-8.8225,-10.1375,-6.73975,-10.85,101.263375,72.61,-22.4825,-9.175,291.5,336.775,199.775,168.725,146.7,198.975
3,15.25,-8.65,-10.205,-6.711,-10.375,101.25465,72.7,-22.965,-5.85,269.75,322.5,189.4,157.05,146.25,198.1
3,15.75,-8.54,-10.1,-6.6635,-10.21,101.2384,72.935,-22.955,-5.8,239.5,269.85,166.65,135.75,145.7,197.95
3,16.25,-8.53,-10.07,-6.6635,-10.11,101.222,73.1,-22.925,-3.25,203.65,228.05,148,117.2,146.15,196.8
3,16.75,-8.495,-10.305,-6.75775,-10.1375,101.196275,74.425,-23.405,-7.75,172.325,172.875,114.375,89.425,145.4,195.075
3,17.25,-8.2725,-10.3075,-6.775,-10.07,101.176325,75.285,-23.4225,-11.285,120,114.825,84.525,60.18,144.85,192.525
3,17.75,-8.1625,-10.235,-6.7735,-10.0825,101.1573,76.185,-23.5275,-18,74.6925,74.87,52.4075,36.6375,145.5,189.9
3,18.25,-8.1625,-10.195,-6.724,-10.1225,101.142475,77.0175,-24.1325,-23.84875,42.4925,44.765,25.3775,16.8125,144.95,187.95
3,18.75,-8.179,-10.4625,-6.63525,-10.1175,101.12305,77.93,-25.2625,-28.12575,13.7,18.2475,4.39175,2.676,144.025,185.025
3,19.25,-8.13675,-10.37,-6.53025,-10.21,101.10145,78.7475,-25.505,-34.392,6.809,3.9195,-4.4005,-3.47775,143.2,181.75
3,19.75,-8.04175,-10.5775,-6.456,-10.535,101.0915,79.0325,-26.085,-36.827,0.125,0,-6.41375,-5.13275,143.025,180.05
3,20.25,-7.96175,-10.515,-6.404,-10.545,101.079075,79.0875,-25.8925,-39.22,0,0,-7.46225,-5.85625,141.975,179.125
3,20.75,-7.95775,-10.5075,-6.299,-10.7525,101.07745,78.8425,-26.07,-38.60975,0,0,-7.775,-6.168,142.225,177.125
3,21.25,-7.92075,-10.7075,-6.288,-10.88,101.07855,78.85,-26.4275,-39.4465,0,0,-7.80375,-6.25475,143.225,176.625
3,21.75,-7.8785,-10.7125,-6.19375,-10.945,101.041975,78.9725,-26.265,-38.792,0,0,-8.111,-6.69375,142.725,177.5
3,22.25,-7.92575,-10.7725,-6.187,-10.9,101.01195,78.935,-26.4075,-38.525,0,0,-8.22,-6.58225,142.6,175.125
3,22.75,-8.05,-10.9575,-6.18725,-10.9,100.999375,78.8275,-26.585,-37.8765,0,0,-8.2375,-6.9775,143.125,173.125
3,23.25,-8.19,-11.2575,-6.1615,-10.9675,100.990525,78.19,-26.6075,-40.05925,0,0,-8.2575,-6.96325,143.925,173.35
3,23.75,-8.3325,-11.5575,-6.1295,-11.3075,101.0039,78.3675,-27.11,-39.3865,0,0,-8.42,-6.834,144.95,175.325
4,0.25,-1.84825,-2.4025,-2.001,-2.21275,101.295275,81.65,-19.7175,-42.895,0,0,-7.49475,-5.8345,170,211.025
4,0.75,-1.8245,-2.6065,-2.001,-2.59925,101.292925,81.55,-19.76,-40.28475,0,0,-7.4795,-5.915,169.425,211.1
4,1.25,-1.828,-2.816,-1.9755,-3.0265,101.27845,81.25,-19.72,-39.97225,0,0,-7.44325,-5.75875,169.2,211.675
4,1.75,-1.904,-2.936,-1.958,-3.46875,101.277,81.275,-19.8575,-39.9235,0,0,-7.34925,-5.764,168.925,211.7
4,2.25,-1.93075,-3.1415,-1.9455,-3.61175,101.28495,81,-19.965,-40.18375,0,0,-7.12975,-5.65625,168.3,209.775
4,2.75,-1.93825,-3.2865,-1.9455,-3.88875,101.263675,81,-20.1725,-40.44725,0,0,-7.1405,-5.782,168.95,207.725
4,3.25,-2.01275,-3.429,-1.9745,-4.24475,101.2415,80.975,-20.0325,-42.7795,0,0,-7.17525,-5.786,168.05,208.075
4,3.75,-2.043,-3.7145,-2.084,-4.571,101.24535,80.9,-20.77,-42.9755,0.01,0.196,-7.1535,-5.691,165.2,205.5
4,4.25,-2.043,-3.89775,-2.18975,-4.8135,101.2448,80.6,-20.34,-40.8725,0.9475,4.5775,-6.9035,-5.4145,166.6,205.65
4,4.75,-2.0325,-3.9695,-2.14925,-4.8345,101.23915,80.6,-20.55,-37.1565,1.647,6.7255,-6.4,-5.1735,166.25,205.25
4,5.25,-2.0395,-3.97,-2.12625,-4.7605,101.23055,80.6,-20.78,-35.84,5.7795,6.736,-4.912,-4.511,165.75,204.45
4,5.75,-2.076,-4.03625,-2.20075,-4.708,101.2219,80.45,-20.625,-29.8565,8.159,11.56,-3.0045,-1.647,165.9,204.9
4,6.25,-2.067,-4.228,-2.19275,-4.5645,101.21715,79.805,-20.38,-27.2185,25.585,25.565,6.0305,6.7505,165.1,205.6
4,6.75,-2.043,-4.17275,-2.24875,-4.49,101.20765,79.67,-20.55,-26.035,59.06,56.065,26.765,26.265,165,207.7
4,7.25,-2.068,-4.2925,-2.27725,-4.502,101.20105,79.145,-20.34,-27.335,106.3,99.1,57.3,53.135,164.45,208.2
4,7.75,-2.155,-4.2815,-2.30325,-4.3835,101.20435,78.615,-19.925,-24,174.35,161.55,92,82.5,163.45,210.8
4,8.25,-2.245,-4.201,-2.3115,-4.2275,101.2049,78.035,-19.45,-17.3,238.65,232.95,129.25,117.05,161.9,213.8
4,8.75,-2.27175,-3.9875,-2.332,-4.04775,101.1962,77.335,-19.055,-11.575,308.45,297.7,165.25,146.1,163,217.25
4,9.25,-2.283,-3.989,-2.343,-4.19925,101.20235,76.38,-18.6775,-4.6,368,370.625,200.95,179.175,164.275,220.55
4,9.75,-2.43875,-3.8055,-2.3865,-4.0755,101.201675,75.7425,-17.9825,0.775,460.8,445.65,241.875,210.6,164.875,221.775
4,10.25,-2.43725,-3.698,-2.387,-4.10425,101.2024,75.535,-17.55,8.025,526.4,519.85,277.125,243.35,167.825,224.475
4,10.75,-2.347,-3.627,-2.425,-4.0415,101.204625,74.835,-17.02,8.625,579.5,586.45,313.05,274.45,165.2,227.05
4,11.25,-2.37725,-3.5325,-2.4405,-4.04625,101.185725,73.875,-16.61,8.525,650.15,644.9,345.175,304.8,168.25,230.175
4,11.75,-2.314,-3.3595,-2.37825,-3.813,101.178,72.94,-16.01,17.5,707.3,686.5,373.6,325.7,168.5,232.2
4,12.25,-2.28225,-3.257,-2.386,-3.73675,101.19885,72.2875,-15.9625,22.725,727.15,725.55,396.925,340.425,171.6,230.875
4,12.75,-2.28225,-3.204,-2.384,-3.61375,101.196775,72.44,-15.785,26.275,805,753.35,410.475,352.475,174.45,231.65
4,13.25,-2.3435,-3.1655,-2.372,-3.4995,101.1904,73.6075,-15.5775,26.85,841.5,766.45,416.525,357.75,173.35,232.2
4,13.75,-2.361,-3.11375,-2.266,-3.322,101.1993,73.13,-15.52,18.6,840,770.7,425.8,357.7,172.1,233.6
4,14.25,-2.3075,-2.93625,-2.273,-3.071,101.2354,72.855,-15.42,14.9,814,746.1,415.75,352.9,174.2,234.6
4,14.75,-2.226,-2.41425,-2.213,-2.765,101.1648,73.765,-15.2,16.35,781.65,729.6,400.35,340.35,173.8,234.5
4,15.25,-2.249,-2.50575,-2.164,-2.62,101.1464,73.68,-14.97,21.3,736.6,677.9,374.8,314.5,176.4,235
4,15.75,-2.0635,-2.453,-2.164,-2.3415,101.1652,73.08,-14.9125,23.025,698.225,634.725,364.275,302.525,176.9,234.95
4,16.25,-2.05075,-2.38475,-2.11825,-2.25675,101.178125,73.4575,-14.9925,22.7,645.875,586.7,331.725,281.75,178.3,235.15
4,16.75,-1.98075,-2.332,-2.1075,-2.0405,101.18145,74.16,-15.035,22.25,574.775,528.5,288.05,244.2,178.075,234.775
4,17.25,-1.907,-2.267,-2.103,-1.879,101.2142,74.82,-15.01,19.2,510.7,456,252.8,210.4,176.8,233.9
4,17.75,-1.82,-2.13775,-2.0865,-1.67,101.216775,74.95,-15.245,16.3,420.55,373,221.3,182.075,175.525,233.45
4,18.25,-1.73925,-1.972,-2.0865,-1.491,101.237975,75.13,-15.52,8.8,335.5,296.075,171.875,139.85,176.2,232.85
4,18.75,-1.719,-1.8525,-2.10475,-1.352,101.2346,76.18,-15.69,4.1,250.7,220.8,134.5,108.4,176.1,232
4,19.25,-1.757,-1.7545,-2.10875,-1.238,101.2204,77.15,-15.83,-3.44,182.4,155.9,104.3,82.5,174.8,230.7
4,19.75,-1.819,-1.7175,-2.10875,-1.174,101.2159,78.44,-15.93,-14.99,108,98.2,68.09,49.27,172.9,229.1
4,20.25,-1.827,-1.666,-2.09625,-1.09,101.209,78.93,-16.24,-22.54,63.11,58.47,38.67,24.41,173,227.7
4,20.75,-1.827,-1.6695,-2.08175,-1.205,101.2273,80.7,-16.85,-32.87,26.44,29.94,13.77,8.61,174.2,224.8
4,21.25,-1.827,-1.623,-2.08175,-1.306,101.278825,80.95,-17.07,-37.335,9.4825,12.3675,-1.884,-1.8075,170.85,221.2
4,21.75,-1.7745,-1.75325,-2.048,-1.438,101.276875,81.85,-17.34,-45.38175,6.8675,6.7345,-5.749,-4.148,169.55,217.25
4,22.25,-1.7395,-2.01325,-1.9885,-1.35325,101.276875,82.075,-17.42,-44.70075,1.8885,6.7255,-6.69925,-5.00775,168.95,216.175
4,22.75,-1.7125,-2.0745,-1.9445,-1.3425,101.272425,82.425,-17.53,-44.272,0.50425,3.823,-6.871,-5.32875,168.225,213.8
4,23.25,-1.66375,-2.1385,-1.9445,-1.451,101.27215,82.025,-18.3325,-43.96525,0.025,0.04525,-7.01525,-5.662,166.775,213.825
4,23.75,-1.612,-2.22325,-1.9445,-1.68625,101.2699,81.825,-18.8675,-43.65775,0,0,-7.22675,-5.78725,168.6,214.175
5,0.25,1.073,1.23725,1.999,2.58775,101.2633,90.3,-7.132,-13.083,13.8,13.44,1.362,0.8355,255.6,270.1
5,0.75,1.076,1.22675,2.005,2.4965,101.2689,90.6,-7.2295,-13.5695,13.475,11.86,0.3455,-0.266,254.4,269.4
5,1.25,1.052,1.111,1.9975,2.22225,101.2549,90.65,-7.2905,-12.555,13.3,7.325,-0.3965,-0.842,256.1,269.15
5,1.75,0.9655,1.01075,1.9975,2.01175,101.2516,90.6,-7.4855,-9.5535,13.19,8.04,-0.3615,-0.5705,256.3,268.05
5,2.25,0.9545,0.9665,2.027,2.02525,101.24515,90.65,-7.4635,-8.782,13.48,13.435,0.7435,0.4005,256.3,267.95
5,2.75,0.859,1.1095,2.0495,1.82225,101.2341,90.75,-7.425,-9.172,15.515,14.415,1.943,1.4345,256.25,268.2
5,3.25,0.8695,0.9715,2.05,1.51775,101.2228,90.55,-7.403,-8.4735,23.53,20.175,5.5295,3.568,257.05,267.55
5,3.75,0.9065,0.91775,2.0405,1.4685,101.22685,90.5,-7.4495,-8.405,35.485,31.62,10.815,7.7205,257.25,267.3
5,4.25,0.99325,0.83325,1.998,1.4685,101.23435,90.65,-7.3985,-4.465,52.05,46.59,18.4,14.395,255.75,266.45
5,4.75,0.96325,0.99825,1.998,1.3995,101.2422,90.4,-7.527,-2.835,72.61,67.86,31.235,23.735,257.15,266.5
5,5.25,0.974,1.03875,2.048,1.401,101.2333,90.25,-7.3785,0.73,103.3,92.2,46.25,36.24,257.25,267.9
5,5.75,0.965,1.0825,2.1875,1.667,101.22095,90.1,-7.32125,3.28,140.05,126.825,63.5125,51.8925,257.425,268.5
5,6.25,0.965,0.999,2.191,1.732,101.224825,89.6,-7.487,5.8825,183.55,171.625,82.7,69.27,256.75,268.95
5,6.75,0.966,1.165,2.1205,1.84,101.211075,88.875,-7.5005,9.9825,245.925,225.05,111.1,92.35,257.075,269.3
5,7.25,0.966,1.344,2.085,1.748,101.22495,88.15,-7.267,14.375,308.175,285.55,143.35,116.875,256.35,270.7
5,7.75,0.966,1.388,2.0775,1.958,101.2133,87.7,-7.01175,17.175,381.475,350.775,172.25,140.775,256.6,271.65
5,8.25,0.966,1.4435,2.0775,1.922,101.217475,87.375,-6.8935,21.65,458.225,418,210.575,172.4,256.325,273
5,8.75,0.966,1.4455,2.0765,2.011,101.219725,85.6,-6.7025,26.825,538.975,494.475,248.4,201.725,255.675,273.925
5,9.25,0.966,1.499,2.04275,2.172,101.224825,85.25,-6.4665,31.8,624.3,568.5,282.8,228.975,254.4,275.35
5,9.75,1.03575,1.5525,1.998,2.175,101.23035,84.45,-6.3265,36.8,702.45,628.95,315.3,262.1,255.75,275.65
5,10.25,1.0365,1.5495,1.997,2.24975,101.2205,83.7,-6.1045,39.9,780.5,677,348.9,285.05,255.1,277.5
5,10.75,1.0605,1.5445,1.997,2.42725,101.2268,82.7,-6.07725,44,850.75,746.1,379.4,306.2,255.9,278.1
5,11.25,1.071,1.629,1.99775,2.502,101.236275,81.7,-5.90175,50.6,909.25,793.55,407.025,328.275,257.05,279.95
5,11.75,1.126,1.77675,2.0555,2.52,101.2433,81.525,-5.7155,55.4,957.75,863.75,437.15,352.425,254.2,280.825
5,12.25,1.152,1.7865,2.10275,2.664,101.2529,80.375,-5.54075,61.65,1015,898.75,463.15,363.525,255.475,281.775
5,12.75,1.18,1.87975,2.117,2.85125,101.2532,79.385,-5.33525,60.125,1033.5,885.75,464.2,367.475,256.575,282.775
5,13.25,1.18,1.88375,2.13225,2.98775,101.2367,79.0225,-5.344,61.825,1053,919,475.8,378.825,258.625,283.725
5,13.75,1.18,1.8725,2.18525,3.05275,101.248775,78.2,-5.0885,64.9,1050.25,936.5,467.65,371.9,252.625,284.8
5,14.25,1.18,1.8865,2.214,3.262,101.2612,78.665,-5.0275,64.3,1025.5,919.5,464.8,367.9,255.75,285.6
5,14.75,1.31325,2.06625,2.102,3.33975,101.277975,79.23,-4.83175,64.675,1023.75,883.75,451.075,359.625,259,284.8
5,15.25,1.18,1.9475,2.216,3.404,101.2581,79.7125,-4.63525,62.05,973.5,852.25,443.525,352.05,256.875,285.55
5,15.75,1.23125,2.069,2.21375,3.42425,101.252,80.175,-4.618,57.4,913,805,412.4,324.6,253.6,285.4
5,16.25,1.3275,2.147,2.2175,3.553,101.241075,80.425,-4.535,50.1,846.5,739.5,378.1325,301.975,253.65,285.425
5,16.75,1.31825,2.218,2.283,3.574,101.22,80.5,-4.709,48.6,781.9,690.7,355.2,281.4,254.2,285
5,17.25,1.402,2.326,2.3225,3.672,101.214475,81,-4.68875,44.35,692.925,614.4,314.38125,241.475,255.425,284.55
5,17.75,1.4525,2.411,2.3225,3.775,101.209225,81.75,-4.792,36.925,607.05,533.45,282.725,216.7,254.6,284.25
5,18.25,1.422,2.518,2.322,3.86775,101.2048,82.8,-5.016,31.5,529.2,476.5,242.4,194.1,252.6,283.4
5,18.75,1.50025,2.608,2.322,3.922,101.2133,83.4,-5.016,25.8,438.1,388,203.2,159.6,253.6,282.2
5,19.25,1.50025,2.63225,2.322,3.926,101.2226,83.9,-5.053,19,366.9,325.8,166.9,132,251.4,280
5,19.75,1.50025,2.63725,2.322,3.90475,101.2262,84.1,-5.035,11.6,295.9,269,134.5,108.4,250.2,278.7
5,20.25,1.50025,2.71,2.217,3.83375,101.2262,85.7,-5.331,7.1,237.4,208.6,108.1,86,250.5,277.6
5,20.75,1.50025,2.55075,2.241,3.80975,101.2278,86.7,-5.479,3.6,181.6,160.8,84,67.61,255.9,276.7
5,21.25,1.3825,2.2455,2.296,3.7245,101.2513,87.5,-5.907,-0.37,131.5,116.1,60.16,47.86,253.4,275.7
5,21.75,1.348,2.27175,2.156,3.6185,101.263,88.5,-6.244,-3.26,90,80.1,42.77,32.34,255.6,275
5,22.25,1.387,2.10975,2.103,3.47725,101.2743,88.9,-6.327,-9.87,64.25,57.52,26.08,21.28,256.2,274
5,22.75,1.39325,2.00025,2.212,3.357,101.2595,89.5,-6.517,-9.14,44.9,37.23,16.92,12.85,257.1,272.6
5,23.25,1.37075,1.768,2.137,3.05375,101.262,89.8,-6.632,-11.07,30.17,25.41,9.13,7.21,256.4,271.5
5,23.75,1.2875,1.6375,1.997,2.653,101.2642,90.3,-6.648,-12.795,20.7,16.07,4.137,3.28,255.9,271.1
6,0.25,3.113,-1.5245,0.177,-0.01,101.061,88.2,-1.738,-11.4975,49.8,7.114,20.02,2.164,263.1,297.7
6,0.75,2.092,-2.0125,-0.63,-0.454,101.0642,89,-1.894,-14.5225,43.7,7.064,17.3485,2.126,262.1,297
6,1.25,1.609,-1.9685,-1.49,-0.747,101.0566,89.8,-1.943,-13.2025,39.01,6.759,15.79,1.682,264.6,296.2
6,1.75,1.284,-1.6445,-1.335,-0.445,101.0418,89.6,-2.014,-13.57675,41.25,6.726,16.4,1.788,263.6,296
6,2.25,0.887,-1.9465,-1.201,-0.7,101.0486,90.2,-2.011,-9.042,46.66,6.847,17.7775,1.967,269,295.9
6,2.75,0.845,-1.6885,-1.451,-1.073,101.0469,90.2,-2.079,-5.6715,51.34,6.905,20.8065,2.309,267.8,296.5
6,3.25,0.5725,-0.8635,-0.66825,-0.4965,101.032475,90.5,-2.0435,-0.975,59.3125,8.693,25.5675,3.16225,268.05,295.65
6,3.75,0.782,-0.2815,0.181,-0.216,101.0357,90.2,-2.019,1.5275,69.75,9.45,30.42,4.105,271.2,296.6
6,4.25,1.497,0.111,0.48,0,101.0305,89.7,-2.127,5.1775,78.7,13.43,37.84,5.779,268.5,296.1
6,4.75,1.93,0.703,1.875,0.053,101.0379,89.8,-2.036,9.4825,94.2,16.83,47.09,7.201,265.1,295.7
6,5.25,2.616,1.516,3.081,0.384,101.0403,88.9,-1.967,13.0075,126.6,21.64,65.21,10.65,262.8,296.4
6,5.75,3.317,2.312,3.35,1.278,101.0195,88.7,-1.953,19.025,149,23.34,79.7,14.54,265.3,297.2
6,6.25,3.431,3.9335,5.581,3.59,101.0078,88.2,-1.81,26.42375,176.8,29.47,94.965,16.81,266.7,297.9
6,6.75,3.908,5.059,6.206,4.547,101.006,86.3,-1.614,33.523,215.2,32.81,108.16,20.4,266.8,298.2
6,7.25,4.288,5.602,6.654,5.245,100.9887,85,-1.405,43.175,265.5,45.07,132.34,23.43,269.1,299.8
6,7.75,4.503,5.935,7.396,5.698,100.9873,84.5,-1.371,51.543,300.8,44.76,162.045,28.3,267.4,300.1
6,8.25,5.029,6.2115,7.518,6.194,100.9861,83.5,-1.124,57.0125,364.2,45.95,191.7,32.79,268.1,301.1
6,8.75,5.253,6.3845,7.737,6.385,100.9886,82.5,-0.987,68.425,402.4,48.95,205.4,37.44,270.6,302.1
6,9.25,5.36,6.487,7.959,6.518,100.983,81.4,-0.873,76.2,426.6,55.51,225.9,40.44,270.8,303.1
6,9.75,5.45075,6.76975,8.055,6.6505,100.982825,81.25,-0.5815,84.3,505.75,63.0925,267.7,50.5675,268.275,304.15
6,10.25,5.57025,6.72425,8.085,6.9375,100.98955,80.325,-0.4665,96.85,588.25,69.445,305.725,59.23,265.55,304.5
6,10.75,5.57125,6.74075,8.97,6.9925,100.994125,80.225,-0.36575,108.15,670.625,78.34,339.05,64.9725,263.9,305.225
6,11.25,5.70875,6.8725,9.0325,6.9815,100.987175,78.255,-0.1905,110.15,698.975,81.425,326.225,69.51,264.875,305.8
6,11.75,6.07525,6.96175,9.215,7.09125,100.9869,78.0775,-0.12125,112.575,676.45,85.575,391.825,70.485,265.325,306.1
6,12.25,6.05875,7.29575,9.13,6.71475,100.98545,79.1825,0.0135,125.4,760.225,96.075,397.1,77.105,266.9,306.525
6,12.75,6.048,7.11725,8.7425,7.12575,100.980125,78.18,0.175,128.5,804,92.675,395.725,78.0525,270.05,306.6
6,13.25,6.03175,7.384,8.765,7.56975,100.988025,77.5575,0.18975,133.57,837.5,92.475,396.725,74.005,268.9,306.525
6,13.75,6.23,7.4415,9.51,7.676,101.0073,77.13,0.268,138.575,807,88.4,395.2,73.13,268.3,307
6,14.25,6.407,7.4745,9.73,8.01,100.997,78.65,0.287,142.55,816,88.5,416.3,71.93,267.4,307.6
6,14.75,6.9055,7.646,10.53,8.145,101.02445,78.315,0.3,137.575,779.45,81.35,404,68.85,271.1,307.65
6,15.25,6.692,7.55,9.73,8.03,101.0004,79.05,0.232,129.02625,755.5,76.37,383.1,61.92,267.1,306.9
6,15.75,5.87175,7.535,9.5775,7.65375,101.0124,78.78,0.1925,126.95,728.65,74.5625,364.35,64.93,268.025,306.975
6,16.25,6.29,7.54,9.585,7.40925,101.0079,78.82,0.26525,123.15,680.625,73.215,339.25,57.4625,266.75,306.7
6,16.75,7.05525,7.52325,9.31,7.062,101.002875,78.7475,0.21925,108.7575,653.2,67.7125,312.85,55.315,267.575,306.425
6,17.25,7.05925,7.54925,9.2725,7.372,100.99255,79.65,0.14525,97.05,574.675,63.9525,282.475,46.2375,268,305.8
6,17.75,7.07575,7.5275,7.978,7.3695,100.99995,79.74,0.07925,88.3965,484.475,56.89,242.45,37.805,267.025,305.5
6,18.25,6.70075,7.4495,9.235,7.24,101.009175,80.05,-0.05175,80.15,449.45,57.5175,218.08625,37.125,266.2,304.925
6,18.75,5.49375,7.52225,8.85,6.82875,101.0031,80.3,-0.198,65.555,383.3,46.69,191.725,32.8175,267.525,304.525
6,19.25,5.39825,7.51225,8.0505,6.7355,101.00975,80.725,-0.3485,53.4,320.675,37.145,162.7,26.1825,271.4,303.825
6,19.75,5.111,7.307,8.385,6.73425,101.0229,81.025,-0.4995,42.2,265.15,39.41,134.05,23.38,271.025,303.2
6,20.25,4.99375,6.6545,7.005,6.63825,101.02505,81.825,-0.67775,34.3,233.7,34.9775,113.525,20.1225,269.875,302.8
6,20.75,4.7165,6.25175,6.787,6.61525,101.0351,82.925,-0.86775,26,195.175,34.73,99.8,19.6225,269.35,302.55
6,21.25,4.609,5.74975,6.60375,6.419,101.0305,83.775,-0.95,19.41,160.575,27.1675,77.3375,14.7825,267.875,301.95
6,21.75,4.31375,4.73125,6.165,5.87475,101.034325,84.2,-1.109,11.489,124.325,20.15,63.04875,9.1925,267.425,301.1
6,22.25,4.256,3.07725,5.4935,5.50425,101.03685,85.625,-1.208,7.73,97.125,15.5775,49.82,7.07725,269.05,300.425
6,22.75,3.97575,1.316,2.564,3.15725,101.054125,86.525,-1.31775,2.52,80.85,13.42,39.510875,5.444,268.5,299.775
6,23.25,3.54075,0.2735,1.619,1.20525,101.05595,87.3,-1.41975,-4.149,67.055,9.86,30.035,3.09075,265.8,299.275
6,23.75,3.43,-0.90125,0.72225,0.12025,101.058075,88.2,-1.444,-10.42,55.855,6.972,22.53,2.40375,264.625,298.525
7,0.25,-2.971,-7.4755,-4.785,-6.583,100.8381,90.9,1.294,-7.30675,20.67,0.099,6.132,-0.188,288.7,314.5
7,0.75,-3.449,-8.0295,-5.677,-7.898,100.8594,91.55,1.20575,-11.8155,16.875,0.015,4.96,-0.479,288.2,313.9
7,1.25,-4.259,-8.245,-6.3,-8.35,100.8632,91.9,1.181,-11.0165,14,0.004,4.099,-0.037,287.8,312.9
7,1.75,-4.144,-8.45,-6.408,-8.9,100.847,92.5,1.138,-11.359,14.745,0.011,3.9078,0.045,287.9,312.8
7,2.25,-4.93,-8.345,-6.85,-9.35,100.8352,92.7,1.136,-10.9976625,18.5175,0.02975,4.479,0.021,288.2,312.4
7,2.75,-5.151,-8.094,-7.309,-9.4,100.847,92.7,1.169,-7.2105,20.1575,0.1525,5.537,0.078,288.1,312.5
7,3.25,-4.6715,-7.337,-7.20025,-8.755,100.842625,92.875,1.18775,-3.98,25.92,0.4645,8.0725,0.50825,286.6,312.475
7,3.75,-4.5155,-6.5205,-6.5005,-8.1325,100.854225,92.4,1.1395,1.35375,31.11,2.775,12.36,1.0155,286.575,312.775
7,4.25,-3.579,-5.727,-5.781,-7.343,100.8404,92.1,1.239,6.88775,42.7175,5.607,19.34,1.286,286.9,313.2
7,4.75,-2.747,-4.832,-5.112,-6.257,100.8283,91.9,1.19,13.921,57.055,6.6665,26.2145,2.151,288.1,312.9
7,5.25,-1.946,-3.4795,-3.935,-4.933,100.8652,91.6,1.376,21.933,69.5,6.7205,34.41,3.463,288.7,314.7
7,5.75,-1.2505,-2.19475,-2.4975,-3.26925,100.839525,90.375,1.5055,30.9845,88.3,6.904,45.4325,4.5295,289.55,315.175
7,6.25,0.102,-0.54225,-1.298,-1.731,100.8515,89.125,1.5865,42.6225,111.1,9.03,58.3425,6.64775,293.475,316.325
7,6.75,1.177,1.224,-0.029,0.1495,100.84595,88.55,1.6335,56.04,137.575,12.1225,73.215,8.725,294.95,317.75
7,7.25,2.652,2.83375,1.80675,1.7185,100.8484,87.5,1.8375,67.5575,170.5,13.7,89.25,11.1825,292.025,320.5
7,7.75,4.36525,4.5045,3.2025,3.93425,100.844625,87.8,1.859,83.45625,199.1,14.715,108.01875,13.6375,294.65,322.775
7,8.25,6.12475,7.54275,6.24925,6.37625,100.85105,87,2.0305,92.343,230,16.305,119.7,16.0225,295.775,324.65
7,8.75,8.24,9.97,9.345,8.825,100.8609,86.05,2.0605,106.03625,251.2,18.4725,135.2,16.87,293.9,326.7
7,9.25,10.205,12.06,11.995,10.76,100.87,85.25,2.3125,130.44,318.725,21.7,165.8,21.025,297.8,328.55
7,9.75,11.9325,14.0825,13.8525,13.6075,100.867825,83,2.35925,150.1275,370.85,24.47,188.425,24.1975,296.65,331.5
7,10.25,14.34,16.74,15.07,16.5,100.8737,81.8,2.631,163.3475,392.5,26.8275,203.5,25.86,293.7,334.4
7,10.75,15.65,19.315,19.04,19.03,100.8704,81.7,2.727,190.2025,454.2,28.5475,242.58,31.89,294.7,336.5
7,11.25,16.45,21.65,20.78,21.03,100.8214,80.7,2.774,190.46125,491.575,32.015,260,33.49,296.4,337.7
7,11.75,19.7625,25.875,25.1625,24.77,100.874425,78.435,2.848,197.235,499.15,31.09,263.37875,34.8425,294.775,339.75
7,12.25,20.67,26.695,26.32,24.32,100.8775,78.03,3.012,202.66375,493.275,31.575,263.1,35.93,293.7,340.3
7,12.75,22.46,28.195,28.25,24.81,100.8754,78.15,3.279,207.79,521.625,34.335,271.245,37.04,291.8,342.9
7,13.25,24.0575,29.465,27.7175,25.82,100.857225,77.7125,3.42625,210.67,537.35,34.76,270.45,37.635,294.25,344.975
7,13.75,24.0075,30.6875,28.585,26.9925,100.852875,78.085,3.51175,212.62875,544,35.715,279.21375,37.6225,294.3,344.675
7,14.25,25.165,29.955,30.335,26.3025,100.87985,78.13,3.538,222.39,560.95,35.53,288.225,39.185,292.075,344.675
7,14.75,26.2025,26.8925,28.8875,26.05,100.853375,78.5075,3.51325,215.44,532,34.44,282.475,39.455,290,345.525
7,15.25,26.065,25.01,28.84,26.08,100.8543,78.295,3.5085,198.295,507.85,30.8875,263.85,35.64,290.75,343.55
7,15.75,25.555,23.93,26.5275,23.125,100.85625,79.43,3.36,194.0175,499.1,31.45,256.05,34.27,287.4,343.2
7,16.25,24.55,24.595,26.99,23.27,100.8646,79.38,3.172,195.3525,478.875,30.4225,254.4,33.64,288.3,340.9
7,16.75,23.59,21.22,26.83,21.49,100.881,78.86,3.269,167.85,419.2,27.56,218.2,28.07,288,339.1
7,17.25,22.5025,20.97,23.2475,20.72,100.870975,79.325,3.137,167.6275,422.7,27.105,220.025,30.035,289.975,338.325
7,17.75,20.0175,17.7175,20.815,17.675,100.85205,79.25,3.179,130.985,342.25,22.835,180.975,24.9775,288.975,337.075
7,18.25,18.4075,15.655,18.8225,14.875,100.84635,79.5875,2.9655,118.705,306.95,20.74,163.625,22.955,290.925,334.525
7,18.75,17.785,13.785,16.115,13.6325,100.845725,80.2,2.93375,100.125,263.5,18.3,137.65,18.545,292.1,333.2
7,19.25,15.82,11.3,14.07,11.55,100.8453,81,2.787,85.3975,225.275,15.9325,120.1,15.87,289.8,330.9
7,19.75,13.38,8.32,11.12,7.702,100.8239,81.7,2.402,70.95375,188.475,13.9775,100.8,12.57,289.8,328.4
7,20.25,10.95,5.4005,7.89,5.197,100.8127,81.6,2.226,55.003,160.825,13.24,90.61,10.9,290.9,326.6
7,20.75,9.28,3.1985,5.717,3.618,100.8446,82.1,2.183,39.26325,116.35,8.3825,64.73,8.01,291.1,325.3
7,21.25,6.761,1.1445,3.351,1.442,100.8643,83.2,2.102,27.20625,92.575,6.903,51.71,5.522,290.2,323
7,21.75,4.613,-1.1455,1.888,-0.834,100.872,84.6,1.74,17.05375,74.085,6.71475,38.85,4.179,290.6,321.6
7,22.25,2.641,-2.9765,0.441,-2.506,100.862,85.5,1.58,10.608125,58.3525,6.694,28.51,2.256,290.7,319.8
7,22.75,0.713,-4.504,-1.124,-4.228,100.8463,86.8,1.746,3.73875,43.1,5.16175,19.51,1.265,290.9,318.6
7,23.25,-1.044,-5.7055,-2.528,-5.273,100.8304,89.4,1.463,-2.98525,31.275,1.74925,12.28,0.782,289.4,317.1
7,23.75,-2.387,-7.077,-3.894,-6.526,100.8223,90,1.396,-6.07225,22.545,0.2255,8.66,0.01,289,315.4
8,0.25,-5.196,-8.9575,-8.1225,-9.825,100.697225,90.35,1.11125,-22.0255,0,0,-4.90125,-4.51775,294.475,310.225
8,0.75,-5.42675,-9.4825,-8.29,-10.0625,100.69575,91.175,1.04,-17.162,0,0,-5.355,-4.4885,297.25,309.4
8,1.25,-5.696,-9.7525,-8.6525,-10.2325,100.68665,90.9,1.00975,-17.2245,0,0,-5.2545,-4.3675,294.95,308.65
8,1.75,-5.943,-9.495,-8.7925,-10.285,100.682625,91.125,0.91325,-17.4515,0,0,-5.41575,-4.2805,293.5,308.45
8,2.25,-6.314,-9.625,-9.33,-10.11,100.6913,91.2,0.941,-16.20425,0,0,-5.24,-4.502,295,308.3
8,2.75,-6.5915,-9.14,-8.8025,-9.825,100.69165,91.7,0.94875,-12.981,0,0,-5.11525,-4.325,295.4,308.05
8,3.25,-6.51125,-8.715,-8.58,-9.705,100.702325,92,0.96525,-13.4865,0,0,-4.4285,-4.24025,296.475,308.225
8,3.75,-6.426,-8.3775,-8.1825,-8.945,100.7291,92.05,0.9425,-11.908,0,0,-2.772,-4.094,296.6,308.9
8,4.25,-6.297,-7.9165,-7.9125,-8.7,100.74145,92.05,0.8965,-9.967,1.8465,0,-1.02,-3.6215,296.7,308.7
8,4.75,-6.0085,-7.463,-7.66,-8.32,100.74295,91.375,0.92825,-6.40875,6.731,0,0.3405,-2.721,298.4,309.1
8,5.25,-5.705,-7.0075,-7.364,-8.085,100.73745,91.475,0.949,-3.87725,13.79,0.02025,3.90725,-1.34075,297.975,309.35
8,5.75,-5.04375,-6.063,-6.755,-7.64475,100.74215,91.3,0.88575,0.178,24.97,1.2775,10.2575,0.0025,300.05,309.925
8,6.25,-4.438,-4.9345,-5.804,-6.7815,100.7408,90.95,0.95,6.947,40.2925,3.9175,17.765,0.9955,300.4,310.2
8,6.75,-3.1565,-3.366,-4.339,-5.672,100.752325,90.5,1.072,14.469,49.425,6.7095,22.67,1.89425,299.75,311.25
8,7.25,-2.0805,-2.11075,-2.94325,-3.8965,100.7442,90.1,1.1185,21.916,64.8675,6.716,34.4,2.887,299.9,312.25
8,7.75,-0.7125,-0.566,-1.272,-2.023,100.76035,88.6,1.20225,31.844,83.15,6.98875,45.335,4.91125,300.7,313.375
8,8.25,0.509,1.09775,0.24875,-0.437,100.7533,88.05,1.3065,43.849,107.725,10.505,59.455,6.642,300.5,314.75
8,8.75,2.039,3.2625,1.86825,1.323,100.7545,87.5,1.418,56.2215,130.2,12.15,76.45,8.58,301,316.3
8,9.25,3.76975,5.4025,3.977,3.935,100.749275,85.9,1.57925,66.96,151.85,13.52,89.75,10.89,301.175,318.175
8,9.75,5.57725,7.6055,6.132,5.273,100.73505,84.625,1.73,82.2025,191.55,14.7625,104.8,12.715,302.325,319.075
8,10.25,6.74175,9.495,8.69,7.17125,100.72925,83.9,1.91325,90.7525,214.05,16.01,119.725,14.485,301.95,320.375
8,10.75,8.44,12.17,10.4225,8.85,100.7163,83.2,1.986,104.71,244.125,19.24,134.3,17.24,299.6,323.1
8,11.25,9.57,14.45,12.76,11.29,100.7195,83.1,2.067,115.9575,276.3,20.18,148.1,18.84,300.2,324.8
8,11.75,11.34,15.775,14.915,13.78,100.7334,82,2.26,125.18,289.95,20.71,161.1,20.99,299.8,326.5
8,12.25,12.645,17.63,16.91,15.185,100.72415,82.2,2.2835,129.1775,291.7,21.925,163.9,22.055,301.15,327.55
8,12.75,13.34,18.4175,18.4275,16.27,100.721,81.6,2.311,140.6975,320.1,21.92,182.9,24.57,300.6,328
8,13.25,14.39,19.4725,20.2375,17.63,100.697,81.4,2.347,137.14375,322.5,22.7,175,24.39,300,328.7
8,13.75,14.995,19.4375,20.2575,17.63,100.6975,81.5,2.418,133.03,335.925,22.44,183.4,23.68,300.1,329.55
8,14.25,16.225,19.8425,20.4575,17.305,100.692,80.8,2.4915,133.78,335.25,21.88,179.7,24.81,299.85,329.4
8,14.75,16.72,19.11,19.98,17.4125,100.67985,81.65,2.41525,136.05,338.5,22.285,182.7,25.4525,301.725,330.725
8,15.25,16.82,18.38,20.12,17.5,100.6914,80.8,2.413,124.595,300.075,21.2,161.4,22.08,299.8,329.2
8,15.75,16.6525,17.135,19.24,16.0475,100.689975,79.9875,2.4135,117.77,300.2,20.725,158.275,20.8275,296.975,328.05
8,16.25,16.255,16.825,17.89,14.7675,100.698,80.5,2.34575,111.5,280.25,20.14,145.875,19.695,296.25,328.275
8,16.75,15.825,14.76,17.15,13.8075,100.70905,80.85,2.31225,99.85,255.1,20.015,135.725,17.675,299.475,326.8
8,17.25,14.45,12.7225,15.395,11.44,100.7157,80.8,2.306,87.8475,225.7,17.24,117.8,15.72,298.8,325.5
8,17.75,13.155,10.82,13.61,9.805,100.7107,81.9,2.259,71.4575,194.1,13.96,101.15,13.19,298.65,324.15
8,18.25,11.58,8.85,11.47,7.884,100.7145,81.55,2.0775,57.24,147.4,13.1975,84.1,9.9675,299.325,322.85
8,18.75,10.23,6.8375,9.56,6.14125,100.703225,82.1,2.0045,50.55,124.65,10.235,73.38,8.6325,297.925,321.275
8,19.25,8.15,4.80425,7.4645,4.138,100.68585,82.95,1.9145,34.403,98.175,7.266,53.21,6.384,299.1,319.7
8,19.75,6.45,2.793,4.8215,1.999,100.7092,83.675,1.904,25.07775,76.2925,6.9,42.09,4.691,295.9,318.5
8,20.25,4.78275,0.722,2.7365,0.1015,100.6779,83.9,1.789,13.98,58.89,6.712,30.51,2.56025,295.675,317.575
8,20.75,3.3155,-1.35075,1.047,-1.279,100.67665,85.2,1.653,4.61175,38.0575,5.2755,19.9,1.683,296.55,316.45
8,21.25,1.699,-3.4325,-0.562,-2.931,100.6532,85.9,1.6365,-1.895,25.48,1.22625,10.06,0.7065,297.125,315.1
8,21.75,0.17025,-5.2555,-2.138,-5.15775,100.671875,86.775,1.49775,-8.274,13.645,0.02025,3.907,-0.55825,297.925,313.475
8,22.25,-1.593,-6.85025,-4.365,-6.393,100.6808,88.1,1.437,-14.45925,6.72775,0,0.619,-2.263,294.7,312.7
8,22.75,-2.904,-7.876,-6.1705,-7.656,100.6858,89,1.247,-16.58125,0.979,0,-1.207,-3.226,294.5,311.7
8,23.25,-4.293,-8.755,-7.1935,-8.71,100.685,89.5,1.262,-17.805,0,0,-2.341,-3.831,295.1,311.3
8,23.75,-4.8085,-8.61,-7.64225,-9.095,100.68385,90.3,1.198,-16.57725,0,0,-4.294,-4.3855,296.65,311.15
9,0.25,-3.8935,-6.544,-4.648,-7.22,100.5382,88.05,-0.588,-20.822,0,0,-6.336,-5.148,280.4,300
9,0.75,-3.851,-6.291,-4.6675,-7.582,100.5421,88.075,-0.6295,-23.229,0,0,-6.4735,-5.0725,280.7,300.05
9,1.25,-3.97675,-6.09975,-4.788,-7.27525,100.52305,87.275,-0.66475,-18.18975,0,0,-6.3885,-5.05575,279.525,300
9,1.75,-4.10475,-6.0625,-5.363,-7.43225,100.5048,88.825,-0.7315,-17.89925,0,0,-6.304,-4.92325,280.75,300.475
9,2.25,-4.113,-6.153,-5.659,-7.615,100.5119,88.55,-0.844,-19.53275,0,0,-6.341,-4.99475,280.525,299.725
9,2.75,-4.3535,-6.19175,-5.621,-7.408,100.5179,88.75,-0.9455,-19.34175,0,0,-6.22025,-4.898,282.425,299.475
9,3.25,-4.2895,-5.9875,-5.527,-7.2925,100.5541,89.2,-0.9605,-18.37475,0,0,-6.327,-4.942,280.8,299.575
9,3.75,-4.1785,-5.9215,-5.43675,-7.0435,100.56465,88.975,-0.9385,-18.867,0,0,-6.464,-5.1495,283.5,299.4
9,4.25,-3.947,-5.97825,-5.455,-6.92,100.534325,88.375,-0.931,-19.0815,0,0,-6.565,-5.058,283.2,299.8
9,4.75,-4.1795,-5.83575,-5.535,-7.1415,100.498125,88.85,-0.84,-19.84025,0,0,-6.502,-4.88125,283.325,299.8
9,5.25,-3.981,-5.544,-5.28,-7.15575,100.49,88.475,-0.80275,-19.01,0,0,-6.239,-4.943,281.9,299.7
9,5.75,-3.7525,-5.3475,-5.382,-6.97,100.46155,88.8,-0.875,-19.1185,0,0,-5.899,-4.9045,281.65,299.75
9,6.25,-3.8195,-5.2425,-5.178,-6.6805,100.4737,88.7,-0.8885,-15.79775,0.004,0,-4.844,-4.68675,283.55,299.8
9,6.75,-3.526,-4.79675,-4.952,-6.317,100.467425,89.3,-0.8505,-13.895,4.109,0.004,-2.75575,-3.82275,283.55,300.825
9,7.25,-3.0825,-4.28375,-4.463,-6.1545,100.483925,88.5,-0.859,-10.466,12.62,1.09425,1.829,-1.5615,282.95,299.725
9,7.75,-2.599,-3.678,-3.7915,-5.7635,100.4882,87.7,-0.86575,-4.71,24.88,6.396,10,1.025,284.5,299.9
9,8.25,-2.31525,-3.085,-3.0595,-4.7105,100.4822,87.125,-0.5605,1.222,41.76,6.844,19.32,2.046,285,300.9
9,8.75,-1.91125,-2.662,-2.30725,-4.44825,100.5,87.3,-0.50375,11.74,62.15,7.632,31.63,3.729,282.2,302.2
9,9.25,-1.481,-1.88425,-1.609,-3.34,100.5,86.625,-0.334,22.63375,84.475,12.3,48.6775,5.6685,285.025,303.175
9,9.75,-1.017,-1.66275,-0.582,-2.9545,100.5,85.6,-0.2795,32.408,106.8,13.81,63.1475,7.3505,284.5,303.875
9,10.25,-0.683,-1.31375,-0.3265,-2.125,100.5508,84.725,-0.11125,43.42,129,14.59,74.54,9.25,285,304.4
9,10.75,-0.435,-1.1375,-0.227,-1.521,100.5539,83.125,0.031,54.78,155.5,17.05,88.5,11.39,280.3,305.1
9,11.25,-0.3395,-0.87825,-0.111,-1.032,100.53175,82.175,0.1225,60.1175,174.5,18.615,102.95,12.785,283.9,306.35
9,11.75,-0.319,-0.6735,-0.0595,-0.976,100.5348,81.15,0.2035,66.34,190.4,20.15,108,14.22,283.3,306.7
9,12.25,-0.114,-0.26125,-5e-04,-0.975,100.5236,79.8725,0.1965,73.536,200.2,20.66,117.5,14.25,283.7,307.7
9,12.75,-0.10675,-0.221,0.0585,-0.85925,100.516,80.7,0.2315,73.47,226.8,21.89,126.1,15.75,282.9,308.4
9,13.25,-0.1055,-0.003,0.5085,-0.824,100.5089,80.725,0.405,74.11,224.9,20.71,125.3,16.1,281.9,309.7
9,13.75,0,0.242,0.44,-0.736,100.5,80.425,0.4345,75.48,215.4,21.72,125.1,15.82,279.3,310.6
9,14.25,0.024,0.657,0.445,-0.651,100.505625,79.25,0.488,74.9525,226.425,21.335,126.375,15.73,280.55,311.075
9,14.75,0.02175,0.4205,0.10425,-0.65,100.5075,79.15,0.483,71.25,211.9,20.85,121.2,14.525,280.3,309.85
9,15.25,0.70075,1.26175,0.5845,-0.51675,100.5088,80.25,0.5205,62.72,197.275,20.16,112.1,13.01,280,309.5
9,15.75,1.712,1.355,0.23675,-0.629,100.4998,80,0.3685,54.6845,169.15,17.555,97.05,11.3725,278.025,308.525
9,16.25,2.645,2.185,0,-0.592,100.49945,80.2,0.3235,42.90325,153.35,14.9625,83.45,9.93,277.25,307.6
9,16.75,2.7905,1.838,-0.109,-0.68525,100.4971,80,0.381,35.002,119.125,13.585,67.72,7.617,276.3,307.95
9,17.25,1.8345,1.442,-0.194,-0.7885,100.4874,80.025,0.1815,24.0505,97.475,12.135,51.045,5.978,283.1,306.25
9,17.75,1.114,0.388,-0.221,-0.807,100.492475,81.55,0.124,13.874,72.935,9.2725,39.2025,4.53,281.75,304.7
9,18.25,0.001,-0.111,-0.30575,-0.943,100.497475,82.325,-0.029,4.4765,54.845,6.91025,23.5375,2.627,281.975,304.625
9,18.75,-0.0015,-0.513,-0.3595,-1.1925,100.5029,83.2,-0.2005,-4.81775,34.6,6.716,13.075,1.11475,279.4,303.3
9,19.25,-0.107,-1.3625,-0.774,-1.74125,100.51405,85.4,-0.332,-13.284,15.6,3.662,3.2125,-1.4595,278.7,302.4
9,19.75,-0.63675,-2.41925,-1.325,-2.55425,100.5287,85.85,-0.4205,-17.524,5.9085,0.019,-0.658,-4.024,277.4,302.3
9,20.25,-1.173,-3.71475,-2.433,-3.49525,100.50865,86.3,-0.543,-25.227,0.032,0,-3.7365,-4.565,275.15,301.4
9,20.75,-1.799,-4.6745,-2.90425,-4.518,100.52765,87.1,-0.55375,-28.217,0,0,-5.32875,-4.848,277.3,300.8
9,21.25,-2.4,-5.51925,-3.98,-5.56025,100.5216,87.6,-0.7205,-32.3465,0,0,-6.086,-5.1095,275.2,300.1
9,21.75,-3.15525,-6.08375,-4.24,-6.772,100.503,87.7,-0.609,-30.024,0,0,-6.3545,-5.1415,277.6,299.95
9,22.25,-3.436,-6.3075,-4.48525,-7.202,100.506,88,-0.892,-25.4305,0,0,-6.40225,-5.126,277.675,299.675
9,22.75,-3.51525,-6.45425,-4.7225,-6.997,100.5155,88.525,-0.75075,-25.588,0,0,-6.513,-5.085,277.5,299.9
9,23.25,-3.58,-6.47075,-4.786,-6.89725,100.5074,88.4,-0.789,-25.5485,0,0,-6.5055,-5.124,280.15,299.65
9,23.75,-3.6715,-6.47925,-4.644,-7.24325,100.50545,88.5,-0.817,-24.2835,0,0,-6.473,-5.01,279.85,299.7
10,0.25,-5.40875,-9.145,-2.39475,-11.31,100.49795,85.45,-4.7645,-21.5535,0,0,-6.3025,-5.0775,258.275,277.55
10,0.75,-5.53925,-9.27,-2.4335,-11.5375,100.498775,85.45,-4.95675,-25.91325,0,0,-6.24125,-5.019,256.45,275.75
10,1.25,-5.582,-8.975,-2.4555,-11.8,100.497675,85.725,-5.03,-24.45225,0,0,-6.144,-5.035,255.675,276.3
10,1.75,-5.63475,-8.95,-2.54275,-11.87,100.4798,85.3,-4.90525,-21.07625,0,0,-6.222,-4.99,259.7,275.7
10,2.25,-5.65875,-9,-2.57625,-11.855,100.466875,85.625,-4.88275,-21.2145,0,0,-6.1885,-4.945,259.5,276.825
10,2.75,-5.64975,-8.965,-2.62725,-11.84,100.47505,85.375,-4.93225,-21.76425,0,0,-6.16575,-5.19525,258.95,276.825
10,3.25,-5.68975,-8.855,-2.62725,-12.01,100.48815,85.1,-5.09375,-22.34525,0,0,-6.16575,-5.10125,259.475,276.425
10,3.75,-5.831,-8.95,-2.62725,-12.0725,100.474425,85.375,-5.162,-21.09325,0,0,-6.371,-5.02175,259.1,275.65
10,4.25,-5.90225,-8.945,-2.592,-11.6825,100.481125,85.425,-5.278,-22.07425,0,0,-6.2385,-5.0765,260,276.7
10,4.75,-5.982,-9.135,-2.54475,-11.68,100.4867,86.225,-5.19225,-22.14325,0,0,-6.28025,-5.082,258.875,277.175
10,5.25,-5.9825,-9.225,-2.54475,-11.7625,100.479625,85.325,-5.196,-23.46075,0,0,-6.2095,-5.142,257.675,276.05
10,5.75,-6.0735,-9.2875,-2.54475,-11.9475,100.483825,84.725,-5.1785,-22.74375,0,0,-6.227,-5.08475,258.6,277.2
10,6.25,-5.88725,-9.4825,-2.54475,-11.9675,100.472525,85.3,-5.218,-22.92575,0,0,-6.22875,-5.22875,258.675,277.15
10,6.75,-5.86825,-9.73,-2.6055,-12.21,100.478725,84.625,-5.0985,-22.255,0,0,-6.17875,-5.2675,257.15,276.375
10,7.25,-6.032,-9.9175,-2.62725,-11.87,100.490325,84.35,-4.8275,-20.9595,0,0,-5.92575,-5.05775,257.875,277.45
10,7.75,-6.02,-9.7225,-2.62725,-11.905,100.50215,84.9,-5.08025,-20.17075,0,0,-5.222,-4.68225,259.1,277.575
10,8.25,-6.12775,-9.6925,-2.6265,-11.9125,100.483175,85.5,-4.91675,-18.76925,1.76425,3.6595,-4.053,-3.94925,259.525,277.775
10,8.75,-6.19625,-9.7775,-2.62725,-11.8775,100.48415,85.25,-4.98275,-15.26325,6.737,8.535,-1.501,-0.81325,260.8,277.6
10,9.25,-6.123,-9.6675,-2.62725,-11.5325,100.48585,84.7,-4.87,-11.76525,14.8025,19.9625,1.952,2.00075,261.55,278.5
10,9.75,-6.13675,-9.19,-2.5405,-11.1225,100.489225,85.05,-4.9715,-9.255,27.385,27.675,9.13,5.668,259.8,279.15
10,10.25,-6.08725,-8.695,-2.51625,-11.1475,100.501275,84.75,-4.8955,-7.1655,46.035,40.68,18.7575,11.4825,261.6,279.275
10,10.75,-6.01,-8.2325,-2.466,-10.555,100.50085,84.35,-4.799,-5.1275,65.9325,53.7325,30.6225,17.47,261.675,279.675
10,11.25,-5.821,-7.66875,-2.433,-9.9725,100.518875,82.75,-4.52875,-2.27,84.775,62.7875,41.2325,22.9425,262.075,280.35
10,11.75,-5.7065,-7.107,-2.42225,-9.4725,100.52665,84.35,-4.43375,-1.85,106.175,70.045,51.0225,27.87,262.225,280.975
10,12.25,-5.51825,-6.76675,-2.40575,-9.1675,100.52245,82.8,-4.335,-1.1825,121.475,75.58,57.625,32.265,261.05,281.625
10,12.75,-5.32675,-6.249,-2.40425,-8.6675,100.5281,82.4,-4.35525,0.225,126.2,81.075,58.29,37.1775,261.175,281.175
10,13.25,-5.139,-6.01675,-2.32625,-8.2375,100.51195,83.05,-4.30525,-0.4975,124.45,81.8,61.3725,38.3575,259.975,282.475
10,13.75,-5.123,-5.97775,-2.32375,-7.93575,100.51445,82.4,-4.25525,-0.8875,121.625,79.64,58.4975,34.935,259.85,282.45
10,14.25,-5.014,-5.773,-2.314,-7.638,100.51635,81.675,-4.369,-2.785,111.7,76.565,54.97,32.54,259.6,281.45
10,14.75,-4.87525,-5.53075,-2.304,-7.58725,100.5603,81.2,-4.31225,-3.81,95.525,66.99,47.1075,29.0925,258.625,281.25
10,15.25,-4.76025,-5.679,-2.36525,-7.3775,100.5408,82.35,-4.405,-4.2975,78.56,61.08,39.775,23.595,258.95,280.925
10,15.75,-4.64025,-5.65925,-2.37875,-7.52675,100.51895,82.9,-4.61975,-6.4625,64.4025,48.6975,27.91,16.0975,259.925,280.175
10,16.25,-4.588,-5.75425,-2.37875,-7.54225,100.511925,82.85,-4.51275,-8.747,45.61,37.565,17.22,8.74,261.275,279.525
10,16.75,-4.48775,-5.88775,-2.37875,-8.125,100.500475,83.5,-4.571,-10.639,25.93,26.515,6.603,4.84775,262.35,279.875
10,17.25,-4.51675,-6.2835,-2.39375,-8.6725,100.4907,84.9,-4.739,-12.6755,13.47,16.185,0.92125,0.95275,260.75,277.9
10,17.75,-4.49475,-6.7975,-2.35175,-9.045,100.4877,85.2,-4.72925,-16.54325,6.737,7.41375,-2.13525,-1.6675,260.975,278.55
10,18.25,-4.64775,-7.0765,-2.33575,-9.36,100.478475,84.475,-4.8205,-21.7335,0.584,2.454,-3.98725,-3.775,259.725,276.875
10,18.75,-4.81575,-7.43375,-2.34025,-9.265,100.495425,84.825,-5.33275,-20.07625,0,0,-5.3715,-4.60475,258.875,275.575
10,19.25,-4.87025,-7.91125,-2.32225,-9.2375,100.5174,84.95,-5.40625,-21.19375,0,0,-5.908,-5.01625,258.875,274.6
10,19.75,-4.93575,-8.01,-2.2975,-9.3125,100.520475,85.275,-5.3995,-21.2255,0,0,-6.20325,-5.108,258.15,273.7
10,20.25,-5.02775,-8.465,-2.297,-9.405,100.534125,84.975,-5.3905,-24.0375,0,0,-6.26375,-5.03575,258.15,274.35
10,20.75,-5.14375,-8.6775,-2.29625,-9.64,100.5268,85.175,-5.30625,-23.03375,0,0,-6.27625,-5.063,257.4,274.35
10,21.25,-5.288,-8.88,-2.306,-10.115,100.51535,84.575,-5.243,-20.26375,0,0,-6.18775,-5.06325,257.175,273.9
10,21.75,-5.44075,-8.825,-2.32375,-10.49,100.52435,84.725,-5.3645,-20.146,0,0,-6.121,-4.978,255.75,276.525
10,22.25,-5.43175,-8.9475,-2.32375,-10.59,100.513425,84.45,-5.1665,-20.40825,0,0,-6.0965,-5.1005,257.6,277.45
10,22.75,-5.45325,-9.0175,-2.36075,-10.5775,100.517475,85.025,-5.2375,-17.63875,0,0,-6.19575,-5.05725,260.225,277.075
10,23.25,-5.5645,-9.3775,-2.4145,-10.905,100.5198,85.25,-5.07525,-20.27025,0,0,-6.23025,-5.0355,258.475,275.6
10,23.75,-5.6345,-9.5675,-2.4325,-11.1925,100.508575,85.425,-5.11625,-22.3105,0,0,-6.2525,-5.03675,256.4,274.65
11,0.25,-13.78,-21.605,-13.19,-19.725,100.76015,82.2,-15.12,-34.65325,0,0,-7.4415,-5.9715,199.75,234
11,0.75,-13.77,-22.045,-13.22,-19.635,100.75925,82.3,-15.08,-35.5445,0,0,-7.4045,-5.9735,197.8,234.55
11,1.25,-13.81,-21.965,-13.315,-19.735,100.7577,82.05,-14.97,-33.9275,0,0,-7.442,-5.6775,203.45,234.45
11,1.75,-13.68,-21.625,-13.4175,-19.68,100.74605,82.25,-15.025,-32.6355,0,0,-7.3725,-5.713,208.2,234.15
11,2.25,-13.775,-21.765,-13.5375,-19.61,100.73665,81.9,-15.07,-34.24775,0,0,-7.505,-5.771,209.7,234.05
11,2.75,-13.78,-21.44,-13.6825,-19.645,100.7372,81.95,-15.415,-30.10125,0,0,-7.417,-5.7375,211.9,234.6
11,3.25,-13.865,-21.29,-13.535,-19.615,100.73175,81.75,-15.36,-32.03175,0,0,-7.458,-5.748,213.2,235.85
11,3.75,-14.13,-21.355,-13.5325,-19.6,100.72615,82.15,-15.28,-31.535,0,0,-7.2735,-5.772,208.65,235.45
11,4.25,-14.24,-21.18,-13.4975,-19.415,100.7306,82,-15.21,-30.8955,0,0,-7.371,-5.662,207.7,233.2
11,4.75,-14.045,-21.33,-13.46,-19.385,100.7285,81.8,-15.265,-32.45225,0,0,-7.4505,-5.758,207.6,233.9
11,5.25,-13.975,-21.24,-13.46,-19.64,100.72245,81.7,-15.59,-34.2325,0,0,-7.5215,-5.744,202.7,231.8
11,5.75,-13.995,-21.265,-13.4575,-19.69,100.7039,81.6,-15.79,-28.85125,0,0,-7.4355,-5.6935,211.05,231.2
11,6.25,-13.92,-20.94,-13.3525,-19.62,100.7156,81.6,-15.825,-27.45,0,0,-7.1425,-5.583,213.05,231.25
11,6.75,-13.875,-20.84,-13.25,-19.405,100.73515,81.8,-15.615,-27.22775,0,0,-7.109,-5.6765,213.25,231.55
11,7.25,-13.73,-20.72,-13.085,-19.375,100.74065,82.05,-15.355,-30.48125,0,0,-7.095,-5.6195,213.45,233.65
11,7.75,-13.68,-20.45,-12.875,-19.3,100.7606,82.1,-15.11,-25.2515,0,0,-7.0735,-5.74,213.45,234.75
11,8.25,-13.51,-20.615,-12.81,-19.42,100.76995,82.4,-15.315,-29.8635,0,0,-7.2695,-5.7545,212.75,234.05
11,8.75,-13.335,-21.13,-12.9275,-19.41,100.77795,82.225,-15.62,-27.791,0,0,-7.2645,-5.703,213.4,232.7
11,9.25,-13.28,-21.235,-12.8575,-19.47,100.7784,82.7,-15.49,-30.58825,0,0,-7.1945,-5.653,211.45,232.3
11,9.75,-13.525,-21.285,-12.855,-19.54,100.7912,82.35,-15.705,-32.37275,0,0,-6.686,-5.4215,213.4,232.4
11,10.25,-13.34,-21.2975,-12.78,-19.775,100.7926,82.225,-15.595,-31.555,1.8225,0.00875,-6.45225,-4.8915,208.1,232.2
11,10.75,-13.28,-21.1825,-12.77,-19.955,100.796875,82.075,-15.425,-31.9155,6.7235,4.988,-5.43375,-4.274,211.875,234.65
11,11.25,-13.1025,-21.0825,-12.76,-20.075,100.806775,82.325,-15.4575,-30.708,8.3275,6.74375,-3.6845,-2.787,211.425,234.975
11,11.75,-13.185,-20.9,-13.04,-20.255,100.8457,82.575,-15.25,-29.183,13.8,10.355,-1.22825,-0.5535,208.9,235.3
11,12.25,-13.29,-20.5525,-13.035,-19.835,100.87635,82.6,-15.235,-37.2305,15.135,16.62,0.6215,1.268,206.2,236.85
11,12.75,-13.34,-20.2125,-12.725,-19.9,100.8771,82.15,-15.245,-36.56475,20.2375,20.2,2.222,2.6835,203.3,236.4
11,13.25,-13.42,-20.2275,-12.7,-19.78,100.89075,81.825,-15.26,-33.01525,20.1975,20.225,2.634,2.7055,201.55,236.3
11,13.75,-13.425,-20.44,-13.07,-20.1275,100.89865,81.5,-15.2175,-37.764,19.34,19.65,1.53425,2.58625,199.325,235.2
11,14.25,-13.425,-20.6,-13.12,-20.355,100.8915,81.85,-15.185,-36.11,14.58,14.5775,-0.224,0.738,200.275,235.65
11,14.75,-13.5,-21.03,-13.355,-20.4,100.8918,81.8,-15.15,-36.135,12.155,7.468,-2.087,-1.065,200.7,235.2
11,15.25,-13.425,-21.24,-13.44,-20.8275,100.89315,81.75,-15.325,-36.085,6.927,6.743,-4.4985,-2.8765,202.25,234.8
11,15.75,-13.4275,-21.18,-13.3,-20.8925,100.8868,82.025,-15.37,-36.2635,6.45075,4.5355,-6.0545,-4.285,201.8,234.9
11,16.25,-13.68,-21.29,-13.18,-20.595,100.87185,81.7,-15.815,-34.5375,0.6655,0,-6.7715,-5.252,200.35,234.8
11,16.75,-13.71,-20.95,-13.25,-20.5975,100.8621,81.725,-15.895,-34.00375,0,0,-7.6245,-5.5775,196.65,232.2
11,17.25,-13.83,-21.24,-13.52,-20.5225,100.8404,82,-16.32,-34.99825,0,0,-7.566,-5.7575,198.35,232.7
11,17.75,-14.135,-21.39,-13.53,-20.2,100.81975,82.1,-16.525,-34.15175,0,0,-7.4415,-5.8735,199.9,231.65
11,18.25,-14.5725,-21.05,-13.39,-19.82,100.83195,82.35,-16.39,-36.85225,0,0,-7.536,-5.8305,198.2,232.3
11,18.75,-14.6325,-21.39,-13.27,-19.6125,100.85465,81.7,-16.355,-35.7215,0,0,-7.4485,-5.8335,201.05,230.9
11,19.25,-14.695,-21.69,-13.16,-19.5375,100.85175,82.15,-16.06,-38.268,0,0,-7.551,-5.8265,200.05,230.9
11,19.75,-14.8375,-21.46,-13.09,-19.42,100.8399,81.9,-15.96,-37.5015,0,0,-7.529,-5.94,200.5,230.85
11,20.25,-14.6175,-21.55,-13.26,-19.67,100.8568,81.95,-15.675,-34.4635,0,0,-7.4525,-6,199.25,232.15
11,20.75,-15.56,-21.89,-13.42,-19.9575,100.8646,82,-15.765,-37.2255,0,0,-7.3415,-5.88,197.95,232.1
11,21.25,-15.75,-22.04,-13.44,-20.2875,100.85155,81.9,-15.775,-36.084,0,0,-7.5955,-6.0155,197,231.6
11,21.75,-15.8025,-22.26,-13.44,-20.575,100.83855,81.85,-15.67,-38.028,0,0,-7.6135,-6.011,197.65,231.5
11,22.25,-15.7225,-22.33,-13.43,-20.415,100.8189,82.125,-15.645,-37.387,0,0,-7.69,-5.9665,198.35,232.55
11,22.75,-15.6225,-22.54,-13.43,-20.2975,100.82905,81.6,-15.58,-37.10925,0,0,-7.7505,-5.8615,196.8,233.15
11,23.25,-15.48,-22.74,-13.42,-20.185,100.83545,81.75,-15.665,-36.452,0,0,-7.6365,-5.892,197.5,231.75
11,23.75,-15.49,-22.74,-13.44,-20.395,100.8313,82.125,-15.635,-34.10475,0,0,-7.6035,-5.9175,200.15,232.95
12,0.25,-14.6275,-18.355,-11.415,-21.235,101.121425,80.2,-25.8525,-44.10025,0,0,-8.785,-6.72825,142.9,183.925
12,0.75,-14.5925,-18.68,-11.3375,-21.535,101.13105,80.1,-25.8775,-44.50025,0,0,-8.89,-6.77275,144.9,185.05
12,1.25,-14.63,-18.865,-11.3575,-21.5225,101.152575,79.99,-25.7775,-41.91625,0,0,-8.84,-6.751,147.825,185.175
12,1.75,-14.865,-19.1825,-11.395,-21.5575,101.15665,80.2,-25.5575,-42.7735,0,0,-8.7725,-6.62725,147.7,187.95
12,2.25,-14.87,-19.07,-11.3725,-21.305,101.14795,80.1,-25.3775,-40.1785,0,0,-8.6425,-6.434,146.275,189.1
12,2.75,-14.795,-18.6825,-11.2975,-21.3725,101.148775,79.87,-25.49,-40.2445,0,0,-8.6775,-6.62875,146.525,188.4
12,3.25,-14.7925,-18.4,-11.405,-21.925,101.146725,79.9,-25.6775,-42.20025,0,0,-8.8325,-6.64325,145.05,186.35
12,3.75,-14.8325,-19.255,-11.4275,-21.7,101.1389,79.92,-25.9175,-42.76775,0,0,-8.63,-6.71375,147.45,186.925
12,4.25,-14.7225,-19.6175,-11.4775,-21.5625,101.130225,79.9,-25.78,-42.44375,0,0,-8.585,-6.634,148.525,188.8
12,4.75,-14.805,-19.35,-11.5075,-21.3175,101.111325,79.99,-25.65,-42.835,0,0,-8.725,-6.38375,149.25,189.8
12,5.25,-14.81,-19.1375,-11.5225,-21.3475,101.106525,79.78,-25.575,-43.39975,0,0,-8.7325,-6.73475,147.825,189.325
12,5.75,-14.67,-19.0725,-11.5125,-21.495,101.09845,79.78,-25.67,-43.3975,0,0,-8.835,-6.77,149.775,190.875
12,6.25,-14.505,-18.81,-11.5225,-21.4525,101.105275,79.86,-25.49,-43.15475,0,0,-8.7825,-6.82825,151.3,191.2
12,6.75,-14.435,-18.625,-11.5225,-21.0625,101.0994,80.2,-25.345,-42.77025,0,0,-8.8075,-6.742,148.3,190.95
12,7.25,-14.3175,-18.5125,-11.5025,-20.55,101.092925,80,-25.37,-42.4265,0,0,-8.99,-6.733,149.675,190.45
12,7.75,-14.2075,-18.42,-11.4375,-19.955,101.0883,79.98,-25.3725,-42.18375,0,0,-8.5675,-6.64675,148.9,190.3
12,8.25,-14.1275,-18.39,-11.4125,-19.55,101.0829,80.2,-25.3725,-41.95375,0,0,-8.66,-6.68375,148.425,189.775
12,8.75,-14.0425,-18.8725,-11.3325,-19.6425,101.08715,80.1,-25.4125,-41.758,0,0,-8.79,-6.7865,149.45,190.075
12,9.25,-14.02,-19.2925,-11.24,-19.65,101.105675,80.2,-25.3475,-40.63525,0,0,-8.575,-6.6895,148.175,189.7
12,9.75,-14.0175,-19.525,-11.21,-19.925,101.111325,80.5,-25.14,-40.297,0,0,-8.6125,-6.8935,147.425,190.1
12,10.25,-14.1,-19.13,-11.125,-19.6975,101.113575,80.2,-24.9975,-40.3395,0,0,-8.7675,-6.847,150.5,189.775
12,10.75,-14.3625,-18.625,-11.1,-20.0375,101.110525,80.4,-25.105,-41.672,0,0,-8.6275,-6.8735,146.75,189.95
12,11.25,-14.6175,-18.305,-11.075,-20.0075,101.108675,80.4,-25.135,-43.33775,0,0,-8.5025,-6.7805,147.725,189.425
12,11.75,-14.55,-18.1925,-11.065,-19.545,101.0922,80.2,-25.125,-44.95825,0,0,-8.4675,-6.83925,147.075,188.725
12,12.25,-14.4725,-18.1925,-10.9425,-19.7875,101.083575,80.1,-25.315,-44.78475,0,0,-8.46,-6.73975,145.125,188.625
12,12.75,-14.41,-18.185,-10.87,-19.975,101.095625,79.99,-25.65,-44.41825,0,0,-8.23,-6.53875,143.375,187.65
12,13.25,-14.33,-18.5625,-10.83,-20.2375,101.10465,79.96,-25.595,-42.43875,0,0,-8.235,-6.4895,144.9,187.25
12,13.75,-14.285,-18.77,-10.7625,-20.5175,101.1011,79.89,-25.765,-39.78025,0,0,-8.2725,-6.50875,146.175,187.15
12,14.25,-14.295,-18.77,-10.795,-20.8325,101.101625,79.95,-25.505,-40.3275,0,0,-8.18,-6.58575,146.475,187.6
12,14.75,-14.54,-19.285,-11.035,-20.85,101.08545,79.86,-25.9,-38.86675,0,0,-8.58,-6.627,147.65,185.9
12,15.25,-14.405,-18.7,-10.8975,-20.8425,101.076675,79.81,-25.8425,-40.71975,0,0,-8.8075,-6.6765,148.825,189.95
12,15.75,-14.5775,-18.355,-10.9825,-20.435,101.096475,79.58,-25.6975,-41.609,0,0,-8.855,-6.73925,148.3,187.1
12,16.25,-14.375,-18.24,-10.9975,-20.05,101.08985,79.85,-25.575,-41.35075,0,0,-8.82,-6.689,146.425,186.3
12,16.75,-14.1275,-18.18,-10.9975,-19.765,101.077625,80.2,-25.395,-41.88325,0,0,-9.055,-6.5505,144.85,187.4
12,17.25,-14.1475,-18.3275,-10.9975,-19.695,101.052325,79.96,-25.1975,-43.19425,0,0,-8.6825,-6.55725,144.175,187.125
12,17.75,-14.16,-18.5525,-11,-19.9725,101.0604,79.73,-25.54,-44.15425,0,0,-8.455,-6.4415,142.9,187.375
12,18.25,-14.16,-18.7425,-10.995,-20.49,101.068925,79.67,-25.76,-43.14075,0,0,-8.7225,-6.50575,145.6,186.475
12,18.75,-14.17,-18.5725,-10.995,-20.4675,101.0638,79.94,-25.4375,-42.67575,0,0,-8.485,-6.5545,144.4,182.625
12,19.25,-14.1875,-18.21,-11.0175,-20.9375,101.0688,79.94,-25.2275,-41.3115,0,0,-8.52,-6.29875,143.725,183.125
12,19.75,-14.1875,-17.9625,-11.0325,-21.115,101.0604,79.85,-25.8725,-42.82775,0,0,-8.735,-6.5355,146.05,184.5
12,20.25,-14.1975,-17.7675,-10.8825,-21.1475,101.058425,79.84,-25.695,-42.99075,0,0,-8.5825,-6.65175,143.975,185.75
12,20.75,-14.25,-17.7575,-10.9025,-20.75,101.041825,79.75,-25.58,-43.2605,0,0,-8.4325,-6.473,145.025,186.175
12,21.25,-14.25,-17.87,-10.955,-19.86,101.051275,79.98,-25.695,-42.48175,0,0,-8.5475,-6.826,145.225,186.125
12,21.75,-14.2575,-17.8025,-10.975,-19.1125,101.0654,79.99,-25.735,-42.70375,0,0,-8.83,-6.96925,142.425,185.925
12,22.25,-14.2575,-17.71,-11.0375,-19.33,101.078625,80,-25.735,-42.34525,0,0,-8.7825,-6.91725,143.55,186
12,22.75,-14.205,-17.8375,-11.135,-20.125,101.1013,79.89,-25.8025,-44.55625,0,0,-8.8575,-6.32775,143.7,186.05
12,23.25,-14.265,-17.83,-11.09,-20.175,101.11865,79.82,-25.8275,-44.86375,0,0,-8.59,-6.28975,143.35,185.65
12,23.75,-14.4075,-17.855,-11.11,-19.5975,101.1201,79.94,-25.875,-44.69275,0,0,-8.61,-6.6975,144.9,184.7
