DOY2,HR2,FC_1_1_1,SC_1_1_1,USTAR_1_1_1,LE_1_1_1,H_1_1_1,CO2_1_1_1,CO2_1_2_1,CO2_1_3_1,CO2_1_4_1,TA_1_1_1,TA_1_2_1,TA_1_3_1,TA_1_4_1,RH_1_1_1,RH_1_2_1,RH_1_3_1,RH_1_4_1,TS_1_1_1,TS_1_2_1,TS_1_3_1,TS_1_4_1,TS_2_1_1,TS_2_2_1,TS_2_3_1,TS_2_4_1,TS_2_5_1,TS_2_6_1,TS_2_7_1,TS_2_8_1,SW_IN_1_1_1,SW_OUT_1_1_1,NETRAD_1_1_1,LW_IN_1_1_1,LW_OUT_1_1_1,WS_1_2_1,WS_1_3_1,WS_2_1_1,PA_1_1_1,NEE_1_1_1
1,0.5,4.9925,0.4,0.687875,24.2,32.5175,435.5075,436.122,443.482,452.612,5.123,4.488,3.89299999999999,3.116,99.9,100,98.53,99.9,0.405999999999999,0.784999999999998,0.897999999999997,0.991999999999998,0.675999999999999,0.76625,0.8905,0.913499999999999,1.8285,1.088,2.112,2.708,0.2,2,1.93249999999999,316.3,324.56,9.178,8.23,8.47,99.52325,5.03999999999999
1,1.5,4.42,0.3,0.672199999999999,28.08,30.4200000000001,437.89125,436.2985,444.517,448.49,5.103,4.45,4.185,3.58199999999999,100,100,98.93,99.9,0.371999999999998,0.763,0.858999999999999,0.985999999999999,0.574999999999998,0.5425,0.891499999999999,0.896749999999999,1.81,1.088,2.094,2.724,0.3,2,3.83249999999999,315.68,323.6,9.56075,8.6,8.84825,99.49625,4.548
1,2.5,4.31249999999998,0.3,0.717625,32.32,43.8224999999998,436.56,435.26925,444.25,449.4425,4.857,4.5055,4.24899999999999,3.53,99.9,100,99.1,100,0.385999999999999,0.688999999999999,0.838999999999999,0.955999999999999,0.615999999999999,0.4425,0.8805,0.88,1.7985,1.088,2.082,2.748,0.3,1.98,4.80749999999992,316.09,323.15,9.554,8.468,8.9055,99.49325,4.8
1,3.5,3.51075,0.3,0.6885,30.21,36.7374999999999,436.113,434.14675,441.707,446.151,4.37699999999998,3.92625,3.796,2.976,100,100,99.2,100,0.335999999999999,0.614999999999998,0.781999999999998,0.94,0.603,0.455,0.822999999999997,0.87,1.79425,1.088,2.09525,2.748,0.3,2,5.75999999999999,315.98,321.69,9.67125,8.803,9.32825,99.49975,3.46499999999999
1,4.5,3.50499999999996,0.3,0.709649999999999,33.97,37.8,435.88,436.055,443.406,450.8795,4.174,3.655,3.609,2.832,100,100,99.2,100,0.263,0.558999999999999,0.745999999999999,0.918999999999999,0.491999999999998,0.4225,0.771499999999999,0.86,1.7885,1.088,2.111,2.738,0.3,2.075,5.98749999999999,316.9,321.33,9.86425,8.89775,9.22825,99.47,3.25
1,5.5,4.54824999999999,0.2,0.7414,33.8125,45.6,436.6215,436.24,443.27,447.136,3.982,3.677,3.562,2.774,99.93,100,99.1,100,0.268999999999999,0.55,0.713,0.897999999999997,0.366999999999996,0.39625,0.720999999999999,0.8465,1.76,1.088,2.1325,2.73,0.3,2.1775,4.8,316.02,320.65,9.674,8.63399999999999,8.9585,99.42575,4.51475000000001
1,6.5,8.6175,0.3,0.712,28.1575,44,438.33575,436.19825,442.10675,448.6515,3.996,3.6605,3.403,2.448,100,100,98.83,100,0.273,0.521999999999998,0.663,0.880999999999997,0.34,0.38875,0.67,0.84,1.72275,1.088,2.10725,2.724,0.4,2,4.58249999999999,314.35,319.88,9.46925,8.48875,8.90424999999999,99.39575,8.86199999999996
1,7.5,3.63,0.3,0.7503,31.4875,41.55,438.22,437.485,441.17575,444.832,3.868,3.36924999999999,3.07599999999999,2.252,100,100,99.03,100,0.24,0.475999999999999,0.63,0.861999999999998,0.321999999999998,0.37875,0.63,0.83,1.71425,1.088,2.09625,2.71,8.36499999999999,7.7375,5.1,314.59,319.1,9.25,8.289,8.68524999999999,99.42975,3.7
1,8.5,4.65199999999999,0.2,0.754625,33.605,69.0049999999999,438.64,436.6745,439.163,442.338,4.066,3.78199999999999,3.73325,3.078,99.93,100,98.865,100,0.248999999999999,0.45,0.603,0.845999999999999,0.335999999999999,0.365,0.610999999999999,0.833,1.6985,1.088,2.07625,2.718,132.28,92.5975,49.925,315.44,322.73,9.67299999999999,8.8285,9.19475,99.45875,5.11249999999997
1,9.5,4.11625,0.1,0.7315,49.96,98.2949999999998,435.806,432.374,432.768,434.452,5.758,5.34599999999999,5.68224999999999,5.60875,100,100,98.665,99.9,0.371999999999998,0.432999999999999,0.6,0.823,0.447999999999997,0.37625,0.61,0.833,1.67425,1.09,2.051,2.728,294.025,210.5625,135.15,316.56,336.33,10.06625,8.866,9.3165,99.5035,4.35
1,10.5,3.27,0.1,0.774099999999999,71.7999999999998,159.7975,433.26875,431.88375,432.08025,433.36875,7.86699999999999,7.61549999999999,8.22325,8.5625,99.67,99.93,98.2,99.9,0.725999999999999,0.448999999999999,0.58,0.82,0.893,0.42375,0.594999999999995,0.850499999999997,1.64,1.098,2.0305,2.738,446.32,312.6275,232.98,317.37,355.33,10.67125,9.6375,9.975,99.54,2.86
1,11.5,2.54,0.1,0.77385,81.0399999999999,196.115,430.158,428.8745,429.144,430.9985,9.77975,9.703,10.3265,11.345,98.9,99.7,97.68,99.9,1.3055,0.576499999999999,0.585499999999999,0.79275,1.40799999999999,0.450000000000001,0.611249999999999,0.861999999999998,1.6085,1.09775,2.03,2.74775,538.3775,381.56,298.795,322.4275,373.7,10.8235,9.703,10.1955,99.533,2.40999999999999
1,12.5,2.165,0.1,0.745425,87.1799999999997,218.675,427.32,427.062,427.20375,427.7835,11.15,11.226,11.772,13.1895,98.505,99.3275,97.2275,99.9,1.9575,0.80275,0.625749999999997,0.81,2.49199999999999,0.846,0.91,0.842499999999999,1.58275,1.09775,2,2.7455,576.495,407.3275,322.1675,320.3375,386.8825,10.908,9.715,10.38,99.455,2.1
1,13.5,2.1615,0.1,0.7749,93.18,202.04,425.96,426.302,426.40375,426.79625,12.662,12.898,13.391,15.0755,98.4975,98.9275,97.93,99.9,2.74,1.0195,0.663749999999999,0.91275,3.14199999999999,1.06625,0.922999999999997,0.823,1.61825,1.09,2.02625,2.74325,555.4,384,305.065,319.8375,394.355,10.7845,9.7185,10.207,99.36,2.156
1,14.5,2.39425,0.1,0.783175,79.32,154.2375,423.784,425.31925,425.583,425.95175,13.929,14.0795,14.565,15.80375,98.4,98.6825,97.4,99.8275,3.309,1.40275,0.913999999999996,0.950249999999997,3.67449999999999,1.324,0.971249999999999,0.8325,1.61675,1.09,1.9905,2.74325,470.67,319.975,238.83,321.355,388.6575,11.12775,9.77050000000001,10.404,99.3655,2.4
1,15.5,1.85074999999999,0.1,0.789425,55.46,94.4125,423.844,425.01175,425.146,426.09,14.637,14.061,14.986,15.057,98.46,99.0275,96.52,99.9,3.16199999999999,1.70125,1.173,0.954749999999998,3.51125,1.506,1.171,0.90625,1.66275,1.09,2,2.7355,331,215.14,139.8,323.7,379.91,10.164,9.1465,9.7965,99.391,2.07
1,16.5,2.18099999999998,0.3,0.734,36.5699999999999,39.6799999999999,424.4,425.10225,425.83375,428.025,13.42675,12.7045,12.48,11.9715,98.22,99.265,97.39,99.9,2.48999999999999,1.62475,1.242,1.0595,2.5865,1.4,1.3905,0.96,1.71825,1.0955,1.98525,2.7255,159.17,99.3325,28.92,317.785,355.1925,9.785,8.825,9.34275,99.42825,2.4
1,17.5,1.8835,0.5,0.7005,25.925,26.04,425.358,426.12275,429.869,432.6915,10.96275,9.774,8.87575,6.8405,98.855,100,98.2275,99.9,1.90925,1.5455,1.293,1.14025,1.564,1.11,1.30275,1.005,1.7125,1.09325,1.99,2.7155,18.5,11.7375,2.7375,318.1375,335.2475,9.07,8.23575,8.66724999999999,99.40825,2.3
1,18.5,2.23175,0.4,0.694525,25.5774999999999,30.34,427.88075,427.896,434.116,438.36,9.17874999999999,7.872,6.65149999999999,5.12200000000001,99.2,100,98.655,99.93,1.2095,1.301,1.36475,1.17375,0.930999999999999,0.94875,1.19025,1.04,1.76425,1.0855,2,2.7155,0.1,2.1,1.5775,317.8825,329.5825,9.4375,8.32699999999999,9.00375,99.4255,2.44
1,19.5,3.25174999999999,0.4,0.6564,21.05,25.125,427.9875,428.68,438.14,442.87,7.86575,6.855,5.89974999999999,4.458,99.63,100,98.83,99.9,0.792999999999999,1.206,1.332,1.183,0.892999999999995,0.820249999999999,0.970499999999999,1.016,1.81425,1.086,2.01575,2.708,0.2,2,2.93499999999999,319.25,327.96,9.05,8.4625,9.081,99.41,3.70275
1,20.5,2.97849999999999,0.4,0.66685,25.8549999999999,30.59,432.947,432.4605,443.435,447.8195,6.773,5.96375,5.391,4.42199999999999,99.8,100,99.1,99.9,0.628999999999994,0.988999999999994,1.234,1.145,0.853,0.730499999999997,0.940999999999999,0.9765,1.82425,1.086,2.0415,2.698,0.2,1.9,3.18,321.02,327.72,9.08024999999999,8.2495,8.89475,99.455,3.464
1,21.5,4.76199999999998,0.4,0.6734,24.6075,41.0175,434.013,436.157,443.15775,448.141,6.831,6.1345,5.26399999999995,4.438,99.9,100,99.13,99.9,0.557,0.842499999999993,1.083,1.07,0.778999999999999,0.64,0.940999999999999,0.9465,1.8385,1.078,2.0905,2.69,0.2,2,3.775,320.97,328.52,9.118,8.2225,8.68275,99.456,4.23250000000002
1,22.5,2.935,0.4,0.69675,23.88,28.7524999999999,433.65775,434.216,444.2075,450.4525,6.52899999999999,5.9755,5.22574999999997,3.6885,99.9,100,99.065,99.9,0.534000000000001,0.819749999999998,1.01,1.01325,0.806499999999999,0.691249999999993,0.930749999999999,0.92,1.837,1.07825,2.13525,2.69,0.2,2.06999999999999,3.3,321.63,326.93,8.957,8.1175,8.522,99.4565,3.3
1,23.5,3.57,0.3,0.65325,23.735,33.475,434.2225,435.45,442.0795,451.598,5.761,5.01899999999999,4.4105,3.46599999999999,99.9,100,98.795,99.9,0.43,0.786499999999999,0.916499999999999,0.996499999999999,0.719749999999998,0.614249999999995,0.891499999999999,0.90675,1.838,1.07,2.1125,2.68825,0.2,2.1,3.37999999999997,320.265,325.465,8.8265,7.99625,8.30475,99.473,3.7
2,0.5,4.30275,0.3,0.6201,26.0875,24.1499999999998,434.34,434.144,442.3085,445.134,7.19299999999998,6.36199999999996,5.81199999999999,4.72599999999999,98.43,100,98.33,100,2.4315,2.576,2.513,2.61725,2.268,2.083,2.462,2.29875,2.43,4.21999999999999,2.43,3.178,0.3,2.4,2.06999999999998,321.46,329.67,8.9825,8.08075,8.70575,99.2,4.52749999999999
2,1.5,3.3445,0.3,0.6258,25.6599999999997,26.2375,433.18525,432.79,440.7575,443.605,6.704,6.26875,5.669,4.492,98.43,100,98.56,100,2.09749999999999,2.35299999999999,2.407,2.50024999999999,1.992,1.884,2.263,2.238,2.42125,4.13199999999999,2.42,3.194,0.4,2.66,3.025,321.44,328.03,8.791,7.969,8.56,99.22425,3.34
2,2.5,3.756,0.3,0.637499999999999,24.9,25.1,433.40375,433.318,440.4125,442.94,6.582,6.178,5.45299999999998,4.15400000000001,98.76,100,98.7,100,2.31399999999999,2.103,2.288,2.3555,1.886,1.61525,2.07149999999999,2.188,2.37,4.042,2.4065,3.2,0.4,2.3,4.1125,321.14,329.57,8.89,8.10825,8.823,99.22425,3.835
2,3.5,3.89899999999999,0.3,0.6455,27.9,26.4,434.8405,432.958,439.866,441.97,6.24399999999997,5.85125,5.06799999999997,3.87625,99.23,100,98.6,100,1.99749999999999,1.94,2.124,2.273,1.633,1.59,1.9655,2.14,2.29125,3.952,2.3865,3.2,0.4,2.4,4.67499999999995,321.93,327.65,9.2145,8.435,9.04275,99.192,4.04499999999999
2,4.5,3.04400000000001,0.304999999999995,0.620125,28.11,28.9425,434.8675,433.24,441.26775,444.78675,5.347,4.93524999999999,4.38899999999999,3.74375,99.43,100,98.8,100,1.68449999999999,1.753,2.02,2.20174999999999,1.515,1.5605,1.7955,2.046,2.21375,3.914,2.36675,3.192,0.3,2.3,4.83999999999999,323.64,328.24,9.402,8.3555,8.93575,99.18275,2.942
2,5.5,3.4295,0.3,0.617625,30.57,31.4925,435.459,433.32,438.31,442.506,5.187,4.86125,4.496,3.69375,99.53,100,98.46,100,1.80499999999999,1.633,1.889,2.1045,1.503,1.44525,1.75,1.968,2.15375,3.892,2.34,3.184,0.429999999999995,2.3,4.77999999999997,319.32,327.51,9.10125,8.20475,8.93,99.1945,3.6475
2,6.5,3.51775,0.3,0.648375,32.7875,28.95,436.581,433.95375,439.5435,443.42,5.088,4.70125,4.267,3.57125,99.63,100,98.96,100,1.89099999999999,1.571,1.839,2.076,1.417,1.3515,1.6905,1.906,2.12,3.86999999999999,2.31675,3.174,0.629999999999995,2.3675,3.53999999999996,318.26,327.12,9.1815,8.44125,8.80375,99.25,3.96999999999998
2,7.5,4.5925,0.210000000000002,0.6069,34.6,39.2375,435.99,433.60625,438.68575,440.571,4.82399999999999,4.27,4.14399999999999,3.3675,99.8,100,99,100,1.71599999999999,1.48199999999999,1.762,2.006,1.29999999999999,1.253,1.682,1.836,2.06125,3.85199999999999,2.29,3.158,67.55,37.9,13.525,316.13,325.27,8.9,8.17,8.7165,99.324,5.15
2,8.5,2.37699999999998,0.1,0.651,43.2599999999999,77.7399999999999,434.415,432.1555,432.7305,433.398,5.80799999999999,5.42599999999999,5.774,5.5325,99.3,100,98.69,100,1.90375,1.45,1.655,1.92199999999999,1.713,1.281,1.605,1.798,2.02,3.83999999999999,2.26,3.15,251.82,162.67,112.64,318.19,334.36,9.30974999999999,8.606,9.03,99.3445,2.10999999999999
2,9.5,4.04825,0.1,0.660675,70.5324999999999,145.4525,431.592,430.098,430.399,430.449,7.62399999999997,7.36124999999998,7.89099999999999,8.45,98.73,100,97.93,99.9,2.83,1.849,1.64899999999999,1.84324999999999,2.132,1.50775,1.5865,1.73,1.9725,3.83999999999999,2.23,3.156,442.4775,296.06,243.445,318.13,352.76,9.66649999999999,8.7,9.30375,99.33,3.8
2,10.5,2.66249999999999,0.1,0.710300000000001,94,219.2125,428.8675,426.9645,426.878,427.0275,10.658,10.204,11.134,12.2325,97.53,99.73,97.3,99.8,3.99,2.49299999999999,2.062,1.7975,3.169,2.03575,1.8385,1.744,1.935,3.86399999999999,2.2,3.18,597.8,412.76,354.05,323.48,375.96,10.1575,9.2825,9.7355,99.325,2.3
2,11.5,2.18,0.1,0.745,118.04,267.25,426.37,425.93175,425.961,425.9895,12.866,13.032,14.17275,14.999,96.865,98.91,96.165,99.83,5.21950000000001,3.933,2.59024999999999,1.93375,4.864,2.66,2.205,1.9265,1.899,3.83425,2.17675,3.19975,702.83,506.0125,427.2675,324.3375,401.675,10.42675,9.69,9.87375,99.31425,2.1375
2,12.5,2.3925,0.1,0.756,125.795,283.145,425.355,424.99,424.9775,425.26,14.79175,14.76275,15.61725,17.209,96.3,97.2275,95.1275,99.73,6.555,4.58275,3.65275,2.306,6.47599999999999,3.76375,2.92,2.11799999999999,1.91,3.81675,2.15675,3.2265,745.1375,537.275,456.9,326.5,413.85,10.423,9.54175,10.07,99.2685,2.3
2,13.5,2.769,0.1,0.771,138.96,264.12,423.641,424.264,424.13525,424.21775,16.3765,16.31275,17.316,18.774,95.5,96.7825,93.855,99.63,8.375,5.424,4.2875,2.726,7.489,4.84275,3.565,2.3655,1.95225,3.805,2.16025,3.24775,721.975,509.7075,442.0125,325.475,419.6,10.3795,9.58799999999998,9.93375,99.2045,2.7
2,14.5,2.44,0.1,0.76085,130.58,216.22,423.368,423.7285,423.99875,423.83,17.69475,17.754,18.39425,19.475,94.5275,96.4825,93.755,100,9.08,6.316,4.962,3.244,8.14399999999999,5.29275,3.99,2.783,2.04225,3.8065,2.16,3.24,635.27,428.9925,382.07,325.32,419.605,10.3065,9.2745,9.8095,99.1575,2.4
2,15.5,2.134,0.1,0.749524999999999,113.415,155.2625,422.855,423.57,423.606,423.8625,18.2085,18.09125,18.60325,19.193,94.5275,96.555,94.1,100,8.68049999999999,6.64225,5.29199999999999,3.7,8.08249999999999,4.97875000000001,4.285,3.14,2.17075,3.8575,2.1545,3.26325,490.935,325.4875,269.21,326.5825,411.405,10.371,9.449,9.74925,99.1375,2.1
2,16.5,1.773,0.2,0.738525,78.9524999999998,76.7599999999999,423.1985,423.5305,423.66,424.0295,17.99525,17.4095,17.77725,17.142,95.4275,97.2275,95.2275,99.9,8.185,6.59925,5.346,4.08,6.66074999999998,4.83225,4.395,3.3015,2.24075,3.9415,2.13,3.2555,299.92,184.225,127.48,327.21,395.8275,9.9675,9.0745,9.54475,99.1205,1.9
2,17.5,1.68,0.4,0.730350000000001,48.565,27.935,423.17875,423.706,424.75,427.41475,15.5775,14.589,14.44825,12.793,96.9825,97.565,95.3,99.83,6.6045,6.11275,5.2565,4.2015,5.43,4.41225,4.185,3.32,2.37075,3.99675,2.14725,3.24,99.3925,56.99,10.93,322.93,365.26,9.55899999999999,8.52,9.0055,99.1075,1.8225
2,18.5,2.13225,0.6,0.68175,28.73,24.8899999999999,424.598,424.94025,428.472,434.21,12.93225,11.831,10.33275,8.62924999999999,98,99.29,95.93,99.9,5.1325,5.304,4.932,4.15199999999999,4.21949999999997,3.74325,3.875,3.22599999999999,2.49225,4.0355,2.2145,3.24325,2.4275,2.555,1.255,322.91,344.1825,9.1455,8.27000000000001,8.952,99.13,2.4225
2,19.5,2.525,0.4,0.6673,30.025,24.2475,426.323,427.33725,430.584,436.53575,11.05375,10.02,8.35249999999999,6.762,98.16,100,96.73,100,4.39899999999998,4.25925,4.26275,3.94624999999999,3.675,3.16275,3.345,3.1475,2.57675,4.09375,2.2535,3.24875,0.2,2.2675,0.334999999999991,316.93,338.5825,9.092,8.238,8.7165,99.144,2.9
2,20.5,2.61275,0.4,0.6898,31.15,25.6599999999996,428.375,429.19,434.21225,437.1,10.14525,9.306,7.75824999999999,6.42875,98.83,100,97.2,100,3.57049999999998,3.85,3.88,3.64074999999999,3.19,2.858,2.985,3.0955,2.6045,4.1275,2.304,3.2465,0.2,2.5,-0.135000000000002,317.8925,333.8825,9.1465,8.30599999999999,8.53575,99.184,2.64
2,21.5,3.09799999999997,0.4,0.6788,32.5325,35.6299999999999,429.91,430.252,438.6875,442.6405,9.38424999999999,7.99,7.6285,5.59625,98.655,100,97.5,100,3.0335,3.38599999999999,3.61275,3.36725,2.81,2.65075,2.73,2.93449999999999,2.61075,4.1565,2.3445,3.252,0.2,2.565,0.194999999999993,322.3275,332.35,9.41,8.3625,8.88,99.2135,3.39000000000001
2,22.5,3.71125,0.394999999999993,0.645499999999999,29.5,22.6125,431.466,432.6515,441.97325,444.391,8.614,8.22375,7.10524999999999,5.39125,98.21,100,97.8,100,2.73199999999999,3.12025,3.3265,3.245,2.65275,2.48125,2.74,2.77399999999999,2.6015,4.22275,2.37425,3.2575,0.2,2.425,1.55999999999999,322.985,331.965,8.66,8.0175,8.48375,99.20125,4.26499999999999
2,23.5,3.56275,0.3,0.649225,26.8049999999999,37.1625,433.1215,434.4965,442.9415,446.312,8.0155,7.055,6.19875,4.695,98.3,100,97.6275,100,2.549,2.8355,2.93974999999999,3.06,2.48825,2.26,2.635,2.68599999999999,2.57,4.269,2.40075,3.23975,0.2,2.4,3.30249999999999,322.67,331.82,8.98,8.17424999999999,8.57475,99.2075,3.554
3,0.5,3.72199999999999,0.5,0.6659,38.4,28.35,433.92475,441.56425,463.139,478.686,16.195,15.871,15.69225,15.11225,99.9,100,99.3,100,12.73575,12.81275,12.44925,12.352,12.466,12.605,12.4825,12.5975,11.8775,8.28825,11.27,8.9655,0.227499999999998,2.68,0,364.0025,380.86,9.208,8.41,8.4765,98.87825,3.8
3,1.5,3.3375,0.5,0.646374999999999,35.47,23.955,440.106,445.37,465.463,475.768,16.005,15.417,15.40025,14.915,100,100,99.5275,100,12.2305,12.54025,12.263,12.21025,12.126,12.37375,12.18875,12.42,11.8375,8.24975,11.26525,9.01325,0.3,2.3,0.677499999999998,362.3425,379.31,9.0475,8.18974999999999,8.4675,98.88275,3.465
3,2.5,3.398,0.4,0.675524999999998,36.9674999999998,24.975,439.97025,445.5915,468.64,469.71,15.614,15.016,14.93325,14.505,100,100,99.8,100,12.31275,12.292,12.17825,12.052,11.86,12.1845,11.95625,12.365,11.71,8.2265,11.2455,9.06099999999999,0.1,2.2725,0.672500000000002,364.4025,379.1925,9.13125,8.25525,8.5585,98.93,3.5675
3,3.5,3.47599999999999,0.4,0.666225,41.4975,24.12,441.83875,445.2985,465.86875,471.855,15.4685,15.132,15.09675,14.4365,100,100,99.8,100,12.3075,12.172,12.07375,11.933,11.826,12.048,11.902,12.2545,11.695,8.194,11.221,9.10249999999999,0.2,2.3,1.16,362.2125,377.6375,9.0215,8.18,8.53475,98.92375,3.668
3,4.5,3.499,0.4,0.6398,38.4099999999999,21.9399999999999,440.116,444.745,461.87,471.187,15.4265,15.083,15.2085,14.668,100,100,99.8,100,11.90675,11.96275,11.85125,11.8415,11.806,11.825,11.816,12.1575,11.60025,8.164,11.192,9.1165,0.3,2.4,1.16999999999999,361.8175,377.81,9.27049999999999,8.4505,8.584,98.92,3.5625
3,5.5,4.14199999999998,0.4,0.678,33.0125,27.6649999999999,440.376,443.30525,456.155,472.84225,15.221,14.873,15.12925,14.5225,100,100,99.9,100,11.946,11.9255,11.725,11.7515,11.792,11.752,11.676,12.048,11.5395,8.1,11.15625,9.11675,0.3,2.4,1.245,363.725,377.1375,9.52349999999999,8.753,8.7555,98.96275,4.33999999999999
3,6.5,3.6255,0.3,0.677625,46.5625,39.4849999999996,440.3945,444.28,456.68,466.908,14.991,14.612,14.83475,14.15,100,100,99.9,100,11.766,11.89925,11.6375,11.636,11.78325,11.709,11.524,11.939,11.52,8.05,11.131,9.127,35.755,13.95,6.45,366.755,374.975,9.265,8.3825,8.69475,98.95825,3.845
3,7.5,4.12624999999998,0.179999999999995,0.6951,54.0199999999999,62.605,442.1385,446.60075,449.39525,452.389,15.259,15.0865,15.355,14.735,100,100,99.9,100,11.87,11.781,11.563,11.525,11.84325,11.704,11.548,11.843,11.4675,8.04,11.12,9.12725,212.595,76.3874999999999,84.2599999999999,360.12,382.1375,9.784,8.914,9.09275,99.00275,4.2575
3,8.5,4.10275,0.1,0.725,96.375,123.1225,432.899,433.81,434.64775,434.7975,15.953,15.653,16.079,16.3375,99.935,100,99.9,99.9,12.842,11.89225,11.62475,11.4375,12.392,11.921,11.662,11.7525,11.4635,8.01199999999999,11.10575,9.13,410.67,197.275,235.7375,368.995,394.8575,10.192,9.228,9.61825,99.00375,3.5725
3,9.5,3.62350000000001,0.1,0.7917,131.75,214.9325,426.81,427.148,428.83675,427.68975,17.94325,17.4635,18.253,19.358,99.9,99.8,99.9,99.9,13.642,12.104,11.76275,11.556,13.4,12.206,11.888,11.729,11.455,7.96199999999999,11.0765,9.13,600.445,325.1375,378.765,372.14,416.865,10.927,9.835,10.22375,99.05275,3.475
3,10.5,3.43725,0,0.843474999999999,161.87,282.145,424.3255,425.26,426.1555,425.8425,19.947,19.56925,20.458,22.4405,99.4975,99.6325,99.9,99.9,15.19,12.6155,11.938,11.67825,14.686,12.662,12.166,11.783,11.46175,7.92599999999999,11.0455,9.13,751.065,422.015,493.12,374.8,443.8025,11.3015,10.064,10.36825,99.0065,3.16999999999999
3,11.5,3.428,0,0.875575,187.15,330.845,421.153,423.54775,423.82725,423.915,21.6355,21.6565,22.562,24.708,99.265,98.695,99.73,99.8,16.45,13.40425,12.28925,11.767,16.34075,13.43,12.62325,11.936,11.458,7.87399999999999,11.034,9.13,847.025,485.115,560.0775,374.7275,458.8925,11.5935,10.3495,10.612,98.9555,3.3
3,12.5,3.626,0.0699999999999932,0.81125,194.75,349.04,420.83,422.165,422.6195,422.67375,23.456,23.45975,24.362,26.7145,99.2325,98.1,99.16,99.8525,17.8345,14.56275,13.423,11.975,17.076,14.597,13.246,12.1575,11.47575,7.86599999999999,11.02825,9.13,874.09,507.285,582.975,375.8275,475.4175,11.603,10.68325,10.83,98.88275,3.5965
3,13.5,3.6555,0.1,0.827799999999999,189.995,339.615,419.522,422,422.85725,422.3155,24.231,24.37975,25.768,27.572,99.3,97.9,98.46,99.9,18.66075,15.371,13.98625,12.39575,17.886,15.402,13.768,12.53125,11.4875,7.905,11.005,9.138,838.8375,455.395,561.575,372.515,478.3275,11.6555,10.65325,11.012,98.82,3.5
3,14.5,3.435,0.1,0.87245,174.685,288.9825,419.047,421.629,422.163,421.845,25.366,25.54975,26.591,28.3325,98.1,98.1,98.27,99.845,19.057,15.638,14.46275,12.932,17.976,16.0625,14.248,12.806,11.5815,7.98975,11.0045,9.145,747.5,374.96,481.44,369.785,476.9825,11.6625,10.5395,10.624,98.7655,3.4725
3,15.5,3.553,0.1,0.86475,145.375,219.81,418.59,421.13,421.7905,421.6325,25.544,25.79375,26.586,27.6895,96.8,97.56,98.21,99.8,18.82975,16.01825,14.8295,13.2915,17.90525,15.81875,14.452,13.03125,11.704,8.09,11.02525,9.14,610.1425,285.45,368.0325,368.3825,464.7925,11.487,10.32125,10.46475,98.71275,3.48
3,16.5,2.95,0.1,0.79325,99.3125,127.73,418.84775,421.1,421.68,421.81625,25.114,24.875,25.5125,25.97375,97.12,97.8275,97.4,99.8,17.9,15.86925,14.995,13.197,17.138,15.82225,14.61125,13.298,11.92875,8.1665,11.0715,9.14,415.84,173.715,216.7,366.595,444.2275,10.9465,10.0025,10.1165,98.6755,2.915
3,17.5,2.536,0.3,0.77765,72.3199999999998,46.735,419.73075,421.615,422.463,423.33375,24.226,23.764,24.00475,23.69375,97.95,97.555,96.355,99.9,16.72,15.66275,14.723,13.319,16.294,15.63375,14.65875,13.312,12.101,8.3375,11.171,9.14,202.405,67.3124999999999,58.54,366.7825,423.965,10.4395,9.44274999999999,9.7355,98.652,2.68249999999999
3,18.5,3.28199999999999,0.672500000000002,0.69375,38.7,22.525,421.864,423.115,426.135,433.28,21.569,20.583,20.091,19.229,98.65,98.465,96.9375,99.9,15.38125,14.89375,14.351,13.251,15.4975,15.243,14.43375,13.318,12.27225,8.50375,11.282,9.15,30.82,9.535,1.335,361.395,399.8375,9.89625,8.85125,9.17275,98.73,3.40575
3,19.5,2.6435,0.7,0.6955,45.6174999999997,21.825,424.6835,426.13425,438.925,450.81875,19.516,18.739,17.934,17.025,97.99,99.355,97.4,99.9,14.4705,14.4555,13.92275,13.11,14.485,14.6,13.99,13.268,12.298,8.60475,11.3435,9.14825,0.1,2.475,-0.317500000000007,361,390.0025,9.37749999999999,8.437,8.5465,98.74,2.765
3,20.5,3.65499999999997,0.572500000000002,0.66745,41.3875,29.65,425.172,429.238,444.79,460.2515,18.436,17.591,17.39125,16.485,99.1,99.1275,98.03,100,13.779,13.99425,13.681,12.979,13.71,13.97325,13.67,13.164,12.29,8.6625,11.40125,9.158,0.1,2.5,-0.130000000000007,360.0575,385.0375,9.438,8.3935,8.6875,98.7955,3.85499999999998
3,21.5,5.50849999999999,0.572500000000002,0.697,51.4399999999999,36.06,430.434,435.565,449.043,463.628,17.819,16.94,16.8815,16.1395,99.8325,99.9,98.2,100,13.5605,13.6275,13.3695,12.87725,13.4675,13.44975,13.335,13.024,12.245,8.667,11.4385,9.16549999999999,0.1,2.3,-0.05,361.3825,385.3275,9.1775,8.275,8.6665,98.83275,5.8
3,22.5,3.27725,0.5625,0.6815,48.045,23.7375,432.14675,435.435,456.828,465.887,17.171,16.398,16.323,15.75,99.9,99.9275,98.4,100,13.37175,13.21325,12.91375,12.692,13.063,13.23125,13.04375,12.918,12.165,8.62375,11.5125,9.17325,0.2,2.6,-0.125,362.2375,383.55,9.37475,8.5425,8.6485,98.8455,3.3525
3,23.5,4.3185,0.5,0.65425,44.72,31.2725,434.892,439.30875,462.44275,469.948,16.232,15.875,15.75725,15.43825,99.9,100,99.0275,100,13.068,13.025,12.6665,12.5775,12.712,13.163,12.84875,12.812,12.0725,8.5605,11.549,9.18249999999999,0.2,2.4,0.7,364.8,382.855,9.225,8.358,8.50825,98.86275,4.57999999999999
4,0.5,6.79775,0.8,0.6556,47.4075,26.6149999999999,445.88,458.0455,507.8465,557.247,19.27375,18.739,18.764,17.92,99.35,100,98.2,100,15.63275,15.7215,15.7425,15.79275,15.63825,15.5995,15.6155,15.63375,15.244,14.01325,14.1615,12.27,0.5,2.485,-1.1,374.3575,396.5025,8.7035,7.972,7.9955,98.45325,7.3
4,1.5,7.30875,0.7,0.6845,47.55,23.3175,449.41375,460.0445,513.7885,529.986,18.568,18.012,17.61525,16.96,99.06,100,98.7,100,15.18425,15.3295,15.40725,15.528,15.1365,15.29375,15.23275,15.395,15.13375,13.9975,14.1315,12.25075,0.4,2.8,-1.02,373.63,390.54,9.16299999999998,8.332,8.35775,98.443,7.905
4,2.5,6.50499999999996,0.7,0.672375,49.9825,24.2,449.748,467.2035,504.096,529.8725,18.105,17.43,17.22275,16.449,99.8,100,99.045,100,14.75875,15.031,15.08625,15.305,14.7755,14.979,14.9655,15.14875,15.077,13.902,14.0815,12.25,0.6,2.5775,-0.545000000000005,377.5825,390.155,9.10549999999999,8.0985,8.30925,98.453,6.9425
4,3.5,6.17949999999999,0.7,0.708475,45.0249999999999,21.82,451.215,465.72,506.232,528.74125,17.542,17.02225,16.937,16.07275,99.9,100,99.39,100,14.44825,14.6755,14.82,15.0755,14.45475,14.669,14.711,14.92375,14.959,13.8065,14.04,12.26,0.5,2.98249999999999,-0.617500000000007,373.975,390.4925,9.00099999999999,8.16,8.43825,98.436,6.58000000000002
4,4.5,7.73249999999999,0.7,0.70405,44.875,25.9225,456.0655,473.585,507.838,529.024,17.143,16.634,16.61,15.8105,99.9,100,99.39,100,14.346,14.44575,14.58275,14.92375,14.25575,14.32475,14.38675,14.7425,14.80425,13.70325,13.99625,12.27,0.5,2.6,-0.322500000000002,372.01,388.665,9.10325,8.14949999999999,8.31225,98.44,8.4475
4,5.5,7.96000000000001,0.5,0.7074,48.19,20.58,463.06475,466.621,502.187,514.825,16.491,16.336,16.11,15.29,99.9,100,99.3,100,14.066,14.19825,14.419,14.66125,13.997,14.06,14.242,14.6115,14.7055,13.59775,13.9805,12.3,14.3825,6.6,0.609999999999991,371.01,386.9575,8.81524999999999,7.858,8.0055,98.46325,8.815
4,6.5,6.52399999999999,0.2,0.716,50.8999999999999,39.6749999999999,460.5825,466.96275,484.394,489.918,16.851,16.441,16.574,15.945,99.9,100,98.785,100,14.00975,13.99825,14.22,14.42625,14.013,13.895,14.101,14.4345,14.582,13.5355,13.961,12.32,144.1825,37.995,46.3,371.6475,389.92,9.19,8.17275,8.45325,98.5165,6.34424999999997
4,7.5,6.23874999999999,0.1,0.796375000000001,107.315,111.465,440.53625,440.90775,441.41975,441.7,18.665,18.64375,18.96,19.18375,99.83,100,98.3275,100,15.083,14.0455,14.0785,14.26,14.68675,14.17125,13.9575,14.242,14.462,13.4655,13.91,12.283,347.515,76.5699999999999,183.7375,370.275,409.375,9.7925,8.91249999999999,9.17925,98.557,6.12999999999997
4,8.5,4.139,0.1,0.8235,152.612499999999,197.9875,424.61425,425.664,425.92275,428.297,20.59,20.578,21.106,22.204,99.7325,100,97.545,99.9,16.1585,14.418,14.182,14.16425,16.818,14.63,14.2,14.14025,14.3595,13.37325,13.8755,12.31,552.055,118.08,328.74,373.9825,433.8825,10.9005,9.847,9.90825,98.539,3.811
4,9.5,4.12399999999999,0,0.933,196.1075,292.975,421.03,423.67375,423.948,424.2015,22.838,22.877,24.03125,25.40175,99.1,100,96.64,99.8,18.38275,15.672,14.572,14.18,20.394,16.12975,14.965,14.29,14.3,13.316,13.844,12.31675,727.4375,154.9,457.6625,376.3475,466.33,11.4405,10.455,10.58,98.5565,4.3
4,10.5,4.397,0.1,0.88305,212.165,357.7775,419.00475,421.28,421.28175,421.4905,24.944,25.191,26.228,28.2085,97.6,100,96.1425,99.385,21.9175,16.9625,15.385,14.306,23.45075,17.715,16.0915,14.506,14.31,13.2835,13.81125,12.37,860.4525,180.2825,558.4625,381.655,499.2925,11.754,10.44,10.91,98.526,4.355
4,11.5,3.774,0.1,0.88675,220.2125,407.95,417.806,420.308,420.42,420.8555,26.75,27.118,28.80675,31.3235,96.53,98.6499999999999,95.84,99,24.19375,18.549,16.62725,14.78,26.76225,19.63625,17.135,14.9165,14.38,13.2825,13.7905,12.3705,945.7175,197.275,623,385.2,518.6225,11.73325,10.52,10.7875,98.503,3.7
4,12.5,4.01549999999999,0.1,0.8998,208.325,424.76,417.12,419.698,419.799,420.218,28.443,28.72175,30.066,32.545,96.93,98.11,95.345,98.94,26.184,20.555,17.8765,15.53575,29.565,21.2,18.074,15.68075,14.483,13.35475,13.78725,12.3625,971.55,201.555,633.8475,386.3475,530.3925,11.77275,10.63,10.79025,98.44,3.9725
4,13.5,3.633,0.1,0.913125,204.2375,396.37,416.796,419.6335,419.5845,420.06,29.6125,29.939,31.08975,33.6515,96.45,97.86,95.49,98.7,27.8695,22.12125,19.066,16.2705,30.31225,22.2775,19.308,16.27,14.5105,13.408,13.74675,12.349,927.22,191.055,603.8875,388.685,531.3425,11.974,10.8,10.9355,98.359,3.4
4,14.5,3.207,0.1,0.90975,182.9375,347.9,416.66375,419.09875,419.016,419.384,30.176,30.37,31.797,33.7685,96.4,97.58,95.5,98.59,28.112,22.7735,20.0575,16.95875,29.682,22.8705,20.36,16.93375,14.67825,13.49875,13.77625,12.325,832.305,169.7575,531.125,393.255,525.6575,11.8875,10.631,11.00925,98.32275,3.1
4,15.5,3.33625,0.1,0.912849999999999,161.43,270.8,416.534,418.794,418.91975,419.3645,30.664,30.597,31.8535,33.452,95.6,96.53,94.68,98.34,27.089,23.046,20.7405,17.375,27.80125,22.64425,20.42,17.42375,15.027,13.63775,13.8315,12.312,682.055,142.43,414.775,391.785,511.49,12.0975,10.82125,10.9855,98.2765,3.224
4,16.5,3.42,0.2,0.89055,131.185,169.7125,416.2,418.55975,418.70575,419.2055,30.277,30.159,31.0245,32.104,95.22,95.93,94.735,98.4375,25.329,22.441,20.751,17.755,26.0555,22.147,20.36,17.82625,15.24825,13.8885,13.8515,12.302,501.145,104.7,273.86,387.4275,491.895,11.93125,10.705,10.86275,98.26275,3.60999999999999
4,17.5,3.168,0.2,0.8691,94.1499999999999,72.15,416.246,419.036,419.176,419.461,29.403,29.28,29.4835,30.026,95.89,96.99,95.045,98.76,22.986,21.377,20.35575,17.94,23.252,21.21275,19.899,17.99375,15.46,13.9875,13.846,12.29,289.4575,64.355,115.5525,385.815,468.0825,11.2115,10.174,10.311,98.243,3.32
4,18.5,3.184,0.5,0.76575,68.1199999999998,32.12,416.96525,419.794,420.82125,424.414,27.156,26.292,26.0565,25.788,95.89,98.39,95.535,98.94,20.824,20.319,19.57775,17.99475,20.142,19.67225,19.233,17.7925,15.59,14.021,13.97475,12.27,95.9025,23.49,10.82,381.8575,438.12,10.3325,9.38,9.38,98.24,3.45
4,19.5,4.04525,1.3,0.698124999999999,51.835,21.8525,420.124,423.03175,439.62475,475.409,24.512,23.766,23.3255,22.32,96.94,99.16,96.6,99.455,18.851,19.091,18.7875,17.842,18.45825,18.4725,18.30025,17.502,15.71,14.0885,13.986,12.26,2.8275,2.4,-1.8125,378.8475,419.4575,9.65150000000001,8.653,8.71925,98.26,4.455
4,20.5,4.45199999999999,1.3,0.74,41.5,24.4199999999999,425.739,431.555,467.8105,504.3325,22.88,21.861,21.292,20.7865,98.42,99.79,96.635,99.8,17.85925,17.8255,17.8665,17.37625,17.5365,17.654,17.522,17.096,15.757,14.163,14.032,12.2495,0.49749999999998,2.5,-1.1075,376.9025,408.5475,9.6605,8.51,8.63675,98.32,5.31999999999998
4,21.5,4.48174999999999,1.0525,0.7092,48.55,25.705,431.091,441.73,478.82625,525.225,21.35375,20.7665,20.2025,19.5,98.8275,100,97.285,99.8475,17.0175,17.15275,17.17525,16.892,16.931,16.929,16.97275,16.65575,15.6925,14.203,14.082,12.23,0.4,2.8,-1.9,376.355,404.3675,9.196,8.232,8.47575,98.3435,4.9275
4,22.5,6.00999999999998,1.1,0.66735,45.255,24.17,438.259,447.127,498.49,531.45725,20.40825,19.70575,19.6695,18.675,98.8275,100,97.3425,99.9,16.636,16.61475,16.79525,16.504,16.544,16.5615,16.56,16.3715,15.526,14.18525,14.171,12.26,0.4,2.7,-1.345,376.5575,400.62,9.2435,8.33975,8.432,98.3835,6.3475
4,23.5,6.91,0.9,0.67835,47.2849999999996,24.0375,436.4975,453.115,502.1805,545.99375,19.79375,19.361,19.075,18.249,98.63,100,97.845,99.9,16.077,16.28275,16.322,16.184,16.11825,16.2415,16.211,16.02325,15.405,14.13525,14.223,12.24125,0.429999999999995,2.6,-1.51750000000001,372.3275,397.44,9.5165,8.38,8.66275,98.40325,9.075
5,0.5,11.37,1.3,0.615099999999999,54.34,25.4,477.3235,495.7545,581.4175,620.885,23.08925,22.775,22.485,22.057,99.8,99.9275,99.6,99.8325,21.0395,21.405,21.514,21.4535,21.06575,21.364,21.51475,21.679,21.245,19.79975,19.83225,17.10925,0.5,3,-1.3,396.0325,420.8975,8.485,7.61875000000001,7.7555,98.3395,12.445
5,1.5,12.19125,1.175,0.6384,55.375,17.3749999999998,472.155,491.80075,596.67,632.866,22.4355,22.053,21.7295,21.1635,99.9,100,99.7,99.9,20.52425,20.90475,21.1125,21.1725,20.6375,20.967,21.149,21.5375,21.1975,19.6765,19.8085,17.127,0.429999999999995,3,-1.5,395.1625,418.5925,8.335,7.415,7.7065,98.33,13.02
5,2.5,15.20925,1.1,0.635875,68.6799999999992,17,485.01,506.047,593.665,606.715,22.0655,21.78325,21.29525,20.97125,99.9,100,99.8,100,20.17325,20.55325,20.732,20.89,20.24,20.50425,20.749,21.0885,20.955,19.53325,19.77,17.14775,0.627499999999998,3.1,-0.72750000000002,394.2325,415.165,8.608,7.69975,7.86424999999999,98.34,15.8815
5,3.5,11.267,1.2,0.625675,56.46,27.395,483.041,508.901,586.51675,604.01,21.52775,21.0865,20.7955,20.266,99.9,100,99.8,100,19.86325,20.185,20.409,20.658,19.86,20.13075,20.408,20.596,20.80175,19.39,19.6935,17.16,0.727499999999998,3.2,-0.542500000000007,396.565,412.965,8.2655,7.60725,7.6065,98.3795,10.75
5,4.5,10.42,1.1,0.6142,59.275,19.5299999999999,491.634,517.314,587.28375,606.846,21.032,20.6955,20.4465,19.95875,99.9,100,99.8325,100,19.4525,19.845,20.0685,20.246,19.42,19.91425,19.99,20.285,20.66875,19.29325,19.60425,17.16775,1.1275,3.1,-0.6,395.6325,410.9,8.02,7.26975,7.34025,98.4,10.32625
5,5.5,10.7735,0.9,0.5506,62.5,26.2625,505.034,518.2965,575.32625,588.645999999999,20.67875,20.456,20.23625,19.7275,99.9,100,99.9,100,19.19375,19.52475,19.792,19.95,19.2675,19.592,19.715,19.975,20.435,19.2055,19.54375,17.18,57.84,18.5325,13.1475,395.2575,411.3975,7.9275,7.13,7.39825,98.42975,10.57825
5,6.5,15.259,0.1,0.562,89.54,52.2,483.277999999999,478.615,500.7125,501.827,21.4795,21.34375,21.603,21.6235,99.9,99.9275,99.8,99.9,19.523,19.47975,19.621,19.684,19.58575,19.592,19.60475,19.72,20.2025,19.11,19.47175,17.2285,219.725,51.065,112.6225,394.43,423.53,8.3135,7.517,7.791,98.4695,12.755
5,7.5,8.36249999999997,0,0.62,143.1375,127.745,439.729,439.958,442.22375,444.76,23.64925,23.51025,24.162,24.84,99.8,99.9,99.6,99.8,20.53625,19.887,19.71075,19.61,20.49975,19.89125,19.75475,19.619,20.027,19.03325,19.365,17.25925,419.85,86.43,252.05,397.27,445.92,9.34799999999999,8.427,8.7755,98.529,7.50499999999997
5,8.5,6.03649999999999,0,0.6932,199.6,208.0125,427.5765,428.255,430.47,431.72,25.51,25.503,26.774,28.07125,98.705,99.9,98.28,99.7,22.084,20.8245,20.229,19.7255,22.0885,20.6945,20.1745,19.6975,19.9525,18.966,19.2805,17.25,616.1,123.3,395.3625,400.8175,477.2275,9.84925,8.81999999999999,9.35825,98.5095,5.86999999999998
5,9.5,5.97375,0.1,0.7423,251.84,291.215,419.33,421.4665,423.09,424.6515,27.3255,27.3425,28.54,31.01,97.825,99.7325,97.18,99.65,24.758,22.218,21.10575,20.07925,24.634,22.05875,20.9975,20.131,19.99,18.91725,19.192,17.26825,783.975,156.465,523.8725,403.4975,507.6325,10.36825,9.386,9.57275,98.51,5.7975
5,10.5,5.6015,0.0274999999999977,0.746,268.375,354.15,417.617,419.218,419.9575,420.93875,28.743,29.187,30.6475,33.18625,96.5325,96.75,96.375,98.9,27.61775,24.0805,21.958,20.4785,26.995,23.75125,22.392,21.0025,20.177,18.8795,19.15175,17.2615,903.8,180.135,613,408.2625,532.33,10.56325,9.48799999999998,9.8385,98.5,5.405
5,11.5,5.77975,0.1,0.747974999999999,311.6875,391.8775,415.842,417.594,418.705,419.379,30.605,30.91,32.3725,35.625,95.53,95.96,95.735,98.2,30.282,26.104,23.484,20.96925,29.43375,25.4225,23.8475,21.84,20.15,18.916,19.15125,17.256,985.15,194.105,666.7125,413.105,550.975,10.9875,10.072,10.16,98.45075,5.7
5,12.5,5.4135,0.1,0.808,319.0975,410.055,414.61,416.58375,417.27,418.16,31.982,32.4565,33.71525,36.652,96.3,96.29,94.505,98.0125,31.84375,27.6145,24.5915,21.974,31.20525,26.999,24.97675,22.807,20.2325,19.012,19.17025,17.2535,1001.41,198.1,674.6325,416.935,559.835,11.21275,10.09925,10.3695,98.38,5.403
5,13.5,5.26999999999999,0.1,0.81625,291.7375,396.0075,413.63375,417.5225,417.81425,418.741,32.917,33.343,34.30875,37.284,95.46,95.8,94.6325,97.6,32.455,28.7375,25.4825,22.53175,32.1375,28.3165,26.191,23.505,20.354,19.146,19.21,17.238,971.475,190.075,648.35,419.21,557.57,11.603,10.554,10.62825,98.33,5.405
5,14.5,5.38449999999998,0.1,0.77005,271.035,348.7625,413.17675,416.026,417.008,417.484,33.2865,33.7435,34.8045,37.2165,95.4,96.0625,95,97.5425,32.438,29.128,26.3275,23.04,31.825,28.806,26.8775,24.026,20.532,19.294,19.2795,17.242,880.52,171.305,569.18,423.17,553.625,11.6285,10.64825,10.86375,98.28125,5.38049999999999
5,15.5,4.60599999999999,0.2,0.768,229.45,289.0725,413.3675,416.608,417.669,417.6675,33.323,33.51925,34.528,36.7705,95.97,95.9325,94.8,97.3125,31.93,28.89,26.67975,23.647,31.633,28.891,27.313,24.46,20.81925,19.46375,19.36875,17.2535,744.7,144.805,469.875,419.925,539.4,11.441,10.45825,10.54225,98.24025,4.69499999999999
5,16.5,4.6255,0.2,0.762375,208.115,198.68,413.48875,415.9125,416.33975,416.968,33.118,33.31625,34.03175,35.7175,96.0325,96.76,95.865,97.935,30.248,28.30675,26.6025,23.911,30.492,28.56525,27.3035,24.8425,21.316,19.629,19.473,17.2715,563.7375,108.9375,335.77,417.755,519.605,11.253,10.28275,10.54375,98.21,4.6
5,17.5,3.88875,0.2,0.70185,134.925,108.765,413.559,416.1,417.197,417.177,31.993,31.9585,32.4495,33.3675,95.765,96.26,95.665,98.0325,28.35875,27.48525,26.2075,24.0185,28.81,27.85,26.81,24.975,21.66325,19.80125,19.585,17.3,367.11,73.075,193.1,416.465,492.315,10.8075,9.9655,10.04375,98.2,3.97
5,18.5,4.445,0.3,0.65,93.3799999999996,32.28,413.99,417.03125,418.3745,420.3985,30.554,30.433,30.5125,30.86,96.7325,96.69,95.43,97.8,26.7355,26.185,25.245,23.857,26.95225,26.69,25.965,24.765,21.927,19.94125,19.69,17.33,171.32,36.8,53.74,409.54,470.245,9.92275,9.09925,9.18275,98.18,4.58249999999999
5,19.5,5.515,1.1,0.606449999999999,65.7575,21.03,418.06,422.73175,437.42925,460.679,28.388,27.969,27.815,27.05625,96.6274999999999,97.1,95.8125,98.5125,24.96675,24.9885,24.39075,23.501,25.14,25.278,24.8635,24.38475,22.075,20.01025,19.715,17.36,29.9125,7.04,-1.6525,406.88,448.25,9.111,8.328,8.38825,98.22,5.75500000000001
5,20.5,8.90649999999999,1.9,0.603799999999999,49.7674999999999,21.4549999999999,431.824,442.692,488.859,528.5555,26.476,26.135,25.83875,25.26,97.9,98.765,97.1,98.7,23.895,23.89325,23.631,22.947,23.8,24.1315,24.027,23.962,22.104,20.06475,19.83,17.39,0.327499999999998,2.9,-2.44250000000001,404.8375,437.6125,8.75625,7.982,8.09825,98.2605,9.78999999999999
5,21.5,11.715,1.7725,0.65365,70,31.7249999999998,447.23875,460.1,536.6935,572.456,25.83,25.484,25.25875,24.53,99.465,99.8325,97.3,99.7,22.78675,23.389,22.84675,22.4395,22.7955,23.2335,23.168,23.40425,22.07375,20.097,19.93475,17.42,0.427499999999998,3.1475,-2.94250000000001,401.1375,431.2,8.9565,8.177,8.18825,98.3005,12.3225
5,22.5,13.09175,1.5725,0.65545,67.6349999999998,35.6949999999997,459.924,472.142,553.312,592.592,24.647,24.4325,24.425,23.55,99.8,99.9,98.1375,99.7,22.195,22.65425,22.278,22.1655,22.1465,22.479,22.567,22.8405,21.99025,20.0505,19.96,17.46,0.5,3.1,-2.5,399.45,427.15,8.66275,7.844,8.05475,98.31025,13.4
5,23.5,10.63,1.5,0.58505,53.7875,14.6,469.114,486.79875,569.86775,612.34275,24.15,23.68325,23.68875,22.90275,99.8,99.9,98.835,99.8,21.5005,21.93425,21.87075,21.91475,21.55,21.9455,22.0835,22.41,21.87675,19.953,19.96,17.49,0.5,3.2,-1.69000000000001,398.72,424.9375,8.48549999999999,7.6855,7.84025,98.34,12.3225
6,0.5,15.62175,2.4,0.567199999999999,71.8374999999995,11.605,526.83125,586.19875,708.71025,762.07625,26.939,26.801,26.53975,26.0495,99.5925,99.9,98.875,99.9,26.01,26.5415,26.3725,26.97,26.11,26.81175,27.38925,27.34925,27.2605,25.46175,25.886,23.285,0.4875,3.0975,-5.4,415.15,447.71,7.4305,6.614,6.61,98.1325,17.9855
6,1.5,16.5415,2.3375,0.560399999999999,57.88,12.53,565.6215,596.6125,718.808,777.227749999999,26.40975,26.20825,26.027,25.40975,99.8,100,99.4,99.9,25.548,25.98275,26.0435,26.6695,25.71875,26.39525,26.7885,26.8885,26.9915,25.38175,25.83,23.315,0.3875,3,-3.96,413.9125,443.72,7.25799999999999,6.474,6.486,98.129,17.12
6,2.5,20.4485,1.9,0.59745,54.11,9.3,566.833,615.562,713.6515,746.832999999999,25.879,25.57,25.439,24.97975,99.9,100,99.6,100,25.24825,25.621,25.70525,26.39,25.3845,26.02925,26.279,26.55825,26.7165,25.28175,25.7595,23.345,0.6875,3.1,-4.1,413.4125,441.36,7.787,6.8565,6.79199999999999,98.146,21.41675
6,3.5,17.70875,2.1,0.589599999999999,65.3349999999999,9.62499999999998,557.45125,605.0675,731.64,753.9815,25.4095,25.10875,24.98,24.43875,99.9,100,99.695,100,24.9795,25.2,25.399,26.11,24.97525,25.6705,25.889,26.24925,26.5745,25.1735,25.669,23.365,0.4875,2.9,-3.32,410.2625,438.39,7.457,6.60325,6.87599999999999,98.17025,20.7824999999999
6,4.5,16.2595,1.955,0.57,69.5325,7.1,568.882,626.66,732.775,782.098,24.809,24.35925,24.3895,23.8,99.9,100,99.7,100,24.61,24.8045,25.015,25.84,24.539,25.274,25.429,25.92875,26.411,25.08,25.559,23.395,2.1,3.2,-2.98000000000001,409.6,435.09,7.134,6.10524999999999,6.376,98.18025,18.42
6,5.5,16.4465,1.1,0.533775,83.9199999999998,14.6599999999999,573.79775,588.57,661.328,666.4,24.5,24.30875,24.22775,23.8895,99.9,100,99.7,100,24.3415,24.5355,24.67,25.61,24.40825,25.00225,25.05925,25.49925,26.1285,24.99175,25.4455,23.42,67.9925,23.8975,23.53,410.12,437.32,7.085,6.3665,6.398,98.17,16.12
6,6.5,18.6275,0.2,0.55275,112.5225,45.7725,516.4255,511.9265,517.072,518.03325,25.53825,25.39925,25.6085,25.668,99.8,99.9,99.59,99.8,24.58,24.70075,24.5775,25.38,24.70775,24.947,24.9095,25.23925,25.918,24.87525,25.3155,23.445,235.025,53.5975,119.7325,414.1125,450.69,7.6125,6.844,6.88,98.23025,16.2675
6,7.5,8.30999999999998,0.1,0.64235,166.4375,117.1775,455.58,452.762,455.74475,457.695,27.0195,27.02,27.3795,28.3175,98.985,99.895,98.0925,99.895,25.76025,25.05025,24.7325,25.25,25.56,25.162,25.0195,25.0895,25.745,24.78175,25.189,23.445,430.7075,88.285,261.215,415.6075,472.58,8.1895,7.41825,7.614,98.25675,7.5175
6,8.5,6.34399999999997,0.1,0.685,240.595,194.77,433.9975,436.0085,436.835,440.354,28.699,28.8305,29.4785,30.949,98.3,98.8,97.095,99.8,28.2435,25.72,25.1325,25.22825,27.87,26.224,25.73775,25.269,25.634,24.64525,25.0625,23.445,620.3925,121.9,409.545,415.3525,500.85,8.8785,8.11099999999999,8.293,98.25675,6.4
6,9.5,6.77749999999998,0.1,0.698225,309.5625,270.83,416.5425,419.9,418.90925,419.22,30.35775,30.69675,31.5355,34.03175,97.07,97.785,95.57,99.8,32.47675,27.36,26.127,25.4715,30.44,27.732,26.81825,25.6695,25.554,24.5635,24.94875,23.43375,787.225,151.2,541.7975,417.915,529.94,9.3675,8.54125,8.5665,98.23675,6.46899999999999
6,10.5,4.3415,0.1,0.717625,369.3575,322.4125,411.11875,414.8425,415.528,416.198,31.8195,32.18,33.177,36.50025,94.98,96.87,95.16,99.7975,35.51,29.3945,27.57,26.0395,33.34,29.57625,27.98925,26.32975,25.6115,24.53,24.87625,23.42325,908.555,172.3,638.04,425.155,552.29,9.395,8.646,8.71,98.214,4.4
6,11.5,4.242,0.1,0.711,406.75,355.22,407.592,411.337,411.588,411.953,33.3095,33.5885,34.75925,38.111,93.67,93.68,91.59,98.02,38.99,31.5065,29.04875,26.7895,36.111,31.518,29.66,27.16,25.78125,24.46275,24.8565,23.41,985.0425,186.7075,699.17,432,566.11,9.73625,8.914,9.104,98.19675,4.1
6,12.5,3.70925,0.1,0.747775,418.785,359.61,405.28,409.275,408.9085,409.1435,34.1785,34.5755,35.7895,39.07,92.39,92.99,91.56,97.205,40.54425,33.14625,30.5965,27.72825,37.66025,33.108,30.968,28.239,26.0245,24.552,24.89025,23.395,1009.18,190.8,713.37,437.055,576.44,10.07125,9.12,9.16925,98.156,3.6
6,13.5,4.12975000000001,0.1,0.769,412.4,355.88,404.525,408.2375,408.204,408.374,34.68,35.159,36.314,39.828,91.385,90.1799999999999,88.6775,96.3075,42.6795,34.5445,31.377,28.5985,38.472,34.19525,32.0355,29.1475,26.39,24.7015,24.97125,23.375,976.475,183.9,687.7225,442.1275,577.89,10.178,9.266,9.33,98.116,3.98
6,14.5,3.8115,0.2,0.76375,390.17,314.05,404.027,407.626,407.032,407.3105,35.24775,35.608,36.57,39.664,89.38,87.52,88.39,94.89,42.952,35.14,32.21,29.41825,38.83325,35.228,32.89,29.96325,26.722,24.822,25.1025,23.36225,890.935,167.5975,630.545,442.8225,572.125,10.0985,9.363,9.38,98.08,3.69875
6,15.5,4.178,0.3,0.7646,351.475,258.18,403.969,407.85225,408.42,407.87075,35.57275,35.802,36.3955,39.243,88.21,88.37,86.1,92.9,41.25925,34.77,32.33725,29.9765,38.41,35.381,33.308,30.54,27.15,24.947,25.2175,23.3395,760.49,142.4,531.3575,441.445,563.325,9.969,9.205,9.22,98.052,4.2
6,16.5,4.27,0.3,0.73995,284.4025,189.25,403.1845,408.168,408.59,408.4825,35.1585,35.474,35.827,38.0785,88.7925,89.6925,88.0925,96.3925,37.91575,33.9895,32.077,30.295,37.0595,34.941,33.3635,30.85325,27.59,25.125,25.346,23.3325,598.375,112.29,397.44,441.45,544.125,9.991,9.139,9.19,98.03625,4.68775000000001
6,17.5,4.46,0.4,0.693,203.835,112.69,404.30425,408.00275,408.2205,410.14675,34.6595,34.6385,34.84,36.4085,92.7475,92.3874999999999,91.4,97,35.03875,32.7275,31.534,30.0275,35.23,33.89875,33.12025,30.77775,27.978,25.269,25.544,23.32825,406.8275,78.7,241.12,437.0125,522.075,9.45,8.679,8.75,98.01575,4.78499999999999
6,18.5,6.0195,0.5,0.667,122.4525,38.3249999999999,406.9135,409.54125,412.4375,414.8775,33.3585,33.23625,33.2085,33.838,92.84,93.35,91.7925,97.595,32.5795,31.53925,30.688,29.74,32.7185,32.4105,32.1265,30.577,28.2565,25.383,25.752,23.3355,206.6,45.595,89.1625,430.9375,497.275,8.828,7.97,8,97.99575,6.18499999999999
6,19.5,8.63,1.73,0.592024999999999,65.4625,14.9,412.254,418.4715,434.5585,456.545,31.25825,30.9365,30.6955,30.52725,94.185,94.66,93.4,98.7775,30.5975,30.3515,29.683,29.38625,30.736,30.9975,30.91,30.1765,28.3465,25.453,25.95,23.347,52.5975,12.7,-1.175,429.9525,475.65,7.788,7.1585,7.49,98.024,9.31875
6,20.5,14.5430000000001,4.2,0.5718,57.125,11.37,432.5515,452.284,541.5265,614.268,29.66825,29.28775,28.9395,28.36925,94.68,95.99,95.07,99.09,29.0625,29.37,28.84025,28.95175,29.4385,29.87375,29.9785,29.607,28.28725,25.523,26.122,23.37,1.285,2.8,-8.025,422.33,461.7,7.65025,6.771,6.77,98.09725,18.4375
6,21.5,14.21125,3.9475,0.611475,63.5099999999999,9.98500000000005,457.08025,500.094,661.571249999999,725.87825,28.74,28.35825,28.1075,27.3985,95.57,97.9925,96.69,99.6,28.08,28.45,28.107,28.4905,28.2625,28.9115,29.208,29.0275,28.12,25.546,26.24625,23.3935,0.8,3.2,-7.625,420.0625,457.225,7.7325,6.75,6.84,98.17575,16.5579999999999
6,22.5,15.1685,3.1,0.616374999999999,58.2549999999999,10.5125,488.723,547.515,690.753,755.555,28.069,27.86,27.5375,27.02925,96.58,99.05,97.79,99.7,27.329,27.81975,27.594,28.062,27.419,28.133,28.5585,28.524,28.05,25.5515,26.31125,23.4335,0.670000000000004,3.2,-6.765,417.025,454.1,7.69875,6.85,6.85,98.173,18.7125
6,23.5,16.1062499999999,2.7,0.5884,52.21,9.5,512.43125,573.77,719.865999999999,781.577,27.6255,27.3155,27.21875,26.5185,98.2,99.78,98.67,99.7,26.69,27.19025,27.15175,27.5885,26.8,27.473,27.99,27.938,27.93,25.523,26.3225,23.4835,0.585000000000002,3.2,-6.39499999999999,416.35,451.15,7.46300000000001,6.67675,6.89,98.184,17.35
7,0.5,16.9275,4.3,0.5709,48.16,7.6675,624.258,719.196,878.009,932.141499999999,27.071,26.5615,26.0505,25.8605,99.8,100,99.8525,100,27.01,27.5,27.834,27.57625,27.32,27.73375,28.2275,28.3395,28.682,25.63275,27.7245,26.12725,0.352499999999998,2.9,-5.68,423.2525,447.805,5.60625,4.67475,4.919,98.0675,17.80225
7,1.5,21.55125,4.69499999999999,0.533975,77.7999999999997,6.98000000000003,639.070999999998,722.825,897.661,929.276,26.6365,26.181,25.7375,25.345,99.8,100,99.9,100,26.6405,27.1495,27.551,27.34725,26.8705,27.34825,27.809,27.93,28.471,25.5435,27.674,26.1425,0.4,3.2,-4.86999999999999,422.0525,444.4575,5.117,4.37,5.084,98.07,26.2530000000001
7,2.5,20.21,3.66499999999999,0.498025,69.77,6.055,680.142,770.275,894.7935,906.41275,26.303,25.9595,25.6295,25.1175,99.9,100,99.9,100,26.25575,26.836,27.24075,27.029,26.5605,27.01375,27.356,27.511,28.25525,25.46375,27.60375,26.17425,0.5,3.2,-4.79250000000001,422.6575,444.3,4.839,4.14875,4.606,98.08,21.977
7,3.5,24.26725,4.5875,0.46825,47.84,5.9,675.5975,791.585,901.3,914.884,25.8365,25.4355,25.0875,24.773,99.9,100,99.9,100,25.97,26.4185,26.9075,26.8165,26.26525,26.6755,27.02925,27.202,28.04525,25.4035,27.5135,26.37575,0.3,3.2,-3.7075,421.205,441.205,4.856,4.08375,4.51,98.14425,25.2875
7,4.5,20.25,3.49499999999999,0.455,57.115,6.32,680.21,781.825,932.986,945.4925,25.263,24.843,24.3965,24.1805,100,100,99.9,100,25.66,26.129,26.631,26.63,25.93825,26.4,26.8685,26.902,27.84575,25.34325,27.42275,26.4205,1.1,3.1,-2.97000000000003,419.805,438.605,4.6535,3.82575,4.236,98.13775,22.5
7,5.5,24.6875,2.49,0.47395,54.0599999999999,7.96,683.7715,765.030999999999,903.719999999998,900.507499999999,24.98025,24.55075,24.1045,23.8315,100,100,99.9,100,25.4205,25.85875,26.3705,26.36325,25.694,26.193,26.619,26.664,27.65625,25.29225,27.322,26.4475,54.325,20.5,14.8525,419.61,437.9525,4.699,3.98,4.331,98.18775,26.80225
7,6.5,27.1952499999999,0.3,0.52,93.8999999999999,31.3875,610.99,620.0805,642.5025,639.555,25.79,25.514,25.17,25.012,99.9,100,99.9,100,25.5805,25.78,26.161,26.1465,25.71575,26.076,26.3785,26.5065,27.47675,25.241,27.2405,26.4635,212.2,53.6525,110.475,421.9675,447.3575,4.9895,4.172,4.561,98.18325,24.8
7,7.5,10.7295,0.0649999999999977,0.5904,177.04,77.4,485.7375,476.706,487.9475,495.098,27.75,27.568,27.64,27.85,99.8,99.86,99.62,100,26.581,26.009,26.1715,26.10075,26.24525,26.313,26.34,26.4055,27.32525,25.18025,27.1505,26.41225,395.46,82.1575,242.13,423.205,461.505,5.501,4.7305,5.34975,98.228,7.9
7,8.5,1.49,0.1,0.635675,273.72,120.3,442.034,440.06125,445.737,446.51375,29.28875,29.39725,29.568,30.93875,98.855,99,97.9,99.8,27.7475,26.434,26.511,26.105,28.37,27.106,26.701,26.392,27.22625,25.09175,27.0605,26.4955,583.19,110.6,398.585,425.5,479.415,6.0465,5.1855,5.76,98.26875,1.5
7,9.5,-0.0472500000000025,0,0.653575,372.52,160.76,425.855,422.144,426.1235,426.57,30.95325,30.92175,31.34725,33.98575,95.4,97.515,95.4575,99.8,30.13,27.38625,27.026,26.2755,30.997,28.836,27.53375,26.5955,27.18525,25.0915,26.9515,26.4525,746.8125,136.12,533.2,428.3575,498.42,6.5915,5.58575,6.425,98.217,-0.4
7,10.5,-1.716,0,0.67665,455.9875,194.6,408.909,408.1635,407.50125,406.73,32.283,32.213,32.9455,36.941,94.505,96.275,93.71,99.2,32.80625,28.838,27.835,26.53,32.8285,29.885,28.66875,27.07875,27.212,25.15,26.88225,26.4515,875.77,156.0525,641.0925,429.7525,513.5725,6.952,5.97,6.394,98.2195,-2.01500000000001
7,11.5,-1.58875,0.2,0.6965,510.49,216.165,398.9765,401.1785,401.2275,400.615,33.3305,33.43625,34.5425,38.882,91.9575,94.61,92.155,98.5625,35.9,30.59875,29.234,27.121,35.424,31.34,29.64,27.81325,27.3865,25.181,26.87125,26.1945,957.3,164.6525,708.78,435.6625,526.7825,7.121,6.261,6.4945,98.2325,-1.6985
7,12.5,-2.86,0.2,0.7,536.25,219.815,393.968,396.01,394.08675,394.7355,34.3915,34.44,35.635,40.0775,90.4575,92.82,89.81,97.855,37.288,32.0565,30.4815,27.814,38.654,32.967,30.9435,28.7385,27.516,25.21025,26.871,25.995,988.285,168.2625,734.17,440.1525,537.515,7.2855,6.431,6.6135,98.1625,-2.7
7,13.5,-2.94075000000002,0.3,0.6885,538.135,223.1,389.9775,393.16875,390.86,390.80175,35.3625,35.22575,36.533,40.3625,87.7,89.365,88.5525,96.02,40.17,33.33,31.323,28.5,38.9385,34.38575,32.27125,29.7715,27.60725,25.21175,26.84,25.96125,955.84,163.2525,709.52,444.4725,541.045,7.39699999999999,6.39149999999999,6.86625,98.13,-2.46750000000001
7,14.5,-1.91799999999999,0.369999999999993,0.692,503.185,183.7,387.59425,392.85375,389.91575,389.538,36.0005,35.88875,36.68675,40.2635,86.61,88.22,86.93,94.62,41.2025,34.4125,31.976,29.13,39.813,34.8195,32.93175,30.55,27.901,25.2915,26.96,25.9285,877.95,153.405,643.75,444.5575,536.205,7.2355,6.351,6.73625,98.08,-1.44499999999999
7,15.5,-1.27300000000005,0.5,0.679,435.0125,150.015,386.7885,389.289,387.1025,387.95975,36.15725,36.0905,36.76575,38.93525,86.31,87.165,86.52,94.705,38.2115,33.6925,32.302,29.58175,38.766,34.94925,33.2645,31.216,28.3095,25.43025,27.05025,25.8925,750.22,133.005,540.62,446.0525,528.9675,7.134,6.323,6.45125,98.0435,-0.983000000000021
7,16.5,-0.114000000000005,0.7,0.654675,340.7,100.8325,385.93325,390.38475,390.16,392.255,35.723,35.6915,36.001,37.603,85.82,87.82,87.755,94.1,35.892,32.95475,32.0605,29.742,37.59875,34.903,33.316,31.5745,28.643,25.53025,27.18,25.9095,586.985,108.705,400.7075,445.8525,517.5575,6.9315,5.98,6.355,98,0.1
7,17.5,2.75824999999999,0.7,0.585,248.165,54.2,390.53925,393.09925,396.415,399.84475,35.2865,34.973,34.8275,35.4855,87.555,89.085,88.92,94.285,33.97,31.96125,31.5245,29.578,35.73175,34.213,32.97,31.6275,28.9215,25.601,27.31,25.9225,397.41,80.1525,245.805,443,505.5675,6.37725,5.50174999999999,5.77375,97.964,3.1
7,18.5,4.542,1.0775,0.5275,139.3,16.0999999999999,397.33,398.47925,410.456,405.367,33.7755,33.322,32.6465,32.4355,89.075,91.255,92.065,96.055,32.33925,31.152,31.1205,29.41075,33.2835,32.912,32.1925,31.2205,29.22675,25.66175,27.42,25.82825,203.6,47.4,90.52,438.3725,489.3575,5.7735,4.843,5.3425,97.95,5.1725
7,19.5,10.54075,3.5,0.483,67.5575,5.5,415.4405,420.10525,457.922,463.1145,31.412,30.59,29.813,29.6755,92.31,95.21,95.455,98.6,30.9205,30.268,30.4315,29.19,31.37625,31.46,31.184,30.702,29.36575,25.72175,27.52,25.88775,48.7525,12.9,-1.2,432.5775,471.0525,5.1935,4.3405,4.57125,97.9525,11.89725
7,20.5,14.7245,7.8,0.493825,46.1175,10.82,451.74375,517.1825,625.43,668.431,29.751,28.7355,28.041,27.821,95.8,98.6875,98.155,99.7,29.4755,29.5835,29.732,28.89,29.695,30.407,30.443,30.071,29.361,25.7705,27.61,25.972,0.554999999999995,2.51999999999999,-10.04,427.755,460.2,4.96799999999999,4.17,4.62625,97.99,20.895
7,21.5,17.5724999999999,5.7875,0.4923,47.26,8.13999999999996,497.32825,589.6625,725.488,810.331,28.6905,28.11675,27.42625,27.12575,96.505,100,99.255,99.9,28.5755,28.794,29.04375,28.494,28.85675,29.34,29.6765,29.6065,29.26675,25.8,27.69,26.03,0,2.9125,-7.5625,424.995,456.255,5.02225,4.17125,4.81125,98.0445,21.4999999999999
7,22.5,16.46875,5.36499999999999,0.506899999999999,39.735,6.3,536.3165,665.84125,829.013,852.91075,28.27675,27.7305,27.112,26.6805,97.9,100,99.7,99.9,27.93775,28.256,28.494,28.127,28.21825,28.672,28.9775,29.1075,29.102,25.76125,27.73,26.058,0.1,2.70749999999999,-6.57750000000002,424.7525,453.625,5.0895,4.46,5.1275,98.04,19.27925
7,23.5,20.9155,4.18249999999999,0.517,49.4,5.24250000000001,582.923,682.01875,842.444,914.454000000001,27.5555,27.13,26.59575,26.3255,98.5525,100,99.8,100,27.42575,27.84,28.11125,27.80725,27.711,28.073,28.50125,28.6235,28.89725,25.702,27.74,26.1,0.152499999999998,2.725,-6.07,424.565,451.1775,5.499,4.6085,4.99,98.06725,23.82
8,0.5,21.5,4.5,0.502525,56.1799999999999,7.90499999999997,613.11,732.18875,929.38925,964.516499999999,26.2605,25.762,25.09575,24.83525,99.8,100,99.9,100,25.961,26.229,26.34875,26.14475,25.9875,26.267,26.354,26.35125,27.23975,24.393,26.512,24.34625,0.452499999999998,2.8,-2.685,419.1675,443.4675,4.9125,4.0345,4.23775,98.08625,23.6175
8,1.5,18.0355,3.8,0.50025,60.665,8.765,651.296,762.96575,956.04425,985.28,25.63525,24.94575,24.36,24.54575,99.9,100,99.9,100,25.68525,25.94725,26.1265,25.9695,25.724,26.03,26.107,26.08,27.039,24.36275,26.474,24.35275,0.452499999999998,2.9,-2.28,420.9725,439.8,4.4115,3.568,3.9655,98.07675,19.5
8,2.5,21.203,4.135,0.5191,57.0275,7.56999999999999,660.14175,761.46725,986.9895,999.728,25.26675,24.72,24.20625,24.1615,100,100,99.9,100,25.4705,25.65,25.87625,25.79425,25.4715,25.8,25.91625,25.9405,26.83825,24.33225,26.45875,24.3645,0.5,2.9,-1.7825,420.0075,437.3675,4.644,3.7735,4.29049999999999,98.08,24.92
8,3.5,21.4299999999999,3.7425,0.4907,54.5749999999999,5.70499999999997,665.551,761.88,994.011,1024.465,24.6915,24.19525,23.7305,23.8615,100,100,99.9525,100,25.136,25.436,25.6945,25.60275,25.09675,25.533,25.6925,25.814,26.482,24.282,25.8455,24.325,0.952499999999998,2.8,-1.1825,418.635,435.435,4.6335,3.56,4.14775,98.08025,23.39
8,4.5,26.6705,4.25,0.491225,55.91,7.88499999999998,683.0615,790.65,1036.588,1041.81,24.3905,23.95575,23.58025,23.5225,100,100,100,100,24.8475,25.16725,25.42875,25.4475,24.9705,25.227,25.43,25.63675,26.348,24.232,25.8065,24.325,0.5,2.7025,-0.960000000000014,422.04,435.7725,4.1355,3.3275,3.7885,98.08725,29.1075
8,5.5,21.2415,3.58999999999999,0.5126,64.475,5.09999999999995,703.2725,825.419,953.4535,960.530499999999,24.05775,23.6,23.3415,23.35525,100,100,100,100,24.684,24.9845,25.2715,25.25425,24.85,25.116,25.2475,25.5135,26.152,24.18175,25.7675,24.34125,19.88,9,1.81999999999998,420.375,433.1025,4.54425,3.70525,4.20775,98.13,25.80375
8,6.5,26.996,0.85,0.53195,89.9999999999999,22.49,688.849749999999,758.694,817.44075,806.092249999999,24.7215,24.38525,24.13525,23.86625,100,100,99.9575,100,24.5965,24.85,25.1025,25.0895,24.8505,24.987,25.129,25.351,25.944,24.121,25.7185,24.3475,147.045,44.3025,76.68,422.8475,437.3025,4.7335,3.74175,4.09875,98.1945,33.4
8,7.5,14.2,0.1,0.58225,153.24,56.575,557.244,558.3475,569.03025,569.2,26.5105,26.17675,26.203,25.58675,99.9,100,99.8,100,24.8755,24.882,25.039,25.0075,25.184,25.103,25.169,25.2125,25.758,24.04075,25.6695,24.35375,335.1325,78.27,200.4775,421.635,448.9025,4.9735,4.012,4.68325,98.2125,9.72500000000001
8,8.5,5.144,0,0.6387,258.55,104.415,485.0775,486.107,492.5855,485.10125,28.481,28.3325,28.1625,28.092,99.8,99.9525,99.255,100,25.593,25.1235,25.13,24.977,26.16875,25.643,25.4085,25.25025,25.632,23.96125,25.6115,24.35,524.055,112.4025,346.1775,421.37,462.8475,5.63624999999999,4.63599999999999,5.20425,98.214,3.825
8,9.5,-1.453,0.0975000000000023,0.672375,355.78,147.28,445.6035,446.606,451.7705,445.6205,29.7815,29.73575,30.2425,30.90975,99.0575,99.5525,98.2,100,26.66325,25.635,25.44875,25.09475,27.65375,26.39325,25.6595,25.40025,25.592,23.93125,25.5635,24.35,695,140.17,487.3,425.035,476.335,5.991,4.9915,5.5185,98.22625,-1.6325
8,10.5,-3.776,0.1,0.713625,451.95,170.3575,421.996,421.4975,424.0855,425.2425,31.32725,31.37525,32.25575,33.37875,96.8625,99.2575,96.265,100,28.37875,26.469,26.01725,25.3685,28.295,27.16125,26.12725,25.587,25.596,23.93,25.54,24.34,826.415,160.8025,603.42,428.11,487.0675,6.38675,5.33625,5.52775,98.192,-4.035
8,11.5,-6.214,0.1,0.733575,512.1,182.8,405.25775,404.243,409.94,405.66875,32.95025,32.93625,33.71575,35.03775,93.7725,97.2675,94.82,99.96,30.589,27.456,26.65,25.67425,29.14075,28.0285,26.63975,25.994,25.6455,23.872,25.52725,24.32425,906.52,171.105,674.4,431.9375,496.3675,6.66575,5.55525,5.75325,98.163,-6.3475
8,12.5,-4.81500000000001,0.2,0.732174999999999,550.18,186.55,397.90475,397.18225,407.432,403.049,34.01675,34.07775,35.0585,36.422,92.7725,95.3,94.6575,100,32.556,28.604,27.44575,26.136,31.111,28.846,27.19,26.44,25.739,23.87325,25.5345,24.304,938.2,173.27,702.05,436.8,504.2025,6.5705,5.462,5.711,98.12575,-4.48000000000002
8,13.5,-7.665,0.3,0.722575,544.145,170.1925,396.10625,395.8345,400.89,399.7135,34.77525,34.74575,35.9105,37.54075,89.6525,93.4525,93.4725,100,33.415,29.666,28.3905,26.436,31.643,29.9785,28.139,26.76325,25.884,23.90425,25.5385,24.288,912.57,169.0025,676.83,442.435,508.335,6.68625,5.47575,5.88975,98.09,-6.21900000000013
8,14.5,-3.64799999999999,0.3,0.70975,503.61,143.01,390.56125,392.0145,397.0745,393.845,35.29775,35.2045,35.5555,37.08125,86.01,88.6625,89.96,99.915,33.90625,30.03525,28.955,26.816,32.35125,30.4825,28.39925,27.33725,26.056,23.99425,25.563,24.2685,827.145,156.87,608.1625,443.6025,508.135,6.6305,5.5855,5.9975,98.06,-3.8575
8,15.5,-1.33000000000004,0.685000000000002,0.71165,433.7125,106.46,391.0055,393.227,402.823,400.772,35.5015,35.301,35.27025,36.351,84.8,89,90.28,99.8575,33.07175,29.964,29.18625,27.172,32.047,30.893,29.1865,28.08475,26.27,24.08425,25.613,24.24375,696.135,137.635,497.17,441.9375,503.9375,6.371,5.3555,5.632,98.02,-1.51999999999998
8,16.5,3.1245,0.7,0.66925,342.9275,59.3174999999999,392.7025,395.615,415.636,410.205,35.20525,34.94575,34.8815,34.76875,89.2525,92.8525,91.7,99.955,31.714,29.5455,29.13625,27.292,32.22875,31.059,29.405,28.419,26.486,24.17425,25.683,24.23,533.65,109.835,363.14,442.0375,498.5025,6.21575,5.15525,5.54425,98.011,3.305
8,17.5,7.24375,1,0.6061,213.055,25.615,398.4745,401.875,430.333,423.2815,34.67025,34.251,33.8815,33.25725,91.4,94.6525,94.7,100,30.5515,29.111,28.803,27.272,31.248,30.645,29.392,28.6275,26.652,24.25425,25.773,24.244,345.6725,75.105,201.5075,439.28,490.8025,5.8275,4.8225,5.34625,97.991,8.08999999999999
8,18.5,9.432,2.1,0.527625,111.6525,5.18750000000006,402.465,410.9735,453.17,456.5525,32.8705,32.2305,31.6615,30.913,92.615,95.3675,96.055,100,29.5135,28.6425,28.44575,27.238,29.46375,29.564,28.90025,28.486,27.95025,24.305,26.27,24.243,149.0375,38.235,52.9375,433.2125,478.4675,5.05775,4.151,4.57,97.96625,10.44
8,19.5,14.30925,6.625,0.5457,70.4699999999997,8.10999999999999,429.66125,465.397,622.9345,651.692,30.24625,29.57625,28.861,28.4505,94.9,98.4525,98.2,100,28.542,28.14025,28.0755,27.127,28.48075,28.647,28.29175,28.155,27.984,24.39375,26.37675,24.253,19.56,5.7,-3.9075,427.07,462,4.667,3.69725,4.04525,97.96525,16.56
8,20.5,19.5385,7.76499999999999,0.558975,58.975,7.265,476.49,566.59975,807.616,886.5405,28.8455,27.973,27.2645,27.0145,96.7,100,99.2,100,27.66725,27.653,27.5915,26.9935,27.604,27.776,27.81875,27.78225,27.874,24.3655,26.45875,24.264,0.2,2.6,-5.61000000000001,422.71,454.89,4.82,3.73825,4.0355,98.021,21.495
8,21.5,22.12875,5.33,0.523,51.7025,5.3,512.10125,616.978,824.8605,899.6975,27.97025,27.4015,26.7375,26.39475,98.5725,100,99.7,100,27.06,27.1635,27.098,26.78975,26.968,27.30875,27.2255,27.245,27.736,24.3965,26.531,24.28125,0.2,2.8,-5.4825,421.99,451.88,4.83199999999999,3.8,4.31775,98.06575,23.965
8,22.5,18.15625,4.8,0.5117,51.71,7.1,543.74,671.38875,881.424,904.080249999999,27.653,26.7745,26.11725,25.7345,99.4875,100,99.8,100,26.61875,26.8215,26.83,26.5595,26.53175,26.8365,26.83,26.795,27.564,24.417,26.555,24.29125,0.2,2.6,-4.7775,420.8175,448.5,4.8705,4.00125,4.2565,98.07575,18.6
8,23.5,17.356,4.325,0.52825,53.4549999999999,10.425,577.54,716.74625,922.684499999998,958.91,26.81775,26.0615,25.67575,25.28575,99.7575,100,99.9,100,26.296,26.505,26.502,26.3095,26.2075,26.5055,26.576,26.467,27.372,24.4165,26.5545,24.3075,0.4,2.7,-3.475,422.545,445.0725,4.8585,3.99875,4.55875,98.09,17.75
9,0.5,14.27875,3.66499999999999,0.565675,53.0449999999999,6.27499999999993,543.05,626.62,742.829999999999,794.975,24.274,23.858,23.51,23.004,99.96,100,99.9,100,23,23.3,23.529,23.585,22.952,23.2165,23.45,23.602,23.646,22.714,23.261,22.13275,0.2,3.2,-1.6,407.88,433.26,5.12,4.1765,4.46775,98.28,15.5225
9,1.5,15.2015,3.015,0.5486,48.895,6.8,549.77975,645.4765,758.255,818.272,23.808,23.484,23.418,22.804,100,100,99.9,100,22.7425,23.092,23.333,23.425,22.792,22.9565,23.196,23.47,23.576,22.685,23.2365,22.15,0.2,3.1125,-1.37,407.02,430.06,5.2715,4.406,4.67425,98.28,16.5674999999999
9,2.5,16.5315,2.9,0.540575,58.7,6.2875,577.768,672.9225,782.0365,823.215,23.462,22.926,22.418,22.43,100,100,99.9,100,22.47875,22.918,23.116,23.2675,22.634,22.773,23.044,23.3,23.4715,22.654,23.21,22.1445,0.160000000000002,3.1,-1.4,411.82,429.42,5.263,4.37899999999999,4.50775,98.281,17.1875
9,3.5,17.2459999999999,3,0.608524999999999,57.7624999999999,7,593.6,681.346,772.825,807.647,23.016,22.476,22.208,22.004,100,100,100,100,22.21375,22.678,22.9295,23.1025,22.521,22.5665,22.85,23.126,23.38325,22.605,23.161,22.129,0.260000000000002,3,-1.67,409.16,426.62,5.425,4.49825,4.884,98.287,18.0625
9,4.5,12.92,2.4,0.60915,63.36,7.42999999999997,596.583,678.73,769.32525,812.675249999999,22.6625,22.11625,22.0175,21.71875,100,100,100,100,21.975,22.4,22.657,22.9625,22.46,22.393,22.586,22.92,23.296,22.564,23.0965,22.119,0.360000000000002,3.11999999999999,-1.675,407.4,423.8875,5.47,4.602,4.91325,98.297,13.331
9,5.5,14.7449999999999,2.60749999999999,0.604875,48.6349999999999,6.7,598.336,689.624,815.073,838.8745,22.096,21.75375,21.56375,21.553,100,100,100,100,21.93,22.24625,22.494,22.73375,22.233,22.2565,22.484,22.756,23.2045,22.523,23.041,22.11475,1.9,3.2,-1.1,405.0625,423.275,5.22,4.23925,4.5755,98.32,14.8
9,6.5,14.89025,1.8,0.629899999999999,73.5599999999999,13.1,607.631,658.3725,737.9625,762.3125,22.11375,21.824,21.726,21.47125,100,100,100,100,21.8505,22.1325,22.39675,22.57275,22.088,22.0965,22.346,22.576,23.09,22.48,22.99,22.1035,76.43,28.3575,28.865,405.5625,422.175,5.41,4.30725,4.61775,98.35,13.325
9,7.5,20.045,0.1,0.6472,120.6,46.92,538.862,540.9895,542.424,552.368,23.636,23.516,23.148,22.66625,99.9,100,99.9,100,22.0945,22.1375,22.37675,22.41275,22.334,22.1925,22.338,22.464,22.97575,22.411,22.9255,22.08425,258.91,66.5625,149.4625,410.5125,434.775,5.46,4.45525,4.862,98.4045,15.3815
9,8.5,8.40349999999999,0,0.696725,208.46,127.9875,468.77,468.34,468.995,472.64575,25.7775,25.786,26.16,25.21625,99.9,100,99.76,100,22.68575,22.342,22.4005,22.35275,22.844,22.4365,22.404,22.446,22.866,22.36,22.861,22.07475,457.875,103.125,288.075,412.3125,450.36,6.462,5.255,5.741,98.4245,6.84749999999998
9,9.5,5.53749999999999,0,0.766,297.2525,217.3875,438.8975,437.95,438.56425,441.27625,28.156,28.1,28.63175,28.048,98.74,99.9,98.9575,100,23.6215,22.77,22.64,22.4425,23.5945,22.9,22.7215,22.54875,22.774,22.34425,22.811,22.088,630.02,131.3,422.97,415.3875,465.4175,7.07449999999999,5.84899999999999,6.26875,98.4335,5.1
9,10.5,4.48674999999999,0,0.812425,381.7,275.82,428.7705,427.1805,431.1345,428.62875,30,30.12,31.0815,31.32,97.68,98.86,97.3,99.9,24.8645,23.426,23.11,22.6325,24.889,23.688,23.21575,22.7345,22.74875,22.32425,22.761,22.0735,760.645,149.6575,535.5625,418.7025,478.43,7.3815,6.0465,6.49325,98.417,4.3
9,11.5,4.56,0.1,0.845725,447.52,313.9,417.461,418.249,421.6935,419.946,31.544,31.5975,33.02575,33.632,96.62,96.66,96.1,99.7675,26.266,24.254,23.6755,22.8275,26.2745,24.584,23.84,23.0015,22.736,22.3235,22.711,22.0645,849.055,159.6925,611.9325,424.615,494.1725,7.6555,6.2755,6.86425,98.38,4.325
9,12.5,4.57599999999999,0.177499999999998,0.8826,457.9,316.95,413.225,414.16025,416.56,416.33,32.532,32.73625,34.37725,35.156,94.74,95.6875,95.415,99.8,27.4315,24.82625,24.2265,23.165,27.313,25.4465,24.46625,23.358,22.8525,22.345,22.6665,22.04,869.2825,160.115,635.42,427.72,501.5725,7.541,6.301,7.114,98.30675,4.4
9,13.5,4.4465,0.2,0.9068,469.58,303.015,410.6085,411.829,415.39,415.52,33.24575,33.356,34.711,35.66,94.345,95.055,94.065,99.8,28.458,25.61875,24.86,23.562,27.737,26.062,25.126,23.88,22.949,22.49975,22.65525,22.0525,840.3425,154.405,605.45,429.465,504.82,7.93174999999999,6.6065,7.132,98.22625,4.62149999999999
9,14.5,4.20825,0.3,0.892,424.4125,256.25,410.14,411.552,415.3975,415.1705,33.561,33.581,34.6155,35.121,93.92,95.13,93.41,99.7,28.85,26.35725,25.375,23.9,27.565,26.434,25.50125,24.266,23.1385,22.53425,22.66,22.0355,741.075,139.21,522.88,431.51,500.765,7.922,6.4715,7.561,98.186,4.1
9,15.5,4.238,0.3,0.868525,373.05,176.5,408.327,409.5995,414.36125,413.3905,33.60875,33.61725,33.926,33.793,93.7624999999999,95.9575,93.72,99.7,28.4325,26.35875,25.68,24.17,27.39375,26.5665,25.662,24.56,23.3555,22.562,22.7405,22,605.075,119.015,406.225,431.6,495.8575,7.69749999999999,6.362,7.23425,98.1425,4.218
9,16.5,3.955,0.472500000000002,0.80585,274.43,90.2475,407.99425,408.552,418.66075,416.044,33.1785,33.002,32.7575,31.833,94.8049999999999,96.72,94.9725,99.8,27.358,26.162,25.65475,24.33,26.9765,26.355,25.70725,24.6755,23.5155,22.6325,22.8405,21.99425,426.6,88.8725,261.9875,430.61,487.13,7.3975,5.94575,6.694,98.132,4.055
9,17.5,6.13374999999996,0.875,0.70855,159.53,14.25,410.792,412.6195,428.8845,431.93075,31.8765,31.7175,31.2405,29.551,96.055,96.655,95.9,99.8,26.57375,25.6555,25.5115,24.43175,26.254,25.9775,25.5815,24.703,23.6695,22.7225,22.95625,21.99425,225.4175,53.395,101.28,424.485,475.1575,6.61875,5.322,5.69,98.1125,6.35749999999999
9,18.5,9.775,3.3,0.59225,74.4099999999999,5.60999999999999,420.879,434,495.7475,537.708,29.5985,28.9375,28.03,27.291,96.955,99.5,97.5,100,25.8515,25.4055,25.17725,24.45,25.3815,25.475,25.30875,24.6365,23.793,22.801,23.0555,21.9785,53.11,14.12,-0.339999999999998,419.1,457.165,5.6535,4.565,5.14425,98.133,11.20575
9,19.5,11.682,5.4,0.556675,55.225,7.55749999999999,442.54,499.395,625.36475,693.17,27.54,26.5855,25.932,25.2465,97.71,100,98.955,100,24.992,24.9215,24.84025,24.35175,24.69025,24.8175,24.92725,24.51,23.87025,22.86,23.121,21.9725,0.2,2.7,-2.685,414.36,445.955,5.35199999999998,4.3475,4.9165,98.18,13.729
9,20.5,13.12,4.6,0.5952,49.0799999999999,6.66499999999999,473.3215,551.5395,698.3985,743.17525,26.3855,25.7525,25.394,24.4815,99.31,100,99.555,100,24.302,24.416,24.52,24.172,24.253,24.381,24.586,24.37,23.86875,22.861,23.1355,21.9615,0.1,2.805,-2.595,414.6,442.1,5.78999999999999,4.78125,5.02775,98.243,13.74
9,21.5,13.85,3.5125,0.606825,55.3824999999999,8.4,487.75,571.262,705.87375,767.7845,25.79725,25.29575,24.949,24.1275,99.8,100,99.7,100,23.852,24.09875,24.2695,24.03,23.8315,24.04325,24.23875,24.18,23.81,22.84375,23.14,21.96375,0.2,3.1,-2.8,413.43,438.7725,5.66,4.665,5.19425,98.25,14.9
9,22.5,13.86675,3.9,0.564075,57.415,6.85,514.4345,575.224,731.37075,754.73175,25.29575,24.726,24.316,23.58175,99.8575,100,99.8,100,23.468,23.755,23.9705,23.85675,23.442,23.681,23.93575,23.94725,23.76025,22.8045,23.18,21.97425,0.2,3.2,-2.19,412.075,437.445,5.487,4.468,4.762,98.26,15.38
9,23.5,14.19075,3.3,0.580199999999999,55.3899999999999,10.1525,528.27,608.365,756.159,792.179999999999,24.799,24.2655,23.86575,23.26725,99.9,100,99.9,100,23.1825,23.492,23.6635,23.736,23.124,23.385,23.6615,23.743,23.6645,22.7445,23.2,21.98425,0.2,3.1975,-2.2,408.2,435.23,5.131,4.12425,4.5265,98.2765,14.05825
10,0.5,8.552,1.5,0.75095,44.9975,11.76,497.6175,523.47,585.868,613.38375,20.712,20.336,20.3765,19.3255,99.9,100,99.8,100,19.0105,18.911,19.104,19.46325,18.6045,18.758,18.96025,19.1425,19.03625,19.03125,18.92,18.6485,0.4,3,-1.3,389.7725,409.9,6.55249999999999,5.5335,6.87574999999999,98.52975,8.4
10,1.5,8.5275,1.69,0.753,46.7324999999998,12.5625,500.4175,528.858,585.075,625.88375,20.2815,19.96575,20.1275,19.0795,99.9,100,99.9,100,18.56,18.658,18.92325,19.30025,18.465,18.578,18.74775,18.97625,18.97625,18.97875,18.892,18.65275,0.4,3.1,-0.9,389.5475,407.8775,6.7955,5.822,6.6765,98.55,9.46450000000001
10,2.5,8.33099999999999,1.3925,0.731,49.435,9.23,504.105,523.172,579.10875,609.5455,19.928,19.579,19.646,18.8845,99.9,100,100,100,18.4075,18.5055,18.7,19.05525,18.47625,18.48375,18.54725,18.74425,18.866,18.9365,18.83575,18.63425,0.652499999999998,2.9125,-1.075,390.0575,404.86,6.7375,5.5375,6.85975,98.56025,9.73499999999998
10,3.5,10.494,1.5,0.666049999999999,42.8,9.75,505.732,528.8875,589.9675,622.76,19.588,19.30075,19.383,18.35575,99.9,100,100,100,18.33025,18.32475,18.365,18.89175,18.17275,18.1925,18.3025,18.62425,18.7175,18.8805,18.8305,18.6495,0.5,3,-0.885000000000002,392.78,403.74,6.67925,5.9445,6.64325,98.57075,10.7515
10,4.5,9.35399999999999,1.3,0.679199999999999,55.25,9.95,509.941,545.1915,591.12725,615.733,19.158,18.818,18.973,18.15775,99.9,100,100,100,18,18.13975,18.20525,18.674,18.015,17.92625,18.16725,18.57475,18.60725,18.8515,18.8205,18.66475,0.552499999999998,2.9,-0.4875,387.16,402.08,6.912,5.638,7.14175,98.581,9.4
10,5.5,8.81,1.2,0.704024999999999,47.1275,9.6,512.096,541.395,587.202,617.62525,19.132,18.816,18.8375,18.2515,99.9,100,100,100,17.7465,18.0605,18.15875,18.56,17.9675,17.8025,18.112,18.523,18.523,18.7665,18.79525,18.67,0.6,2.705,-0.695000000000005,387.22,403.16,6.768,5.912,6.91175,98.61,8.51025
10,6.5,7.53599999999999,1.0975,0.6875,50.8075,11.31,516.26325,542.6505,588.43675,606.28225,18.776,18.58,18.4945,18.26575,99.96,100,100,100,17.63925,18.013,18.08775,18.412,17.83775,17.74125,17.97625,18.44525,18.42,18.7055,18.74625,18.675,26.6575,12.055,2.34249999999998,388.64,404.72,6.55499999999999,5.474,6.76,98.643,7.27625
10,7.5,12.43125,0.3,0.72825,63.41,44.25,504.109,510.828,519.87,523.59125,19.4415,19.32775,19.1365,18.6795,99.9,100,100,100,17.814,17.94925,17.9675,18.31725,17.8095,17.6875,17.92525,18.29425,18.363,18.653,18.72525,18.66475,179.195,50.68,83.4625,389.36,407.76,7.13625,6.01549999999999,7.3865,98.72,11.507
10,8.5,7.788,0.1,0.8671,110.4875,140.5875,462.97475,463.3345,463.58175,464.848,20.5475,20.54125,20.8375,20.7585,99.9,99.955,99.9,100,18.007,17.9155,18.035,18.23,18.172,17.856,18.005,18.2425,18.33725,18.6105,18.641,18.6595,370.5025,89.46,205.4175,390.8,418.32,8.09875,7.25725,8.52575,98.75,6.6425
10,9.5,6.8185,0,0.961799999999998,141.725,229.9625,438.485,439.006,439.7495,441.5165,22.8915,23.015,23.958,24.3475,99.6575,99.9,99.51,99.8,18.681,18.023,18.162,18.3305,18.82,18.2735,18.14,18.314,18.3525,18.5765,18.58025,18.6455,548.385,123.9575,345.225,395.5575,445.515,8.891,7.9895,8.933,98.71975,6.55749999999999
10,10.5,6.005,0.1,0.963799999999999,154.2175,291.4,432.653,434.4255,434.8175,435.33575,25.262,25.59,26.8295,28.1695,99.6,99.8,98.555,99.8,19.906,18.6315,18.5565,18.3995,19.6005,18.98075,18.51125,18.45175,18.35875,18.5795,18.546,18.6455,675.7,150.2475,450.175,395.7325,471.49,9.103,8.1165,9.948,98.7,5.7
10,11.5,5.77075,0.1,0.9933,159.9275,332.85,424.9195,425.34525,426.03375,427.53175,27.55625,27.715,29.1865,31.0475,98.5575,99.855,98.3,99.8,21.275,19.4825,19.02375,18.73,21.6805,19.85775,18.9775,18.6875,18.276,18.5795,18.52375,18.622,743.01,164.775,509.71,399.2575,489.3025,9.3415,8.46599999999999,9.68599999999999,98.67775,5.7
10,12.5,5.54825,0.1,1.0065,171.555,341.625,422.4825,422.645,423.5515,424.49,29.282,29.532,31.0365,32.7975,98.53,99.9,97.91,99.8,22.775,20.37,19.57,18.93,23.339,20.95125,19.6885,19.219,18.2475,18.622,18.54,18.64025,762.58,166.6025,517.005,401.0725,498.7175,9.34625,8.44474999999999,10.1125,98.62875,5.73499999999998
10,13.5,5.23875,0.1,1.004125,157.225,322.29,422.546,422.69,423.7335,424.3145,30.383,30.51,31.75675,33.81675,97.485,99.86,96.51,99.8,24.205,21.2655,19.976,19.223,23.618,21.7405,20.32625,19.52875,18.34725,18.6845,18.547,18.6295,718.0875,155.8575,474.09,401.7725,501.3725,9.31675,8.411,9.83524999999999,98.56625,5.18
10,14.5,5.344,0.2,1.013975,135.46,258.17,420.85225,421.009,422.3035,424.15125,30.8095,30.962,31.821,33.2715,96.455,99.9,96.9525,99.8,23.58375,21.59,20.545,19.79225,23.857,22.1,20.6475,19.81425,18.478,18.775,18.545,18.606,613.205,133.3625,390.065,401.2225,496.205,9.46,8.3165,9.68399999999999,98.4885,5.50825
10,15.5,4.51,0.2,0.9813,104.68,170.8675,421.49725,421.54825,422.72025,424.13875,31.29325,31.1705,31.907,32.026,96.96,99.8575,97.1025,99.8,23.145,21.4055,20.7535,20.04175,23.33,22.296,20.945,19.8905,18.66625,18.828,18.572,18.59375,458.0475,100.1,263.2575,399.9725,484.415,9.081,8.2955,9.68675,98.4385,4.5
10,16.5,4.53,0.4,0.926199999999999,81.8799999999999,70.195,422.172,422.238,424.35775,426.2505,30.31,30.17225,30.1875,30.099,97.08,99.9,97.1575,99.8,22.648,21.26725,20.555,20.1165,22.67,22.14725,21.0265,20.072,18.9035,18.848,18.5715,18.569,273.08,61.56,111.9375,396.06,468.245,8.32,7.53875,8.6945,98.43925,4.5175
10,17.5,4.74,1.4,0.8097,54.115,10.65,425.61675,427.207,444.552,454.146,27.8045,27.30725,27.1955,25.87725,97.26,99.9,97.4725,99.8,21.72625,20.79875,20.337,20.101,21.884,21.536,20.7655,20.11,19.0665,18.858,18.58,18.55425,80.8174999999999,20.5625,3.8125,395.77,442.8575,7.6525,6.16,7.99225,98.43925,5.20749999999999
10,18.5,4.725,2.4,0.77515,42.0999999999998,15.53,433.80125,441.723,483.36725,532.876,25.34625,24.753,24.4055,22.825,98.56,99.9,98.365,99.8,20.892,20.5025,20.18125,20.05475,20.844,20.6975,20.2875,20.052,19.106,18.858,18.61575,18.542,0.867499999999995,2.3975,-1.9,392.545,429.98,6.9025,5.564,7.10849999999999,98.43925,6.31999999999999
10,19.5,8.44099999999997,2.1,0.7765,37.45,13.2,445.1485,466.5605,528.968,569.79625,24.00075,23.408,23.127,21.836,98.9575,99.9,98.855,99.8,20.49375,20.09375,19.954,19.941,20.077,20.25125,20.0235,19.798,19.1,18.89375,18.66575,18.552,0.2,2.9,-2.09,392.53,424,6.80249999999999,5.92,6.749,98.45925,9.6
10,20.5,8.348,1.6,0.77215,48.0275,11.625,459.986,495.0255,547.83775,578.35875,22.666,22.14625,22.5005,21.134,99.1,99.9,99.155,99.9,19.852,19.81625,19.637,19.82375,19.5945,19.74125,19.6905,19.642,19.0375,18.90125,18.7105,18.564,0.2,2.9025,-1.8,391.375,419.515,7.0505,5.92075,7.16925,98.48,9.66199999999998
10,21.5,8.855,1.9,0.801,44.07,17.2725,466.864,497.986,561.184,588.32,22.049,21.57775,21.883,20.8515,99.7575,100,99.4,100,19.483,19.37,19.46,19.6375,19.22,19.388,19.31675,19.512,18.983,18.84625,18.7505,18.566,0.2,3,-1.5875,390.3975,414.8575,6.80075,5.956,6.63749999999999,98.52,9.36899999999998
10,22.5,9.89799999999996,1.585,0.75875,47.9975,9.14000000000001,480.358,504.568,564.304,588.776,21.754,21.25375,21.5225,20.29625,99.8575,100,99.655,100,19.29375,19.145,19.29225,19.519,18.9535,19.14,19.108,19.3375,18.94875,18.86,18.791,18.552,0.2,3,-1.9875,389.8925,414.605,6.75,5.8865,6.5145,98.5695,11.55
10,23.5,9.71599999999994,1.3,0.753,54.3875,14.625,490.30475,501.934,573.9325,607.005,20.846,20.50075,20.622,19.474,99.9,100,99.755,100,18.962,18.9075,19.0615,19.35,18.72175,18.77375,18.989,19.195,18.9045,18.835,18.81575,18.544,0.4,3,-1.6,390.06,411.595,6.6165,5.62799999999998,6.73999999999999,98.5695,9.97499999999993
11,0.5,4.5475,0.6,0.65585,28.38,15.8925,450.80175,459.914,491.444,495.8455,14.90475,14.25625,14.4815,13.7215,98.7525,100,98.8525,100,12.441,12.592,12.51025,12.923,12.112,12.382,12.57,12.76,12.4175,13.65,12.422,13.342,0.3,2.4,-1.195,352.105,372.9525,8.2,7.302,7.54999999999999,99.04525,4.8
11,1.5,6.64199999999999,0.6,0.6157,36.2299999999998,12.2925,453.598,459.13,495.1725,505.24175,14.60575,14.115,14.12575,13.38225,99.2625,100,99.1,100,12.403,12.462,12.44175,12.78725,12.1895,12.176,12.345,12.51325,12.3255,13.551,12.402,13.345,0.252499999999998,2.3,-1.50500000000001,352.515,373.4125,8.42725,7.52,7.898,99.001,7.0725
11,2.5,5.49100000000001,0.5,0.659625,35.62,9.70999999999999,451.45875,460.53875,492.7695,505.6715,14.5865,14.343,13.911,13.41,99.41,100,99.055,100,12.254,12.376,12.4275,12.61,12.0385,12.156,12.27,12.37975,12.2875,13.54075,12.394,13.341,0.252499999999998,2.4,-1.37750000000002,355.0725,373.8075,8.74424999999999,7.65049999999999,8.21199999999999,98.971,5.289
11,3.5,4.488,0.6,0.6302,34.575,16.075,454.4765,462.25125,494.09,498.5765,14.184,14.004,13.59625,13.206,99.505,100,99.2,100,12.138,12.326,12.3175,12.469,12.0925,12.166,12.1975,12.26575,12.2585,13.48025,12.376,13.344,0.2,2.3,-0.590000000000009,358.81,371.425,8.606,7.73799999999999,8.27,98.98525,5.34999999999997
11,4.5,6.405,0.6,0.6531,35.86,12.1,460.59875,466.666,494.152,495.602,13.81,13.55725,13.38725,13.07,99.6,100,99.1,100,11.964,12.162,12.2075,12.3745,11.9115,12.004,12.195,12.19325,12.191,13.37125,12.35,13.334,0.3,2.3,-0.2,360.41,372.1975,8.599,7.61975,8.18799999999999,99.03525,6.25
11,5.5,6.25725000000001,0.6,0.644724999999999,33.8925,14.775,458.0325,463.64375,488.11,494.256,13.74725,13.4525,13.18825,12.946,99.7,100,99.3,100,11.983,12.046,12.18575,12.34025,11.973,11.968,12.1875,12.08,12.122,13.2625,12.345,13.334,0.2,2.3,0,360.34,371.9575,8.73125,7.754,8.182,99.08,6.5875
11,6.5,6.08599999999998,0.5,0.6286,34.9625,13.49,457.5875,468.229,487.02625,496.8675,13.5265,12.96875,13.1325,12.562,100,100,99.4,100,11.82525,12.0005,12.242,12.3045,11.758,11.952,12.1675,12.0095,12.0405,13.23175,12.325,13.324,1,2.7,0.2,360.1825,370.2525,8.3675,7.35825,7.74,99.10525,5.8625
11,7.5,5.93975000000001,0.3,0.647899999999998,42.885,24.0899999999999,453.392,460.715,479.15175,480.704,13.49775,13.18025,13.2325,12.9255,99.9,100,99.6,100,11.7455,11.796,12.2445,12.26625,11.89725,11.991,12.16975,11.94625,12.02575,13.2205,12.282,13.318,79.645,29.8525,21.9425,364.8925,372.6525,8.282,7.54,7.816,99.13,6.175
11,8.5,5.48075,0.1,0.722199999999999,70.285,71.02,444.075,445.34,446.441,447.234,15.03025,14.8865,15.053,15.05575,99.3525,100,99.3,99.9,11.9305,11.83,12.18575,12.2515,11.91125,11.816,12.0325,11.9125,12.00725,13.19025,12.24,13.3095,249.425,76.905,120.9,363.6525,385.11,8.94175,7.941,8.47,99.1555,5.1
11,9.5,4.18800000000001,0.1,0.761825,90.2,151.1,431.7725,434.03,434.095,434.246,16.84575,16.4985,16.90925,17.0515,98,99.72,97.4675,99.6,12.55025,12.05325,12.154,12.226,12.39725,12.135,12.1775,11.9355,11.9515,13.161,12.2125,13.29975,412.76,111.2225,227.33,363.92,400.5525,9.775,8.78375,9.116,99.1605,3.588
11,10.5,3.76,0,0.776875,116.28,206.8725,425.03275,426.87125,426.906,427.394,18.9425,18.90925,19.7355,20.31625,96.8525,99.1675,96.205,98.755,13.3675,12.60625,12.25625,12.39625,13.266,12.501,12.276,11.998,11.9245,13.16375,12.173,13.14375,537.82,138.845,319.36,363.96,428.6525,10.38625,9.4375,9.75599999999999,99.16,3.39499999999999
11,11.5,3.611,0,0.8148,117.44,246.1,423.17825,423.56,423.71375,424.1855,21.0215,21.05625,21.99525,23.3705,96.3525,99.0675,94.4,98.755,14.8395,13.255,12.72875,12.49875,14.516,13.145,12.62775,12.20125,11.925,13.193,12.114,13.15125,606,162.21,365.53,367.7575,446.115,10.84775,9.68875,10.2145,99.10575,3.68
11,12.5,3.57,0.1,0.843,108.4,248.945,421.1745,422.19725,422.409,422.7135,22.43625,22.491,23.293,24.93625,96.8575,97.9,95.0525,98.555,15.89,14.3135,13.41875,12.7035,15.7975,13.85625,13.27,12.53,11.9495,13.2315,12.042,13.149,617.6,177.015,366.7625,368.1875,457.305,10.9025,9.81774999999999,10.2175,99.01,3.46999999999999
11,13.5,2.96975,0.1,0.83455,101.5525,221.25,420.494,421.292,421.4385,421.946,23.9705,23.971,24.351,26.0225,96.505,97.61,94.7675,98.405,16.749,15.11,14.168,13.1225,16.538,14.683,13.816,12.8655,11.97575,13.31075,11.99875,13.238,561.4025,140.86,328.9575,364.805,460.3775,10.89725,9.8115,10.14875,98.942,2.9775
11,14.5,4.12775,0.1,0.80825,90.6,161.86,419.71,420.98525,421.35925,421.479,24.6,24.52525,24.96675,26.125,96.305,97.5575,94.9,98.4575,16.75675,15.517,14.702,13.508,16.1705,15.09025,14.3355,13.173,12.11,13.39225,11.9925,13.2195,455.4,110.6075,244.2825,361.5625,452.2875,10.72725,9.706,10.03075,98.8815,4.165
11,15.5,2.54024999999999,0.2,0.7525,69.105,78.85,418.94125,420.8015,421.322,421.5825,24.51575,24.3275,24.66675,25.04,96.0525,97.7,94.7675,98.3625,16.639,15.56125,14.93875,13.796,16.17025,15.1145,14.632,13.4375,12.256,13.4625,12.02,13.205,299.795,75.1575,124.3725,369.305,438.1525,10.2345,9.25875,9.75175,98.8765,2.475
11,16.5,2.56249999999999,0.4,0.692,39.1975,27.14,419.704,421.35025,421.83,423.726,23.16575,22.7815,22.83525,22.49625,96.5575,97.3625,96,98.4,15.96725,15.3005,14.8435,13.9675,15.4575,14.8975,14.62,13.608,12.3565,13.55125,12.0715,13.2095,119.9525,33.8525,15.2575,369.6975,417.14,9.55774999999999,8.704,8.784,98.9,2.8675
11,17.5,3.92449999999999,1,0.660625,32.03,21.17,421.95825,423.834,432.765,447.06225,20.46625,19.5685,18.9155,18.06025,96.6,97.905,96.1,98.955,14.9805,14.7895,14.6555,14.056,14.5315,14.393,14.33,13.65725,12.3855,13.6115,12.13575,13.2255,6.1525,2.8,-2,363.1875,393.9775,8.66924999999999,7.7875,8.2515,98.91725,4.35
11,18.5,4.91199999999998,0.9,0.668275,28.73,15.9749999999999,424.9825,427.466,450.811,466.85175,18.62,17.842,17.181,16.05,96.5525,99.0575,96.3525,99.4,14.321,14.065,14.1895,13.9355,13.982,13.9875,13.865,13.733,12.3755,13.673,12.20725,13.233,0.1,2.1,-1.17500000000002,360.2625,388.55,8.73474999999999,7.955,8.2205,98.93525,5.33
11,19.5,4.13374999999999,0.8,0.660724999999999,26.3499999999999,12.895,430.286,433.9295,462.94625,474.7475,17.5205,16.79525,16.3545,15.4165,96.9525,99.4675,96.8,99.6,13.7745,13.76175,13.7885,13.653,13.418,13.67475,13.6675,13.54,12.3995,13.7215,12.268,13.226,0.1,2.2025,-0.697500000000002,360.435,384.7,8.67725,7.79,8.2105,98.94625,4.5
11,20.5,4.97924999999998,0.8,0.644,28.1175,16.14,434.052,439.598,473.312,480.39175,16.65525,15.89125,15.61725,14.8345,97.4525,99.9,97.1525,99.555,13.4175,13.302,13.5675,13.403,12.942,13.29,13.54,13.29975,12.425,13.7305,12.28,13.206,0.252499999999998,2.3,-0.792500000000007,364.4125,382.21,8.82899999999999,7.989,8.2435,98.9605,5.3625
11,21.5,9.3,0.8,0.66505,37.6175,12.44,438.469,447.33,480.0455,487.07775,15.68825,15.312,15.24875,14.59875,97.4525,99.8,97.3525,99.8,13.202,12.87375,13.204,13.377,12.5375,12.83075,13.0975,13.08275,12.424,13.721,12.264,13.193,0.152499999999998,2.3,-0.402499999999998,361.105,380.9075,9.10625,8.22525,8.6225,98.97525,8.85
11,22.5,6.99299999999998,0.7,0.6653,39.9175,15.355,442.29475,450.69525,481.817,491.72725,15.421,15.15775,15.04525,14.332,97.7575,99.6525,98.0525,100,12.6855,12.54475,12.73075,13.174,12.4975,12.65875,12.8375,12.95325,12.413,13.644,12.258,13.18,0.2,2.3,-0.990000000000009,358.1925,379.3525,8.977,7.92799999999999,8.31025,98.992,7.18000000000002
11,23.5,6.56125,0.7,0.6578,35.935,15.4625,447.386,455.678,487.77,494.6465,15.18925,14.76525,14.92625,14.00225,98.1525,99.9,98.2525,100,12.3365,12.448,12.45,13.0355,12.217,12.4245,12.5775,12.8565,12.3865,13.576,12.264,13.163,0.1,2.3,-0.790000000000009,352.705,376.5825,8.82299999999999,7.7965,8.18275,98.97525,6.66999999999999
12,0.5,4.62999999999996,0.4,0.65485,28.875,26.875,439.4635,442.26525,455.80025,464.3525,7.45175000000001,7.06,7.01,6.53125,100,100,99.205,100,4.688,4.79,4.979,5.1905,4.6465,4.89525,4.92,5.235,5.3805,6.34474999999999,5.764,6.97,0.2,1.9,0.510000000000002,324.495,338.525,9.3,8.415,8.8365,99.14325,5.0685
12,1.5,6.54749999999999,0.4,0.6598,34.9725,28.7649999999999,438.179,440.338,454.806,463.686,7.27425000000001,7.213,7.14,6.3825,100,100,99.2,100,4.577,4.76125,4.926,5.1245,4.5115,4.778,4.87,5.075,5.35225,6.37224999999999,5.742,6.98,0.2,2,0.9,325.23,337.42,9.3425,8.4065,8.956,99.13325,6.91924999999999
12,2.5,4.1925,0.4,0.67885,35.625,28.05,439.617,442.682,454.78775,464.48,7.97,8.0625,7.15599999999998,6.97299999999998,100,100,99.4,100,4.52324999999998,4.71375,4.92299999999999,5.0415,4.45625,4.754,4.92,5.02,5.288,6.32174999999999,5.726,6.98,0.2,2,1.115,325.89,339.385,9.02624999999999,8.125,8.8985,99.16975,4.3
12,3.5,7.43375,0.3,0.69875,32.1225,20.48,441.685,442.724,454.736,460.68075,7.95,7.50199999999999,7.30899999999999,6.43175000000002,100,100,99.4,100,4.624,4.6725,4.811,4.97375,4.3125,4.596,4.9,4.99,5.307,6.24274999999999,5.714,6.97,0.2,1.9,1.00749999999999,325.855,336.595,9.35475,8.489,9.013,99.1035,7.525
12,4.5,3.702,0.4,0.74135,34.34,19.565,441.7885,443.74875,452.3725,459.45625,6.71449999999999,6.452,6.06800000000001,6.22425000000001,100,100,99.5,100,4.381,4.63125,4.771,4.93625,4.27875,4.492,4.74,4.95,5.29925,6.14474999999999,5.709,6.96,0.2,1.9,0.8,327.13,336.44,9.596,8.72,8.99,99.074,4
12,5.5,6.72699999999995,0.3,0.73465,37.9949999999998,28.7900000000001,441.217,441.916,452.788,459.82875,7.01375,6.82749999999999,6.48574999999999,6.52225,100,100,99.7,100,4.22,4.40875,4.64699999999999,4.95125,4.24375,4.36724999999999,4.73,4.965,5.2705,6.037,5.697,6.95,0.2,1.8,0.9125,326.735,335.79,9.43725,8.477,9.0265,99.107,8.61499999999997
12,6.5,4.17499999999999,0.3,0.7017,42.42,28.2199999999999,441.21775,442.42675,453.57275,459.56075,6.61849999999999,6.18374999999997,5.81624999999995,5.54,100,100,99.7,100,4.185,4.2875,4.552,4.935,4.215,4.313,4.59,4.945,5.24,5.929,5.6565,6.97,0.3,1.96,1.7,328.105,334.19,9.2565,8.33199999999999,8.982,99.157,5.0875
12,7.5,4.168,0.3,0.719,30.12,28.875,442.679,444.067,456.384,462.81625,6.32749999999997,5.813,5.428,5.095,100,100,99.7075,100,4.22375,4.30125,4.387,4.9,4.222,4.303,4.36,4.9,5.2335,5.8595,5.61,6.96,18.03,10.29,3.43249999999999,324.985,333.66,9.204,8.32725,8.7065,99.184,4.52200000000001
12,8.5,5.2485,0.1,0.6997,38.98,57.2599999999998,442.8795,444.11775,448.8275,451.3,6.27474999999999,5.81199999999999,5.97649999999999,5.69649999999998,100,100,99.7,100,4.22375,4.322,4.282,4.8325,4.092,4.26,4.42,4.86925,5.23175,5.91725,5.57975,6.95,156.2825,91.975,73.01,327.355,338.63,9.542,8.405,8.9815,99.244,5.52774999999998
12,9.5,3.58625,0.1,0.7155,59.3625,108.05,435.918,434.8935,436.024,435.636,8.051,8.122,8.51125,8.837,100,100,99.6,100,4.55875,4.29625,4.41299999999999,4.7825,4.37,4.37475,4.38,4.7645,5.18875,5.90675,5.59,6.951,307.56,196.5625,156.5575,328.055,353.83,10.033,9.09625,9.6265,99.31,3.2
12,10.5,3.71,0.1,0.725499999999999,77.7099999999999,155.66,430.8445,430.7425,431.12125,431.237,10.37075,10.174,10.61075,11.5375,99.91,100,99.5,100,5.67125,4.516,4.601,4.76125,4.806,4.6165,4.59,4.741,5.164,5.86725,5.5665,6.96,430.64,280.9,222.88,324.165,368.425,10.50975,9.5935,10.11,99.33,3.20500000000001
12,11.5,3.20599999999999,0,0.733,94.075,185.86,429.69875,429.824,429.88275,430.2415,11.74625,11.93375,12.56125,13.882,99.51,100,98.5,99.9,6.717,5.2525,5.05,4.8,6.10875,5.073,4.87,4.861,5.151,5.8085,5.5295,6.93075,492.83,327.855,266.995,328.15,385.3875,10.4305,9.53275,10.0295,99.294,3.1525
12,12.5,2.532,0.1,0.7466,103,197.82,426.67325,427.9205,427.81,428.6965,13.795,13.69125,14.26725,15.756,99.41,100,97.91,99.7175,7.83,5.8625,5.522,5.0995,6.91875,5.562,5.23,5.1,5.138,5.77975,5.5,6.9205,508.3675,350.315,274.665,329.275,396.725,10.7,9.721,9.943,99.2135,2.5
12,13.5,2.55599999999999,0.1,0.736225,90.2,171.39,427.81,428.298,428.381,428.787,14.753,14.78125,15.42825,17.02,99,100,97.8075,99.43,8.425,6.335,5.95375,5.3775,7.5925,6.088,5.58,5.3105,5.17625,5.8185,5.53375,6.9005,460.155,312.02,240.63,329.825,400.9125,10.409,9.3365,9.7295,99.1435,2.55749999999999
12,14.5,2.303,0.1,0.7426,77.675,121.935,425.993,428.155,428.269,428.437,15.745,15.47275,15.748,16.9095,98.93,100,97.43,99.615,8.376,6.63125,6.24899999999999,5.79099999999999,7.5935,6.4855,6,5.51575,5.2635,5.88649999999999,5.56175,6.89025,360.2,243.9,168.6625,332.1375,393.1875,10.29,9.3945,9.853,99.1035,2.2775
12,15.5,2.219,0.2,0.696299999999999,53.5375,59.6,426.2585,427.773,427.7575,428.537,15.409,15.241,15.364,15.849,99.2,100,97.7,99.4175,8.11125,6.84125,6.502,6.12,7.336,6.7565,6.18,5.76575,5.2245,5.96649999999999,5.577,6.87025,218.6,142,73.365,330.9875,380.05,9.5875,8.73,8.916,99.104,2.3
12,16.5,2.1,0.4,0.676875,32.465,33.0925,426.94625,428.88375,430.7255,433.78,13.49,12.773,12.3705,11.424,99.405,100,98.005,99.8,7.171,6.6125,6.5985,6.25175,6.82125,6.56,6.28,5.904,5.2505,6.03725,5.5745,6.86,64.68,39.0225,7.86999999999998,328.675,359.725,8.834,8.041,8.453,99.1075,2.2
12,17.5,3.4025,0.6,0.6415,26.005,25.7099999999999,428.412,429.472,435.952,443.95875,11.253,10.4325,9.50274999999996,8.07,99.505,100,98.3,99.9,6.346,6.37,6.324,6.18925,6.0095,6.22,6.1105,5.97675,5.281,6.03975,5.5835,6.84025,0.6,1.9,0.225,329.4625,344.925,8.829,7.93,8.5575,99.097,3.43999999999996
12,18.5,3.868,0.5,0.708,26.225,29.9399999999999,431.12225,431.882,439.64875,449.557,10.1,8.9525,8.20175,7.49175000000001,99.705,100,98.705,99.9,5.84,6.0275,5.9965,6.0285,5.64375,5.866,5.98075,5.873,5.331,6.14675,5.59,6.83025,0.164999999999998,1.935,0.202499999999998,326.1,340.7125,9.137,8.228,8.5285,99.12,3.98275
12,19.5,3.76975,0.5,0.720699999999998,29.04,20.3,432.11,434.18,444.77375,454.154,9.27799999999999,8.232,7.899,7.22475,99.805,100,98.51,99.9,5.3725,5.60125,5.774,5.869,5.21875,5.58399999999999,5.68,5.78525,5.37175,6.22624999999999,5.6025,6.82,0.2,2,0.509999999999991,325.725,342.1,9.475,8.575,8.796,99.1,4.24750000000003
12,20.5,5.73550000000002,0.5,0.677500000000001,24.49,32.4725,434.46,436.878,450.17,460.679,8.64599999999999,7.78025,7.615,6.76925,99.8,100,98.51,100,5.154,5.3675,5.5655,5.6255,4.995,5.248,5.33,5.602,5.34875,6.189,5.596,6.81,0.2,1.935,0.102499999999998,326.4625,340.5125,9.62824999999999,8.475,9.122,99.127,5.575
12,21.5,5.39374999999997,0.4,0.6958,32.35,28.8125,437.10975,438.3675,449.238,462.664,7.78049999999999,7.591,7.31424999999999,6.56,99.905,100,98.805,100,4.861,5.19625,5.294,5.623,4.755,5.124,5.24,5.43,5.337,6.2175,5.60325,6.8,0.2,1.9,0,325.6875,339.5875,9.325,8.5605,9.0585,99.1105,6.38124999999998
12,22.5,3.8645,0.4,0.6779,28.65,24.96,437.59,440.53,453.66375,461.82375,7.9025,7.09100000000001,6.84999999999997,5.97799999999999,99.805,100,99,100,4.886,5.01,5.087,5.371,4.83125,4.99199999999999,5.1,5.325,5.2845,6.24599999999999,5.5765,6.8,0.2,1.855,0.214999999999998,327.925,338.365,9.39149999999998,8.44074999999999,9.0365,99.137,4.7275
12,23.5,8.092,0.4,0.70225,34.0699999999999,23.3199999999999,437.303,441.8815,454.21375,466.2195,8.05749999999999,7.61949999999998,7.50049999999999,6.57999999999999,99.905,100,98.9,100,4.734,4.8425,4.956,5.2405,4.7225,4.788,4.96,5.24,5.20225,6.19599999999999,5.5665,6.8,0.2,2,0.107499999999993,327.095,339.33,9.1815,8.30825,8.7625,99.1435,9.3
