DOY2,HR2,USTAR,TA,WS,H,LE,RH,PA,CO2,H2O,CH4,PPFD_IN,FC,SC,NEE,TS_1_1_1,FCH4
1,0.25,0.29809,-2.026,1.4658,-7.769,3.61045,71.556,99.54647,403.475,4.5236,2157.9,-2.383945,0.78256,0.094319,1.4812,3.5329,4.4507
1,0.75,0.30929,-2.1154,1.4042,-8.1453,2.5866,72.3275,99.53952,404.24,4.36475,2145.3,-2.53442,0.789945,0.0415945,1.1273,3.53,4.9916
1,1.25,0.288235,-1.9506,1.38535,-8.7903,3.5381,72.5285,99.532565,404.055,4.3562,2141.7,-2.37066,0.841,0.089761,1.3305,3.5266,4.60165
1,1.75,0.2951,-1.9133,1.415,-8.63245,3.2703,73.4145,99.53359,403.8,4.497,2148.3,-2.442675,0.71437,-0.0124415,0.84164,3.5173,5.7025
1,2.25,0.31845,-2.1467,1.3836,-8.6907,3.4722,73.378,99.52146,404.21,4.519,2143.7,-2.75375,0.60795,-0.00098911,0.86528,3.5138,3.07445
1,2.75,0.301595,-2.4883,1.40455,-8.2221,4.03875,74.077,99.50853,403.885,4.4385,2140.75,-3.1463,0.742465,0.068047,0.94332,3.50915,5.3001
1,3.25,0.29183,-2.5833,1.3954,-7.0758,3.094,74.513,99.51066,403.47,4.4079,2138.4,-3.0325,0.809065,0.051473,1.0143,3.49895,5.8913
1,3.75,0.27503,-2.6557,1.39285,-8.21775,4.25,74.974,99.542585,403.3,4.364,2146.9,-2.51974,0.6799,0.020232,0.83886,3.48545,3.9417
1,4.25,0.294845,-2.646,1.45765,-8.31635,4.9985,75.022,99.54552,403.735,4.34325,2130.6,-2.547425,0.7154,0.0851335,1.0284,3.47675,6.41465
1,4.75,0.31012,-2.71665,1.5544,-6.5591,4.60535,75.368,99.501895,402.59,4.371,2133.75,-2.52531,1.1466,-0.00400025,1.2655,3.48215,7.3376
1,5.25,0.305615,-2.7283,1.42025,-6.4581,4.07925,75.238,99.47035,402.7,4.381,2148.9,-2.55652,0.98329,0.124515,1.2302,3.472,6.5399
1,5.75,0.33153,-2.625,1.5234,-7.111,3.9675,75.019,99.478535,402.575,4.3265,2145.3,-2.574755,1.05,0.17145,1.5444,3.4484,8.10175
1,6.25,0.315535,-2.7383,1.4379,-7.1277,4.6894,74.711,99.464,402.4,4.35155,2142.9,-2.418625,1.0764,0.124915,1.0875,3.4346,8.9184
1,6.75,0.32339,-2.7464,1.49805,-7.0863,4.4125,75.371,99.49643,403.36,4.297,2132.35,-2.53666,1.256,0.27316,1.56675,3.4305,7.7498
1,7.25,0.32742,-2.7667,1.497,-7.881,4.7705,75.156,99.514645,403.89,4.24225,2129.25,-2.47579,0.82315,0.289105,1.4308,3.4259,4.7172
1,7.75,0.32283,-2.78845,1.53935,-8.083,4.277,74.6125,99.53957,403.38,4.1415,2118.1,-0.899265,1.1729,0.20875,1.67135,3.4209,7.1532
1,8.25,0.34521,-2.4824,1.63645,-4.204,5.6853,74.9155,99.539235,403.905,4.20325,2114.4,18.9475,1.26905,0.075685,1.663,3.41195,8.3917
1,8.75,0.36314,-2.4082,1.6693,4.454,6.4757,74.282,99.560155,404.195,4.2843,2116,77.6985,1.3784,-0.096671,1.2616,3.40665,8.16
1,9.25,0.398335,-2.506,1.84405,15.0465,9.57765,72.8965,99.595955,402.58,4.3653,2116,147.525,0.985,-0.35676,0.69389,3.41225,10.586
1,9.75,0.42884,-2.455,1.8986,31.556,12.325,72.7235,99.62006,402.23,4.42855,2109.1,189.31,1.0559,-0.41948,0.72816,3.41505,13.766
1,10.25,0.444845,-2.2925,2.0529,40.4825,13.7685,71.539,99.58683,401.19,4.458,2110.8,258.09,0.99039,-0.34162,0.42658,3.4003,11.519
1,10.75,0.456395,-1.9033,2.10685,52.547,15.849,68.685,99.57194,399.915,4.3765,2106.1,326.51,0.720365,-0.34147,0.507,3.3977,10.425
1,11.25,0.487465,-1.441,2.18055,67.198,17.5795,66.662,99.54478,399.86,4.3911,2101.6,376.54,0.7693,-0.32851,0.391435,3.3977,12.623
1,11.75,0.486095,-1.1805,2.2206,86.9795,18.55,65.156,99.55228,399.16,4.35475,2096.4,439.69,0.59081,-0.27059,0.16247,3.4001,11.5625
1,12.25,0.496315,-0.825215,2.197,75.602,20.494,63.112,99.46377,399.12,4.4118,2094.2,413.34,0.42252,-0.23251,0.367,3.4029,14.362
1,12.75,0.48901,-0.67816,2.316,82.036,18.2445,61.612,99.43498,399.47,4.3857,2098.1,441.53,0.52703,-0.24607,0.234185,3.4042,14.976
1,13.25,0.49644,-0.46944,2.25575,78.753,18.9325,61.47,99.41316,398.85,4.3715,2095.5,416.16,0.665,-0.16858,0.50811,3.4355,11.503
1,13.75,0.52085,-0.344045,2.3216,76.891,21.005,61.393,99.35922,398.41,4.4514,2094.9,394.34,0.61345,-0.13153,0.54196,3.4374,11.893
1,14.25,0.5144,-0.191425,2.3937,67.92,18.8,60.51,99.34301,398.13,4.3803,2100.5,329.43,0.510615,-0.11072,0.486035,3.4365,11.4925
1,14.75,0.48921,0.05666835,2.28665,49.4515,15.974,60.272,99.31934,398.63,4.3228,2105.25,289.03,0.50381,-0.0363935,0.338265,3.4438,10.275
1,15.25,0.49202,0.199,2.3508,40.318,15.874,60.661,99.32081,398.41,4.4787,2106.4,236.31,0.99106,-0.0458,1.13475,3.4557,10.019
1,15.75,0.4775,0.1629005,2.2293,35.478,14.8795,60.305,99.318935,398.25,4.353,2106.6,176.36,0.939705,0.045026,0.81861,3.469,8.15025
1,16.25,0.46694,0.10655,2.17565,20.035,11.532,59.712,99.334015,399,4.27865,2112.4,106.15,0.94202,0.15668,1.172,3.48935,7.4929
1,16.75,0.46708,0.074894,2.0916,7.819,8.9943,60.272,99.37303,398.39,4.3289,2101,44.462,1.1805,0.28488,1.3125,3.496,5.4537
1,17.25,0.419,-0.29001,1.9336,-3.54455,7.1712,60.913,99.371365,400.22,4.4305,2092,9.412,1.23035,0.50471,1.74425,3.49775,3.3903
1,17.75,0.3667,-0.383165,1.785,-7.91585,5.8755,62.035,99.376515,401.715,4.506,2084.7,0.421045,0.9764,0.542915,1.81,3.50075,5.6266
1,18.25,0.360555,-0.696215,1.69795,-8.508,5.5348,63,99.41538,402.58,4.45095,2091.8,0.259305,1.3138,0.49963,2.1046,3.48925,5.41175
1,18.75,0.359555,-0.727,1.7638,-8.12,4.5226,63.736,99.40505,402.645,4.61145,2092.6,-0.20298,1.468,0.35371,1.88605,3.4964,5.42955
1,19.25,0.334075,-0.772,1.6517,-6.9484,4.2928,65.346,99.41785,403.965,4.58915,2105.9,0.25811,1.299,0.32661,1.8635,3.4961,1.1408
1,19.75,0.34543,-1.021015,1.62745,-7.3628,5.09,66.2,99.42915,404.06,4.688,2112.6,0.25617,1.1442,0.0830155,1.531,3.5131,4.5814
1,20.25,0.38309,-1.05335,1.75915,-5.7482,5.2604,66.5825,99.43423,402.61,4.5875,2104.8,-0.21823,1.282,0.015054,1.8498,3.51565,7.4375
1,20.75,0.362505,-1.2467,1.7172,-6.6974,4.0654,67.018,99.427185,403.25,4.536,2107.7,-0.60265,1.2129,0.09818,1.5188,3.5163,5.57625
1,21.25,0.33096,-1.3287,1.5534,-6.8304,4.65195,67.3575,99.43584,404.46,4.5555,2111.3,-0.13692,1.1908,0.1235,1.3475,3.5174,3.6175
1,21.75,0.308655,-1.3583,1.54595,-8.4913,3.8276,67.511,99.442,403.87,4.49825,2127.7,-0.40369,0.94892,0.06228,1.32425,3.51785,4.1737
1,22.25,0.31102,-1.47365,1.4679,-7.7579,4.1119,67.922,99.455205,403.185,4.5335,2136,-0.34976,1.019,-0.002343,1.2753,3.5145,3.0577
1,22.75,0.31524,-1.7304,1.54875,-8.1978,3.7325,68.825,99.47633,403.315,4.59245,2149.35,-0.47383,0.79866,0.043792,1.0314,3.51385,3.81835
1,23.25,0.34224,-1.972,1.5761,-7.863,3.9208,69.878,99.469255,403.9,4.568,2160.2,-0.35765,0.85107,-0.0068887,0.93523,3.518,3.2674
1,23.75,0.307485,-2.0765,1.44365,-8.02855,4.5775,70.425,99.45766,402.85,4.548,2158.95,-0.17941,0.958815,0.056464,1.2931,3.51955,3.27525
2,0.25,0.29093,-0.91995,1.455,-9.8367,4.1438,69.155,99.5223,406.405,4.4838,2151.3,0.26237,0.51447,0.0492365,0.8296,2.906,2.4305
2,0.75,0.28541,-0.98386,1.43,-10.268,5.3321,69.272,99.5339,406.845,4.4828,2136.7,0.2638,0.75694,0.099051,0.94971,2.8969,2.3105
2,1.25,0.28972,-1.1676,1.3996,-10.712,6.1106,70.375,99.50693,406.3,4.534,2145.6,0.265165,0.692425,-0.041982,0.575255,2.8876,8.0534
2,1.75,0.28547,-1.3687,1.3953,-12.0355,5.13015,71.08,99.4867,406.12,4.434,2148.1,0.261915,0.534015,0.19871,1.1167,2.8743,3.4375
2,2.25,0.27599,-1.6833,1.2485,-10.6055,5.1192,73.101,99.45719,407.325,4.33465,2140.3,0.26083,0.88371,0.070184,1.1697,2.8611,3.4937
2,2.75,0.30304,-1.6133,1.36725,-9.25155,5.03505,74.29,99.43815,408.18,4.3683,2140.5,0.262225,0.55116,0.090013,0.9345,2.84755,3.3353
2,3.25,0.28696,-1.8624,1.41255,-8.5776,4.5451,73.9705,99.41154,405.79,4.3679,2132.1,0.26188,0.64121,0.077266,1.0632,2.8338,5.70115
2,3.75,0.30279,-2.0143,1.3704,-7.9619,4.2155,73.6965,99.38339,407.06,4.32485,2120.4,0.259715,0.59669,0.1107,1.177,2.8213,6.5434
2,4.25,0.28019,-2.0616,1.3244,-9.53005,4.4557,74.761,99.3797,405.46,4.3627,2127.4,0.26251,0.7414,0.0762895,0.931315,2.81555,5.3762
2,4.75,0.287105,-2.0103,1.2718,-8.072,5.50705,76.018,99.42576,406.57,4.35255,2114.1,0.258625,0.71921,0.11261,0.76543,2.8101,4.7891
2,5.25,0.28803,-1.971,1.4029,-7.72,5.1852,75.876,99.44155,407.175,4.29765,2117.3,0.257975,0.372605,0.17309,0.711025,2.80445,5.0827
2,5.75,0.283995,-2.1967,1.2799,-8.4675,5.0174,76.285,99.43689,408.06,4.2937,2149.3,0.25997,0.765625,0.223815,1.2481,2.79875,2.88655
2,6.25,0.29299,-2.326,1.3897,-5.8903,5.4654,76.532,99.45909,407.54,4.3082,2160.3,0.2591,0.7966,0.28362,1.2614,2.79615,6.1463
2,6.75,0.298085,-2.3987,1.39785,-8.4583,5.35805,77.095,99.46579,407.52,4.2965,2157.4,0.259275,0.79173,0.34842,1.3171,2.7961,4.36205
2,7.25,0.28314,-2.5594,1.2542,-6.85735,4.67815,76.647,99.47773,408.555,4.1511,2162.25,0.803935,1.3149,0.305685,1.9016,2.7933,3.03
2,7.75,0.313635,-2.62,1.4062,-5.308,6.0037,76.682,99.4823,408.915,4.24235,2156.3,10.51,1.296,0.24756,1.43525,2.7611,5.8266
2,8.25,0.34089,-2.2936,1.605,3.0421,8.1386,75.125,99.482145,408.5,4.1356,2158.5,59.918,1.73915,-0.071175,1.629,2.7595,8.3652
2,8.75,0.382,-1.3949,1.6312,20.37,11.47,73.0055,99.49829,406.99,4.2347,2156.8,135.75,1.2563,-0.34053,0.69301,2.758,10.41365
2,9.25,0.416415,-1.4763,1.6988,36.467,15.245,70.684,99.49568,405.25,4.353,2158.2,213.35,1.154,-0.57116,0.62205,2.7567,14.8635
2,9.75,0.43447,-1.0959,1.8495,61.029,17.465,68.35,99.477295,402.875,4.3619,2141.3,289.475,0.88538,-0.50727,0.22,2.7756,9.52195
2,10.25,0.454085,-0.93028,2.0326,78.564,21.049,65.645,99.478425,402.05,4.2964,2112.9,373.095,0.766105,-0.51831,0.33657,2.7717,12.356
2,10.75,0.45974,-0.679885,2.0498,96.6035,21.635,63.1625,99.44168,401.03,4.27685,2096.9,481.69,0.4865,-0.41905,0.0573185,2.7529,12.6825
2,11.25,0.476685,-0.283415,2.1106,114.7,24.43,61.603,99.40804,399.895,4.2461,2097,567.22,0.486295,-0.279315,-0.0039152,2.752,15.8875
2,11.75,0.50851,-0.1702715,2.1661,123.15,26.612,58.771,99.42272,398.88,4.2532,2093,627.73,0.27267,-0.28086,-0.127165,2.7715,15.0755
2,12.25,0.51673,-0.057216,2.2685,123.03,30.6925,57.689,99.38606,399.28,4.24815,2098.5,676.54,0.259075,-0.23415,0.093293,2.7693,19.375
2,12.75,0.526,0.188,2.3439,134.17,30.401,55.552,99.36889,398.97,4.1645,2098.2,697.805,0.617875,-0.31164,0.29176,2.76115,17.4045
2,13.25,0.52538,0.433,2.2936,125.05,28.866,54.707,99.32067,398.64,4.244,2091,599.045,0.56,-0.2536,0.14645,2.7648,17.285
2,13.75,0.52886,0.60612,2.3443,128.98,28.8515,53.437,99.28664,398.85,4.2967,2099.9,687.045,0.42878,-0.21561,0.38068,2.77345,19.314
2,14.25,0.538235,0.80833,2.31805,109.95,29.4565,53.138,99.26375,398.7,4.332,2099.2,577.225,0.423785,-0.131985,0.2761,2.78805,15.409
2,14.75,0.51222,0.99197,2.35345,110.205,24.984,51.698,99.266185,398.505,4.31935,2097.05,512.84,0.53997,-0.0696015,0.60604,2.8012,13.755
2,15.25,0.5373,1.13465,2.328,94.923,23.063,50.5965,99.27392,398.35,4.2927,2102.4,430.44,0.76946,-0.079546,0.61239,2.7958,12.95
2,15.75,0.51037,1.3859,2.30805,76.399,20.3755,50.659,99.317525,398.445,4.4003,2100.95,369.94,0.88942,0.001617705,0.99292,2.837,9.9784
2,16.25,0.51352,1.254,2.31965,57.932,16.574,51.077,99.355495,398.845,4.36005,2102.8,264.185,0.99252,0.079809,1.02185,2.8966,9.1907
2,16.75,0.478,0.94665,2.10145,32.509,13.479,51.764,99.36099,399.37,4.3806,2104.1,146.32,1.4805,0.141915,1.5129,2.91145,7.9064
2,17.25,0.461715,0.79467,2.0767,13.768,11.706,53.66,99.35425,399.59,4.5169,2083.4,78.361,1.4079,0.21703,1.7602,2.92425,5.6472
2,17.75,0.42724,0.62874,2.0676,-2.863,7.9466,54.588,99.359275,401.3,4.4594,2082.3,16.54,1.21925,0.37097,1.5506,2.9049,2.42095
2,18.25,0.41692,0.391025,1.8276,-10.1635,6.1823,56.9175,99.39119,401.27,4.3914,2085.9,0.67281,1.5026,0.52249,1.99835,2.9112,3.3959
2,18.75,0.39345,0.186268,1.77325,-11.362,6.3618,58.41,99.442485,403.3,4.613,2086.3,0.2768,1.3683,0.49138,2.095,2.9266,2.6258
2,19.25,0.36682,-0.0765075,1.618,-13.2075,5.2076,59.149,99.46746,405.815,4.63545,2100.45,0.275655,1.32875,0.429285,2.0631,2.866,2.8739
2,19.75,0.36143,-0.330675,1.54665,-10.191,4.7319,61.488,99.483605,404.8,4.582,2100.15,0.27159,1.57205,0.36184,1.8692,2.866,6.7923
2,20.25,0.34919,-0.400295,1.59135,-10.393,5.01695,61.656,99.496055,405.35,4.6628,2097.25,0.272965,1.3217,0.27639,2.0612,2.86385,4.0275
2,20.75,0.334375,-0.51325,1.56315,-9.5707,5.599,62.4195,99.49359,405.91,4.6614,2122.35,0.27061,1.1394,0.201665,1.707,2.9103,4.92645
2,21.25,0.35985,-0.579035,1.6353,-11.074,5.8848,62.0355,99.497775,406.43,4.5374,2128.35,0.27219,1.19055,0.096255,1.6019,2.9019,5.8525
2,21.75,0.33135,-0.636225,1.497,-9.0548,5.3969,64.4005,99.493745,406.37,4.5402,2126.2,0.27025,1.20765,0.18471,1.49625,2.893,0.89205
2,22.25,0.3417,-0.631825,1.5802,-9.4025,4.9629,65.696,99.500645,407.03,4.5036,2142.1,0.2675,1.0279,0.099035,1.4236,2.8833,2.7925
2,22.75,0.32929,-0.819335,1.5323,-10.842,6.261,65.2305,99.489445,407.21,4.4831,2147.8,0.27023,1.2136,-0.01607,1.0194,2.8735,0.455615
2,23.25,0.30042,-0.9987,1.4236,-9.9985,4.9762,67.529,99.492335,406.345,4.41075,2158.4,0.26672,1.23785,-0.021957,1.42635,2.88825,0.81366
2,23.75,0.31632,-1.011235,1.4672,-9.7398,5.4078,68.845,99.495935,406.565,4.4621,2155.2,0.26395,0.744415,0.0938525,1.0909,2.90255,1.17772
3,0.25,0.29585,2.57185,1.4005,-11.283,10.1545,64.1375,99.283445,407.955,5.7059,2155.35,0.319455,1.1991,0.224125,1.4719,6.0422,3.9354
3,0.75,0.28476,2.1133,1.2818,-12.026,10.925,66.211,99.28479,407.435,5.73605,2149.7,0.32182,1.0644,0.252195,1.4202,6.02635,6.498
3,1.25,0.28568,1.69515,1.2279,-11.1225,9.0852,66.2595,99.287575,408.17,5.7144,2153.5,0.31963,1.40915,0.192725,1.71975,6.00935,5.19655
3,1.75,0.268505,1.49515,1.2928,-12.4875,8.288,67.601,99.296285,407.775,5.7483,2152.35,0.31065,1.166,0.2398,1.39445,5.98,4.363
3,2.25,0.29756,1.30155,1.3106,-10.719,7.0299,68.742,99.30132,407.69,5.5619,2153.3,0.32554,0.998525,0.045027,0.90212,5.95,3.4082
3,2.75,0.31093,1.28535,1.37075,-12.345,9.56215,69.6045,99.280005,408.49,5.5869,2159.55,0.3161,0.895465,0.13781,1.2691,5.91885,3.5052
3,3.25,0.29048,1.2135,1.3317,-10.9955,8.298,71.1365,99.249865,409.04,5.6272,2181.5,0.32398,1.10355,0.11583,1.56135,5.8864,4.11305
3,3.75,0.282,1.1879,1.31,-10.961,8.933,71.374,99.239505,407.33,5.679,2162.6,0.32601,1.0221,0.16123,1.3191,5.8579,4.0441
3,4.25,0.30738,1.0133,1.35805,-9.7289,9.0024,72.4615,99.2356,407.28,5.6257,2164.35,0.3181,1.1955,0.10952,1.4133,5.8302,8.5405
3,4.75,0.294555,0.95143,1.341,-10.357,8.15045,71.858,99.25423,408.16,5.5591,2165,0.31297,1.04185,0.21736,1.29685,5.80375,3.526
3,5.25,0.29516,0.6802,1.42555,-9.74585,9.0176,72.545,99.254805,408.245,5.3843,2161.6,0.3122,1.0139,0.25739,1.3672,5.78475,7.8604
3,5.75,0.30392,0.71042,1.48925,-8.73995,7.37215,73.148,99.272585,408.28,5.4495,2158.2,0.30944,1.0683,0.299535,1.5256,5.75355,3.6421
3,6.25,0.299,0.97265,1.448,-9.273,7.4641,74.022,99.26322,409.295,5.3256,2162.2,0.31101,1.3221,0.46302,1.96285,5.7188,8.3306
3,6.75,0.31428,0.914735,1.352,-6.60345,9.624,74.357,99.27505,410.025,5.23835,2156,1.8295,1.11235,0.30218,1.7065,5.6836,6.903
3,7.25,0.33588,1.0575,1.3986,-2.38985,11.7805,72.917,99.2944,411.15,5.2974,2151.2,26.4805,1.8064,0.14796,1.61715,5.66845,5.8663
3,7.75,0.36504,1.7106,1.58195,9.99995,15.1105,69.659,99.29574,409.12,5.3425,2150.85,107.595,1.5777,-0.21184,1.32355,5.6482,8.9339
3,8.25,0.43595,2.42075,1.9212,23.91,18.287,67.509,99.30421,407.01,5.4046,2144.1,204.21,1.9819,-0.70595,0.97696,5.62255,11.133
3,8.75,0.44046,2.9983,1.9518,44.6005,24.863,64.196,99.320785,405.76,5.40295,2136.3,298.02,1.22635,-0.990125,0.180835,5.5851,12.149
3,9.25,0.45385,2.992,2.0641,75.092,29.1595,61.759,99.302055,404.87,5.4213,2132.1,426.88,0.645745,-0.587785,0.126065,5.5765,14.097
3,9.75,0.48745,3.56575,2.16485,92.29,32.55,57.997,99.31142,403.2,5.4882,2114.8,537.865,0.50875,-0.589645,-0.46367,5.5737,15.7995
3,10.25,0.50631,3.8974,2.1702,119.23,39.1765,56.2015,99.31081,402.65,5.464,2110.9,664.215,0.33457,-0.4319,-0.119285,5.5565,17.2925
3,10.75,0.518165,4.3525,2.1956,130.87,44.0705,53.9345,99.29531,402.65,5.53725,2108.05,771.515,-0.10174,-0.43173,-0.44459,5.54625,17.776
3,11.25,0.52865,5.0954,2.3339,149.585,45.5025,51.928,99.28144,402.37,5.54095,2100.05,864.85,0.0833295,-0.292905,-0.262525,5.5174,21.866
3,11.75,0.543,5.8927,2.371,172.39,52.913,50.625,99.27412,401.59,5.7226,2097.9,933.42,0.06829,-0.354805,-0.39883,5.52345,23.575
3,12.25,0.548985,5.6726,2.298,169.92,56.02,49.0985,99.25692,401.43,5.3082,2095.55,990.655,0.225915,-0.35586,-0.24347,5.5081,23.563
3,12.75,0.543165,6.2134,2.38105,167.56,58.683,47.9315,99.22782,401.02,5.4099,2097.3,924.98,0.183455,-0.29221,-0.1310405,5.5347,23.714
3,13.25,0.58111,6.32245,2.37965,168.425,60.266,47.0695,99.19513,400.115,5.38335,2088.1,929.88,-0.037452,-0.276205,-0.31043,5.5659,24.128
3,13.75,0.60636,6.7004,2.5108,155.53,57.3645,46.786,99.1655,400.24,5.52685,2086.95,900.705,-0.05496,-0.181255,-0.256715,5.6407,22.853
3,14.25,0.59622,7.01865,2.5748,161.23,57.237,47.4555,99.147885,400.36,5.614,2091.65,815.4,0.30843,-0.19995,0.15613,5.66855,24.9875
3,14.75,0.59888,7.2201,2.6051,143.88,50.5925,46.8685,99.135025,399.38,5.54115,2091.1,753.445,0.525015,-0.103745,0.367425,5.70765,24.685
3,15.25,0.61034,7.80135,2.6592,118.04,46.75,46.386,99.132685,399.71,5.5692,2093.85,616.27,0.73732,-0.082095,0.48805,5.7603,19.3315
3,15.75,0.58275,7.39075,2.4833,105.59,47.63,46.627,99.12905,399.675,5.49645,2090.8,507.3,0.82834,-0.030349,0.72562,5.8616,17.819
3,16.25,0.586705,7.7116,2.64825,77.335,38.068,46.7205,99.12791,399.675,5.4624,2085.25,447.99,0.772105,0.00764825,0.77798,5.87905,15.432
3,16.75,0.60471,7.56245,2.4912,56.5795,34.203,46.5995,99.13349,399.71,5.7011,2080.5,338.51,1.089,0.034294,1.1182,5.9033,14.591
3,17.25,0.54639,7.1396,2.3908,37.372,26.5175,48.028,99.13752,400.305,5.5132,2081.3,227.605,1.0473,0.0971045,1.12695,5.9388,8.9376
3,17.75,0.52234,6.8625,2.2982,14.003,23.625,48.544,99.162255,400.48,5.5795,2081.05,104.615,1.2999,0.19127,1.4873,5.9923,7.0153
3,18.25,0.47564,6.821,2.043,-4.7905,16.775,49.656,99.17928,401.105,5.77855,2087.2,27.88,1.56115,0.31194,1.7252,6.05575,5.0987
3,18.75,0.42499,6.597,1.8834,-13.5655,15.246,51.3035,99.20145,402.15,5.8049,2088.1,1.2405,1.75905,0.40185,2.2028,6.0982,4.37485
3,19.25,0.36588,6.426,1.6612,-10.35,13.016,54.202,99.24485,403.9,5.7249,2098.4,0.34269,1.7037,0.518905,2.3416,6.12325,3.1311
3,19.75,0.32511,6.2229,1.4348,-13.129,10.61,56.208,99.27075,405.76,5.8994,2107.45,0.34002,1.4158,0.52442,2.1462,6.1248,2.6442
3,20.25,0.33435,5.8671,1.4943,-12.7775,10.05165,58.0875,99.29673,407.04,5.78245,2124.1,0.33701,1.6204,0.412935,2.3454,6.1275,4.3552
3,20.75,0.33355,5.3019,1.44,-12.793,10.823,58.278,99.29089,407.81,5.7743,2128.65,0.33999,1.612,0.37088,2.1498,6.12805,5.546
3,21.25,0.33492,4.8126,1.465,-11.629,12.055,58.987,99.30497,407.01,5.8729,2132.4,0.339225,1.64015,0.23163,2.1651,6.1403,5.25
3,21.75,0.33391,4.43095,1.4189,-13.6325,13.156,60.9025,99.3084,406.64,5.9208,2140.3,0.340185,1.2245,0.251355,1.53365,6.1417,4.0057
3,22.25,0.325785,4.0368,1.37355,-12.101,12.633,62.13,99.29451,408.29,5.8161,2145.7,0.33882,1.2534,0.219915,1.93275,6.1321,4.4938
3,22.75,0.277065,3.8726,1.27145,-13.702,9.60845,62.965,99.28457,408.36,5.8049,2143.8,0.337255,1.324,0.31695,1.98055,6.12135,4.5608
3,23.25,0.27887,3.483,1.1932,-14.076,11.416,64.032,99.28318,408.415,5.80525,2145.6,0.326505,1.4923,0.273895,1.8526,6.11045,5.5754
3,23.75,0.27916,3.2204,1.2552,-11.999,10.635,63.8,99.2644,408.725,5.85855,2144.4,0.32002,1.5377,0.11449,1.7705,6.0994,4.10745
4,0.25,0.26322,10.532,1.3063,-15.871,14.185,62.636,98.96074,411.1,7.98995,2146.1,0.86095,1.6571,0.30687,2.0202,12.429,6.3679
4,0.75,0.24278,9.90565,1.2321,-17.275,12.83,65.0355,98.93473,410.95,7.9544,2147.6,0.91769,1.6714,0.245045,2.2694,12.398,9.8833
4,1.25,0.24786,9.60265,1.22005,-16.8205,14.319,64.955,98.908835,411.195,7.82875,2148.15,0.92126,1.405,0.22153,1.87275,12.365,9.9197
4,1.75,0.22697,9.17475,1.12705,-14.548,14.695,65.476,98.9157,412.16,7.7998,2152.6,0.87166,1.64615,0.32962,2.009,12.331,10.543
4,2.25,0.2575,8.8517,1.1534,-15.6605,12.0795,66.5915,98.89812,412.04,7.7313,2164,0.76051,1.4145,0.24158,1.8796,12.294,11.995
4,2.75,0.23288,8.6897,1.1171,-13.2395,13.3095,66.9025,98.868525,414.3,7.6178,2180.8,0.7759,1.4361,0.17822,1.80175,12.256,15.7845
4,3.25,0.225,8.26095,1.1241,-12.276,13.2675,67.865,98.881555,413.05,7.64375,2177.4,0.80548,1.385,0.27373,1.5913,12.217,12.93
4,3.75,0.234,8.05165,1.039,-12.5635,13.9345,69.791,98.881975,412.27,7.5627,2180.5,0.87054,1.4009,0.21098,1.851,12.218,9.51435
4,4.25,0.26803,7.80745,1.1437,-15.0375,14.297,70.9355,98.879125,414.71,7.5715,2181.4,0.84695,1.504,0.23162,2.028,12.37,12.0045
4,4.75,0.264,7.4431,1.1465,-13.259,11.475,72.209,98.879295,414.185,7.61975,2177.8,0.22256,1.6589,0.2835,2.10835,12.298,13.532
4,5.25,0.23662,7.4407,1.053,-13.8415,12.867,72.578,98.884875,416.89,7.5323,2192.45,-1.5288,1.5933,0.35127,2.034,12.197,9.0705
4,5.75,0.26483,7.4341,1.0733,-15.1875,13.6215,72.8295,98.883485,416.9,7.5188,2201.3,1.0387,1.436,0.392925,1.86305,12.131,14.4115
4,6.25,0.26267,7.3711,1.19235,-11.207,14.47,72.793,98.90667,418.15,7.5845,2197.95,18.441,1.477,0.19484,1.98415,12.116,13.169
4,6.75,0.307,7.8192,1.3451,-3.7583,18.732,70.7325,98.939245,418.615,7.7942,2175.2,80.593,1.7822,-0.092656,1.5575,12.056,17.976
4,7.25,0.38474,8.38335,1.4856,9.95,24.848,67.057,98.953655,417.14,7.8997,2161.6,161.79,1.4528,-0.837185,0.93325,12.026,21.1225
4,7.75,0.42,9.483,1.7146,29.794,31.2315,63.916,98.952235,413.59,7.6062,2132.1,289.46,1.24385,-1.04215,-0.0469215,12.013,19.7875
4,8.25,0.442335,10.4305,1.8377,59.1225,43.43,62.3,98.94813,409.625,7.6834,2108,424.4,0.18263,-1.0181,-1.00847,11.95,29.11
4,8.75,0.47128,10.724,2.074,78.5055,44.995,59.1825,98.969855,406.355,7.62775,2105.35,526.81,-0.67732,-1.16745,-1.3424,11.852,25.728
4,9.25,0.49472,11.2675,2.147,97.0205,51.75,57.4185,98.93495,405.41,7.5303,2088.45,663.82,-0.638,-0.734045,-1.788,11.828,26.016
4,9.75,0.55111,11.9295,2.164,104.53,59.814,54.7785,98.94144,403.01,7.5306,2084.25,779.52,-1.2123,-0.5989,-2.2397,11.8385,26.405
4,10.25,0.5656,12.265,2.2905,129.43,71.372,52.9715,98.92759,401.05,7.5122,2065.25,838.55,-1.57525,-0.493395,-2.057,11.87,31.735
4,10.75,0.55033,12.7135,2.3295,151.615,73.344,51.566,98.93356,400.11,7.6032,2050.3,973.575,-1.4147,-0.44431,-2.1143,11.918,32.058
4,11.25,0.575255,13.305,2.3883,150.52,82.3055,49.8775,98.917,399.125,7.7708,2047.8,1075.7,-1.8946,-0.35999,-2.3325,11.976,29.475
4,11.75,0.57451,13.99,2.32125,172.925,82.247,47.6995,98.88733,398.52,7.7415,2048.45,1045.5,-1.6632,-0.3009,-1.9474,11.994,29.801
4,12.25,0.578865,14.291,2.4855,171.965,93.104,45.699,98.90248,397.83,7.6905,2043.8,1156.4,-1.8991,-0.346445,-2.3979,12.052,35.059
4,12.75,0.57965,15.086,2.43835,169.24,96.0625,43.665,98.89562,397.93,7.736,2041.3,1117.7,-1.8105,-0.26598,-2.1695,12.146,33.569
4,13.25,0.6024,15.478,2.56815,162.71,93.732,42.319,98.87261,398.12,7.77555,2041.5,1135.5,-1.6875,-0.20014,-1.9528,12.241,31.76
4,13.75,0.62747,16.0135,2.60435,154.75,100.56,40.9885,98.85896,397.35,7.9103,2039.6,1049.55,-1.64255,-0.28271,-2.2562,12.3245,29.143
4,14.25,0.616,16.1315,2.57205,151.57,95.4015,39.088,98.83673,397.595,7.7439,2039.15,1041.1,-1.31715,-0.21332,-1.6016,12.3725,34.188
4,14.75,0.60327,16.0865,2.5203,146.91,96.9205,38.818,98.817965,397.27,7.4512,2037.9,945.875,-1.319,-0.17516,-1.4391,12.4405,34.359
4,15.25,0.60351,16.322,2.5699,116.325,84.805,38.266,98.781125,397.05,7.4399,2039.25,836.37,-0.82999,-0.100035,-1.04365,12.5265,29.697
4,15.75,0.60535,16.733,2.50135,110.02,75.573,38.934,98.760395,397.37,7.5839,2037.6,703.275,-0.74948,-0.0117385,-1.0928,12.5775,26.6245
4,16.25,0.62377,16.605,2.6295,79.2915,70.312,38.72,98.73525,397.9,7.8023,2034.9,603.55,-0.45818,0.0304145,-0.46111,12.5745,25.0195
4,16.75,0.58636,16.583,2.5116,62.249,64.2445,38.71,98.725495,398.25,7.7597,2030.15,512.205,0.0157185,-0.0077154,-0.034257,12.5965,21.8195
4,17.25,0.54396,16.353,2.4248,40.659,54.22,39.2395,98.731255,398.49,7.8476,2030.7,357.03,0.51602,0.040587,0.50609,12.6645,23.0195
4,17.75,0.52695,16.157,2.3651,20.53,46.6025,38.977,98.75458,398.87,7.8637,2025,227.005,0.79422,0.12055,0.89044,12.732,18.6085
4,18.25,0.508695,15.938,2.2004,5.1254,37.845,40.3735,98.75999,399.3,7.66905,2032.4,117.77,1.67285,0.23292,1.7442,12.833,18.035
4,18.75,0.45895,15.593,2.01805,-13.0295,28.3075,41.085,98.75828,400.04,7.7833,2044.6,31.7365,1.7588,0.50516,2.2578,12.8455,12.4165
4,19.25,0.38853,15.062,1.7316,-20.307,21.3195,43.352,98.766235,402.065,7.7625,2038.15,1.75575,2.34805,0.69041,2.71735,12.863,10.778
4,19.75,0.34286,14.598,1.4993,-19.6475,16.906,45.7815,98.778175,403.435,7.6689,2042.15,-3.76615,2.2859,0.722025,3.03095,12.887,7.2585
4,20.25,0.313645,13.753,1.4193,-17.006,16.3715,47.8945,98.81164,405.19,7.802,2056.4,-3.02264,2.215,0.74102,3.37745,12.901,10.652
4,20.75,0.2841,13.186,1.3497,-18.744,15.18,50.926,98.848945,406.44,7.9757,2073.9,-3.037,2.1853,0.54489,2.9158,12.902,7.4332
4,21.25,0.29954,12.7745,1.327,-19.279,15.904,52.358,98.89442,407.75,7.9673,2084.7,-2.459525,2.1461,0.59339,2.853,12.897,10.734
4,21.75,0.28538,12.235,1.4271,-19.599,16.823,54.023,98.918965,408.69,8.048,2091.1,-3.00527,2.02165,0.31859,2.6957,12.889,10.698
4,22.25,0.30281,11.908,1.42415,-18.911,16.494,57.56,98.923445,409.125,8.1454,2098.5,-3.5452,2.2252,0.32901,2.67105,12.885,11.1515
4,22.75,0.275275,11.6185,1.2989,-20.272,16.348,58.705,98.930005,408.46,8.2507,2109.1,-4.04525,2.235,0.27021,2.83885,12.8635,14.486
4,23.25,0.27101,11.669,1.2486,-19.008,16.191,59.437,98.944905,409.16,8.18295,2126.05,-5.58565,1.7728,0.196715,2.2958,12.8385,10.5835
4,23.75,0.2885,11.4855,1.2535,-14.827,14.409,61.526,98.9361,409.21,8.145,2139.2,-3.230355,1.90175,0.237365,2.0958,12.812,13.4375
5,0.25,0.18516,16.789,0.76336,-23.838,17.291,69.955,98.97724,412.27,13.587,2113.85,-29.864,2.353,0.43171,3.2503,17.354,15.123
5,0.75,0.15731,15.996,0.73109,-28.627,16.404,72.917,98.96734,411.23,13.309,2119,-29.945,2.236,0.34182,2.95085,17.329,23.222
5,1.25,0.15129,15.807,0.64454,-26.466,14.463,74.217,98.97417,412.23,13.2205,2129.55,-29.998,2.4155,0.45118,2.962,17.285,19.697
5,1.75,0.17851,15.67,0.712195,-24.4555,15.115,75.172,98.96834,413.48,13.474,2170.1,-30.105,2.3168,0.49648,3.1223,17.284,15.635
5,2.25,0.16923,15.39,0.68045,-23.87,16.4545,75.391,98.95762,417.32,13.457,2164.4,-30.155,2.2569,0.392175,2.6367,17.279,22.274
5,2.75,0.15699,15.363,0.68494,-22.475,13.9855,76.86,98.92654,414.86,13.666,2173,-30.198,2.2521,0.35301,2.5242,17.252,16.844
5,3.25,0.16758,15.3,0.674885,-26.23,13.887,77.8345,98.91594,416.33,13.577,2175.85,-30.215,1.9326,0.513665,2.5667,17.269,17.4635
5,3.75,0.17136,14.967,0.61663,-24.3835,15.571,79.885,98.93868,416.79,13.927,2162,-30.306,2.14525,0.30239,2.736,17.182,14.533
5,4.25,0.15158,14.551,0.696985,-22.206,13.8755,80.492,98.96819,419.315,13.791,2174.45,-30.336,1.88245,0.55242,2.5188,17.151,17.443
5,4.75,0.136715,14.495,0.633095,-22.595,13.676,80.883,99.0001,421.08,13.6185,2169.45,-30.38,1.88505,0.704715,2.36685,17.15,17.8895
5,5.25,0.15233,14.324,0.599865,-24.026,16.044,81.462,99.01977,422.695,13.636,2168.15,-25.406,2.0041,0.52259,2.4181,17.052,24.431
5,5.75,0.171525,14.378,0.682995,-20.96,19.676,81.349,99.03197,422.36,13.603,2152.5,11.416,1.5613,0.517045,1.86205,16.997,23.753
5,6.25,0.22299,14.8225,0.75559,-9.2875,25.339,78.8015,99.04912,424,13.7575,2159.4,63.1745,0.54238,-0.016364,0.0506465,16.9555,23.122
5,6.75,0.25661,15.5315,0.83459,2.1993,42.1695,75.0155,99.04762,422.02,13.981,2153.35,167.115,-1.5069,-0.63016,-1.9531,16.9705,25.5225
5,7.25,0.29525,16.4305,1.012,13.598,54.626,71.96,99.0344,418.34,14.139,2119.5,292.495,-3.78175,-1.42965,-6.36935,16.9385,31.012
5,7.75,0.35232,16.9795,0.98503,30.186,71.612,67.854,99.05112,411.13,14.1815,2097.4,440.155,-5.6267,-1.45135,-8.7076,16.9035,45.182
5,8.25,0.39178,17.384,1.151,48.592,98.524,65.7,99.05727,407.845,14.0565,2085.5,585.09,-7.9637,-1.2671,-9.2878,16.8615,40.376
5,8.75,0.4208,18.104,1.2455,67.414,115.82,62.87,99.05805,403.55,14.0345,2090.5,712.815,-9.6371,-1.39385,-12.028,16.8665,39.227
5,9.25,0.43641,18.599,1.27045,83.358,136.42,60.15,99.03283,400.59,14.4935,2065.2,880.45,-11.5375,-1.0176,-12.982,16.879,43.195
5,9.75,0.47467,19.383,1.3362,104.56,169.3,55.666,99.04515,398,13.765,2043.4,987.79,-13.2135,-0.834555,-15.089,16.8665,46.757
5,10.25,0.454055,19.8005,1.3567,109.45,169.56,53.264,99.02129,396.835,13.223,2029.1,1007.3,-13.332,-0.598605,-14.374,16.893,48.727
5,10.75,0.46559,20.704,1.3479,112.62,187.19,51.05,99.00587,395.67,13.418,2033,1079.55,-13.8575,-0.584535,-14.815,16.892,42.12
5,11.25,0.47886,21.241,1.3926,116.79,211.93,49.542,98.98923,395.29,13.46,2019,1191.85,-14.0745,-0.355505,-15.091,16.9025,47.6475
5,11.75,0.52657,21.5835,1.4737,116.325,211.75,48.285,98.9783,394.3,13.645,2010.3,1217.5,-13.111,-0.411055,-13.7595,16.9055,52.909
5,12.25,0.49986,22.161,1.4679,118.81,217.66,47.792,98.95815,393.68,13.323,2008,1234.55,-13.129,-0.31723,-13.598,16.968,51.877
5,12.75,0.5258,22.591,1.5119,116.35,209.455,45.7575,98.9503,393.375,13.486,2006.9,1259.6,-13.283,-0.25894,-13.727,17.01,55.256
5,13.25,0.52773,22.9885,1.5146,95.997,228.42,44.585,98.9299,392.3,13.558,2005.5,1126.4,-12.9165,-0.261365,-13.557,17.054,53.836
5,13.75,0.5045,23.1665,1.5445,85.95,198.94,43.975,98.900985,392.01,13.78,2005.1,1028.5,-11.749,-0.115525,-11.6245,17.11,46.8245
5,14.25,0.53288,23.567,1.53145,71.973,208.17,43.5225,98.87643,392.26,13.792,2005.3,999.9,-11.6805,-0.146825,-11.472,17.149,42.5495
5,14.75,0.552725,23.532,1.6915,56.469,200.86,42.0575,98.853155,392.4,13.965,2007.1,879.3,-11.058,-0.08459,-11.148,17.191,44.441
5,15.25,0.56097,23.853,1.66545,62.9265,191.38,42.055,98.825815,392.375,14.2135,2006.45,913.61,-10.3675,-0.0638095,-10.63,17.231,45.8475
5,15.75,0.53936,23.71,1.5604,41.865,174.935,40.775,98.798425,391.995,13.8815,2008.7,789.23,-9.2845,-0.095399,-9.3943,17.329,41.024
5,16.25,0.52706,23.749,1.611,31.229,165.735,40.898,98.8024,393.1,14.287,2005.9,714.145,-8.1485,-0.022719,-8.184,17.391,45.9955
5,16.75,0.5055,23.687,1.4674,16.4135,135.105,41.377,98.80469,391.645,13.9175,2006.85,539.22,-5.7346,-0.049448,-6.2957,17.457,40.919
5,17.25,0.48683,23.7465,1.4594,-2.7015,113.715,41.903,98.79797,391.86,13.921,2001.4,396.815,-4.3278,0.033033,-4.4293,17.515,39.929
5,17.75,0.46805,23.4795,1.4211,-8.1265,83.768,42.983,98.80281,392.82,13.9655,2005,298.67,-2.92225,0.17735,-2.6211,17.574,36.991
5,18.25,0.40724,23.0705,1.3026,-21.03,63.899,44.522,98.802295,393.2,13.9345,2006.9,170.62,-0.87325,0.21415,-0.76015,17.625,30.4535
5,18.75,0.38438,22.5435,1.24,-26.265,47.125,46.18,98.83687,393.32,14.1355,2006.45,70.5065,0.71397,0.41652,1.143,17.67,24.616
5,19.25,0.34211,21.6035,1.1404,-32.8455,32.2325,47.497,98.85227,395.34,14.266,2008.95,7.81685,2.0428,0.724525,2.8323,17.694,19.053
5,19.75,0.25107,21.1085,1.0206,-31.531,21.277,50.138,98.862225,398.595,14.395,2029.7,-26.2485,2.5575,1.1438,3.7462,17.717,15.558
5,20.25,0.25342,20.447,0.92514,-31.546,22.0405,53.093,98.879175,401.15,14.552,2069.7,-29.72,2.6088,1.1682,4.0858,17.736,16.841
5,20.75,0.23271,19.895,0.92651,-29.513,17.272,55.315,98.90804,402.7,14.634,2068.3,-29.7335,2.78815,0.93441,4.19025,17.755,21.764
5,21.25,0.18783,19.0925,0.85505,-31.787,16.9865,57.843,98.9324,406.17,14.576,2085.2,-29.732,2.924,0.92571,3.9637,17.796,19.924
5,21.75,0.18951,18.503,0.79758,-29.1565,18.352,59.725,98.957705,408.54,14.795,2094,-29.7605,2.60485,0.75651,3.27365,17.803,26.411
5,22.25,0.19955,18.286,0.77553,-28.92,18.724,62.168,98.953435,410.96,14.808,2107.1,-29.7895,3.0043,0.79441,3.6365,17.778,29.976
5,22.75,0.18307,18.3135,0.73726,-26.731,19.0675,64.642,98.96919,411.07,14.7275,2102.7,-29.847,2.3761,0.78231,3.41065,17.776,22.6785
5,23.25,0.21184,18.0665,0.72707,-25.059,17.177,67.507,98.97938,413.11,14.7445,2106.8,-29.8335,2.8176,0.46225,3.50775,17.775,20.612
5,23.75,0.18596,17.6315,0.67209,-24.698,12.033,68.988,98.995505,412.21,14.786,2116.2,-29.8555,2.53565,0.541945,3.0047,17.774,27.6505
6,0.25,0.153405,20.597,0.65272,-29.374,11.2985,68.3725,98.908195,408.66,18.15,2085.1,-10.446,1.8347,0.493065,2.5045,21.382,26.749
6,0.75,0.13567,20.459,0.587575,-27.601,15.225,70.875,98.916435,408.72,18.1765,2100.1,-10.486,2.11855,0.57999,2.5737,21.38,20.8525
6,1.25,0.10986,20.107,0.57548,-22.622,10.579,73.088,98.90717,410.63,18.114,2111.95,-10.552,1.5046,0.68932,2.4184,21.362,23.748
6,1.75,0.100335,19.598,0.547215,-24.1455,14.7055,74.168,98.918245,411.88,18.069,2133.8,-10.625,1.1814,0.7768,2.13545,21.3565,24.9375
6,2.25,0.11188,19.198,0.52593,-18.274,11.367,76.321,98.91723,415.53,17.955,2146.2,-10.413,1.3933,0.67684,2.2423,21.343,34.568
6,2.75,0.11198,19.079,0.55587,-22.706,11.517,77.184,98.91582,419.86,17.6605,2163.2,-10.485,2.02275,0.657185,2.797,21.317,24.5055
6,3.25,0.1126,18.971,0.60043,-21.546,11.578,79.19,98.898415,419.605,17.5945,2157.55,-10.406,1.72205,0.62952,2.48465,21.238,29.964
6,3.75,0.11422,18.832,0.54183,-21.172,13.873,79.51,98.904095,418.93,17.425,2203.5,-10.286,1.7815,0.34013,2.57665,21.186,33.069
6,4.25,0.11792,18.787,0.55799,-21.361,15.399,80.724,98.906565,422.83,17.19,2173.1,-10.488,1.44455,0.65272,2.5249,21.173,31.133
6,4.75,0.11926,18.732,0.5639,-20.288,12.0645,81.409,98.93403,423.18,17.296,2158.7,-10.3,1.4884,0.579565,2.3663,21.158,31.21
6,5.25,0.11818,18.656,0.555245,-18.948,12.3555,82.012,98.94168,428.65,17.075,2171.2,-1.9571,1.2197,0.74856,2.21465,21.134,28.202
6,5.75,0.15106,18.817,0.5855,-15.026,16.1695,81.896,98.976785,428.96,17.266,2166.6,43.077,0.7796,0.008028,0.84096,21.087,35.151
6,6.25,0.17533,19.339,0.60862,-6.8571,33.4415,78.802,98.985005,426.09,17.362,2154.55,129.645,-0.6013,-0.94727,-2.1533,21.11,46.0965
6,6.75,0.22895,19.818,0.725,4.1071,50.945,74.1,98.977565,420.745,17.4485,2146.4,150.05,-4.3591,-1.5345,-6.5631,21.101,41.8055
6,7.25,0.2588,20.576,0.76446,16.9085,73.624,70.1,98.95989,413.56,17.708,2117.45,374.11,-6.9359,-1.8494,-9.548,21.097,43.364
6,7.75,0.29415,21.524,0.84322,29.0425,104.07,65.615,98.955405,406.21,17.954,2081.3,481.905,-9.6794,-1.78785,-12.734,21.097,50.6105
6,8.25,0.35169,22.232,0.93448,38.929,151.87,62.265,98.95587,400.325,18.0765,2068.5,652.65,-13.392,-1.6778,-15.3445,21.0875,47.542
6,8.75,0.37748,22.783,0.92224,48.594,189.715,60.488,98.95167,396.86,18.189,2040.6,816.05,-14.617,-1.40495,-16.794,21.105,53.341
6,9.25,0.40956,23.529,1.05385,59.8715,217.37,57.862,98.9479,392.865,18.0295,2020.4,806.68,-16.2695,-1.1766,-17.977,21.07,49.462
6,9.75,0.4396,24.093,1.05095,70.389,263.17,55.963,98.92765,390.4,18.014,2003.9,1060.4,-19.355,-1.0321,-20.518,21.072,44.2
6,10.25,0.45155,24.72,1.1238,69.2805,276.6,53.56,98.92792,387.795,18.097,1984.8,1044.6,-19.611,-0.754195,-20.848,21.062,47.7645
6,10.75,0.45439,24.884,1.1932,72.6455,307.9,52.425,98.93195,386.45,17.452,1978,1129.55,-20.264,-0.511045,-20.531,20.986,51.589
6,11.25,0.46231,24.995,1.1708,76.737,342.16,49.701,98.9246,385.17,17.769,1975.2,1254,-21.699,-0.390265,-21.987,20.979,50.048
6,11.75,0.48207,25.203,1.1576,74.884,343.975,48.141,98.89692,383.5,17.528,1970.45,1271.8,-21.238,-0.37283,-21.694,21.0265,52.352
6,12.25,0.48566,25.62,1.1629,66.352,354.58,47.348,98.84684,383.3,17.433,1968.1,1290.8,-21.559,-0.303275,-21.869,21.051,57.133
6,12.75,0.50623,26.128,1.2499,59.912,382.79,45.383,98.83209,382.83,17.271,1961.75,1369.7,-20.5705,-0.246615,-21.278,21.0715,48.983
6,13.25,0.50412,26.621,1.21555,54.495,362.11,44.309,98.79532,382.92,17.42,1959.05,1408.25,-19.941,-0.22545,-20.115,21.069,45.6755
6,13.75,0.502485,26.7,1.27365,42.064,362.055,42.6885,98.74717,382.855,17.3865,1957,1266.35,-18.7415,-0.14558,-19.23,21.081,44.55
6,14.25,0.49538,26.965,1.2412,32.77,346.745,41.689,98.72266,382.99,17.134,1957.2,1152.2,-18.364,-0.13036,-18.388,21.101,47.8365
6,14.75,0.488025,26.852,1.3233,20.6335,299.18,42.007,98.71333,383.24,17.013,1958.65,1022.35,-15.842,-0.04883,-15.99,21.129,43.493
6,15.25,0.47019,26.8555,1.2272,10.5802,296.91,41.3655,98.69962,383.11,16.629,1956.45,996.99,-15.074,-0.10408,-15.123,21.121,39.996
6,15.75,0.48326,26.777,1.26605,-0.417335,262.175,41.102,98.69183,382.91,16.5545,1955,878.95,-13.168,-0.0090469,-13.171,21.144,42.367
6,16.25,0.4454,26.7155,1.2628,-10.666,244.73,41.709,98.702025,382.755,16.293,1957.55,730.99,-11.5165,0.0145895,-11.615,21.191,41.984
6,16.75,0.46615,26.569,1.2912,-23.0875,199.755,41.124,98.68115,383,16.2105,1955.85,641.6,-9.6627,0.085908,-9.6868,21.193,35.93
6,17.25,0.43996,26.68,1.2447,-26.474,157.675,41.429,98.68298,383.3,16.302,1961,459.85,-7.1418,0.13474,-6.9772,21.206,32.611
6,17.75,0.42768,26.367,1.3466,-32.8345,135.43,41.63,98.67763,384.3,16.1625,1970.4,360.53,-5.4228,0.14968,-5.3343,21.279,30.429
6,18.25,0.38748,26.153,1.234,-40.379,100.57,42.726,98.69533,384.81,16.241,1966.45,264.13,-3.3145,0.22131,-3.1747,21.321,28.9745
6,18.75,0.35819,25.263,1.1998,-41.415,80.8515,44.6055,98.71527,385.06,16.214,1972.9,149.24,-1.127,0.37125,-0.898005,21.3635,21.398
6,19.25,0.32549,24.74,1.1098,-40.48,49.158,46.107,98.7191,386.4,16.7885,1974.7,58.956,0.41364,0.54492,0.94597,21.476,27.928
6,19.75,0.30474,24.436,0.99662,-41.375,32.96,48.537,98.75583,388.575,16.6155,1984.6,6.6557,2.3139,0.88915,2.87185,21.514,27.791
6,20.25,0.226525,23.775,0.816145,-40.652,28.8505,51.004,98.76338,392.17,16.6525,1999.45,-7.8431,2.987,1.0957,3.701,21.534,31.568
6,20.75,0.199905,23.0935,0.82107,-37.204,24.62,52.058,98.81161,395.15,16.9,2019.95,-8.217,3.34445,1.0259,4.4806,21.552,27.3975
6,21.25,0.172095,22.549,0.692775,-36.269,23.533,54.332,98.83141,397.405,16.935,2037.05,-8.5271,2.3864,0.90063,3.8868,21.565,26.921
6,21.75,0.20433,22.172,0.74375,-35.52,20.445,56.713,98.866485,399.015,17.5125,2032.4,-8.2852,3.0106,0.67834,3.9105,21.4885,26.631
6,22.25,0.19358,21.686,0.73545,-33.349,22.954,61.058,98.878565,401,17.625,2069.55,-8.9298,2.63705,0.6152,3.52,21.4945,33.659
6,22.75,0.17929,21.295,0.73608,-34.642,17.753,62.32,98.88585,403.375,17.5595,2067,-8.65955,2.7293,0.59011,3.6017,21.428,23.446
6,23.25,0.184735,20.9375,0.67508,-31.701,14.8845,64.35,98.90037,403.46,17.629,2074.6,-8.5866,2.1742,0.66812,3.0651,21.441,27.805
6,23.75,0.156015,20.728,0.653865,-28.887,15.815,67.663,98.90828,405.43,18.2295,2072.4,-8.64615,2.3021,0.661515,3.239,21.451,24.7525
7,0.25,0.11202,22.428,0.45462,-22.301,10.27,75.4235,98.98019,406.38,21.715,2021.7,-10.807,1.25545,0.91045,2.4638,23.7675,24.373
7,0.75,0.11199,22.375,0.44453,-27.5605,12.486,77.881,98.973535,407.665,22.133,2029.2,-10.798,1.844,0.680115,2.96895,23.8105,31.9535
7,1.25,0.12487,22.249,0.50546,-23.109,11.701,79.4785,98.95797,413.065,22.0395,2027.95,-10.817,1.9363,0.91227,3.1869,23.753,30.547
7,1.75,0.119655,22.0155,0.46637,-23.695,13.0475,80.7035,98.94749,415.195,22.309,2030.15,-10.684,1.6906,0.98293,2.6814,23.743,22.285
7,2.25,0.10775,21.675,0.44613,-19.533,10.656,81.498,98.945865,417.26,22.2855,2024.5,-10.734,1.4323,1.2658,2.722,23.604,15.5215
7,2.75,0.093782,21.478,0.454965,-23.1705,13.818,81.6985,98.95241,418.9,22.283,2059.45,-10.739,1.62245,0.831025,2.68475,23.72,29.983
7,3.25,0.11636,21.358,0.44532,-22.725,12.0125,82.9535,98.9458,422.205,22.2015,2069.8,-10.627,1.65055,0.92206,2.5688,23.627,34.424
7,3.75,0.101835,21.048,0.440155,-21.681,11.403,84.072,98.9575,423.165,21.7355,2074.5,-10.514,1.53915,0.821755,2.62965,23.609,29.597
7,4.25,0.098174,20.8135,0.42079,-20.221,15.075,84.733,98.96106,427.575,21.658,2088.55,-10.624,1.09265,0.78259,2.0914,23.566,41.171
7,4.75,0.0945715,20.6075,0.40135,-20.91,13.4835,86.12,98.976415,431.11,21.648,2061.85,-10.557,1.02273,0.88983,2.0151,23.824,22.07
7,5.25,0.10318,20.5375,0.425915,-20.188,12.996,86.622,98.98166,435.33,21.511,2041.6,-5.7546,0.913295,0.96659,2.6035,23.779,36.1375
7,5.75,0.10375,20.446,0.43135,-18.882,13.096,87.8785,99.012525,438.12,21.3255,2082.8,26.576,0.82283,0.609455,1.5769,23.758,25.769
7,6.25,0.12017,20.91,0.440775,-16.84,26.033,85.093,99.02167,435.87,21.084,2059,89.211,0.68932,-0.57349,-0.0038158,23.737,40.27
7,6.75,0.1552,21.825,0.52695,-3.4379,42.393,80.4745,99.024165,430.29,21.168,2025.4,145.81,-2.12235,-2.154,-4.054,23.756,29.2115
7,7.25,0.203065,22.627,0.592225,8.3568,74.144,75.684,99.019945,419.02,21.113,2012.5,348.23,-4.6224,-3.1265,-7.9408,23.7,40.143
7,7.75,0.23365,22.896,0.6318,11.5955,110.485,71.3545,99.01515,410.45,21.674,1992.75,509.9,-8.8177,-2.4022,-11.584,23.58,37.021
7,8.25,0.245435,23.706,0.61217,29.78,160.91,68.26,99.01314,401.58,21.979,1976.25,627.97,-9.6278,-2.29865,-12.05,23.5935,41.958
7,8.75,0.291865,24.4985,0.693375,44.9875,186.495,65.259,98.975295,394.335,21.5655,1980.2,750.84,-12.487,-1.65465,-15.496,23.506,48.4545
7,9.25,0.333775,24.988,0.79088,51.846,246.245,62.999,98.96442,388.13,21.454,1973.5,862.6,-14.645,-1.5546,-16.4795,23.291,60.294
7,9.75,0.33521,25.349,0.75506,62.861,258.265,60.337,98.96413,382.79,21.857,1956.1,973.07,-16.149,-1.53455,-17.895,22.86,48.618
7,10.25,0.32769,25.872,0.80991,54.002,305,57.5055,98.977425,379.36,21.686,1937.9,1086.4,-17.493,-1.0315,-18.334,22.775,45.992
7,10.75,0.34756,26.582,0.7584,52.505,322.25,55.54,98.970605,377.57,21.829,1949.3,1096.4,-19.733,-0.857915,-20.6385,22.738,46.813
7,11.25,0.37025,27.1245,0.88451,59.254,338.15,54.0175,98.96665,376.36,21.446,1946.8,1167.8,-20.1545,-0.44286,-20.723,22.748,49.611
7,11.75,0.36723,27.4045,0.82121,45.149,339.89,53.291,98.97185,375.67,21.255,1929.25,1170.45,-19.769,-0.43614,-20.56,22.756,51.0155
7,12.25,0.386485,27.932,0.816215,50.9935,395.43,51.742,98.94862,373.605,21.2715,1930.8,1230.4,-19.9805,-0.3818,-20.464,22.82,46.139
7,12.75,0.39647,28.241,0.932775,42.026,358.12,50.219,98.919225,373.12,21.1175,1925.7,1199.3,-20.1815,-0.31588,-20.74,22.8415,47.872
7,13.25,0.42179,28.171,0.94634,29.175,377.37,49.446,98.898525,373.26,20.806,1933.9,1138.2,-17.828,-0.24426,-18.1105,22.9075,46.787
7,13.75,0.43575,28.089,0.94817,23.124,353.675,48.7135,98.866115,372.77,21.136,1928.9,1054.1,-17.2695,-0.179525,-17.833,22.962,47.836
7,14.25,0.413215,28.303,0.96005,13.224,338.77,49.018,98.849255,372.11,21.047,1926.2,1017.2,-16.846,-0.21404,-16.6655,23.032,41.8435
7,14.75,0.4141,28.435,0.93687,2.02355,331.11,48.893,98.83513,371.915,21.0065,1932.6,893.16,-14.9565,-0.14673,-15.37,23.09,41.71
7,15.25,0.407805,28.534,0.984365,-9.371,288.66,50.281,98.83131,372.135,20.6435,1931.5,832.415,-13.442,-0.00547915,-13.605,23.1645,42.571
7,15.75,0.3731,28.622,1.03935,-15.0085,265.935,48.8135,98.826505,371.77,20.931,1927.85,857.335,-11.3665,-0.10906,-11.616,23.234,41.996
7,16.25,0.401445,28.3665,0.99293,-19.993,227.87,49.642,98.81332,371.99,21.109,1929,666.93,-9.4495,-0.096182,-9.8599,23.234,40.1645
7,16.75,0.389995,28.194,1.04205,-28.083,194.54,49.4525,98.809545,372.185,21.1765,1928.55,569.37,-8.50605,-0.034932,-8.7422,23.473,32.973
7,17.25,0.34794,28.072,0.93379,-33.762,161.62,49.569,98.818275,371.94,21.239,1930.4,446.35,-6.3579,0.0906205,-6.45515,23.503,33.896
7,17.75,0.31792,27.58,0.88764,-38.844,124.485,50.681,98.817555,372.595,20.992,1938.2,333.28,-5.1458,0.0903105,-5.1492,23.598,35.6815
7,18.25,0.30932,27.4885,0.94295,-39.141,91.869,50.986,98.81506,373.08,20.896,1936.9,215.66,-2.2022,0.21464,-2.06385,23.504,27.631
7,18.75,0.30482,27.083,0.95623,-41.0315,62.844,52.757,98.835945,373.385,20.8605,1940.85,132.21,-1.1346,0.29765,-0.80087,23.591,26.4835
7,19.25,0.22849,26.75,0.83022,-42.754,50.64,54.101,98.84693,375.4,20.9655,1948.55,51.09,0.77985,0.48875,1.4248,23.618,22.7695
7,19.75,0.203805,26.118,0.766355,-36.954,31.6335,56.107,98.847305,377.39,21.254,1939.45,4.8599,1.7141,0.82396,2.5885,23.675,23.7945
7,20.25,0.15078,25.732,0.657025,-35.3755,23.257,58.618,98.87358,380.605,21.3475,1957.2,-9.9632,1.8983,1.161,3.4015,23.829,33.9945
7,20.75,0.13314,25.489,0.57745,-35.082,20.6905,61.6665,98.88651,383.81,21.2315,1953.5,-10.715,2.2976,1.1788,3.87775,23.839,26.2515
7,21.25,0.14334,24.705,0.58125,-30.128,17.321,64.7515,98.914915,385.96,21.7485,1945.45,-10.683,1.9562,0.81996,3.1312,23.726,36.2365
7,21.75,0.1286,24.188,0.50915,-29.353,18.15,67,98.94063,389.51,21.595,1973.55,-10.814,2.26625,1.0637,3.7518,23.777,21.4665
7,22.25,0.11763,23.689,0.49341,-27.996,17.648,68.763,98.965365,392.75,21.6755,1965.8,-10.789,1.8149,1.0728,3.7255,23.744,37.539
7,22.75,0.11599,23.2005,0.51525,-24.888,16.698,70.51,98.978605,394.82,21.738,1984.2,-10.757,1.5196,1.0173,2.9206,23.832,25.929
7,23.25,0.11057,23.101,0.473655,-25.8595,14.3045,72.599,98.973165,399.35,21.78,2002,-10.797,1.65975,1.0424,3.0746,23.851,16.686
7,23.75,0.11265,22.742,0.432,-22.585,13.9395,74.919,98.988705,402.56,21.93,2011.35,-10.692,1.53515,1.1002,3.0839,23.803,22.9175
8,0.25,0.10385,21.118,0.46577,-26.48,15.413,76.247,99.06136,405.305,18.866,2101.55,-10.876,1.0188,0.86215,2.33675,22.993,22.058
8,0.75,0.10396,20.991,0.46128,-25.981,17.117,77.43,99.053265,407.71,19.0335,2115.1,-10.9905,1.2136,0.792495,1.89015,22.985,29.9095
8,1.25,0.10869,20.637,0.48945,-30.004,17.1535,78.743,99.05052,409.99,19.1695,2119.55,-11.065,1.78125,1.0515,2.65185,22.954,28.44
8,1.75,0.0898735,20.498,0.445495,-30.303,15.791,80.385,99.038185,413.87,19.2225,2109.95,-10.8765,1.20995,0.81186,2.4052,22.887,23.495
8,2.25,0.099404,20.421,0.47666,-29.043,17.304,82.276,99.03208,415.37,18.623,2113.6,-10.976,1.158,0.84296,2.2708,22.869,14.07
8,2.75,0.09845,20.334,0.44556,-17.188,12.975,83.331,99.038865,417.135,18.905,2121.3,-11.049,1.1708,0.686465,1.8882,22.8265,16.987
8,3.25,0.0998435,20.044,0.512345,-24.34,13.674,84.775,99.05183,421.29,18.819,2146.8,-11.046,1.2584,0.96547,2.2773,22.807,19.533
8,3.75,0.0942305,19.822,0.476475,-24.3595,12.158,86.118,99.05007,420.6,18.9045,2156.4,-11.064,1.3468,0.67783,2.2222,22.79,15.339
8,4.25,0.094768,19.58,0.442665,-18.1835,10.697,86.95,99.04997,423.71,18.932,2167.6,-10.819,1.0259,0.74059,2.004,22.752,18.006
8,4.75,0.0893865,19.349,0.445245,-21.418,11.645,87.31,99.06694,428.775,18.831,2191.8,-10.855,0.92508,1.0884,2.2655,22.765,20.793
8,5.25,0.095468,19.268,0.444855,-21.408,12.927,88.385,99.07504,432.66,18.8465,2183.75,-10.846,1.0162,1.1542,2.3586,22.7025,18.6625
8,5.75,0.095077,19.264,0.43334,-15.9695,9.6179,89.565,99.09902,435.71,18.659,2184.3,-0.41814,1.1159,0.74341,2.0004,22.6605,15.64
8,6.25,0.10337,19.24,0.42876,-16.722,15.801,89.437,99.12719,436.735,18.633,2174.2,38.772,0.82734,0.287075,1.34355,22.6335,21.1015
8,6.75,0.140235,19.695,0.476625,-10.6425,30.5065,85.268,99.12973,432.25,18.507,2147.2,128.53,-0.47094,-0.71404,-0.97141,22.597,22.552
8,7.25,0.155795,20.633,0.508815,2.86495,57.7045,78.349,99.128605,428.19,18.5705,2134.3,264.62,-2.5646,-2.07505,-4.71075,22.543,41.1245
8,7.75,0.203165,21.338,0.57785,12.717,80.795,75.152,99.115075,417.115,18.486,2108.5,412.76,-6.08195,-3.0751,-9.7489,22.5335,31.8005
8,8.25,0.26811,22.061,0.61495,47.02,122.5,70.5,99.11957,407.51,18.629,2094.85,601.02,-9.2233,-2.9016,-12.495,22.4815,43.8685
8,8.75,0.27972,22.898,0.68158,55.071,184.4,66.848,99.103535,397.95,18.6405,2070.1,764.7,-11.759,-2.1314,-14.777,22.436,53.542
8,9.25,0.307585,23.4665,0.687635,67.445,221.21,63.551,99.10876,390.95,18.534,2036.8,937.625,-13.873,-2.02185,-16.1135,22.445,53.493
8,9.75,0.344545,24.1805,0.733655,78.3905,253.09,60.303,99.109075,384.94,19.09,2012.1,1049.1,-14.886,-1.7314,-17.3015,22.426,53.967
8,10.25,0.37321,24.93,0.81405,88.593,281.94,57.93,99.12085,381.575,18.941,1997.2,1171.65,-17.5385,-1.3569,-19.239,22.42,49.8325
8,10.75,0.38794,25.572,0.87347,84.481,306.42,56.1935,99.119215,377.88,19.284,1979.9,1173.45,-17.147,-1.1651,-19.09,22.376,55.5245
8,11.25,0.3922,25.907,0.82092,84.393,324.9,52.82,99.112405,375.28,18.885,1974.7,1243.6,-18.355,-0.80519,-19.571,22.3455,52.038
8,11.75,0.40462,26.331,0.87948,84.7675,349.75,50.814,99.08759,373.76,18.637,1966.2,1241,-17.531,-0.49588,-18.209,22.441,47.245
8,12.25,0.40587,26.763,0.95182,79.514,360.155,49.273,99.07196,372.905,18.314,1957.05,1326.3,-17.5785,-0.47414,-18.155,22.462,47.895
8,12.75,0.40214,27.1705,0.96027,72.3125,364.36,48.787,99.052605,372.4,18.4745,1952.6,1350.3,-18.077,-0.42535,-18.355,22.474,45.781
8,13.25,0.398905,27.0735,0.93741,52.0795,322.88,47.842,99.0474,372.205,18.39,1953,1370.2,-16.723,-0.2795,-16.775,22.49,42.7335
8,13.75,0.434115,27.268,0.953885,42.82,344.28,47.4595,99.03058,371.36,18.3975,1957.45,1335.5,-15.0575,-0.28038,-15.824,22.542,47.84
8,14.25,0.41503,27.654,1.0098,33.549,324.44,46.991,99.01136,371.61,18.137,1951.6,1168.65,-15.0285,-0.159675,-15.1165,22.587,41.742
8,14.75,0.38587,27.6315,0.837285,23.347,301.36,47.405,98.986065,370.65,17.986,1953,1046.9,-13.532,-0.12313,-13.8715,22.671,44.756
8,15.25,0.39729,27.567,0.97439,8.7239,260.6,47.19,98.959155,370.215,18.216,1953.65,908.06,-11.964,-0.15271,-12.058,22.621,37.196
8,15.75,0.3599,27.39,0.97081,-7.70335,232.235,47.3435,98.94753,369.99,17.9325,1955.3,901.93,-10.244,-0.065388,-10.295,22.638,38.8505
8,16.25,0.36649,27.358,0.99622,-12.645,215.87,46.5235,98.92945,369.89,17.854,1951.15,749.05,-8.5133,0.033569,-8.49175,22.681,36.506
8,16.75,0.320045,27.327,0.94283,-22.6955,160.035,46.8585,98.92016,369.6,18.107,1952.9,596.94,-5.95075,-0.047764,-6.05005,22.728,28.934
8,17.25,0.33467,27.329,0.97279,-31.224,139.86,47.2895,98.91428,369.815,18.139,1956.5,458.06,-4.4378,-0.029238,-4.498,22.746,25.987
8,17.75,0.321315,27.007,0.972425,-41.122,110.48,48.254,98.90617,369.89,18.2875,1961.1,331.63,-2.6,0.123435,-2.77535,22.764,24.191
8,18.25,0.28516,26.646,0.9616,-45.495,82.091,49.254,98.91355,369.71,17.8275,1960.4,169.74,-1.1411,0.19657,-1.0168,22.873,25.1715
8,18.75,0.25213,26.076,0.846775,-44.92,53.146,51.459,98.91331,370.59,18.2045,1963.6,65.963,0.18094,0.404685,0.51274,22.856,19.519
8,19.25,0.19542,25.373,0.770375,-42.332,32.656,53.977,98.9404,372.67,18.09,1972.2,11.393,1.124,0.78118,1.93665,22.917,21.25
8,19.75,0.14054,24.9055,0.69217,-39.764,24.551,56.772,98.94596,375.33,18.302,1979.8,-9.2541,1.0063,1.1258,2.2278,22.9715,15.7125
8,20.25,0.114505,24.233,0.624055,-40.493,26.009,59.1805,98.95943,379.38,18.5935,2000.6,-11.217,1.4084,1.35475,3.0003,23.039,21.664
8,20.75,0.11216,23.704,0.63572,-35.78,21.71,61.477,98.98417,383.34,18.845,2005.5,-11.186,0.96581,1.2213,2.99715,23.027,26.594
8,21.25,0.11588,23.324,0.5303,-34.1325,23.477,64.338,99.00948,386.95,19.136,2014.5,-11.043,1.7089,1.1506,3.2817,23.036,20.849
8,21.75,0.1071,22.8625,0.52548,-28.3505,18.948,66.509,99.03718,390.61,19.3345,2036.35,-11.146,1.7769,1.345,3.3039,23.047,20.694
8,22.25,0.10283,22.5065,0.50406,-31.5505,16.931,68.666,99.037185,396.725,19.493,2051.55,-10.9545,1.2446,1.1622,2.7322,23.06,18.558
8,22.75,0.117945,22.269,0.4745,-31.3185,21.7135,70.628,99.048805,397.66,19.5765,2063,-11.17,1.4846,1.1812,2.8906,23.069,34.091
8,23.25,0.11115,21.852,0.494295,-30.422,15.8345,72.758,99.05721,399.6,19.4965,2074.8,-11,1.3086,0.99631,2.68405,23.039,30.3375
8,23.75,0.096285,21.6835,0.49918,-31.172,18.558,74.266,99.063185,402.945,19.001,2084.85,-10.9965,1.288,1.0664,2.6402,23.012,24.8
9,0.25,0.11111,18.144,0.5441,-24.254,12.2135,77.37,99.32041,410.675,15.616,2101.3,-10.607,1.189,0.53364,1.7905,21.798,9.77965
9,0.75,0.10145,17.7595,0.51871,-25.779,13.893,79.534,99.3205,410.74,15.605,2105.1,-10.643,1.14075,0.54498,1.7888,21.78,13.049
9,1.25,0.091393,17.4,0.507625,-19.823,11.543,81.878,99.32537,410.97,15.525,2119.15,-10.631,0.97763,0.621545,1.7698,21.5965,9.3348
9,1.75,0.0971795,17.102,0.50188,-22.8085,12.0945,83.151,99.31915,414.3,15.495,2138.6,-10.628,0.90224,0.586765,1.86055,21.4895,13.673
9,2.25,0.0914655,16.8,0.50526,-19.664,10.5016,83.685,99.30795,417.995,15.3965,2179.3,-10.607,1.1075,0.50861,1.6963,21.461,15.896
9,2.75,0.102235,16.482,0.522605,-22.9035,18.025,85.172,99.29768,418.76,15.4165,2171.05,-10.526,0.96178,0.512215,1.7443,21.4295,19.646
9,3.25,0.095788,16.16,0.51823,-18.282,17.345,86.905,99.28274,419.405,15.346,2167.95,-10.598,1.2287,0.49104,1.5223,21.399,19.307
9,3.75,0.09071,16.04,0.4945,-17.4965,21.1685,87.262,99.29282,419.38,15.631,2162.25,-10.604,1.1314,0.42347,1.7519,21.3725,14.782
9,4.25,0.086497,15.882,0.483945,-19.3795,22.4955,88.23,99.281245,422.495,15.8365,2153.4,-10.615,0.78842,0.54314,1.5474,21.301,11.3085
9,4.75,0.095189,15.7825,0.50449,-18.6065,15.492,88.803,99.285835,423.18,15.938,2140.9,-10.575,0.94192,0.62622,1.832,21.1865,12.182
9,5.25,0.0940015,15.6345,0.490705,-19.306,13.003,89.548,99.310675,427.945,15.6415,2176.7,-10.593,1.18515,0.618965,2.0364,21.217,11.0319
9,5.75,0.08712,15.4545,0.452315,-22.9195,13.315,90.003,99.332195,426.465,15.292,2157.8,-10.145,1.1443,0.71132,1.9183,21.168,12.872
9,6.25,0.100106,15.3685,0.49645,-22.158,14.5055,90.0945,99.33036,428.9,15.391,2139.7,2.3203,1.5986,0.67077,2.7693,21.1305,16.4155
9,6.75,0.10727,15.7025,0.50781,-18.301,20.061,89.9185,99.37333,432.95,15.204,2145.3,50.305,0.96468,0.68415,1.6526,20.933,22.882
9,7.25,0.150935,16.351,0.57241,-5.94965,30.435,87.3755,99.45024,434.74,15.4665,2146.1,161.08,-0.0077809,-1.0699,-0.77674,20.882,24.172
9,7.75,0.18968,17.789,0.57019,4.7432,46.955,79.639,99.47438,428.195,16.035,2130.85,304.39,-2.7717,-2.34175,-5.5232,20.8345,23.39
9,8.25,0.26087,18.8875,0.69255,28.463,84.171,72.916,99.51605,417.28,16.236,2112.65,492.27,-5.0991,-2.5635,-7.4675,20.6555,29.8635
9,8.75,0.294635,19.8375,0.803825,50.694,105.89,67.2245,99.525585,405.915,16.2345,2078.3,661.94,-7.71145,-2.2236,-9.9809,20.6305,35.295
9,9.25,0.337695,20.795,0.83004,73.9725,120.845,62.45,99.52138,398.16,16.14,2041.65,797.55,-8.7517,-1.7647,-11.66,20.72,38.3205
9,9.75,0.34652,21.451,0.94101,84.7035,140.01,59.103,99.52351,393.82,16.3025,2024.9,915.31,-11.09,-1.5639,-13.028,20.699,40.0015
9,10.25,0.36876,22.193,0.98622,101.745,181.19,56.2755,99.54006,389.11,16.009,1995.4,1040.5,-12.102,-1.535,-13.969,20.639,38.2055
9,10.75,0.38966,23.0815,0.99891,114.4,196.25,53.7205,99.50324,386.435,15.6595,1984.6,1091.8,-13.7545,-1.0491,-14.76,20.4885,44.8835
9,11.25,0.40558,23.347,1.0173,102.36,228.99,51.759,99.49544,384.12,15.32,1982.7,1158.7,-12.955,-0.72061,-14.474,20.63,45.532
9,11.75,0.40652,23.692,1.0372,100.43,234.56,49.4885,99.48621,382.38,15.578,1977.3,1154.3,-13.681,-0.55348,-14.171,20.677,42.9045
9,12.25,0.42274,24.035,1.0413,93.6985,228.9,47.5665,99.47129,381.57,15.42,1976,1168.8,-13.267,-0.401505,-14.076,20.6985,38.758
9,12.75,0.42438,24.381,1.0607,85.8645,247.115,46.2585,99.45527,380.96,15.256,1974.45,1164.65,-13.16,-0.29256,-13.67,20.778,42.597
9,13.25,0.423925,24.809,1.1152,94.9725,247.2,45.068,99.41649,380.51,15.198,1968,1222.95,-12.4145,-0.2661,-13.198,20.823,42.1835
9,13.75,0.424515,24.965,1.08615,71.353,231.13,43.939,99.38236,380.655,15.7635,1969.7,1150.35,-11.5485,-0.20256,-11.774,21.023,39.13
9,14.25,0.41861,25.159,1.1229,61.243,218.76,43.105,99.3579,380.06,15.271,1966.85,1122.8,-10.8765,-0.1848,-10.98,21.189,34.797
9,14.75,0.42949,25.098,1.1187,47.763,204.705,42.413,99.32895,379.92,15.081,1964.4,987.85,-9.345,-0.073077,-9.421,21.155,30.791
9,15.25,0.39678,25.083,1.1085,30.552,183.47,42.378,99.31314,379.73,15.05,1966.6,894.1,-8.3464,-0.0773405,-8.39195,21.26,29.0385
9,15.75,0.388305,25.091,1.1871,8.1795,150.5,42.9475,99.30278,380.62,14.447,1968.5,755.02,-6.26255,-0.020613,-6.2048,21.077,25.831
9,16.25,0.36999,25.0415,1.1238,-7.03685,124.78,43.642,99.29793,380.09,14.678,1968.75,605.47,-4.6735,0.038395,-4.6013,20.9375,22.502
9,16.75,0.37061,24.768,1.1304,-18.65,102.4,43.474,99.26167,379.78,14.7995,1968.1,454.2,-3.4427,-0.022645,-3.53385,21.158,20.835
9,17.25,0.348425,24.638,1.1776,-27.573,84.37,44.369,99.242265,379.9,14.421,1971.7,300.245,-1.8101,0.15684,-1.5972,21.419,14.808
9,17.75,0.327515,24.501,1.10755,-42.144,69.461,45.814,99.234875,380.8,14.337,1975.8,140.105,-0.33976,0.33687,-0.0574425,21.33,12.0985
9,18.25,0.25395,23.584,0.96303,-45.753,44.9025,47.299,99.23391,381.52,14.1825,1979.1,32.5135,0.51918,0.560725,1.2227,21.371,13.5455
9,18.75,0.19575,22.623,0.836885,-38.864,29.528,50.407,99.242305,383.685,14.814,1985.85,-1.4734,1.07255,1.004385,2.1035,21.4335,15.478
9,19.25,0.15011,22.216,0.6795,-35.297,23.098,54.2695,99.257405,386.815,14.8035,2006.75,-10.628,0.926995,1.2947,2.4865,21.5255,17.7725
9,19.75,0.12198,21.567,0.62199,-34.2,23.3335,57.4555,99.283355,391.18,14.769,2030.5,-10.701,1.0049,1.3806,2.7672,21.5195,15.9175
9,20.25,0.12265,21.124,0.63833,-35.6185,18.89,60.507,99.29953,394.09,15.092,2038.75,-10.771,1.2503,1.13085,3.0201,21.443,10.808
9,20.75,0.12551,20.59,0.62309,-33.253,19.351,62.852,99.300515,396.68,15.2255,2040.6,-10.75,1.3503,0.88212,2.4676,21.5695,11.5105
9,21.25,0.12375,20.071,0.60184,-31.643,22.641,65.667,99.31983,399.73,15.214,2060.55,-10.697,1.60165,0.87494,2.63545,21.591,15.828
9,21.75,0.1159,19.7435,0.59851,-34.552,17.8095,67.1625,99.319685,399.43,15.237,2060,-10.71,1.21525,0.665295,2.16375,21.5795,15.626
9,22.25,0.11193,19.3225,0.54883,-30.806,19.935,69.501,99.318205,401.395,15.1755,2059.6,-10.652,1.18715,0.60705,2.208,21.615,17.933
9,22.75,0.1116,19.037,0.54007,-30.116,16.707,71.416,99.321445,403.34,15.052,2072.6,-10.609,1.1532,0.612435,2.51135,21.6255,14.686
9,23.25,0.11165,18.591,0.56417,-26.604,12.795,73.2625,99.328275,407.56,15.228,2087.95,-10.732,1.4674,0.71917,2.07865,21.581,14.899
9,23.75,0.10333,18.251,0.52404,-26.811,12.5805,75.188,99.335215,409.27,15.474,2102.6,-10.574,0.89483,0.555785,1.8637,21.549,15.964
10,0.25,0.162405,12.153,0.672285,-23.615,11.959,78.825,99.296235,405.17,10.342,2169.55,-8.4117,1.3419,0.17186,1.8044,16.6315,7.8692
10,0.75,0.175455,12.015,0.70194,-24.6665,13.82,80.113,99.24964,403.56,10.4795,2178.5,-8.3128,1.5506,0.12699,1.76465,16.5955,9.228
10,1.25,0.16975,11.9955,0.710165,-22.756,12.262,81.273,99.26855,402.89,10.822,2211.2,-8.2545,1.5599,0.31573,1.70425,16.564,11.7035
10,1.75,0.153645,11.641,0.67233,-19.771,12.3835,82.821,99.283075,403.89,10.3225,2228.4,-8.2588,1.39975,0.23769,1.76675,16.517,8.0658
10,2.25,0.14411,11.333,0.68673,-25.6815,14.064,84.145,99.25672,402.615,10.428,2268.6,-8.47835,1.28065,0.2828,1.71425,16.488,6.4721
10,2.75,0.13315,11.142,0.664495,-22.986,10.492,85.125,99.23604,403.54,10.421,2240.45,-8.3343,1.4231,0.199775,1.7803,16.4335,7.3659
10,3.25,0.131935,10.78,0.6338,-24.742,11.9765,85.405,99.21599,402.94,10.2695,2224.75,-8.33505,1.4731,0.24946,1.7557,16.3895,11.533
10,3.75,0.133535,10.554,0.64694,-20.9615,10.848,85.5285,99.21291,405.73,10.211,2250.45,-8.1823,1.2187,0.206915,1.5249,16.339,3.8661
10,4.25,0.11684,10.2835,0.617755,-21.266,10.536,85.65,99.256545,406.69,10.288,2254.2,-8.2939,1.2053,0.3109,1.5295,16.3785,19.49
10,4.75,0.12503,10.101,0.60497,-17.699,10.087,86.075,99.282955,407.82,9.9794,2219.2,-8.0433,1.1093,0.3119,1.5191,16.341,8.6014
10,5.25,0.127555,10.1485,0.6536,-23.102,10.764,86.076,99.288205,408.7,10.221,2230.4,-8.1214,1.1875,0.414125,2.1327,16.225,11.7365
10,5.75,0.13285,10.217,0.63818,-24.963,12.145,86.156,99.292875,409.95,10.3655,2221.9,-8.1071,1.2675,0.402375,1.8109,16.19,9.9015
10,6.25,0.15109,10.15,0.66845,-19.652,10.176,86.4225,99.279335,410.815,10.3725,2228.2,-7.6892,1.5121,0.409115,1.90105,16.158,11.852
10,6.75,0.140515,10.258,0.665415,-19.541,14.83,86.623,99.27751,412.06,10.249,2216.15,4.4477,1.7033,0.48986,2.49165,16.298,15.379
10,7.25,0.21616,10.6395,0.75192,-10.776,16.678,85.853,99.302785,412.97,10.5685,2214.05,49.866,1.4548,-0.0310805,1.5794,16.179,19.621
10,7.75,0.25644,11.2975,0.75388,-0.23234,26.323,82.2935,99.32402,411.39,10.92,2177.5,139.31,0.59173,-0.44605,0.203945,16.03,11.975
10,8.25,0.31337,12.103,0.89512,18.145,36.71,76.73,99.36806,409.67,11.106,2133.7,260.795,-0.268575,-1.2042,-1.2859,16.001,21.132
10,8.75,0.37901,12.558,1.112,36.248,52.538,73.018,99.38056,406.925,10.171,2146.75,371.48,-1.9342,-1.31905,-3.4806,15.925,21.117
10,9.25,0.41177,13.206,1.2442,57.4265,65.509,66.685,99.38519,404.99,10.468,2115.6,512.08,-2.10755,-1.438,-3.0765,15.758,23.009
10,9.75,0.43446,13.922,1.3268,78.321,67.468,63.669,99.39521,401.49,10.327,2095.7,585.59,-3.73,-0.94399,-5.0672,15.882,19.853
10,10.25,0.468665,14.965,1.4597,109.42,66.8905,59.989,99.38315,397.28,10.3795,2071.7,734.83,-3.4461,-0.78039,-5.1202,15.943,26.7795
10,10.75,0.47129,15.565,1.47995,116.22,86.11,56.725,99.36036,395.475,10.272,2063.9,786.38,-4.9271,-0.748005,-5.9963,15.921,24.607
10,11.25,0.5071,16.395,1.5043,118.54,88.847,54.35,99.356755,394.105,10.285,2042.7,828.36,-4.2034,-0.68138,-5.3923,16.247,25.571
10,11.75,0.52379,16.972,1.6618,120.14,90.683,51.0705,99.32935,393.26,10.208,2045.9,960.15,-4.9473,-0.48691,-5.5544,16.074,24.9525
10,12.25,0.53264,17.311,1.7192,113.015,89.44,48.999,99.30401,392.355,10.081,2041.55,908.04,-4.8126,-0.37691,-5.69125,16.095,24.2445
10,12.75,0.530935,17.607,1.6906,109.845,91.768,47.171,99.26704,391.64,9.9979,2031.25,932,-4.9717,-0.31189,-5.4802,15.949,27.419
10,13.25,0.52757,18.0085,1.7255,113.65,94.995,46.02,99.23069,391.14,9.8934,2032.6,920.87,-4.43575,-0.24517,-4.5374,16.206,26.854
10,13.75,0.49896,18.298,1.6709,90.023,88.065,45.127,99.19318,391.165,10.1275,2034.1,789.42,-4.42945,-0.21997,-4.724,16.102,19.969
10,14.25,0.52576,18.309,1.6907,78.188,88.1375,44.563,99.183765,390.61,9.97825,2032.2,746.11,-3.9302,-0.131605,-4.1562,16.211,23.5575
10,14.75,0.533535,18.45,1.6999,71.655,88.84,44.132,99.181445,390.83,10.033,2025.55,660.25,-2.95715,-0.074462,-3.25365,16.269,21.922
10,15.25,0.52696,18.482,1.6784,37.534,76.641,44.172,99.16413,390.875,10.141,2026,538.69,-2.6177,-0.03704,-2.3672,16.248,18.8275
10,15.75,0.48803,18.057,1.6098,21.7045,65.563,44.822,99.18197,391.09,10.242,2026.6,409.83,-1.8075,0.047636,-1.749,16.282,17.3705
10,16.25,0.48759,18.143,1.5624,6.69105,58.918,44.752,99.19071,391.3,10.279,2032.4,298.51,-0.910785,0.073126,-0.921985,16.369,15.4775
10,16.75,0.42483,17.83,1.5198,-7.51255,43.9095,45.517,99.18963,391.41,10.552,2030.75,169.53,-0.20925,0.22272,-0.031433,16.454,12.5155
10,17.25,0.3627,17.529,1.3375,-22.2905,32.212,46.763,99.21578,392.18,10.658,2034.85,60.453,0.44418,0.392735,0.87297,16.419,10.728
10,17.75,0.33041,16.943,1.2388,-27.914,20.8745,48.563,99.237105,394.54,10.578,2047.5,6.78985,1.1629,0.75434,2.0633,16.4445,7.2211
10,18.25,0.25873,16.274,1.10175,-29.402,18.1175,52.166,99.26905,397.13,10.587,2059.1,-4.27,1.5809,1.03875,2.74825,16.463,6.14095
10,18.75,0.23517,15.852,0.99798,-30.753,17.708,56.239,99.275315,400.795,10.647,2073.3,-8.19935,1.901,1.2059,3.41745,16.59,8.8603
10,19.25,0.24341,15.245,0.96304,-26.769,16.0535,60.417,99.27544,402.84,10.581,2093.9,-8.0844,1.9402,0.911415,3.41385,16.539,6.8256
10,19.75,0.22803,14.828,0.96329,-25.981,15.202,63.752,99.28288,403.39,10.6465,2104.5,-8.17005,1.89905,0.56071,3.0132,16.5465,9.1782
10,20.25,0.22961,14.468,0.96897,-26.1945,14.45,65.765,99.289475,402.76,10.6485,2091.7,-8.0284,1.7957,0.34513,2.76565,16.5455,8.9767
10,20.75,0.23169,13.965,0.93306,-25.3855,14.062,67.588,99.287435,403.41,10.6645,2104.9,-8.0749,1.88565,0.414465,2.3463,16.548,7.13725
10,21.25,0.22096,13.705,0.9184,-23.652,11.933,69.5185,99.30307,403.24,10.562,2101.8,-8.1804,2.0318,0.35571,2.1726,16.54,10.257
10,21.75,0.2253,13.298,0.87639,-22.033,12.162,72.147,99.298625,404.27,10.409,2114.4,-7.96535,1.6144,0.29938,2.08505,16.491,6.8283
10,22.25,0.20955,13.053,0.757075,-24.8565,12.3425,73.482,99.28417,404.985,10.325,2123.6,-8.0046,1.38665,0.33876,1.9524,16.463,8.9923
10,22.75,0.18529,12.711,0.795805,-26.078,11.7445,74.155,99.3028,404.91,10.427,2134.8,-7.9061,1.5063,0.26895,1.7473,16.528,6.9706
10,23.25,0.18755,12.314,0.76623,-25.315,11.894,76.297,99.295965,404.83,10.169,2153,-8.0347,1.46095,0.21475,1.948,16.509,8.9822
10,23.75,0.17009,12.129,0.674255,-24.856,10.7235,78.042,99.280275,404.58,10.363,2144.45,-7.78305,1.4617,0.291655,2.1126,16.3995,9.3456
11,0.25,0.23304,5.5846,1.1101,-15.6685,10.701,69.2695,99.55245,408.29,6.1938,2171.55,-3.2302,1.5444,0.099043,1.4746,10.699,7.4526
11,0.75,0.22904,5.33895,1.1754,-15.226,9.4578,71.938,99.53983,407.68,6.2553,2178.6,-3.25175,1.6439,-0.0138146,1.83925,10.6935,7.3293
11,1.25,0.239005,5.064,1.14275,-15.351,8.8423,72.732,99.5354,409.04,6.4037,2178.5,-3.2764,1.2932,0.0863215,1.4142,10.614,6.99435
11,1.75,0.22376,4.82375,1.0384,-14.2495,8.7698,73.275,99.53626,408.43,6.331,2183.3,-3.26695,1.3779,0.10794,1.4685,10.5905,5.75125
11,2.25,0.225555,4.5743,1.11095,-15.8725,9.0368,73.864,99.5455,408.1,6.4201,2180.7,-3.2679,1.43015,0.087437,1.3536,10.563,6.5131
11,2.75,0.22579,4.49695,1.09155,-14.55,7.5925,73.439,99.55957,408.08,6.54225,2173.25,-3.26315,1.35585,0.0279555,1.4095,10.52,5.68475
11,3.25,0.24728,4.3831,1.1926,-14.4085,7.4599,73.9735,99.52816,406.41,6.2806,2174.1,-3.2752,1.44,0.0257405,1.3442,10.478,3.9914
11,3.75,0.23616,4.33065,1.1343,-15.694,6.2763,74.2165,99.50468,406.81,6.2984,2172.75,-3.2538,1.2118,0.0030996,1.2747,10.438,2.1268
11,4.25,0.23722,4.3333,1.1329,-14.1675,7.7652,74.281,99.5352,409.19,6.543,2160.6,-3.2847,1.03325,0.10986,1.2128,10.487,6.2833
11,4.75,0.24184,4.3893,1.1222,-14.529,6.8668,74.198,99.54348,407.72,6.7716,2163.2,-3.3004,1.3889,0.09598,1.579,10.466,3.29185
11,5.25,0.247665,4.4319,1.15125,-15.331,6.908,73.7605,99.54875,408.41,6.3605,2161,-3.30425,1.2693,0.17419,1.5864,10.4415,5.0238
11,5.75,0.265,4.3344,1.20715,-15.254,7.51615,73.834,99.54631,409.32,6.3427,2169.45,-3.29215,1.38065,0.215835,1.697,10.4095,4.7507
11,6.25,0.26986,4.1676,1.149,-13.889,7.5729,75.512,99.55371,408.89,6.6072,2173.1,-3.31425,1.3737,0.37965,1.7908,10.363,4.9804
11,6.75,0.26471,3.99535,1.1602,-10.94,7.1271,75.2135,99.57026,410.54,6.302,2176.9,-3.25675,1.2851,0.39779,1.8225,10.3495,7.07345
11,7.25,0.251075,3.97,1.1617,-13.3975,7.9755,75.9975,99.55946,409.96,6.3337,2168.2,2.208,1.74345,0.18333,1.8009,10.3085,5.7986
11,7.75,0.274425,4.1507,1.2542,-7.73865,9.25865,75.361,99.59319,409.98,6.4803,2173.5,34.397,1.65605,0.14794,1.7634,10.276,5.4656
11,8.25,0.32064,4.613,1.5021,4.4201,13.523,74.16,99.61058,409.46,6.5722,2172.2,112.11,1.8526,-0.52812,1.5742,10.264,8.7519
11,8.75,0.381065,5.4452,1.7244,18.956,21.26,70.048,99.63937,407.79,6.4776,2167.75,202.05,1.393,-0.94188,0.23871,10.237,6.93655
11,9.25,0.44877,6.1333,1.8771,45.571,29.653,65.326,99.616805,405.68,6.4989,2150.35,297.2,1.2512,-0.77174,0.10294,10.2195,12.142
11,9.75,0.45595,6.9263,1.8941,61.655,32.48,63.159,99.624425,402.905,6.532,2136.7,401.25,0.79781,-0.76362,-0.15461,10.202,14.1875
11,10.25,0.48491,7.80685,2.0679,81.616,35.7385,60.151,99.60734,400.95,6.4935,2131.3,529.49,0.608955,-0.81443,-0.12033,10.212,17.66
11,10.75,0.50739,8.3676,2.1556,91.979,35.043,56.603,99.604845,400.51,6.57935,2118.8,548.06,0.36014,-0.6102,-0.58197,10.225,14.659
11,11.25,0.54364,8.91455,2.24815,99.4305,39.052,54.3345,99.57843,400.03,6.6182,2113.4,574.225,0.41018,-0.466585,-0.416715,10.233,21.2375
11,11.75,0.53838,9.5121,2.2888,99.487,40.699,51.879,99.55152,399.01,6.4405,2098.05,592.02,-0.13799,-0.39241,-0.46829,10.224,20.756
11,12.25,0.54544,9.8433,2.2736,103.59,38.422,50.815,99.510015,398.31,6.5974,2089.15,586.81,0.15412,-0.338875,-0.487575,10.2705,15.7655
11,12.75,0.563485,10.258,2.4836,104.69,42.191,48.615,99.486645,397.5,6.5967,2089.1,597.84,-0.059786,-0.3373,-0.4169,10.2505,16.555
11,13.25,0.552305,10.572,2.40495,97.576,37.667,48.033,99.464385,396.78,6.4244,2082.6,515.01,0.079102,-0.30817,-0.328785,10.2995,15.56
11,13.75,0.5499,11.121,2.3046,100.214,38.321,47.764,99.464335,396.35,6.4347,2085.1,521.59,0.1251065,-0.19724,-0.0004545,10.312,15.272
11,14.25,0.56235,11.095,2.3667,80.0385,34.5445,47.2965,99.44853,396.88,6.3499,2088.3,422.905,0.20784,-0.090956,-0.1447,10.339,14.958
11,14.75,0.54763,11.014,2.3287,68.855,30.8215,46.485,99.44027,396.215,6.116,2083.55,373.985,0.45252,-0.098832,0.23665,10.36,15.515
11,15.25,0.52091,11.1785,2.391,45.4295,30.0495,45.8195,99.432575,396.375,6.24,2081.7,273.02,0.672585,0.015607,0.73156,10.366,11.5775
11,15.75,0.49239,11.329,2.25135,24.858,24.343,46.307,99.44179,396.275,6.3144,2079.8,185.285,0.836105,0.06562,0.83115,10.407,9.71135
11,16.25,0.46149,11.026,2.1333,5.97,18.0855,47.055,99.43159,397.42,6.3222,2081.95,110.77,1.124,0.223895,1.356,10.467,5.4588
11,16.75,0.44437,10.764,1.9769,-6.68625,14.5455,48.1215,99.42912,398.13,6.36035,2083.4,40.8185,1.5242,0.28574,1.90795,10.531,3.0157
11,17.25,0.37898,10.387,1.7913,-15.1395,11.087,49.964,99.44603,400.2,6.4552,2089.6,4.10475,1.6804,0.613165,2.28645,10.551,2.85435
11,17.75,0.35468,9.9992,1.6238,-16.451,9.9826,51.7325,99.4599,401.89,6.5341,2096.3,-3.2939,1.6934,0.77587,2.80245,10.5935,3.3071
11,18.25,0.329825,9.4183,1.4859,-18.776,11.351,53.598,99.47012,404.71,6.6625,2122.2,-3.3665,2.2243,0.58205,3.0966,10.611,2.7914
11,18.75,0.31759,8.9583,1.6017,-15.971,10.3085,55.747,99.49383,406.41,6.76195,2129.35,-3.331,2.0386,0.47612,3.2495,10.6225,4.0244
11,19.25,0.315625,8.8106,1.51785,-15.984,9.37485,58.0075,99.50141,406.58,6.8152,2134.2,-3.3073,1.87135,0.38047,2.6789,10.6165,1.4324
11,19.75,0.3297,8.42,1.4725,-14.106,10.521,59.148,99.50793,405.81,6.8379,2128.6,-3.293,1.7822,0.20452,2.1836,10.609,4.1646
11,20.25,0.322615,7.943,1.4619,-17.7245,10.298,60.456,99.52271,406.36,6.5642,2137,-3.31585,1.912,0.18355,2.2802,10.6145,0.31744
11,20.75,0.32179,7.5633,1.486,-18.918,9.3874,60.983,99.51539,406.79,6.6279,2155.8,-3.30355,1.9671,0.24497,2.3042,10.6145,5.35015
11,21.25,0.29671,7.3851,1.4004,-19.617,8.9554,61.536,99.52506,405.85,6.523,2155.1,-3.3096,1.6371,0.17078,1.9775,10.6105,6.2375
11,21.75,0.29642,6.8983,1.3532,-15.988,7.5683,63.3975,99.52877,406.91,6.6743,2160.85,-3.2463,1.6809,0.31802,1.976,10.6045,8.52835
11,22.25,0.27209,6.4847,1.2659,-15.031,9.4774,65.569,99.55498,406.24,6.4955,2175,-3.2579,1.778,0.24249,2.185,10.606,4.09925
11,22.75,0.27286,6.1683,1.2831,-14.8815,7.8869,67.089,99.52819,407.665,6.4878,2163.2,-3.26625,1.86125,0.22219,1.9367,10.6175,6.0032
11,23.25,0.25643,6.0683,1.2108,-15.9575,7.61265,68.585,99.54515,407.255,6.46635,2160.45,-3.25755,1.8107,0.18189,1.78715,10.5905,4.5806
11,23.75,0.24371,5.9356,1.2072,-14.891,8.1522,69.077,99.56506,407.52,6.2056,2171.2,-3.23615,1.2571,0.1861,1.53775,10.5805,7.9192
12,0.25,0.26463,2.5676,1.25645,-7.544,6.7168,75.387,99.510195,409.16,5.81155,2191.6,-4.4078,1.1583,-0.036323,1.0916,6.6475,6.272
12,0.75,0.27121,2.472,1.28055,-7.53475,6.2919,76.257,99.47287,408.305,5.82185,2188.5,-4.3326,0.99236,-0.00421465,0.9048,6.6267,2.1708
12,1.25,0.27901,2.3041,1.2768,-8.1241,6.0805,77.028,99.463265,408.53,5.8924,2188.7,-4.3711,1.0696,0.100015,1.1186,6.6112,4.9391
12,1.75,0.29778,2.3489,1.4033,-7.24115,5.062,77.6465,99.46724,408.36,5.915,2189.65,-4.4138,1.17655,-0.00845125,1.0989,6.6169,4.8084
12,2.25,0.305475,2.251,1.4149,-8.72705,6.05495,77.2085,99.46475,407.74,5.7458,2181.5,-4.4504,1.117,-0.020896,1.0445,6.6133,2.47115
12,2.75,0.295365,2.0335,1.22995,-8.66,5.7319,78.108,99.48375,406.49,5.83385,2201.8,-4.3608,0.91113,0.0628165,0.878585,6.6113,5.70005
12,3.25,0.29047,1.7502,1.3533,-7.3095,5.9187,78.272,99.48128,407.535,5.8057,2193.1,-4.4416,0.77849,0.11229,0.80732,6.5781,5.46765
12,3.75,0.27691,1.599,1.383,-6.4728,7.1931,78.48,99.492395,407.81,5.68405,2190.45,-4.4224,0.88231,0.00722755,0.98948,6.5768,4.1235
12,4.25,0.28635,1.5869,1.3568,-6.7868,6.6238,78.607,99.474065,407.31,5.6678,2199.25,-4.5404,0.945725,-0.0683305,0.774705,6.578,1.782
12,4.75,0.28982,1.5017,1.3367,-8.4,6.3982,79.352,99.45905,406.15,5.94305,2198.25,-4.508,0.88282,0.00619885,0.82478,6.546,5.0689
12,5.25,0.29821,1.4076,1.3385,-7.3517,6.6113,78.62,99.46838,406.365,5.6182,2201.7,-4.5264,0.920665,0.0416715,1.01325,6.508,5.99305
12,5.75,0.30286,1.3198,1.35685,-9.5045,5.9128,78.263,99.480385,407.46,5.54705,2205.75,-4.6406,1.0639,0.15446,1.2791,6.4966,5.5635
12,6.25,0.30611,1.2199,1.4079,-7.7018,6.4553,79.1855,99.489015,407.515,5.5332,2206.1,-4.6006,1.12,0.16429,1.2241,6.4848,4.35105
12,6.75,0.30239,1.2294,1.4305,-6.73815,5.1308,80.1435,99.51765,407.445,5.5803,2212.2,-4.5208,0.881635,0.23801,1.06495,6.4727,5.6653
12,7.25,0.2945,1.1407,1.3184,-7.3348,4.93895,80.216,99.53598,408.76,5.4958,2204.7,-4.6315,1.4428,0.247895,1.34855,6.4782,5.79755
12,7.75,0.29928,1.1461,1.3306,-6.5198,7.532,80.293,99.555595,410.65,5.5029,2215.4,-1.0814,1.35515,0.323405,1.843,6.5032,7.7911
12,8.25,0.30983,1.28775,1.3646,-3.8014,7.4583,79.464,99.54724,410.77,5.5983,2197.8,15.227,1.3557,0.1515,1.7491,6.51635,7.66195
12,8.75,0.359285,1.63975,1.5418,2.4181,9.357,78.595,99.58704,410.215,5.53525,2194,47.4075,1.47345,-0.11774,1.22525,6.52235,11.929
12,9.25,0.40316,2.1264,1.7202,11.64,10.546,76.7175,99.58245,410.565,5.47045,2201.1,86.962,1.3451,-0.47879,0.89936,6.5197,8.1604
12,9.75,0.405075,2.1651,1.8056,20.758,16.318,74.659,99.60184,409.2,5.4806,2184.45,130.24,1.365,-0.42057,0.83584,6.5199,8.9501
12,10.25,0.42271,2.6198,1.9289,27.81,17.284,73.94,99.635095,406.84,5.5537,2168.8,179.99,0.95349,-0.508005,0.267975,6.5069,10.281
12,10.75,0.444,3.0617,1.9632,40.114,19.744,71.994,99.65491,406.41,5.64815,2164.1,222.85,0.52094,-0.408805,0.074405,6.4924,9.99875
12,11.25,0.46064,3.4904,2.1052,46.2965,22.805,70.585,99.63541,405.22,5.6457,2157.3,258.31,0.511415,-0.3859,0.11426,6.4781,13.096
12,11.75,0.44818,4.1285,2.07595,51.496,23.594,68.58,99.589325,404.59,5.5486,2157.15,278.31,0.64057,-0.3482,0.4354,6.4738,16.086
12,12.25,0.45674,4.5108,2.1638,59.0995,26.23,66.988,99.527325,404.36,5.7887,2153,283.16,0.814825,-0.349415,0.39798,6.4628,13.476
12,12.75,0.46601,4.7927,2.1092,54.91,22.734,66.662,99.512595,403.68,5.8407,2147.4,269.78,0.49365,-0.27659,0.40236,6.4501,12.765
12,13.25,0.47612,5.139,2.14715,58.138,24.751,65.632,99.48508,403.37,5.9422,2147.1,253.98,0.59843,-0.176705,0.23706,6.4615,14.496
12,13.75,0.49274,5.5115,2.1923,56.7975,23.585,64.438,99.46003,402.92,5.9889,2137.35,263.25,0.57669,-0.17263,0.35813,6.4714,13.311
12,14.25,0.49188,5.6849,2.1775,56.0085,23.4085,62.773,99.433995,403.14,6.0369,2127.25,233.68,0.564915,-0.130885,0.326505,6.4686,10.2465
12,14.75,0.48032,5.9172,2.1837,37.448,22.855,61.735,99.430825,403.51,6.0651,2129.1,188.035,0.70046,-0.12987,0.6213,6.4591,12.218
12,15.25,0.46566,6.00955,2.0623,22.276,16.6355,62.866,99.45664,403.195,6.1048,2130,143.265,0.67335,0.063511,0.68965,6.4669,7.3683
12,15.75,0.44136,6.0863,1.9888,12.92,13.463,63.185,99.450285,402.54,6.0796,2135.45,97.0765,1.2615,0.11388,1.4701,6.49945,7.6943
12,16.25,0.410615,5.87705,1.9241,3.63985,10.8995,63.672,99.44446,403.13,6.1006,2138,39.7375,1.2585,0.2492,1.5179,6.5314,6.26095
12,16.75,0.38105,5.4674,1.786,-5.6595,8.705,64.728,99.4524,404.78,6.0662,2143.65,10.664,1.3765,0.3672,1.7539,6.55555,5.71945
12,17.25,0.3391,5.3217,1.67325,-10.869,5.5508,65.1655,99.498465,406.545,6.0889,2151.1,-1.8052,1.33855,0.54095,2.3338,6.5773,3.0463
12,17.75,0.32468,4.93025,1.615,-10.848,4.3337,67.057,99.517305,407.89,6.0575,2160.8,-4.3111,1.89235,0.44769,2.4993,6.61245,3.986
12,18.25,0.309615,4.60365,1.5478,-10.838,5.148,67.7835,99.5065,409.99,6.1612,2172.2,-4.29255,1.858,0.32512,2.3754,6.6537,3.2464
12,18.75,0.304555,4.34915,1.5491,-11.543,6.1399,69.405,99.535285,409.315,6.13955,2177.05,-4.301,1.5764,0.374125,2.0896,6.7076,6.4753
12,19.25,0.30752,4.035,1.5099,-8.7124,5.93515,70.0855,99.555335,409.635,6.24795,2178.65,-4.259,1.7553,0.20679,2.0081,6.7027,6.3724
12,19.75,0.30365,3.81235,1.4555,-9.85465,5.9171,70.763,99.57313,410.23,6.14815,2181,-4.2596,1.5822,0.18938,1.7081,6.69835,3.4885
12,20.25,0.28497,3.65455,1.45795,-9.6945,5.5496,71.3915,99.56438,409.755,6.0925,2181.3,-4.28395,1.3828,0.081496,1.481,6.6952,4.2975
12,20.75,0.29604,3.38715,1.4076,-8.8049,4.85125,72.37,99.53104,408.82,6.05735,2180.95,-4.4028,1.13355,0.030807,1.4693,6.7032,3.4157
12,21.25,0.303225,3.2567,1.4266,-9.4798,5.18295,73.232,99.53675,408.66,6.0492,2177.3,-4.25465,1.188,0.12946,1.3997,6.70005,4.87665
12,21.75,0.29416,2.942,1.4378,-12.992,4.5102,74.2075,99.54469,409.56,5.9946,2187.1,-4.3693,1.1603,0.095849,1.5347,6.70685,4.24875
12,22.25,0.303775,2.9455,1.3747,-10.692,3.9522,74.177,99.53083,409.62,5.8953,2193.6,-4.3939,1.453,0.10661,1.5557,6.69595,6.69315
12,22.75,0.30623,2.7153,1.3953,-10.4,4.3594,74.172,99.545285,409.815,5.9368,2188.95,-4.3234,1.2387,-0.022798,1.3814,6.67805,6.0944
12,23.25,0.27876,2.5822,1.3384,-8.8929,4.5171,74.451,99.55484,410.05,5.896,2192.9,-4.35395,1.1896,0.0247085,1.3009,6.66965,4.0159
12,23.75,0.27947,2.57845,1.3503,-9.2382,5.44815,74.5115,99.546505,409.74,5.852,2195.6,-4.42015,1.0593,0.013679,1.2182,6.6513,3.2557
