DOY2,HR2,CO2,FC,H2O,H,LE,PA,T_SONIC,VPD,U_SIGMA,USTAR,V_SIGMA,W_SIGMA,WS
1,0.25,411.2065994,0.1836864475,3.303219848,-10.92394696,2.9890379055,101.6071641,-2.547,1.646904225,0.639309284,0.247630356,0.561511902,0.341535383,4.408108981
1,0.75,411.1177247,0.2108860505,3.3023194065,-9.8197550165,3.570456501,101.5867682,-2.824,1.60530131,0.656066397,0.242318384,0.530128186,0.344494745,4.289682883
1,1.25,411.171984,0.192668833,3.295902517,-9.886573,3.100107882,101.612,-2.9895,1.602596243,0.6249620365,0.241969634,0.5328773485,0.3353511805,4.3087718685
1,1.75,411.0650842,0.23025,3.301083772,-10.02549985,3.7898348345,101.5687997,-2.9,1.57541886,0.628517201,0.236126659,0.507573204,0.331994102,4.291875286
1,2.25,411.1448453,0.194347394,3.415829321,-9.0311,3.968683167,101.58247965,-2.9,1.556846341,0.619001221,0.247116152,0.550892488,0.349696674,4.270565229
1,2.75,411.3685726,0.185939432,3.424277417,-8.987551127,4.149732804,101.59205025,-3.2,1.5237,0.626480218,0.241075126,0.507699771,0.337800463,4.128078452
1,3.25,411.3351337,0.2320114235,3.3552674355,-10.44806,3.925366852,101.5948287,-3.3,1.496082526,0.6372765245,0.2347192435,0.547506541,0.346381094,4.327303412
1,3.75,411.5292863,0.207678733,3.276746728,-9.884312836,3.24534968,101.59775065,-3.5135,1.4879481715,0.676546317,0.245649215,0.534328525,0.350790221,4.442041923
1,4.25,411.52596465,0.190542019,3.2197359975,-9.7184045695,3.410849414,101.5850206,-3.4,1.46020403,0.627086981,0.2370509655,0.511825172,0.320344083,4.358375213
1,4.75,411.2766491,0.184247242,3.1747539925,-10.613747595,3.98096133,101.6081686,-3.4,1.412940951,0.6095739355,0.2392968535,0.542580605,0.3401261595,4.5300680535
1,5.25,411.03798305,0.2228561325,3.176316573,-9.5002131545,3.3119285805,101.6240342,-3.584,1.362117996,0.60854289,0.231758034,0.560510337,0.342419533,4.505746579
1,5.75,411.2517307,0.228755712,3.266899098,-9.964859841,3.397262048,101.6436006,-3.5,1.372738836,0.633571769,0.241872414,0.545023593,0.343153488,4.378944855
1,6.25,411.3595697,0.212894,3.18869712,-10.25967905,3.2323298765,101.656,-3.9,1.3005821195,0.636619171,0.241582808,0.531097153,0.328634848,4.274828398
1,6.75,411.57797675,0.224160798,3.1859154725,-10.69015022,3.1632504565,101.6444362,-3.7044186,1.254528242,0.6290184215,0.2293342965,0.509834303,0.343011092,4.266965386
1,7.25,411.9444963,0.207299724,3.204632482,-7.81351132,3.1299713635,101.66045735,-3.6,1.278916347,0.626308572,0.241514232,0.531658331,0.329404819,4.223800072
1,7.75,412.2888381,0.23542075,3.264604106,-5.9088763015,4.877493538,101.6204996,-3.563,1.274448535,0.671006989,0.244025833,0.52361,0.34395276,4.0599
1,8.25,412.29598275,0.278452599,3.3293702455,-2.5439403375,8.331221943,101.6019711,-3.4,1.337572221,0.7343544725,0.292744325,0.6125470755,0.3966559635,4.616919559
1,8.75,411.63006265,0.226446862,3.4172748525,2.3646285935,12.35833705,101.6049618,-3.05,1.445717328,0.834638625,0.3015403415,0.697519933,0.4364285455,4.8582680325
1,9.25,411.1149613,0.1845046935,3.406005113,13.24173361,16.00504915,101.61628945,-2.598,1.5954218755,0.890731849,0.326974891,0.780459875,0.465813894,5.198149328
1,9.75,410.4328974,0.141757307,3.360487584,21.6763303,20.924292335,101.62699165,-2.1673287,1.854929095,0.9367426245,0.3638893925,0.8585071755,0.4942436885,5.5787150775
1,10.25,409.660062,-0.03165,3.333727466,31.24890057,25.487630505,101.5691661,-1.40137995,1.913596067,0.9601204295,0.364108391,0.9169034275,0.511529544,5.615204992
1,10.75,409.46,-0.1111478185,3.382928654,32.67905711,32.53028214,101.5482351,-1.1716819,2.0711610915,1.1031305675,0.3765267925,0.9829739295,0.5213642655,5.9388274585
1,11.25,409.1292815,-0.169999074,3.314292397,37.95453127,33.911473455,101.5262528,-0.7153179,2.2648109865,1.095629351,0.402284975,0.993186195,0.538890939,6.108239173
1,11.75,408.91128655,-0.1853182285,3.297055903,37.68306385,36.48594101,101.4583747,-0.3,2.536854261,1.105617912,0.408205494,1.053416095,0.542290901,6.205356714
1,12.25,408.12358125,-0.191000341,3.2713787705,29.943005615,36.731,101.4126318,0.2,2.647615674,1.0898871585,0.399651315,1.0898858805,0.550106586,5.9953792085
1,12.75,407.6475561,-0.303036081,3.252147991,27.353919905,39.02875151,101.38192625,-0.1858964,2.706000316,1.088113623,0.397920415,1.014691602,0.554418442,5.877214468
1,13.25,407.2072884,-0.209814393,3.324237003,20.6283194,34.92250228,101.34595065,0.3,2.857243557,1.085110356,0.385360387,1.088461289,0.51710572,5.914444671
1,13.75,407.033226,-0.176300197,3.342146686,15.555641955,32.697767825,101.3308739,0.05,2.92743961,1.1182747165,0.3696152945,1.0717817165,0.525820124,6.04418487
1,14.25,407.21774765,-0.167927936,3.347690857,9.771663257,30.84682254,101.3450294,0.1,2.970876518,1.042201749,0.36465,1.05630681,0.502884218,5.629588224
1,14.75,407.085,-0.1144338365,3.309124389,0.8103489,26.07390372,101.3688839,0.2179087,3.026203456,1.006973962,0.366569818,0.967886441,0.492125438,5.486694163
1,15.25,406.83,-0.0644,3.335791055,-2.788818659,20.34240277,101.35920905,0.2,3.010939483,0.983991093,0.340736107,0.901789653,0.47141948,5.283547663
1,15.75,407.1825316,-0.00656,3.36591117,-8.754287519,16.51109886,101.3841128,0.218,2.919742287,0.935562165,0.321016669,0.78368,0.43533415,5.202955774
1,16.25,407.2949702,0.0238,3.383293961,-11.35975072,10.96409611,101.4174121,0.1755,2.801492692,0.849732764,0.281075161,0.683615437,0.398621058,4.8548040705
1,16.75,407.815,0.0574,3.390782435,-11.43540161,7.155116815,101.451231,0.1,2.717001433,0.747564441,0.2569,0.578216406,0.33864,4.48748863
1,17.25,408.15,0.088,3.3745510265,-12.658236535,4.6181480665,101.4530996,-0.1,2.58633,0.7009525,0.232512362,0.5670514905,0.332920354,4.392633141
1,17.75,408.5323971,0.106183518,3.475092067,-10.607157755,3.433741922,101.50018725,-0.1929511,2.46308865,0.631507014,0.230233689,0.5186229105,0.3123298615,4.29601112
1,18.25,409.48979575,0.1068294125,3.502391851,-11.79790551,4.0419295605,101.5449752,-0.4692816,2.289688459,0.6182458,0.217051007,0.523971942,0.30692,4.382845969
1,18.75,409.56773605,0.11804704,3.640426878,-12.59725741,3.5947284355,101.5629912,-0.83,2.209746029,0.659876929,0.237143855,0.553607639,0.324754667,4.480124243
1,19.25,409.79665185,0.179479027,3.570571061,-12.52602549,3.6448474275,101.59229305,-0.8135,2.131144354,0.661857765,0.267753246,0.57843,0.354237635,4.700628516
1,19.75,410.3262908,0.155688779,3.6021751865,-12.091544575,3.177317599,101.5639699,-0.9,2.00917176,0.7122726255,0.2504569555,0.5702479295,0.3430665695,4.5163134435
1,20.25,410.58,0.146991821,3.618915553,-13.192133135,3.416584093,101.5609241,-1,1.993947903,0.690143205,0.2745071635,0.5874741735,0.3549233505,4.5148753395
1,20.75,410.4252638,0.115760197,3.569002795,-12.77705731,4.218456703,101.57926955,-1.05,1.923397635,0.7503466925,0.2764147025,0.6098777055,0.373081086,4.4501370715
1,21.25,410.56463275,0.179575354,3.617288146,-12.74450735,3.418729096,101.55028205,-1.291,1.831212866,0.751709844,0.2668470935,0.612811317,0.3667566435,4.5586532685
1,21.75,410.80387655,0.207662525,3.579240411,-11.91142341,3.10493347,101.553357,-1.5,1.8324,0.735719022,0.258932111,0.586626819,0.351872121,4.4635131815
1,22.25,410.9911363,0.2296661375,3.484672727,-12.15794775,3.103747896,101.5793501,-1.806,1.7915212685,0.64966433,0.255364197,0.581655142,0.3516761785,4.5452185245
1,22.75,410.8004002,0.20929,3.445233852,-11.095045905,2.430932989,101.596658,-2,1.7420730045,0.724274485,0.2471714225,0.571807556,0.3371293105,4.83274501
1,23.25,410.8647148,0.210566228,3.332954807,-12.32878299,3.341916036,101.5925758,-2.026,1.695114308,0.691945212,0.261054238,0.590038872,0.351305038,4.302808506
1,23.75,410.85941805,0.184414842,3.2150192335,-11.12800273,2.93930344,101.5694991,-2.18062335,1.651241603,0.6685462805,0.254901575,0.568778106,0.3502907645,4.3680020785
2,0.25,415.2868371,0.2024401095,3.564861024,-8.698373627,2.508279935,101.4691738,-0.6325384,1.6620901915,0.590446842,0.227528642,0.507663064,0.298831056,4.2368
2,0.75,414.9943761,0.194730547,3.611615475,-8.920619433,1.471539252,101.4533938,-0.686,1.621,0.5996666315,0.212763093,0.5068319465,0.310922063,4.144246594
2,1.25,414.9441595,0.189614,3.6681011065,-8.2434445405,2.131811312,101.42,-1.0065,1.59419,0.5986953145,0.2140927975,0.4938075955,0.2984958085,4.191486066
2,1.75,415.09085575,0.209258926,3.74541,-9.254820802,2.202948431,101.394513,-1.1,1.57532,0.581090354,0.202587582,0.50095,0.29291637,3.87617
2,2.25,415.379511,0.176178,3.721547096,-8.157279165,1.681019155,101.44342,-1.4285,1.50345,0.5516221795,0.202273243,0.472364715,0.28609427,3.8736473545
2,2.75,415.6539787,0.219864113,3.65136,-9.872303639,1.7078837515,101.42688005,-1.5,1.510996624,0.555008108,0.203077,0.503167709,0.287923601,3.82885462
2,3.25,414.7791494,0.2250270945,3.6243577535,-9.1695154415,2.00251365,101.3931963,-1.5,1.4459620575,0.6092719465,0.215800773,0.4991511195,0.303808036,3.988760863
2,3.75,415.26342525,0.227966331,3.654925931,-9.035853455,1.981473618,101.438068,-1.6,1.417690191,0.567895901,0.21144,0.482487306,0.29614,3.875303644
2,4.25,414.82476545,0.223654906,3.532492814,-8.055894955,1.748220762,101.4609949,-1.8,1.3919777915,0.58689,0.215043393,0.481527777,0.293938769,3.857299722
2,4.75,415.1841462,0.210346347,3.577386329,-8.78778,1.614814092,101.4365203,-1.522,1.313258368,0.5343150905,0.205219475,0.4838247345,0.287575604,3.7225656845
2,5.25,415.5125128,0.2000635345,3.581148785,-7.69793,1.6444994845,101.42262995,-1.5586457,1.276367512,0.5338070035,0.1944498995,0.475722542,0.2705512405,3.817938701
2,5.75,414.9600889,0.1887498135,3.6321138415,-7.6491925135,1.7754376,101.45404005,-1.7,1.260695632,0.5478742285,0.2076146615,0.466552429,0.288877124,3.8284131625
2,6.25,415.4121042,0.23283,3.60145809,-7.691897093,1.773833668,101.491,-1.9,1.2148,0.544740191,0.2131461075,0.45558239,0.2893948785,3.8079920095
2,6.75,415.5777578,0.2255711005,3.575190434,-6.4675638965,1.327694004,101.5,-2,1.226109266,0.52417678,0.204027081,0.463818215,0.287402157,3.755479426
2,7.25,416.07092745,0.2348222395,3.5109279965,-5.9567895705,2.105414894,101.56,-2.2,1.256391268,0.582218147,0.215852887,0.487431021,0.305614136,3.929788585
2,7.75,416.43467365,0.2160565,3.434994549,-3.188417982,4.0238573005,101.5992405,-1.87,1.3591,0.647174508,0.2604129325,0.5272261245,0.3437991595,4.187054395
2,8.25,416.00473435,0.175403656,3.429497845,-0.5926888375,7.867551786,101.5617578,-1.4105,1.46069961,0.7376094345,0.286673288,0.626986122,0.37382,4.412256189
2,8.75,415.8962911,0.14312565,3.4598387775,3.032925299,12.61809697,101.563725,-0.8,1.629957648,0.826468766,0.29947872,0.678583727,0.423004765,5.013395488
2,9.25,414.728355,0.0863,3.4845055765,10.327216125,18.34627639,101.5482887,-0.65,1.8565307145,0.8702312865,0.3237908135,0.753612992,0.444977689,5.0059672895
2,9.75,414.32063375,-0.02275,3.4222,16.83849004,24.12571992,101.5474053,-0.1,2.0738048075,0.895787954,0.32288,0.786503328,0.445965575,5.18532549
2,10.25,413.6598718,-0.0863,3.540125064,22.63602622,28.699,101.5650123,0.2535,2.2139045515,0.9305783175,0.3324244865,0.862648487,0.446367394,5.266879831
2,10.75,413.1660894,-0.176746121,3.4641861395,29.01407283,35.13797771,101.5289371,0.35,2.42091575,0.942019748,0.324722588,0.843612677,0.45285,5.16853
2,11.25,412.8891178,-0.230753339,3.331961524,30.9250948,37.76098396,101.4984651,0.657,2.673159374,1.0097066505,0.3430415795,0.9174196355,0.4697170775,5.4188407625
2,11.75,412.39239455,-0.280295534,3.305265762,25.35643795,39.8808,101.4494066,0.7,2.855966595,1.025338619,0.341588135,0.97027,0.476321496,5.348772276
2,12.25,412.527588,-0.23665919,3.4152,26.699494465,37.93034414,101.3575243,0.8,2.9593996675,1.05773753,0.3524974125,0.98295956,0.478784025,5.3686555755
2,12.75,412.0681951,-0.336395,3.3668,24.35958067,42.023980885,101.2920435,0.75,2.947100944,1.070749162,0.3376354,0.986386278,0.471639767,5.429110349
2,13.25,411.8600342,-0.310473658,3.3707949285,18.766298135,39.47898746,101.2884046,0.8817273,3.089348735,1.0106795055,0.335044764,0.9877081,0.4853117125,5.4194066535
2,13.75,411.7373273,-0.2866153925,3.364013463,14.37385398,36.28659832,101.30462015,1.0685153,3.0706,1.009397857,0.333598234,1.009459123,0.454729853,5.424225757
2,14.25,411.91283325,-0.2803315,3.347479168,10.5787,35.589215425,101.3008816,1.35,3.06295334,1.003030115,0.328348381,1.008367549,0.458714508,5.519068866
2,14.75,411.8015248,-0.213867,3.40341,7.093778554,34.4126,101.3356555,1.5345,3.08614,1.029256845,0.344163238,0.966015226,0.463799988,5.563876722
2,15.25,411.6578519,-0.1428311795,3.520070369,1.558723078,28.387026305,101.31744265,1.6871452,3.17366,0.996211424,0.324536,0.9506968875,0.4483475755,5.453960716
2,15.75,411.5740663,-0.09065,3.5154065705,-2.836477356,19.91752868,101.2833175,1.6,3.22976167,0.908693843,0.302988004,0.899718209,0.4100915645,5.214569908
2,16.25,411.91515625,0.009545,3.506759532,-7.1182411255,18.96759842,101.3283283,1.5,3.059401728,0.874962609,0.2839691745,0.7492972645,0.38672337,5.01502852
2,16.75,412.0893987,0.0312,3.559241225,-11.58568951,11.067539455,101.3756442,1.5,2.85483991,0.77540699,0.264769334,0.635188472,0.361303402,4.776040151
2,17.25,412.5486886,0.06825,3.5643,-13.3524136,5.7963561035,101.417401,1,2.676991861,0.66461052,0.225434011,0.5452,0.314483704,4.500572232
2,17.75,412.75214735,0.09445,3.716623269,-10.8332,2.86144,101.4013202,1.1,2.5900692255,0.60334131,0.201459408,0.489740207,0.290688837,4.303315722
2,18.25,413.4237729,0.0842,3.770357835,-10.77350956,2.326795123,101.41,1.2,2.459594465,0.555665367,0.200974,0.466050426,0.277668868,4.323344435
2,18.75,413.68345335,0.120558942,3.771155992,-10.65119301,2.1706785735,101.4646575,1.028,2.4133994345,0.548523967,0.192379403,0.45891337,0.270828512,3.987845
2,19.25,413.96581115,0.1480090835,3.80936,-9.7178757345,2.4519230265,101.4797035,0.615,2.2811354465,0.550382925,0.201258079,0.471181295,0.272946881,3.985806351
2,19.75,414.3133834,0.17599,3.855317623,-10.42680818,2.175739337,101.457,0.508,2.190179062,0.5487792595,0.2065403395,0.483425282,0.283813196,3.985173316
2,20.25,414.3666598,0.156909671,3.814172172,-8.89575145,1.57230048,101.453,0.6965,2.155390888,0.57083,0.19029,0.475809033,0.270924344,3.854350544
2,20.75,414.7513431,0.169359777,3.812492083,-9.835025636,2.129937449,101.437,0.5,2.099687673,0.5787965285,0.199994,0.4944073075,0.2868760595,4.0611709915
2,21.25,415.1372502,0.217083,3.838335559,-11.2945,2.6865802415,101.4204487,0.144,2.036566447,0.582088163,0.205797,0.505788511,0.303809151,4.1364
2,21.75,415.09299675,0.194683812,3.7773635835,-12.19740447,2.703708223,101.4361387,0.083,1.9574,0.614257689,0.2202203545,0.496625837,0.3107972445,4.1586
2,22.25,415.7543182,0.199944248,3.690367874,-10.601,2.4962,101.4444003,-0.099,1.905,0.55877,0.211161216,0.490930347,0.285832119,4.011362832
2,22.75,415.7966688,0.216416415,3.743693373,-8.8095781185,2.257122925,101.471,-0.3,1.799355108,0.555031726,0.209026173,0.469294613,0.270277239,3.9131359215
2,23.25,415.918854,0.172292987,3.73772257,-10.13446139,1.848235594,101.5064552,-0.451,1.77787,0.563588955,0.196579825,0.458848112,0.273861279,4.019357052
2,23.75,415.809473,0.180871715,3.8186,-7.838302379,1.6558,101.48658985,-0.5,1.760800009,0.58187,0.200736393,0.51217154,0.289136646,4.088510265
3,0.25,412.5652382,0.252509539,4.464943833,-11.2339,5.251569857,101.334,2.4,2.1554197185,0.631066847,0.22123,0.521908352,0.313368792,4.126041979
3,0.75,412.61201405,0.270598953,4.478729536,-12.2078,6.2218312155,101.3979193,2.1,2.0727,0.669000174,0.233669,0.55583,0.33163685,4.2817
3,1.25,412.7010547,0.3094824775,4.371743291,-11.05798397,5.611758916,101.4024002,2.217,2.186117236,0.689147777,0.23733855,0.52791,0.344410119,4.295285364
3,1.75,412.5700276,0.277255157,4.3722921225,-9.1235142715,5.597895722,101.41,2.1,2.093111776,0.6334075455,0.2215979425,0.5656316005,0.3369520665,4.3191468565
3,2.25,412.86508295,0.2829811735,4.3363516085,-9.09437,4.6045,101.3776844,1.9,1.993549808,0.6213197625,0.2290901545,0.51115066,0.32879137,4.22852109
3,2.75,413.112594,0.270965166,4.34438,-10.26855812,4.8686,101.3779278,1.9,1.999247805,0.615949342,0.220749768,0.519966345,0.329980651,4.257661237
3,3.25,413.1725782,0.281622995,4.3459977475,-10.23090744,5.3342791735,101.3675842,1.75,1.99047596,0.6431000035,0.227135,0.522555993,0.3258888895,4.171759468
3,3.75,413.3235918,0.310414626,4.34,-11.08690582,5.472023188,101.4052901,1.4,1.94016452,0.61973,0.226596694,0.54545,0.325972947,4.279614638
3,4.25,413.717845,0.293379225,4.27217122,-9.4793521205,4.400162885,101.4001492,1.25,1.863510429,0.624088327,0.230445,0.528850232,0.32566,4.235144524
3,4.75,413.4250864,0.290613058,4.2527,-8.454747081,5.252360748,101.40869425,1.37964385,1.817000352,0.663244303,0.24128,0.518991524,0.332221364,4.1956
3,5.25,413.6750453,0.29158581,4.281791237,-9.0106510515,4.933467843,101.3783051,1.2,1.7827195865,0.6222078715,0.2364117215,0.5326957285,0.327994362,4.182341745
3,5.75,414.0878586,0.293288491,4.249071126,-9.6552,4.7451442225,101.3627346,1.0535,1.8069929975,0.66307,0.24914445,0.55284723,0.331892498,4.264993479
3,6.25,413.98134195,0.3146665,4.281229647,-8.937433344,6.556563957,101.420852,1.12,1.835100174,0.680585273,0.2537849435,0.59009668,0.349976807,4.32116002
3,6.75,413.06214965,0.2709912185,4.2359950935,-5.521905157,10.888569585,101.4249432,1.4368437,1.876682042,0.768288035,0.285613845,0.6248027565,0.375536811,4.7065924085
3,7.25,413.046912,0.2534191115,4.271516237,0.468238506,16.54988789,101.44965195,1.45,2.0429,0.886351095,0.332630217,0.708087839,0.44096,5.094484363
3,7.75,412.0307188,0.0978,4.25046,8.8702436545,25.320856565,101.4633568,1.7,2.212757591,0.932565166,0.35425,0.776474844,0.49216054,5.328228812
3,8.25,411.27,-0.0213,4.218397328,18.92313606,36.71122518,101.4384031,2,2.407941243,0.9733247645,0.372114382,0.879990423,0.5138611935,5.736379551
3,8.75,410.60845895,-0.1951663645,4.26417,33.292,43.60857415,101.48124045,2.4544385,2.540028577,1.0312,0.377693842,0.943948092,0.534150857,5.937767524
3,9.25,410.20930065,-0.3638727565,4.247918081,51.74296167,51.74490231,101.48428035,2.79119965,2.895537668,1.058763625,0.397760613,1.00866524,0.53166243,5.87927
3,9.75,409.55331495,-0.482684453,4.20403,65.46392572,61.191,101.4536689,3.1862022,3.024141134,1.123374796,0.39729,0.996712631,0.527332522,5.895112492
3,10.25,409.47008315,-0.521426,4.0624,65.69978501,65.42975236,101.4479175,3.58650735,3.174664573,1.107582108,0.396983516,1.0157,0.55139,5.762878096
3,10.75,409.5249137,-0.5442770155,4.2207777415,72.344026005,59.486152135,101.43259235,3.9086269,3.2626678,1.0904109695,0.403491137,1.0674170575,0.550628645,5.6344076785
3,11.25,409.41577045,-0.604157,4.2234990745,70.636234485,69.77052762,101.415,4.2642203,3.33854381,1.1216046945,0.367601121,1.0719812185,0.546437121,5.6275493975
3,11.75,408.5884854,-0.602723,4.1426721315,73.15991591,78.470684655,101.3944079,4.3,3.410479369,1.1149592465,0.3499216155,1.121670926,0.539579279,5.372585
3,12.25,408.6934455,-0.587274,4.1841424595,67.54835792,75.592210895,101.338,4.4,3.5337344475,1.1235585075,0.3664355785,1.078097019,0.5086088455,5.454804592
3,12.75,408.71469275,-0.518193184,4.236405438,64.993,72.90815558,101.31475005,4.597,3.567546314,1.107949555,0.351496081,1.0862776,0.530764704,5.395138851
3,13.25,408.57,-0.524393,4.281588671,59.33064072,67.558,101.2825586,4.8,3.661073336,1.132361302,0.3648283265,1.128363498,0.507446444,5.471643197
3,13.75,408.4913355,-0.4690170095,4.2283210685,54.194854465,69.99550507,101.2743404,4.9,3.695183023,1.154264195,0.348226821,1.0507433275,0.528130025,5.8370632975
3,14.25,408.4268971,-0.470956405,4.22153,47.07587532,64.8145,101.2868191,4.9794423,3.7422861175,1.106663061,0.347439525,0.977278447,0.504658549,5.7071
3,14.75,408.2429862,-0.3623590565,4.204897129,34.3916,59.09983243,101.28338945,5.1,3.804485635,1.0778,0.33871,0.919405786,0.481485368,5.74691
3,15.25,407.89755505,-0.336305872,4.205544074,24.508439955,56.22553832,101.2682168,5.4,3.860789047,1.0894659815,0.3426606765,0.9647269075,0.4611448575,5.74582
3,15.75,408.0446211,-0.300956504,4.2617647765,14.84877459,50.17484686,101.26166315,5.5815173,3.8395607505,1.057996812,0.336543625,0.9235831945,0.4586017735,5.789808567
3,16.25,407.839822,-0.15865985,4.26568,7.714517083,39.84759336,101.2983998,5.378,3.740922269,1.019710743,0.331275701,0.835311206,0.435304604,5.5804
3,16.75,407.55899545,-0.08275,4.259454975,-2.241421724,31.05898684,101.2897548,5.2,3.738734296,0.905769461,0.289652213,0.775281649,0.3922667345,5.4113398845
3,17.25,407.8199798,0.0379,4.3013532465,-10.23184894,19.069556785,101.31593205,5.17173115,3.624275997,0.8283799625,0.2697314825,0.6762306095,0.3580547665,5.0241174755
3,17.75,408.3353226,0.0744,4.320290178,-10.567679345,13.771,101.356797,4.8966816,3.4264,0.7559,0.223181,0.5744974,0.308058436,4.941862772
3,18.25,408.511427,0.131883551,4.43147,-11.4465,9.623886574,101.3405698,4.6,3.254260166,0.70863,0.218118,0.539584114,0.297825452,4.514374797
3,18.75,409.4231391,0.150079897,4.547683727,-12.16028784,7.231436177,101.3560358,4.3,3.02247202,0.665763561,0.214565813,0.557925313,0.310966236,4.169
3,19.25,409.93661255,0.159391578,4.582458545,-12.48011535,5.23575,101.3952125,4.09689755,2.8476525855,0.6800516795,0.2191754875,0.513725078,0.324582634,4.242742095
3,19.75,410.4883632,0.197255238,4.618573427,-12.597,6.02703,101.4050569,3.917,2.6944412325,0.6316179305,0.219387122,0.518398145,0.3029775065,4.2378479625
3,20.25,410.98331985,0.193151858,4.62323,-12.28003242,6.0148080435,101.4405936,3.53972455,2.605727222,0.630402566,0.205698843,0.519182205,0.284774068,4.237640435
3,20.75,410.9667133,0.250049579,4.660214823,-12.87689077,5.6208359475,101.4340512,3.4105,2.499737029,0.671485912,0.2187392305,0.5430092275,0.3307337605,4.361225
3,21.25,411.1259074,0.183760246,4.578731587,-11.64204528,5.343061731,101.4119221,3.3,2.36107169,0.669557673,0.227751403,0.548737642,0.33295347,4.2937
3,21.75,411.39930665,0.258205028,4.5524934685,-12.730638425,5.7229540415,101.3841526,3.2,2.3394921935,0.659721442,0.2401017595,0.5226955765,0.313127646,4.3849630595
3,22.25,411.670124,0.196517513,4.585016416,-12.98475519,5.4079462645,101.3755691,3.1,2.207163125,0.615138091,0.226895,0.5156941575,0.3120062065,4.3918366415
3,22.75,412.34611875,0.2467391545,4.509517143,-11.58076166,5.000474762,101.38105595,2.944,2.250460159,0.6312679755,0.22635,0.550229858,0.2969848005,4.27945
3,23.25,412.42,0.25302,4.476082405,-11.01393228,5.84271951,101.38316915,2.6706015,2.292861535,0.64199,0.2301,0.528697308,0.326722775,4.382616558
3,23.75,412.3617224,0.250101577,4.480445796,-12.50006418,6.330335524,101.367184,2.6702644,2.336069841,0.6307909175,0.2290894,0.516189203,0.31297,4.2431380695
4,0.25,413.123,0.4553246,6.636871151,-7.824544256,5.211593685,101.48186545,7.374,2.705505264,0.5226786695,0.1776414605,0.440891703,0.2420735565,3.713655901
4,0.75,413.42305395,0.487597387,6.611658086,-6.940625996,4.2580495615,101.427,7.2,2.536000013,0.528231293,0.190729105,0.459758028,0.243721152,3.711150905
4,1.25,413.3077875,0.462852834,6.606732918,-6.7760864,3.850220165,101.4302553,7.114,2.377016222,0.540610448,0.183830191,0.455896453,0.25671,3.786464882
4,1.75,413.2041786,0.520668375,6.711541396,-8.2204918765,3.358265925,101.41959765,7,2.30432,0.499272265,0.184680069,0.427945367,0.25582031,3.770620243
4,2.25,413.156,0.52840718,6.658309105,-7.777754443,3.2003934055,101.41851225,6.8,2.2754,0.494363649,0.17965,0.447164433,0.2492,3.784175507
4,2.75,413.58,0.462449745,6.52228141,-5.962964321,3.433283609,101.3947422,6.6,2.336284331,0.48512285,0.170704294,0.45442208,0.23558438,3.722200609
4,3.25,414.22346775,0.393075,6.578976958,-6.60165,3.460911648,101.41267,6.5,2.294659027,0.485686885,0.1644654595,0.437963782,0.2335010255,3.553293829
4,3.75,413.80240975,0.506352,6.520700059,-6.272206045,2.885151921,101.4545,6.315,2.2565,0.5288127795,0.181202897,0.4371406625,0.2378015955,3.6488756305
4,4.25,413.58539555,0.466427665,6.554476179,-5.07802,3.231349945,101.45718265,6.2,2.086291467,0.535629282,0.178704668,0.414861423,0.253771551,3.675093336
4,4.75,413.6631712,0.502691,6.561543196,-6.315781263,2.004839835,101.4548989,6,2.080904806,0.509817667,0.167354331,0.426225972,0.224722051,3.641582526
4,5.25,413.4879866,0.4465895565,6.559397671,-5.576101223,2.3621100035,101.4816552,6,2.074710018,0.514100185,0.177274998,0.444310623,0.24617,3.687267852
4,5.75,413.46598175,0.4903118385,6.7391,-5.71921,5.3167060155,101.49471325,6.1,2.121675122,0.563585454,0.206981401,0.477133907,0.284604989,4.04348
4,6.25,412.7694322,0.48752,6.7831,-1.905518618,14.7505,101.5699243,6.523,2.28788834,0.639182544,0.250931446,0.544701878,0.330722963,3.9118
4,6.75,412.3017194,0.393786315,6.674533411,8.5932,33.91143906,101.6044205,6.9595,2.462177103,0.730844213,0.293737309,0.634419539,0.381749982,4.271333163
4,7.25,411.705,0.227069528,6.6877893965,26.274699195,51.14893527,101.5908646,7.709,2.883349419,0.833611921,0.3189679245,0.7168773555,0.432374973,4.7029756175
4,7.75,410.6416343,-0.0482,6.5590138775,40.986942735,67.58618029,101.5804825,8.1,3.430581876,0.9080362945,0.3296428615,0.816746819,0.4519073055,5.0031525565
4,8.25,410.0412957,-0.2518171435,6.34876072,54.23234061,81.15254226,101.5798052,8.2865,3.9069512615,0.91444302,0.352725693,0.8648,0.477270379,5.101029854
4,8.75,409.71748615,-0.28497617,6.1944405,71.8649178,93.67206166,101.5802904,8.6,4.187968029,1.018823265,0.355585178,0.91772,0.4962,5.32674
4,9.25,408.8849804,-0.46312759,6.1504643215,82.8388513,100.7126574,101.56123265,8.8325,4.2988171035,1.0155724855,0.3685653465,0.94944547,0.503477696,5.355804167
4,9.75,408.7434007,-0.560509256,6.20893,83.06813904,113.82,101.56705535,9.2,4.446363787,1.061294252,0.354313202,0.968151654,0.50834,5.254680439
4,10.25,408.509,-0.52906173,6.178831057,102.1614674,112.02,101.5484752,9.2435,4.5797231925,1.0672102345,0.3636386215,0.978349539,0.510548646,5.3841441515
4,10.75,408.06,-0.552594594,6.1067075525,99.33546216,113.7895834,101.5354236,9.497,4.81554,1.096413901,0.36588,0.953008819,0.524146418,5.439984592
4,11.25,407.1075,-0.5171880555,6.12286,106.9280209,115.62,101.5293885,9.627,4.958927963,1.117394672,0.36616584,1.0254627885,0.5120271145,5.5453648705
4,11.75,407.02523275,-0.539386865,6.1116892215,111.37027775,125.7886708,101.53260185,9.6,5.23323,1.06876522,0.364280105,0.9801410025,0.504224138,5.42832376
4,12.25,407.01,-0.628323235,6.0752273155,104.655,131.5613413,101.49480745,9.947,5.427425,1.102731287,0.372159733,1.0434733455,0.515541196,5.615682081
4,12.75,406.97862925,-0.5259579215,6.1876691555,99.82454855,123.20688885,101.432,10.244,5.5001497445,1.1273761575,0.367180089,1.0247171275,0.525344976,5.7980859975
4,13.25,406.319,-0.480883403,6.047173182,94.82833368,128.6050761,101.423,10.4,5.66825822,1.0959411625,0.37891789,0.9688072985,0.536135538,5.9664153135
4,13.75,406.1037068,-0.4189772755,6.078777808,95.53133432,122.15938975,101.3830107,10.6,5.549537246,1.091607396,0.36107,1.005475032,0.511331392,6.139817972
4,14.25,406.30978305,-0.3985223075,6.164516223,85.27893787,115.7655364,101.3491938,10.9,5.44352,1.112283899,0.374885016,0.95156361,0.505690558,6.0805536755
4,14.75,406.3085348,-0.267059586,6.315714566,64.38598605,108.64143785,101.3522602,10.8,5.7468328555,1.156529291,0.382029,0.978943819,0.52847,6.114252696
4,15.25,406.1973332,-0.214748943,6.2652408015,58.43923378,97.05562911,101.3535365,10.8,5.680014467,1.1084642735,0.360537854,0.8768350205,0.48887133,6.298821002
4,15.75,406.19979755,-0.1475415,6.4418415595,39.31033462,90.11451678,101.36369755,10.5695411,5.573782877,1.0760191285,0.3705815,0.8896344685,0.4687521245,6.2231709455
4,16.25,406.26054165,-0.07185,6.478190502,26.7213065,78.32151323,101.3452346,10.591,5.800218365,0.964867452,0.342236039,0.84097,0.446819874,6.131434459
4,16.75,406.1126048,0.06065,6.559397671,11.8280941,61.94951113,101.3149388,10.45,5.486844892,0.957688663,0.337967062,0.839062871,0.445714435,5.871516746
4,17.25,406.49,0.190522738,6.56140026,-1.058836177,52.150887555,101.3485845,10.4,5.407337597,0.934302949,0.325761,0.78606,0.42376848,5.636690607
4,17.75,406.48620415,0.304693029,6.480628199,-11.1505,34.49719338,101.35552675,10.3,5.244844423,0.8687963795,0.2895187805,0.676370785,0.382605675,5.4161559905
4,18.25,407.06437175,0.3279257765,6.522888806,-13.620408365,19.911,101.3874212,9.9,4.887568089,0.7644249185,0.261955848,0.596717725,0.339888526,5.04451725
4,18.75,407.558999,0.384682054,6.6558,-11.70017417,13.20729505,101.4193337,9.8027333,4.617335164,0.678911255,0.22555,0.531880773,0.283725219,4.604099767
4,19.25,408.4961126,0.3756491095,6.776617893,-11.03437201,9.116370254,101.4485042,9.45,4.32008429,0.647478137,0.18544,0.520372664,0.2488,4.3476
4,19.75,409.0371121,0.4085665,6.74988581,-10.20743713,8.109920861,101.4869742,9.183,4.137785456,0.57196404,0.1824,0.456189696,0.245153013,4.11114
4,20.25,409.363036,0.42317846,6.6706,-8.977,6.6024689165,101.5198618,8.9412122,3.7952029975,0.6164466975,0.1905995315,0.5056010315,0.2595212175,4.1194073945
4,20.75,409.89140185,0.439327,6.6676,-8.7886,7.0496358415,101.5117807,8.8,3.410435005,0.596997382,0.18803,0.483362744,0.267394839,4.106151585
4,21.25,411.04771855,0.4230374765,6.7376,-10.439831895,6.498726739,101.5128899,8.6165,3.120596006,0.578972198,0.193713,0.483040371,0.266458252,4.155392931
4,21.75,411.2850352,0.40606,6.67585,-9.766662404,4.914741544,101.51142775,8.4,3.036287658,0.5613,0.20221853,0.469622569,0.272213152,4.034483661
4,22.25,411.745,0.464528759,6.6635738505,-9.51979782,5.091617207,101.52821815,8.134,2.965166889,0.571705448,0.2033235015,0.489669113,0.272486817,3.875855723
4,22.75,412.1388358,0.4491320435,6.6601,-6.849308804,4.40750789,101.5358356,7.9775,3.14781,0.556911336,0.193658,0.465547066,0.26944,3.841086982
4,23.25,412.5175,0.4818775445,6.7219421525,-8.1950242395,4.419754758,101.51857005,7.8352768,2.9773059495,0.541595495,0.180566,0.4696144835,0.267861108,3.84581676
4,23.75,412.85781905,0.470941264,6.7065182375,-7.507205,4.251291392,101.5464881,7.8,3.0533349735,0.516140736,0.1909050515,0.4366733165,0.2521865855,3.7320405005
5,0.25,409.0003024,1.028094845,10.359,-3.467886345,4.928670761,101.506,13.1,1.992873891,0.477180615,0.165697221,0.39328,0.22472,3.286697068
5,0.75,409.6117552,1.044291699,10.347624235,-3.6391749225,4.934362062,101.494132,13.2,1.8872285195,0.4553754735,0.1638253255,0.3963627425,0.2314376975,3.2722596335
5,1.25,410.2524019,1.1026,10.39049581,-4.687165085,4.804693273,101.496,13.099,1.736365482,0.445344556,0.158081445,0.395503536,0.215174348,3.40292
5,1.75,410.209,1.015851588,10.429,-3.014,4.152824451,101.47,13.0665,1.556,0.473680128,0.162751569,0.38674,0.215638587,3.389116298
5,2.25,410.49,1.12078,10.34897653,-4.4017,4.1100127375,101.4371167,13.1,1.6497533775,0.458211759,0.164939009,0.402425314,0.215870331,3.32465
5,2.75,410.9115,1.1571356585,10.26672756,-4.461051303,3.76293359,101.4488872,12.9,1.569473121,0.458710297,0.155176244,0.415851755,0.22627417,3.387806128
5,3.25,411.7055368,1.26,10.217771755,-4.534259059,3.3864,101.4468541,12.7,1.5431,0.4774658885,0.168597535,0.414734608,0.233009376,3.364758182
5,3.75,411.62,1.08236274,10.2012,-3.474562627,2.3545629975,101.46628265,12.5,1.607166464,0.474253405,0.164936827,0.41024515,0.22090722,3.390549366
5,4.25,411.57,1.209172719,10.14574282,-4.321880246,3.081435073,101.48288415,12.5,1.6173460705,0.461860681,0.161483236,0.3825150455,0.210590348,3.1499715835
5,4.75,412.1465451,1.167661722,10.22719453,-4.987674341,4.3417139585,101.474,12.45281955,1.6126425575,0.4633163495,0.1652586315,0.409586338,0.2203403825,3.16683
5,5.25,412.0204072,1.10742647,10.175,-2.5974,9.76673,101.56267515,12.4,1.7787024435,0.499565334,0.188436492,0.425703554,0.246981781,3.3552
5,5.75,411.09,0.858867284,10.28139954,0.857308177,20.823197335,101.5390412,12.7,1.906284548,0.540233595,0.212486263,0.460316657,0.281957444,3.429656691
5,6.25,408.673004,0.469604072,10.37048504,12.432119485,42.90140806,101.5426588,13.071,2.407234323,0.633688036,0.255633968,0.5460028,0.3498504445,3.702063547
5,6.75,406.3331962,0.0116,10.41344906,26.39453163,65.385081055,101.5544328,13.71,3.1334482515,0.671833313,0.284843127,0.639119249,0.393561939,4.141048088
5,7.25,405.0380729,-0.368465994,10.34267005,45.94755283,80.44954055,101.5671693,14.3,3.68539,0.737908599,0.30300364,0.692,0.419895271,4.296570961
5,7.75,403.87812885,-0.709407643,10.31525609,62.44490195,89.65255,101.55519345,14.6,4.4544,0.803750617,0.3135554285,0.740865092,0.4357716685,4.4026692485
5,8.25,402.9984688,-1.02329,10.2723157,84.74435682,108.198,101.5747075,14.9,4.97395,0.83751,0.311118609,0.802783037,0.452053094,4.391938928
5,8.75,401.9732772,-1.301975,10.245,98.078,116.16994605,101.5549434,15.35,5.27174,0.864521218,0.308526087,0.855161674,0.453313357,4.369892256
5,9.25,401.3762563,-1.541290266,10.366614,118.48346165,118.1075979,101.56874825,15.7,5.380202315,0.904235,0.313045122,0.852481713,0.4643376865,4.5370917955
5,9.75,400.39611175,-1.479213983,10.207,128.2052802,132.5380189,101.5462674,15.922,5.817396826,0.93949,0.32055,0.85931,0.471595459,4.545856376
5,10.25,400.2073741,-1.379591311,10.17392176,133.906838,135.5049397,101.5139215,16.4,5.922599499,0.955497692,0.316428066,0.81001,0.468905687,4.78976
5,10.75,399.420836,-1.371736672,10.074383375,136.46211835,133.6413658,101.4822996,16.614,6.0656020635,0.9631643915,0.317875814,0.824661126,0.468021079,4.708290569
5,11.25,398.73800575,-1.272590347,10.12933072,136.3929053,132.49740865,101.4699329,16.8213234,6.161344257,0.997029087,0.31585353,0.786604551,0.462446062,4.649800928
5,11.75,398.2227485,-1.44309,10.08935099,126.66466165,132.89454955,101.4422693,17.1,6.451884226,0.9592507805,0.3167762315,0.7693405935,0.4569797555,4.900815863
5,12.25,398.5415749,-1.176195879,10.138539985,128.9839386,137.4054186,101.4285866,17.2539043,7.339109846,0.962864362,0.306484838,0.841713927,0.473546196,4.953405702
5,12.75,398.0917054,-1.1274087465,10.184505015,125.4025953,129.56751355,101.4201527,17.38270005,7.1223361265,0.9656485035,0.32465232,0.822829822,0.4761153695,5.1156086755
5,13.25,398.02,-1.129594616,10.34984376,128.3879269,137.68545845,101.4002764,17.4,6.868926235,0.972905209,0.3372273245,0.840157575,0.479517883,5.4328639295
5,13.75,398.3035817,-1.115655185,10.33693241,112.3180258,136.3980523,101.3921733,17.3,7.115169824,0.9719707795,0.3568600625,0.8325981555,0.475554332,5.646320401
5,14.25,398.2626253,-1.03864776,10.18659913,109.01,126.68029045,101.3880586,17,7.6945,0.967956378,0.354153433,0.844262992,0.47962262,5.71730221
5,14.75,398.4867764,-0.839015842,10.23759251,93.80423201,129.9277844,101.36974525,17.05,7.278987071,0.94955979,0.351417776,0.8330702855,0.4782526265,5.77063427
5,15.25,398.44,-0.73663111,10.201,82.137,116.89,101.3470026,17.1,7.136673582,0.879524586,0.346895083,0.82265,0.467240258,5.610637067
5,15.75,398.38077535,-0.52533,10.20674306,58.53143883,100.16886428,101.3327824,17.03668825,7.01293742,0.873530751,0.338221,0.790946269,0.440512422,5.676172845
5,16.25,398.3126994,-0.272997984,10.22,46.10444777,92.555,101.3421299,17.0165,6.761683562,0.834415828,0.331380831,0.77201504,0.42073,5.49683577
5,16.75,398.3726752,-0.005194,10.175691915,29.016258125,73.720080545,101.34907475,16.908,6.5790955,0.821223162,0.3239341005,0.7215021115,0.4068983335,5.422693976
5,17.25,398.4115344,0.217512799,10.23789037,11.845441945,57.082852535,101.3549106,16.8,6.303396683,0.78367734,0.295177363,0.650643737,0.360377837,5.074318578
5,17.75,398.7467261,0.572106,10.392,2.337014521,39.98017024,101.3756502,16.6269041,6.214016248,0.734134184,0.279924538,0.6066222,0.337728463,4.96497
5,18.25,399.39379505,0.734887173,10.369,-4.1195,24.18297677,101.4055,16.198,5.749905069,0.673319911,0.2445741555,0.5386261405,0.299748492,4.7675760415
5,18.75,400.2098298,0.911835687,10.467,-5.01641,13.81812146,101.40765305,15.4585,4.88646,0.59769,0.20772063,0.486880567,0.25612,4.378526499
5,19.25,400.9429721,0.938185634,10.70664098,-3.879269068,8.6689253855,101.4244031,15,3.987197838,0.56884252,0.190903064,0.458280482,0.236643191,3.945473123
5,19.75,401.5391383,1.030370783,10.870682585,-4.784540682,7.815407216,101.4364239,15.043,3.615185348,0.5586162835,0.1789140745,0.4311635545,0.231083964,3.8350086235
5,20.25,402.81971725,1.0028856495,10.829257055,-4.5798587585,6.271182663,101.4718894,14.724,3.4740128675,0.517377639,0.1750495,0.414405267,0.224608399,3.645464976
5,20.75,403.7566766,1.019981681,10.72240827,-3.701933256,5.923963028,101.4777392,14.412,2.95466357,0.509825657,0.169447442,0.42445,0.227815715,3.447403677
5,21.25,404.78223685,1.0493356375,10.70595089,-5.3641435285,5.8106591365,101.4737321,14.4,2.954309532,0.5339810175,0.1803373695,0.4351416095,0.230865335,3.5155832035
5,21.75,405.6308662,1.035687308,10.67961539,-4.94808,6.1555,101.5117641,14.2263492,2.7549,0.516643626,0.170929069,0.450170246,0.227156334,3.337147873
5,22.25,406.3343969,1.004060646,10.64735134,-5.46485,5.831540113,101.49028035,14.3,2.5332,0.484072377,0.176761146,0.42286334,0.220454077,3.318496391
5,22.75,407.25,1.077903553,10.52681661,-5.840090571,5.889302956,101.485818,14.3,2.500956075,0.47676316,0.178350405,0.410472898,0.229346899,3.275188571
5,23.25,408.0068537,1.0860957525,10.457,-4.871777706,5.5363116025,101.48973755,14.314,2.2848109685,0.444835167,0.164729143,0.394614964,0.219089023,3.297815128
5,23.75,408.5326001,1.034457177,10.41344906,-4.085573502,4.2229,101.4987244,14.36,2.348415306,0.466220108,0.159538935,0.394896159,0.218860686,3.248039494
6,0.25,403.4344827,2.076667178,14.45648578,-7.112254185,6.857486691,101.2016757,18.8,3.472693329,0.447256448,0.16519,0.39027,0.218632111,3.264191841
6,0.75,404.2198448,1.9486388805,14.42975,-5.812833862,5.997490786,101.18363075,18.65,3.241783898,0.453842105,0.1613757525,0.375018547,0.2218066065,3.2406983575
6,1.25,405.465016,2.3046,14.38541741,-6.21034,6.772972339,101.1736694,18.4394001,3.1609,0.475034507,0.167137258,0.386066259,0.223159136,3.239877299
6,1.75,406.3709758,2.014943036,14.30977725,-5.7722293605,5.9991537505,101.16299775,18.1,3.0177,0.459191875,0.166407039,0.400410358,0.229346899,3.188714557
6,2.25,407.35727685,2.243529569,14.378229645,-5.1705,5.314109162,101.1419295,17.95,2.68902,0.455706783,0.1727133655,0.39883651,0.218964139,3.1058027695
6,2.75,407.9920757,2.159272914,14.2694778,-5.549601101,4.3963599575,101.1578868,17.87,2.436048951,0.46601824,0.16145,0.39319073,0.217025344,3.18111
6,3.25,409.5231725,2.307365278,14.25009573,-5.6441,4.6800547005,101.1571783,17.8,2.47464137,0.46056,0.162314829,0.388261018,0.225610283,3.179105257
6,3.75,411.62644785,2.462724086,14.043242775,-5.4931406005,4.14277,101.1867739,17.3205,2.211,0.4514026385,0.162530029,0.3789514935,0.222935,3.1582937885
6,4.25,411.770054,2.221387599,14.11363435,-7.449813552,3.469371345,101.18806825,17.4,2.11221,0.457947585,0.165923396,0.397619989,0.23152,3.0264
6,4.75,410.83614615,1.876044655,14.20843634,-6.59771,5.8652929215,101.1909281,17.419,2.190263207,0.47976,0.178861951,0.383652434,0.243310501,3.1365
6,5.25,409.31634195,1.291966274,14.27877077,-4.539372397,15.44464649,101.1979665,17.6,2.389032817,0.508667324,0.20645,0.42432,0.278388218,3.1818
6,5.75,406.7948637,0.0529,14.718891505,2.413764867,35.87208436,101.2020038,17.95491385,2.762181656,0.5771381035,0.232392944,0.4666226415,0.3096418435,3.191350485
6,6.25,403.449,-1.344696012,14.88032924,15.446868795,60.70550936,101.2143779,18.85,3.2579302765,0.590581211,0.2663788475,0.534537779,0.359627333,3.5789199615
6,6.75,399.8737856,-3.219672041,14.8468186,31.893,82.963422475,101.2350307,19.5,4.291263609,0.669856567,0.288188262,0.604047534,0.390643501,3.659323555
6,7.25,396.9229904,-5.4876,14.7800773,52.103917915,114.4507885,101.2279444,20.0103645,4.79224,0.7223292875,0.319994054,0.645299238,0.424498962,3.935389864
6,7.75,395.0711313,-6.933306834,14.628,69.1328,135.6162999,101.2382702,20.7025,5.7827856405,0.75154,0.317043362,0.74170776,0.44354305,3.955981693
6,8.25,393.08121235,-7.9518761345,14.489940035,83.644668825,143.941601,101.24579015,21.143,6.619437996,0.793650349,0.311492606,0.7623898515,0.4533078775,3.9662244995
6,8.75,391.58668635,-8.863658166,14.38963713,105.8441063,167.6870112,101.2383403,21.226,7.4208280625,0.863867553,0.32216756,0.845715082,0.478846513,4.07802
6,9.25,390.32787,-8.87879,14.3260517,116.6087995,164.5045825,101.2160933,21.3785,8.143216268,0.8812002885,0.3297369485,0.856867746,0.480356491,4.20244
6,9.75,389.4029074,-9.120476046,14.34475,126.15819015,175.8403406,101.1991834,21.8525,8.313131838,0.9203635295,0.3372361185,0.8895174725,0.502212944,4.202768831
6,10.25,388.39716695,-9.174645,14.20440007,127.7897665,189.18678215,101.188,22.0733888,8.3887080055,0.94111633,0.306702784,0.83713169,0.492357432,4.1133
6,10.75,387.6669611,-8.613807133,14.137255735,135.89836935,179.26,101.1939135,22.2,8.735438307,0.9253863,0.335395743,0.8260618745,0.48030594,4.20858625
6,11.25,387.49695405,-8.2635990895,13.979743375,141.10697595,192.28515265,101.1686813,22.7,9.249214829,0.948178402,0.353538273,0.811987545,0.4883672065,4.4048056215
6,11.75,387.45208315,-8.1744,14.035635545,137.93317635,180.8827699,101.1316313,22.738,9.244501742,0.9549438525,0.33994494,0.886711082,0.49249401,4.57558
6,12.25,386.8578775,-8.283073226,13.98900532,145.4800146,195.8990537,101.114,22.95,9.722343738,0.977930979,0.351193,0.871488176,0.496264043,4.876337798
6,12.75,385.96161,-8.140999643,13.992,138.9082449,188.91176865,101.1118341,23.126,10.02252411,0.969177982,0.346440235,0.935004319,0.500288201,5.012949623
6,13.25,385.235,-8.020469342,14.11141075,126.2604823,194.3657797,101.1210204,23.2,9.9242057675,0.96614033,0.354371,0.88842276,0.504173179,5.04652
6,13.75,384.80862595,-8.330677409,14.24482288,125.4970808,182.7633512,101.100735,23.4,10.30594703,0.9522041585,0.369607205,0.8829434285,0.494292453,5.3393998035
6,14.25,384.55513675,-7.2479659705,13.859464085,107.91978815,182.28881665,101.0646216,23.5,10.65131555,0.9595228815,0.3558532275,0.872982517,0.488253264,5.4084815925
6,14.75,384.38736665,-7.022899626,13.69550275,97.1367,163.9687557,101.0447668,23.4025,10.85382106,0.92792,0.377570922,0.891598634,0.500683278,5.435632725
6,15.25,384.77,-6.202237136,13.813762345,85.705893175,157.9321577,101.0406714,23.5,11.15704579,0.92177208,0.3589871245,0.833355647,0.4742490375,5.470182349
6,15.75,384.5655724,-5.1691251435,13.81253709,69.11875827,144.3211834,101.052376,23.5,11.278224985,0.894123425,0.364500548,0.804491238,0.46864,5.437466755
6,16.25,384.464111,-4.667327891,13.62357047,50.64664095,133.60545375,101.07096015,23.4,11.30444735,0.888794531,0.366911236,0.777840468,0.442960756,5.469079888
6,16.75,384.04363215,-3.517292638,13.895007245,33.87072591,116.711,101.065765,23.3479271,10.80090376,0.8258752375,0.346464803,0.718997244,0.4196866365,5.1990152735
6,17.25,384.4209165,-2.298108112,13.95393557,18.09000571,87.6289,101.0789258,23.2905,10.45056478,0.791043369,0.3064216,0.7009960735,0.3937824355,4.7945276495
6,17.75,385.41,-1.0345,14.05385739,5.128786297,67.66228996,101.0856229,22.8154786,9.3321686315,0.751274998,0.297217593,0.602005479,0.355460064,4.648829604
6,18.25,385.79407755,0.1108069515,14.31879706,-3.447525,43.28559666,101.10192475,22.16759365,8.878617095,0.648847732,0.2668162945,0.507949716,0.313448469,4.314477613
6,18.75,387.3695069,1.0688215495,14.48123295,-7.688399371,24.11580421,101.1029321,21.869,8.075300288,0.5596456165,0.211964968,0.460559848,0.2603817825,3.8336954935
6,19.25,389.44,1.6096,14.69963878,-6.63858,14.10794208,101.1198322,21.4915,7.349321971,0.489681246,0.17294,0.398440539,0.218860686,3.547185247
6,19.75,390.8841575,2.0453033425,14.655239285,-6.547019499,10.07943072,101.1224553,21.095,6.5796543965,0.509557511,0.1635627715,0.4163059025,0.217024244,3.3920239625
6,20.25,393.2739149,2.06835,14.82887724,-7.064331655,8.266687119,101.1671028,20.772,5.8934340175,0.5011958965,0.169092846,0.3987011005,0.218282039,3.1959119375
6,20.75,395.36871685,1.9669524455,14.758976515,-6.0526699315,8.22744,101.1949065,20.4,5.2808002855,0.4788935415,0.164076458,0.3902804975,0.2163319655,3.1687536265
6,21.25,396.75,2.0238727525,14.76705,-7.473007907,8.817867653,101.19763855,20.3255,5.0415761945,0.49642555,0.170425714,0.377089142,0.2166757695,3.2445772235
6,21.75,397.4522072,2.006208561,14.69207121,-7.896361173,8.717541496,101.186126,19.944,4.5842,0.484082482,0.165240731,0.4049,0.211660105,3.2843
6,22.25,398.219909,1.80709,14.5051024,-7.5564,7.776402223,101.1873995,19.768,4.45434,0.454200972,0.151699856,0.38469,0.21048,3.347372093
6,22.75,399.7862201,1.847329507,14.61175756,-7.610378494,6.410452451,101.20131505,19.6,4.026476209,0.480487616,0.157520019,0.38304,0.214941853,3.315813988
6,23.25,400.893522,1.954841094,14.73618859,-7.681096099,7.39227274,101.1905849,19.4,3.55795,0.474200258,0.177266032,0.391918703,0.23130067,3.2244
6,23.75,402.28984935,2.0050930735,14.67046645,-7.618859227,6.2995014785,101.1718529,19.1,3.7661700035,0.4556934205,0.1607082725,0.396517698,0.211659973,3.249433807
7,0.25,399.6862793,2.959693837,20.06065,-6.125893403,5.270682387,101.2499911,23.48323035,2.415164093,0.4169499735,0.150542435,0.3528605065,0.1987437435,2.8469915495
7,0.75,400.97909265,2.6496478915,19.88767468,-5.476361677,4.8388326975,101.239,23.2,2.287021152,0.424478846,0.14278,0.362461246,0.193132079,2.973367481
7,1.25,402.7386154,2.9544976505,19.8041867,-5.871142965,4.3651467145,101.2286807,23,1.946714811,0.417135894,0.141305197,0.351772654,0.19621,2.96133
7,1.75,403.48645495,3.084143512,19.73740194,-5.221123363,4.7133170515,101.2243015,22.9,2.008418474,0.40646,0.14281,0.329574544,0.19078784,2.938049087
7,2.25,404.71062305,3.066526066,19.75635812,-4.931195752,4.248465,101.2263479,22.8893478,2.119693772,0.41149,0.144048554,0.350712133,0.197230829,2.960157875
7,2.75,405.535024,3.052,19.8581,-5.436566363,3.3439,101.2525521,22.7,2.0098559955,0.40325788,0.145024513,0.348979173,0.192613603,3.056550676
7,3.25,407.326607,3.166858172,19.7335,-6.27782,3.34402063,101.2474128,22.6,1.89989725,0.428687532,0.14237697,0.361937757,0.198494332,2.950954204
7,3.75,408.29980035,3.081342764,19.88883889,-5.901158245,3.0910324145,101.2596447,22.5,1.884951346,0.3988011575,0.141144871,0.338172375,0.1902627945,3.0391919315
7,4.25,409.0990637,3.147501358,19.9214,-5.697397155,2.699410848,101.25969565,22.472,1.908463805,0.39265,0.138744383,0.34008436,0.185202592,2.949981195
7,4.75,409.46131025,2.904104672,19.944079765,-5.169673406,3.3665589075,101.275648,22.4485,1.9752404775,0.414009243,0.1477447385,0.3592606815,0.193390796,2.868045
7,5.25,408.9794937,2.2223442985,20.08305,-4.066823527,8.076950685,101.28862505,22.5,1.9826,0.426408449,0.1679899175,0.354054694,0.216794834,2.8732671525
7,5.75,405.7135659,1.073163571,20.36625,-0.203790868,25.84108388,101.2997656,22.6,2.52533,0.4929714795,0.2108351695,0.399529413,0.274953038,2.8624626035
7,6.25,401.7370011,-1.593117692,20.5231822,10.912,50.452775015,101.3020694,23.085,3.1125490365,0.548830575,0.2481729,0.499378865,0.324286188,3.21453885
7,6.75,397.02,-4.1924,20.48182834,26.30916252,80.46999394,101.3014996,23.551,3.996613159,0.603472165,0.276357,0.541369756,0.36302,3.356610969
7,7.25,393.73,-6.36552171,20.46585488,43.78917435,101.3767496,101.3120698,24.2,4.979555941,0.65441,0.287754682,0.62940409,0.395495569,3.5993
7,7.75,390.4022724,-8.1539995875,20.611410115,63.44296385,124.21579415,101.31535665,24.7205,6.1220691715,0.6793938415,0.306347541,0.6708942655,0.417252233,3.57580736
7,8.25,387.1514353,-9.8938214985,20.237239765,79.12604897,153.50262925,101.312,25.6625,7.2174,0.7170207955,0.2993222755,0.744533246,0.440177383,3.7691115745
7,8.75,385.18863285,-10.94347553,20.1988,94.21554368,172.48699585,101.328,26.1,7.973310251,0.770242737,0.314944135,0.785728556,0.45366875,3.789004519
7,9.25,382.7550671,-11.945716,19.796433255,105.4475311,188.8654219,101.3093232,26.246,8.909372833,0.8193570635,0.3249806195,0.858273671,0.4756052405,3.874254805
7,9.75,380.736859,-12.44614142,19.5925,116.7278257,207.8413652,101.2986031,26.7,9.3067479075,0.853460447,0.32536864,0.904905599,0.477625,3.8287774165
7,10.25,380.2833125,-12.792,19.383447785,121.5323035,216.0953939,101.30664725,26.8,9.55781714,0.8766625175,0.325506232,0.8807279025,0.488564535,4.0630680135
7,10.75,379.023231,-12.5256567,19.35742197,125.304,213.9710703,101.3103314,27.1,9.908911598,0.921759188,0.319831743,0.883770435,0.486915434,3.927633254
7,11.25,378.0863234,-12.84063784,19.137,134.46,227.2587787,101.3000049,27.4,10.39021339,0.933567887,0.342137,0.973437192,0.496222833,4.0018
7,11.75,377.6901164,-11.85267561,19.02263359,137.2921508,217.3080692,101.2592666,27.5,10.429025315,0.95407,0.323959524,0.94572,0.490113252,4.0205378
7,12.25,377.3118594,-11.8774,19.0708,132.5243296,231.2788849,101.2311238,27.727,10.590351695,0.968774101,0.33686,0.938393782,0.494666855,4.2265
7,12.75,376.88,-11.73386994,19.23412489,132.5241974,237.3705905,101.216371,27.8529076,11.158024275,0.96251026,0.35761,0.94798378,0.50155,4.350689082
7,13.25,376.929438,-11.03508239,19.01794706,124.2464376,226.623,101.211301,27.985,11.401600905,0.968424498,0.359365,0.93985325,0.50695165,4.59126064
7,13.75,376.0890181,-10.374678155,18.921756265,116.0716511,206.5627645,101.195,28.15406165,11.508901075,0.9599206695,0.3697951665,0.909056166,0.494995387,4.7239100645
7,14.25,375.56954555,-9.7890848945,19.10435,103.0095493,196.90840745,101.1677365,28.2035,11.85622323,0.913391468,0.353240171,0.8691080365,0.4812624005,4.770139844
7,14.75,375.0832972,-8.835873643,19.0596,86.33544905,185.7501902,101.1515338,27.9,12.05259998,0.908495934,0.345297414,0.808174477,0.466795458,4.74452
7,15.25,375.0814024,-8.407993752,19.46055665,75.2194,171.2347148,101.1388117,27.8,12.00170987,0.885005754,0.3447,0.808832709,0.446648893,4.708588068
7,15.75,374.9984823,-7.0625,19.717950715,58.82777388,148.7252058,101.1307453,27.82808955,12.12657262,0.855042735,0.339529464,0.7704728225,0.4338635125,4.677717571
7,16.25,375.04510445,-6.231274936,19.653,44.434,130.51632535,101.123,27.9,11.713910185,0.838082994,0.330633082,0.713807712,0.41852444,4.639736784
7,16.75,375.0950664,-4.598313173,19.78515,29.081073585,105.9613958,101.1181438,27.74594455,10.8872724,0.804355848,0.3104020665,0.6747453865,0.390446994,4.551162338
7,17.25,375.9101588,-2.922877273,19.96975627,16.95318623,81.93111631,101.12094765,27.65,10.3273,0.727271467,0.2926415205,0.626901187,0.359110371,4.29455
7,17.75,376.04410455,-1.306592374,19.939,5.2211609425,60.153,101.1492154,27.5,9.2371986115,0.671388114,0.265342747,0.53697486,0.317633437,3.916162698
7,18.25,376.99500265,0.3681760875,20.12902072,-2.1878,37.09798287,101.1702664,27,8.60952869,0.57864,0.219673051,0.45644358,0.266082694,3.641
7,18.75,378.8814418,1.478241563,20.154,-5.170543168,21.69952654,101.1739326,26.6,7.387066952,0.50702325,0.179230377,0.40429,0.229564806,3.50968
7,19.25,381.54,2.182264737,19.89820362,-5.89107,11.546068605,101.17987235,26,6.384472179,0.43422,0.149562567,0.345383348,0.188414437,3.179706609
7,19.75,384.9884046,2.4211110375,20.299383325,-4.8141989695,8.3325,101.199,25.499,5.3002596135,0.4196533855,0.130287541,0.334581166,0.164620776,2.885309008
7,20.25,386.9736304,2.710293278,20.263,-5.119576888,7.10349,101.23985955,25.3,4.729848288,0.429514249,0.14394172,0.34698,0.178044938,2.907094886
7,20.75,389.01067455,2.6787061975,20.5931527,-5.8272316,6.349571586,101.27135755,24.8,4.6130519855,0.424950594,0.13291,0.33368031,0.169705627,2.789477298
7,21.25,390.74,2.902603957,20.56371091,-6.099380102,7.003256443,101.2679383,24.7,4.174049597,0.414204597,0.135415922,0.36195,0.174928557,2.8827
7,21.75,392.58863595,2.945952235,20.41685018,-5.5557472515,7.7594098405,101.27116925,24.4045,3.8208794495,0.4182564705,0.141180353,0.3711871005,0.1870798145,2.9361651015
7,22.25,394.1227344,2.4685825805,20.29999786,-5.2588731805,5.519454691,101.2676388,24.25,3.4422870755,0.4226038365,0.1443223075,0.3500522945,0.1846491465,3.072952108
7,22.75,395.093494,2.868800137,20.2534,-6.4216,5.1082,101.2638875,23.987,3.1669193585,0.430275493,0.132218473,0.359066846,0.194935887,2.9518
7,23.25,395.9024984,2.72299,20.26401721,-6.3036,6.272777145,101.2706458,23.9,2.840149942,0.421480209,0.150105364,0.353638896,0.189472953,2.880072632
7,23.75,397.9455238,2.83727,20.152769315,-5.280899642,4.325630296,101.25618545,23.65,2.721385164,0.408846438,0.133508672,0.3490635355,0.185472174,2.809898544
8,0.25,401.4,2.373741125,19.56612846,-5.973731061,3.075582786,101.4136121,22.7,2.92404948,0.37836,0.136287929,0.329216991,0.182482876,2.793804283
8,0.75,402.7621265,2.457014904,19.59535131,-6.1246405925,3.098903967,101.4157226,22.6,2.794740528,0.376866558,0.13685,0.324976286,0.1946776985,2.748090996
8,1.25,405.0643551,2.52007,19.462792945,-4.944152747,2.414107388,101.4244392,22.4209702,2.550127328,0.378093964,0.137316428,0.32919683,0.185199443,2.818202691
8,1.75,405.7495705,2.5063,19.131803565,-6.0382161525,2.585063567,101.40807535,22.2,2.460494128,0.3878642955,0.1351316185,0.334228408,0.187208403,2.75728
8,2.25,406.21303135,2.6253713005,19.07851229,-5.401446828,2.594187192,101.3820021,22.091,2.1965465405,0.367751275,0.130007088,0.315277655,0.173781472,2.65748338
8,2.75,407.5120591,2.456069885,18.99147339,-5.084572474,1.766914517,101.36982325,21.8,1.945429074,0.36350249,0.118672478,0.3262992,0.164924225,2.677678756
8,3.25,411.1480586,2.64155525,18.87624533,-5.234080468,1.45323,101.3718775,21.5405,1.6962,0.384799986,0.125833844,0.321104202,0.1742110365,2.6271788595
8,3.75,412.5579127,2.708150707,18.9659675,-5.1091895265,1.187798763,101.3757124,21.5,1.644284335,0.385219846,0.127313169,0.3181113835,0.1734884395,2.721304038
8,4.25,413.5368811,2.473710201,18.79578785,-6.035823159,1.4417,101.3846724,21.4,1.5834035545,0.368725809,0.120584373,0.32584,0.172626765,2.66322
8,4.75,414.96,2.847912688,18.5934504,-6.040903917,0.796961636,101.3903398,21.2732631,1.608369988,0.372297926,0.13501864,0.317461648,0.174642492,2.674473264
8,5.25,415.8383647,2.514998555,18.713,-5.0533,2.044976834,101.4153607,21.3,1.66495,0.410128662,0.1429121,0.342289607,0.1755,2.606981543
8,5.75,414.14700155,2.18540717,18.86341272,-5.174679242,10.199041405,101.41272525,21.4,2.0103099005,0.41541,0.166162,0.364762073,0.227156334,2.69632
8,6.25,408.4892249,0.685810123,19.24405324,1.566267105,30.99812706,101.4225632,21.7884816,2.406799408,0.506685155,0.215726,0.4425936,0.273861279,2.781873892
8,6.75,404.54516365,-1.3901975985,19.6173,15.1857,58.220783025,101.4293642,22.3,3.318106661,0.540823446,0.245500115,0.475633307,0.324480258,2.889214642
8,7.25,398.8205,-3.932457512,19.7168,36.72399916,89.107160255,101.431613,23,4.1512844435,0.61513,0.273188918,0.580856623,0.376538937,3.152477352
8,7.75,393.2288139,-5.6076208345,19.68649149,57.98478128,111.76820915,101.443659,23.6,5.226802001,0.655385321,0.289957964,0.629742805,0.40388,3.35804
8,8.25,387.7363687,-7.341838867,19.49968132,76.58156738,133.4392395,101.45264255,24.4,6.667963042,0.689907869,0.303172563,0.716774721,0.432149789,3.45222
8,8.75,385.43776635,-9.2195102515,19.37420894,99.166417405,165.8664737,101.4821218,24.9637646,7.677230094,0.7340844255,0.311143391,0.74032489,0.445074973,3.599114429
8,9.25,382.1113762,-10.5538569,19.26717496,116.2188443,180.4311457,101.4829059,25.413,8.6316154925,0.770108413,0.30614628,0.7978552355,0.4545153035,3.714820795
8,9.75,380.074912,-11.27374611,19.02838592,123.1955816,195.4395571,101.4759668,25.8,9.451536396,0.819179402,0.313160718,0.837888102,0.47717,3.750478715
8,10.25,378.2429018,-11.001959185,18.84934296,127.13636645,206.62162395,101.46777005,26,10.041557045,0.854879018,0.315221775,0.8609833945,0.478627649,3.781036046
8,10.75,377.710135,-11.22553906,18.654908485,128.28063225,205.51459225,101.4499828,26.2,10.44924041,0.87887483,0.319504028,0.8813121725,0.4843532745,3.7888240975
8,11.25,376.9051023,-11.31415631,18.371585285,142.7653968,217.239,101.41697685,26.453,10.93992854,0.9219335445,0.3345620845,0.9625192595,0.502170197,3.8080668915
8,11.75,377.0926448,-10.37500242,18.436891695,127.8484709,208.4993956,101.3960983,26.6,11.12031898,0.950476853,0.348425275,0.9118443765,0.493515835,4.047809893
8,12.25,376.48881335,-9.88130176,18.175,130.1471982,205.662,101.3822405,26.716,11.5511231,0.94983,0.347016909,0.979544792,0.49733,4.107084246
8,12.75,375.81749915,-9.563125,18.1514,115.1584594,196.4676422,101.3647272,26.8,11.734060725,0.961576712,0.339074752,0.897041832,0.488757562,4.262944777
8,13.25,374.6114672,-9.0014214925,17.97674782,111.34872805,189.52793685,101.33647445,27.05,12.36812612,0.959146055,0.346861778,0.8765280185,0.4795686895,4.3713402855
8,13.75,374.52041275,-8.707245022,18.26485,105.8856439,189.5928206,101.3252377,27.101,12.70687698,0.9491289905,0.3477907165,0.8763052925,0.4751588285,4.662664066
8,14.25,374.0023974,-8.484606723,18.03803258,96.31463703,180.5782561,101.3109233,27.3905,12.93133481,0.919070973,0.348470136,0.8121107305,0.467343604,4.71234163
8,14.75,373.33456255,-7.969077443,17.938307025,83.50493955,170.6430849,101.3051103,27.45,12.953818265,0.8998804475,0.362471608,0.8342990045,0.4720617375,4.8343784745
8,15.25,373.4893,-7.188891542,18.02172994,69.32915942,158.636,101.3092026,27.55,12.90722185,0.89474769,0.351087213,0.823225978,0.456823817,4.770854586
8,15.75,373.381086,-6.3515759655,18.26892941,54.37171631,136.894,101.3084714,27.6,12.820121785,0.860925705,0.34485512,0.778840424,0.44164751,4.77616
8,16.25,373.5862549,-4.822595,18.328827785,37.26250461,117.957573,101.3198788,27.395,12.432854465,0.8183525105,0.3462165,0.737967679,0.4276163695,4.5621969935
8,16.75,373.9744928,-3.302926494,18.46534532,22.1617,96.31273648,101.3208176,27.0416228,11.59165081,0.774777596,0.316983,0.65910868,0.399932494,4.46435
8,17.25,373.7810127,-1.74632874,18.78490515,4.511295964,72.35800563,101.3233886,26.9,11.07712396,0.705647881,0.275854091,0.58231809,0.337945445,4.144772819
8,17.75,374.5921402,-0.116627842,18.95642512,-2.794307519,43.33065859,101.348809,26.2945,9.998310329,0.6202242945,0.2403161015,0.4980277415,0.296467061,3.838210563
8,18.25,376.198116,1.07327,19.1383503,-6.2334692025,22.55502444,101.3434717,25.8,8.355678945,0.522047532,0.191677392,0.4293929545,0.2425899925,3.464037971
8,18.75,378.8109885,1.929036907,19.42017838,-5.9535517545,13.33788814,101.3421886,25.173,7.03374,0.464289955,0.1545784355,0.3529976755,0.200498756,3.158731098
8,19.25,381.7015067,2.02833,19.5663635,-5.666805639,8.220942418,101.361,24.9,6.0645138745,0.407452812,0.135789626,0.341095797,0.17176,2.816304677
8,19.75,383.8149569,2.249806636,19.60473603,-5.3163155545,6.964335855,101.3824758,24.8,5.436064576,0.3890325605,0.120625191,0.324713418,0.153133841,2.777823228
8,20.25,385.82698275,2.202855303,19.689656835,-5.1243981115,5.777376344,101.4026294,24.372,5.159099956,0.364004865,0.1161245575,0.3148013645,0.156364876,2.719517694
8,20.75,388.1638661,2.04199781,19.696594985,-5.600632726,4.04769,101.4000433,23.9,4.771995228,0.363075733,0.1165107145,0.3111254895,0.1526430235,2.786068784
8,21.25,390.7496802,2.076124758,19.77194744,-5.701909201,4.073905234,101.4178696,23.8,4.56888904,0.369779664,0.120558023,0.333169221,0.155563492,2.713390781
8,21.75,393.35760865,2.3333897015,19.73284228,-5.5377511105,3.972910764,101.4267783,23.5416889,4.1038435925,0.3722925075,0.1250664535,0.3302996865,0.1638511005,2.8938345135
8,22.25,394.6980557,2.251033936,19.81383174,-6.062973551,4.58562,101.4197641,23.365681,3.6626734135,0.3723557305,0.1296849855,0.3322640035,0.155884243,2.83160829
8,22.75,397.18536585,2.412011303,19.93805563,-6.6363,5.029955714,101.4202604,23.2049451,3.56156,0.373286424,0.13,0.3179835,0.168522995,2.770209234
8,23.25,398.1781309,2.575523505,19.8726899,-6.565447807,4.664442886,101.42953435,23,3.060698376,0.391529226,0.134430756,0.347818323,0.182756669,2.715311062
8,23.75,398.9185494,2.496245246,19.76261881,-6.7254935645,4.2447187675,101.4323168,22.75,3.306125179,0.385895197,0.135329821,0.3321095525,0.1872106895,2.8212402865
9,0.25,401.35963425,1.8662820855,16.04939723,-6.583862384,2.203806349,101.5890328,19,2.0824572305,0.44668297,0.143270649,0.34567,0.197989899,2.92766428
9,0.75,402.11,1.818033785,16.24063273,-6.4721710345,1.7387,101.56732095,18.7925,1.9395651195,0.418859491,0.1475861605,0.3591923095,0.188281471,2.8716709205
9,1.25,403.63,2.008007053,16.16355498,-7.638790393,1.871980894,101.5418853,18.9,1.882642193,0.415215593,0.147630303,0.356295448,0.19824,2.833501139
9,1.75,403.7940171,2.133802071,16.05167644,-8.395259292,1.968408886,101.5312197,18.8,1.701598099,0.4411863555,0.147237949,0.360244496,0.2137739835,3.0898085255
9,2.25,404.4496906,2.29543771,16.08536038,-8.156550186,1.464225862,101.5194883,18.558,1.531503779,0.458266886,0.1669529725,0.3772914215,0.2289892765,3.1155671135
9,2.75,406.3593601,2.037814779,16.12423463,-6.91965,1.261545442,101.5043109,18.4,1.59345,0.461373489,0.165653,0.386316018,0.22737634,3.134989518
9,3.25,406.6595077,2.51653,15.987442805,-9.2845915825,1.210345242,101.5014485,18.395,1.592585,0.471626696,0.172729,0.3909876685,0.2241617605,3.1140772395
9,3.75,406.27828395,2.235538188,15.7007906,-8.139766069,0.8573276905,101.4926654,18.0846781,1.709892237,0.456653372,0.171476094,0.383819938,0.236008474,3.108158762
9,4.25,407.7020301,2.227555643,15.601,-7.040554296,1.011891765,101.4987131,18.016,1.5248893925,0.492644903,0.173889856,0.394793089,0.238746728,3.078377804
9,4.75,408.5230567,2.1962567735,15.524595055,-7.851426437,0.6455601405,101.51746755,17.9,1.4495,0.457329265,0.1694916115,0.380437747,0.229561086,2.944586291
9,5.25,409.76,2.214018684,15.392,-8.898340481,0.946698003,101.54113955,17.7,1.409578058,0.458596479,0.158303274,0.390889772,0.21,2.877733985
9,5.75,410.1945199,2.1018509685,15.49883186,-6.887226577,1.5959236065,101.5888957,17.7,1.4552,0.4390933095,0.159598785,0.3870882625,0.213656458,2.9301779725
9,6.25,409.1033107,1.5153682845,15.678367735,-5.143375,10.023045,101.5858739,17.9,1.612292998,0.495521503,0.201240834,0.4103426665,0.265422835,2.81925
9,6.75,405.9426406,0.524353269,15.9373,2.764252894,29.4551,101.57245055,18.7225187,1.983424877,0.592412845,0.252479164,0.483378733,0.332505971,3.102508872
9,7.25,401.629578,-0.979404933,15.99191825,17.77140359,55.807,101.57188895,19.1,2.4504,0.676092918,0.294454633,0.578609996,0.387288134,3.411476497
9,7.75,398.0097472,-2.69795,15.887012775,34.55797172,83.78178205,101.57789455,19.7,3.3102,0.7566260335,0.340773092,0.6709146095,0.4403121925,3.900674855
9,8.25,394.38,-4.270469202,16.04225604,59.90696603,99.6518,101.5974172,20.2,4.27172579,0.834635258,0.354797313,0.75517,0.463989632,4.401424877
9,8.75,391.1981726,-5.8368544275,15.7929,84.29788473,117.9731484,101.58153725,20.6,5.311620995,0.879456481,0.3644294465,0.796945141,0.4730713215,4.5768783555
9,9.25,389.0891158,-6.7169686425,15.56391681,102.9344847,133.68902525,101.57802275,20.75052355,5.7737932785,0.889173743,0.376425515,0.878618233,0.504553129,4.702518579
9,9.75,386.9278129,-7.51234531,15.1891,116.8996758,145.65,101.5937957,21.29173595,6.104436365,0.927717332,0.367038221,0.888573979,0.508069546,4.648052641
9,10.25,385.7722203,-7.46228,15.13109458,119.91759345,149.978,101.5949303,21.4414187,6.501503143,0.9446880965,0.3676796255,0.9218501735,0.5096705405,4.502237523
9,10.75,384.38476215,-7.786705,15.23454033,133.5142698,158.16537955,101.5970994,21.7,6.882709377,0.969831999,0.3673234645,0.934282302,0.5096312325,4.617085
9,11.25,383.6242288,-7.957914159,15.10672146,131.68616335,154.47,101.635,21.85,7.105220784,0.9794333665,0.382817885,0.927948915,0.514855927,4.5432036225
9,11.75,383.7055707,-7.456298904,15.00495982,129.04248765,164.1585039,101.6092821,22.063,7.631401254,0.961559847,0.33497015,0.9005992615,0.497386621,4.45814
9,12.25,382.79228155,-7.0766588205,15.12032908,129.62,151.57876025,101.5862681,22.2,8.09360319,0.99613345,0.344648055,0.866024249,0.494109276,4.51848
9,12.75,382.2173272,-6.939996363,14.865290325,115.7330961,146.5635504,101.5878401,22.4725,8.1221571845,0.9830186305,0.349091969,0.887220581,0.483882072,4.33627
9,13.25,381.939454,-6.604437523,14.75436159,112.27805565,144.2750997,101.5566683,22.5,8.226090665,0.965073237,0.3338263445,0.866633506,0.473853564,4.4026975725
9,13.75,381.7036414,-6.591,14.69373576,97.425,136.72859715,101.5346145,22.3,8.503903307,0.952141947,0.35434,0.885557541,0.476336369,4.422373598
9,14.25,381.4460698,-5.652166637,14.62123103,83.213,128.065797,101.52843525,22.05,8.375310979,0.94720892,0.347099289,0.769829028,0.464326671,4.637320879
9,14.75,381.28291,-4.841672219,14.81235557,64.193,110.54577465,101.5362783,22.25970035,8.687755933,0.906235611,0.32531,0.721181669,0.43056,4.524222967
9,15.25,381.24121455,-3.914827001,15.02754582,49.99215,94.406,101.5287058,22.5,8.123845,0.838735172,0.309933826,0.6784490255,0.411293801,4.392336263
9,15.75,380.7733479,-2.916636459,15.255959225,36.063822165,80.3141,101.5346886,22.4965,7.992831443,0.8160671085,0.3006786,0.6440074935,0.379880892,4.429697296
9,16.25,380.9912644,-1.67673793,15.42743881,18.31745804,60.893278905,101.528618,22.464,7.6861,0.731300896,0.28684,0.613872137,0.34820168,4.180609805
9,16.75,381.4224092,-0.546818,15.33404786,2.8722755785,39.44335296,101.5553629,22.15,7.571791055,0.6584325155,0.25378,0.5178850665,0.3104819905,3.930869931
9,17.25,382.22,0.267099015,15.799213865,-3.776851816,24.33207504,101.54388415,21.7,6.90929,0.5681719365,0.1942,0.44192541,0.254455,3.5164420565
9,17.75,383.67181545,0.8932,16.0532,-5.755650368,11.17963115,101.5594969,21.5458864,6.005040311,0.49244,0.162843706,0.388267222,0.216794834,3.32350332
9,18.25,386.1736856,1.305159302,16.164,-5.705662793,7.142557078,101.58034705,21.3,5.232614374,0.44151,0.153662,0.338776403,0.186010752,3.240507049
9,18.75,387.26328765,1.5433641325,16.17750198,-5.918271773,4.835888083,101.59414095,20.848481,4.491096097,0.412725508,0.124350879,0.341695212,0.176635217,3.0244
9,19.25,389.62816015,1.533161657,16.442230555,-5.480031384,4.275035861,101.5995518,20.568,3.926324727,0.428440614,0.1250285,0.336188966,0.170001932,2.9735154975
9,19.75,391.31655705,1.5388138185,16.56377814,-6.354417176,3.7072353105,101.61903565,20.3,3.537,0.414969178,0.122057291,0.326483608,0.183030052,2.947022303
9,20.25,392.28989,1.684628559,16.59474153,-7.463828944,3.046052924,101.6190618,20.0584451,3.3678569865,0.436729422,0.135873317,0.341,0.186547581,2.880024096
9,20.75,395.1,1.588728963,16.36995,-5.56283236,1.743557323,101.6088788,19.7735,3.0978071545,0.4075285995,0.1321332145,0.3364447175,0.1785791545,2.8329346475
9,21.25,396.5492647,1.83912,16.344,-6.413206843,2.847938984,101.6076515,19.9275,2.9838395935,0.3993324405,0.1333055,0.3400723505,0.178465628,2.7675
9,21.75,397.4193873,1.790269421,16.510829835,-5.3711057575,2.4314098605,101.6074961,19.65,2.74762492,0.41366606,0.133187364,0.353324623,0.1827457065,2.9207170805
9,22.25,397.88,2.00546693,16.32655873,-7.632930878,3.513745919,101.5950475,19.4545,2.735013587,0.4355190375,0.146475,0.3572810635,0.2008699715,3.0052785635
9,22.75,399.09260915,1.79421,15.849531215,-7.2557347165,3.2372914385,101.60395195,19.3,2.536644343,0.413399406,0.142943485,0.368571239,0.1927275945,2.8251987805
9,23.25,399.46647145,1.726655,15.727065615,-5.8656515955,2.095306252,101.5906539,19.036,2.381610494,0.401069813,0.1385999155,0.341796463,0.1901151165,2.8822410215
9,23.75,399.9256435,1.777153838,15.80443284,-6.6337,1.722257323,101.5895833,19,2.512561208,0.404900107,0.135022247,0.34697,0.193649167,2.780451606
10,0.25,411.6632015,1.0657680745,11.74896387,-7.715019367,1.404612161,101.5936907,13.3,1.516878511,0.481178525,0.158979621,0.3840717245,0.2256101745,3.2819981755
10,0.75,412.17792435,1.110358249,11.647256405,-8.764721564,1.2599,101.6144177,13.5,1.45719,0.4933579945,0.168002233,0.3943554775,0.2278156095,3.1979314
10,1.25,412.2439997,1.2051524735,11.61780721,-8.9067379295,1.632235746,101.59817895,13.351,1.366363147,0.458971133,0.164013172,0.393949944,0.225166605,3.376525184
10,1.75,412.8758441,1.179434591,11.75662117,-9.7154268205,0.697634601,101.6195325,13.113,1.357413804,0.5058689835,0.177391628,0.4202079865,0.2537666555,3.395993838
10,2.25,413.1360149,1.2624781375,11.58029403,-9.904861393,1.1506844185,101.6133537,12.739,1.3257243355,0.467476203,0.177761988,0.397993801,0.241039416,3.261996383
10,2.75,413.6650135,1.280670085,11.49472536,-9.478389441,0.7196852265,101.6076007,12.6,1.2140360595,0.487718696,0.179124982,0.428286512,0.251594913,3.33710815
10,3.25,414.1602132,1.150330836,11.4634,-8.6662824565,0.612232673,101.6108371,12.5,1.15780349,0.481127781,0.182488,0.398745953,0.256320112,3.29549
10,3.75,414.3897789,1.270041292,11.345523075,-10.726766245,0.643296301,101.626,12.45,1.116836843,0.4758630495,0.172923653,0.4135351885,0.2481905295,3.3960430335
10,4.25,414.52015575,1.2796038275,11.2578,-9.049925784,0.293529,101.6485264,12.5,1.044314941,0.494385831,0.200494839,0.440607898,0.259229628,3.245910654
10,4.75,415.2083577,1.359688822,11.07501588,-9.341391482,0.410208654,101.643,12.6,1.136101753,0.501172799,0.182814695,0.411374525,0.242487113,3.344033005
10,5.25,415.7315426,1.3872,11.0772,-8.138383733,0.3463941875,101.67,12.5205,1.17875,0.4724262665,0.1735965935,0.4103808295,0.238846258,3.272415715
10,5.75,416.0657849,1.3550003395,11.1934,-7.785499675,0.274625693,101.70143095,12.35,1.194617377,0.464602292,0.165017147,0.422795859,0.222934968,3.170155719
10,6.25,415.9784839,1.235166395,11.198379435,-8.519086433,0.872511235,101.727,12.446,1.1432735045,0.4794989715,0.173929964,0.410968567,0.2483908505,3.095983293
10,6.75,416.04451835,1.182042929,11.342514375,-5.3282342105,6.29299093,101.7512695,12.4,1.14869293,0.5277562555,0.217435336,0.458480296,0.278387986,3.2467089545
10,7.25,414.6595174,1.0226015095,11.673311745,0.962764426,21.60252829,101.7494293,12.876,1.4891679015,0.63341095,0.2717388205,0.5386954135,0.346193081,3.5586720715
10,7.75,411.9666663,0.309290816,11.862960265,13.79229466,40.00474686,101.74313225,13.23759025,2.078495673,0.728242944,0.322367951,0.5994374835,0.409016454,3.838283603
10,8.25,409.7234949,-0.1996243495,11.97802595,30.52670994,54.6736,101.7283229,14.1,2.587534818,0.798447606,0.347133,0.698853799,0.436116864,4.307852402
10,8.75,406.8091232,-0.8219972015,12.17198296,49.78489246,68.503489065,101.74632645,14.4,3.106323469,0.894327833,0.364278,0.782647874,0.478471866,4.620263421
10,9.25,403.1917281,-1.48734133,12.18029207,67.018241725,80.21483983,101.73974825,14.9145,3.907018121,0.938674813,0.353974653,0.855278503,0.496420654,5.136001632
10,9.75,402.5085238,-2.059609043,11.87221991,85.92903779,81.55882945,101.7102235,15.1,4.463492228,1.000282279,0.400400059,0.919906281,0.516869423,5.117698989
10,10.25,401.2359681,-2.4410697505,11.6779,92.53343634,89.36643438,101.6850626,15.3871664,4.999148676,1.016870092,0.40407591,0.962893948,0.530248374,5.073015845
10,10.75,400.26827045,-2.41850907,11.5031,100.35588666,96.34598696,101.6755302,15.8,5.1945448155,1.0120525875,0.387766779,0.9888922985,0.535783655,5.170449092
10,11.25,398.9617936,-2.633124934,11.5224,95.98394886,96.40036834,101.6352768,16,5.643524926,1.04700249,0.402301409,1.026688853,0.528915092,5.203701128
10,11.75,398.4183615,-2.659710197,11.21689575,92.974339275,93.517043115,101.58670135,16.20922205,5.697813213,1.0895389625,0.3978107045,1.023458254,0.535706557,5.261245112
10,12.25,398.36804495,-2.3932210725,11.189765335,89.39756745,88.80376042,101.53875895,16.21509935,5.93891104,1.043557904,0.39228991,0.964051926,0.516165771,5.062628975
10,12.75,398.2660197,-2.392637393,11.2461,73.0376,89.73765893,101.507,16.3,6.229220638,1.052681294,0.39004739,0.9919501,0.519081216,5.049135563
10,13.25,396.9710228,-2.2387879355,11.3227,65.62228878,81.11731158,101.4803735,16.3516689,6.344967295,1.05339882,0.380004,0.987987198,0.504944595,5.242906074
10,13.75,396.9967118,-1.901579014,11.313344235,55.4403,79.5987,101.4753834,16.8,6.380931283,1.042530091,0.363512129,0.9531100765,0.4992883735,5.0569456285
10,14.25,396.9692928,-1.444898031,11.30526107,39.81319021,67.89708452,101.4571738,16.69,6.337479905,0.992372777,0.3737495255,0.9071178555,0.4723620375,5.056747607
10,14.75,396.85926355,-1.13922828,11.60868157,31.78352644,62.734980325,101.4461664,16.73666615,6.5151808385,0.964649123,0.352824485,0.875591072,0.454707053,5.025286712
10,15.25,396.9872077,-0.772747442,11.54204376,16.97827228,48.873506135,101.46155895,16.81935225,6.199862079,0.901083403,0.33558363,0.838616226,0.4308228675,4.9631196675
10,15.75,397.53800435,-0.31106,11.622408035,4.2488976755,40.64503527,101.467554,16.6,5.763322326,0.814472187,0.3090308725,0.7093156105,0.401657742,4.6871062755
10,16.25,397.87913095,0.136345077,11.39550837,-4.944378114,23.40202934,101.47849745,16.5486242,5.542981377,0.709701918,0.263581409,0.613161078,0.34794688,4.220171796
10,16.75,398.43298665,0.510415717,11.43622731,-7.492217892,11.071022615,101.4843321,16.2,4.93618814,0.612891293,0.206444651,0.480289074,0.274043792,3.914005003
10,17.25,399.17285775,0.6684848025,11.71478994,-6.04574252,3.905029498,101.4874537,15.73,4.440058824,0.528238659,0.159520541,0.420787063,0.220680765,3.65948484
10,17.75,400.1839369,0.8305965545,11.7998237,-6.9724100165,3.052063615,101.5140522,15.5740543,4.035339088,0.476547286,0.133131352,0.3926925135,0.2104755175,3.5691904045
10,18.25,401.4271783,0.76858034,11.91232908,-5.704552689,2.88045003,101.5454797,15.2587468,3.728865505,0.465859365,0.136021474,0.367568636,0.198997487,3.43965762
10,18.75,403.7343775,0.8432557005,12.090386765,-6.5685086495,2.2108207995,101.5559854,14.8,3.27972,0.4403861905,0.1416548555,0.360281035,0.18275585,3.3714601545
10,19.25,404.9996987,0.8622907815,11.850100765,-7.173608337,1.819203879,101.57155,14.4911887,2.942445696,0.421050033,0.142614446,0.372809558,0.196211521,3.4143190375
10,19.75,405.67382215,0.973169888,12.074329655,-7.4838367555,1.878284363,101.6221653,14.52419945,2.54168,0.46506058,0.1537985185,0.40916913,0.1982421155,3.455546751
10,20.25,406.72305825,1.080198952,11.903924695,-6.940314326,1.582409512,101.64,14.25,2.4435,0.475648349,0.1680178795,0.4102213415,0.2250410445,3.578840842
10,20.75,407.37130335,1.013396532,11.99350535,-6.64724,1.249324582,101.60129025,14.0545,2.4493687835,0.474134699,0.163080079,0.407805343,0.225166605,3.398778493
10,21.25,408.154514,0.993465259,11.78463495,-6.464837328,1.268721185,101.5829848,13.7615,2.2657402155,0.464004607,0.151848873,0.389197043,0.2050606405,3.3165212725
10,21.75,409.68349455,1.057942035,11.655047605,-7.532200618,1.433203349,101.6038618,13.5405,2.106409392,0.455190751,0.146602032,0.4019421935,0.2136578055,3.347641722
10,22.25,410.2474744,1.077984497,11.7027,-7.544776735,1.561041912,101.59044085,13.6012319,1.926215583,0.471230673,0.147188424,0.381461874,0.204694895,3.29393744
10,22.75,411.0303379,0.9698400075,11.6002,-6.223317977,1.145488166,101.598,13.3758772,1.790554133,0.469072489,0.168874,0.381062458,0.208326667,3.191089417
10,23.25,412.3116204,0.9569899685,11.4488299,-6.812006675,1.415752448,101.5663896,13.3422253,1.7020001205,0.4624181315,0.1570041715,0.413000598,0.2174851455,3.350712717
10,23.75,412.7012338,1.02191104,11.319970795,-7.845756304,0.966577437,101.5678526,13.26460585,1.9129001065,0.4687261925,0.16833554,0.402424788,0.225831687,3.26017
11,0.25,412.64883165,0.5753007445,6.2316533295,-12.40907116,1.28168,101.5555555,6.434,2.255868405,0.5133169185,0.186888278,0.458779432,0.263054534,3.763475054
11,0.75,412.8055954,0.550539,6.3084372435,-12.36017174,1.5816,101.5390057,6.3,2.175394766,0.5202673785,0.1987275,0.4129457995,0.2630506195,3.6031213665
11,1.25,414.0047652,0.553414025,6.1305,-12.79082234,1.70015,101.5784334,5.926,2.033824285,0.521617089,0.200176633,0.43593359,0.271477439,3.638106368
11,1.75,413.4126075,0.560120926,6.213,-12.47608022,1.581708804,101.582247,5.976,2.0786256895,0.550091903,0.211564357,0.45580115,0.278388218,3.689292117
11,2.25,413.32458645,0.5423006325,6.0316,-12.02430746,1.4791222715,101.5750934,5.564,1.9781309865,0.527009147,0.205410366,0.443242197,0.262868789,3.57784936
11,2.75,413.4313295,0.604015781,6.1257183915,-12.203378995,1.5101,101.5621015,5.559,2.0086962105,0.497874066,0.1930255415,0.4262256975,0.2576714535,3.580395381
11,3.25,413.3288993,0.59848279,6.227897971,-12.8988,1.2377,101.554678,5.3,1.8239953825,0.499176746,0.184824818,0.417892009,0.262106848,3.5664
11,3.75,413.3584407,0.564085718,6.14065,-10.040953025,1.2513,101.55596945,5.3,1.707131872,0.48856998,0.1693938915,0.431981827,0.24606828,3.4865146375
11,4.25,413.93123635,0.595250833,6.100264788,-10.76,1.141075585,101.567289,5,1.598984692,0.5259880175,0.18827663,0.427312994,0.2656916105,3.6336443
11,4.75,414.72954135,0.5725071925,6.043435338,-9.4783502045,1.292093997,101.5763155,5.0875,1.6303,0.510205594,0.1929755675,0.4441076,0.2597112175,3.5197093545
11,5.25,414.90153025,0.5921762055,5.99722,-9.703299289,0.804939309,101.5731638,4.815,1.692845172,0.505398931,0.172193514,0.430201116,0.240416306,3.477180866
11,5.75,415.71500945,0.5815198475,6.05432,-11.63367393,1.069498006,101.5739536,4.6985,1.663469929,0.4849521035,0.1734359975,0.402070236,0.234307393,3.5578457705
11,6.25,416.3302078,0.609068,5.9742190665,-10.540655965,1.340861313,101.5861192,4.65,1.666955954,0.5014079415,0.181434704,0.424215446,0.224148057,3.426396584
11,6.75,416.0851768,0.5958951215,5.921389366,-10.95524298,1.7898141635,101.6012809,4.7,1.720193521,0.5330154965,0.2117852245,0.4494970745,0.278206465,3.5853615385
11,7.25,415.1787073,0.706132,5.9331024245,-8.7482780775,5.081544996,101.63436165,5.45701475,1.74464,0.5588018155,0.240226178,0.483718371,0.300798375,3.55455
11,7.75,413.9484856,0.742818357,5.9787,-2.358791756,13.8554,101.6404299,5.945,1.9999,0.646585409,0.27928,0.563308737,0.362498276,3.943515455
11,8.25,413.47192215,0.585392074,6.2124788445,5.027812306,22.086,101.6333108,6.2275,2.329358697,0.7683445435,0.3044254345,0.6138269965,0.39921,4.144323044
11,8.75,411.9055132,0.4406035,6.2747,18.89472748,31.15831476,101.6101468,7.2388692,2.5958567225,0.862255317,0.344380254,0.684930742,0.433001815,4.499466974
11,9.25,411.216648,0.2696815555,6.260714811,32.300948335,39.3153,101.6194731,7.792,2.961685997,0.8893567035,0.359245893,0.7770036085,0.469222064,5.012781606
11,9.75,409.7745888,0.13323537,6.3056175805,44.93028908,42.7883,101.5977052,8.55,3.2943399655,0.9428821265,0.370715636,0.8589984585,0.4658997265,5.046104188
11,10.25,408.3891848,0.0325,6.207098413,54.30649433,48.7239,101.5784997,9.038,3.666966103,1.017862217,0.38941,0.87619,0.490887991,5.0896
11,10.75,407.72564485,-0.0697,6.231427787,60.97008794,55.733,101.555029,9.3585,3.961721994,0.994334774,0.376525572,0.98894,0.50489,5.158102238
11,11.25,406.9680118,-0.092,6.142184771,62.2928,53.0902774,101.53212975,9.536,4.214044783,1.030863552,0.38118,0.972087169,0.500462786,5.186925369
11,11.75,406.48,-0.0814,6.30755,67.413269665,60.09661082,101.5088826,9.4,4.3759915585,1.0834486595,0.398356942,1.028558343,0.512150101,5.345720151
11,12.25,405.82161745,-0.156237137,6.339623593,55.324691155,58.8313184,101.4706555,9.8592482,4.439159405,1.070671975,0.40727933,1.031999109,0.520010577,5.230606232
11,12.75,405.9274877,-0.11172,6.353922687,51.35821148,53.61,101.4399763,10.051,4.43331,1.078373478,0.392806332,1.04266965,0.513997081,5.176878283
11,13.25,405.7299602,-0.0745,6.2357106575,40.094855005,49.17770017,101.44,10.2,4.5578526,1.033763397,0.358820754,1.016338404,0.494903208,4.87605986
11,13.75,405.2085275,-0.07245,6.2796,28.294,46.018350725,101.42407345,10.5235,4.682953839,1.000877893,0.367419342,0.968008525,0.474232136,4.902574375
11,14.25,405.41,-0.00202,6.0230112605,15.330971585,41.96170285,101.4073137,10.5,4.76108,0.9530399835,0.344906363,0.958399972,0.461997895,4.872512651
11,14.75,405.25060915,0.102152931,6.202295,4.883393972,31.296540485,101.4222933,10.576,4.622711442,0.922600209,0.349852511,0.814184701,0.433302988,4.758205998
11,15.25,405.19041695,0.188386458,6.160814707,-4.107203291,24.93103812,101.4172399,10.397,4.471223029,0.821253944,0.293883207,0.737318353,0.374027885,4.622363206
11,15.75,405.2896457,0.269905802,6.2282,-10.259352955,14.84566994,101.4374082,10.1219577,4.263993802,0.670182348,0.258165,0.5688144,0.332184274,4.428649818
11,16.25,406.0069139,0.295112823,6.2851850015,-11.65094377,6.7929859175,101.4576162,10.243,4.075308439,0.6471033445,0.2195754655,0.532135795,0.3023188555,3.984817988
11,16.75,406.8286718,0.2993128515,6.4643,-9.24684,3.165223018,101.50524935,10.05908775,3.7981947945,0.570497115,0.196046343,0.466287465,0.274408455,3.79452121
11,17.25,407.3749969,0.341011772,6.4417864445,-9.7836670185,2.781429053,101.50650425,9.8033681,3.498114384,0.5348689645,0.1675007395,0.4256760585,0.2381175255,3.6105924375
11,17.75,407.7337718,0.3613810875,6.352006999,-7.378334468,2.029935581,101.5435292,9.4510239,3.412388635,0.488169009,0.154829663,0.418109824,0.243721152,3.4533
11,18.25,408.5633337,0.392068606,6.258041681,-8.197315298,2.2327410135,101.5185,8.993,3.2746600985,0.5073194935,0.1721613315,0.430804782,0.256708932,3.5659419875
11,18.75,409.21772045,0.4307784955,6.382435097,-9.236328032,2.255884413,101.51851855,8.7645,3.150651821,0.546510534,0.175720052,0.451004984,0.266458252,3.621521789
11,19.25,410.02,0.459367535,6.201290078,-8.622158065,1.934788422,101.52465695,8.236,3.034152461,0.5050251135,0.1786623435,0.4371675005,0.2349420795,3.6834
11,19.75,409.9,0.467826553,6.364656726,-11.99077429,1.7923,101.5191112,7.98772865,2.8911442345,0.525704639,0.17929,0.44645032,0.25845696,3.744356987
11,20.25,410.48,0.495955547,6.243097965,-12.56466625,2.06213,101.5249219,7.496,2.67315148,0.5485341415,0.194260951,0.466636582,0.2745867405,3.891802309
11,20.75,411.16616975,0.508068733,6.1374894145,-11.807167395,1.797923904,101.5316358,7.069,2.7082059895,0.5453779685,0.190077707,0.449670053,0.25383,3.6774526965
11,21.25,412.449462,0.519866,6.229479089,-13.211,2.024516612,101.5488674,6.9348783,2.727536029,0.52394,0.185998,0.44321,0.253179778,3.70458085
11,21.75,412.6179979,0.517015,6.282544777,-13.33628882,1.593198337,101.58407745,6.7995,2.637515429,0.524126392,0.188796,0.44235254,0.243104916,3.726959192
11,22.25,412.99982525,0.474816042,6.126611035,-12.01216462,1.825,101.5825238,6.4396117,2.5149427765,0.5216747705,0.190513979,0.4366391105,0.264669184,3.5696022225
11,22.75,412.3764547,0.6111377565,6.112005851,-13.07251477,1.8579,101.589656,6.381,2.417182516,0.531124319,0.192228839,0.421835136,0.265329381,3.7464545115
11,23.25,412.91482835,0.5302226355,6.170178785,-12.45291047,2.013655103,101.55835995,6.0119615,2.337157402,0.531914994,0.2072941985,0.443177744,0.274767273,3.6902551905
11,23.75,413.7065956,0.54293,6.1157640055,-13.69608667,2.14557952,101.5530752,6.2,2.556766689,0.5396471995,0.2151777585,0.4570937105,0.2830101145,3.6213
12,0.25,414.9390888,0.397982772,5.047266175,-12.04244812,3.0025580005,101.5841701,3.1075,1.552216288,0.564740856,0.214385896,0.459782442,0.298496231,3.678033123
12,0.75,414.1738788,0.394181752,5.056642866,-14.263402265,2.584757447,101.63634135,3.2,1.523089403,0.600607085,0.223641699,0.516461914,0.30757113,3.716062521
12,1.25,414.2953085,0.321911234,5.078173554,-12.44570899,1.8453325975,101.6696167,3.2,1.481612783,0.577343012,0.224433585,0.493095791,0.31591138,3.821251414
12,1.75,414.6044258,0.376236097,5.080577614,-11.360994115,1.7131905575,101.71432875,3.09365335,1.4294829,0.559482194,0.196708477,0.479369377,0.296647939,3.713559326
12,2.25,415.01081705,0.3208587535,5.1059740275,-11.53561965,2.1553471715,101.7373786,2.8639579,1.297845004,0.569396188,0.2143289785,0.480350492,0.2972346015,3.739105144
12,2.75,413.981202,0.3466072715,5.017857854,-12.18108009,2.1703414135,101.7646669,2.9,1.310727368,0.546432969,0.2045938305,0.480949779,0.303231676,3.7660444695
12,3.25,413.885328,0.345114,4.94356,-11.4245485,1.889277554,101.76336875,2.748,1.33721,0.529974484,0.187387559,0.478451519,0.283019434,3.69727648
12,3.75,414.1983348,0.365788441,4.9149422895,-10.4847378,2.026652684,101.74884045,2.7,1.314191389,0.5431192145,0.1903340265,0.4641754145,0.2685128175,3.717206773
12,4.25,414.1778106,0.382961399,4.868835336,-10.72048839,2.1796054395,101.726203,2.3,1.3088112875,0.5332577385,0.1919284155,0.4472352705,0.2681230125,3.7165417965
12,4.75,414.2206434,0.3499251075,4.8456841745,-12.175169675,1.5542,101.7317453,2.2636246,1.251556138,0.510011112,0.192962294,0.418180758,0.2658006605,3.6708611185
12,5.25,414.596,0.34324557,4.800431391,-10.68433715,1.836530539,101.7660884,2.1542243,1.2659586115,0.513075043,0.189579665,0.439825479,0.260576284,3.56625
12,5.75,414.6856484,0.357141557,4.97368,-10.87310912,1.272608151,101.731482,2.1915,1.25873,0.529953339,0.19004,0.443713476,0.27513633,3.681394213
12,6.25,415.6171637,0.355164495,4.997561967,-9.814873444,1.317212584,101.7536078,2.25,1.2722681415,0.547209284,0.195451636,0.481477117,0.267394839,3.759499788
12,6.75,415.8705369,0.35838,4.939110879,-12.01536473,1.461432842,101.73304575,2.1,1.189545879,0.562624209,0.21387455,0.486974528,0.292574777,3.577807085
12,7.25,416.3284572,0.342481293,4.974221246,-9.447929933,1.909835944,101.7486924,2.0613924,1.1649051345,0.547258167,0.205806316,0.486331217,0.280356915,3.710640947
12,7.75,416.8948433,0.418335523,5.051377305,-8.08792,2.480675512,101.76856745,2.1768571,1.1788316985,0.579547788,0.240684049,0.503928147,0.32044426,3.770355706
12,8.25,416.38306175,0.4602373485,5.0612685405,-3.189806003,7.075728868,101.7578582,2.55,1.314099983,0.649908835,0.2626489825,0.565324417,0.351993695,3.9594075545
12,8.75,416.1696571,0.3744099345,5.044176809,3.561829585,14.42502421,101.76435895,2.6,1.4603872045,0.716046145,0.294720264,0.614919152,0.39815628,4.239489248
12,9.25,415.40084405,0.3233350765,5.050922465,10.29594724,19.24303723,101.8140761,3.13133505,1.694485096,0.774557589,0.305286386,0.676121832,0.425196168,4.379028773
12,9.75,413.7813935,0.202559445,5.07516,21.12146755,25.54658507,101.77423955,3.5755,1.9100164075,0.851829208,0.340032826,0.752086472,0.464854674,4.599527307
12,10.25,412.4950092,0.207079669,5.15421,24.20710231,32.90773661,101.75058685,3.912,2.200795537,0.897850533,0.372457,0.855457772,0.48750324,4.966259851
12,10.75,411.2278102,0.0982,5.082952304,23.68674447,35.04277926,101.6937152,4.01587575,2.3556936705,0.9617448315,0.3531493235,0.8909322465,0.4874527255,5.1443586455
12,11.25,410.4873128,0.0015,5.0902738465,27.50505351,35.1147332,101.6858689,4.3,2.6092947055,0.9151871395,0.3534395365,0.902232131,0.495766064,5.16620684
12,11.75,409.77633285,-0.05505,4.963952757,24.8455139,38.793951865,101.64166125,4.7,2.6751252865,0.954843531,0.360018959,0.87754574,0.493391325,5.260932998
12,12.25,409.87,-0.0594,4.945342586,29.71865746,37.29883158,101.602785,4.9,2.801646954,0.97090711,0.363583163,0.926016014,0.483962808,5.008910175
12,12.75,410.27,-0.061,4.985373149,24.93359153,40.15905387,101.5946335,5.0854595,2.9014803375,0.968006922,0.358602472,0.900271412,0.482092822,5.16989
12,13.25,409.48,-0.0712,5.142699105,18.893309615,39.58751737,101.5761228,5.075409,2.991294302,0.941776598,0.362876,0.900107771,0.48551852,5.039297741
12,13.75,409.1634454,-0.0314,5.268026412,12.179210665,34.93084003,101.5406163,5.2,3.097710343,0.9712735785,0.339395666,0.8719249715,0.4645090995,4.996710169
12,14.25,409.34838165,0.000415,5.162461929,7.331824098,30.3254,101.5476333,5.6,3.160633496,0.945839028,0.341193668,0.857677095,0.452773899,4.897693811
12,14.75,409.4888104,0.0639,5.103913831,-2.063224472,21.08539722,101.5503834,5.5784126,3.194613585,0.939159229,0.316604,0.805707309,0.423629012,4.713285226
12,15.25,409.225433,0.0868,5.136483349,-6.430941098,14.411763485,101.54940915,5.4,3.17627,0.82335038,0.270237064,0.678359633,0.386385915,4.324343333
12,15.75,409.0066411,0.137366559,5.1654524735,-11.070352055,9.174483793,101.566,5.6,3.0022374895,0.7694408225,0.2693255145,0.6326194375,0.364658382,4.240355
12,16.25,409.78,0.12493007,5.051131045,-10.31357462,4.557653014,101.6217447,5.4,2.809397823,0.657982722,0.21923745,0.51498932,0.314006369,3.948165942
12,16.75,410.269545,0.180300409,5.1940566005,-9.99623522,2.4567037995,101.62592875,5.25,2.575803104,0.6070248835,0.1956056445,0.520652496,0.2813125025,3.696221011
12,17.25,410.9044823,0.221817,5.162226303,-10.83108941,2.811795946,101.6092256,4.8,2.463238568,0.577958964,0.196404623,0.489769446,0.275862284,3.72921
12,17.75,411.2599005,0.248063041,5.104146597,-11.022381425,3.15772,101.6141123,4.3,2.343600424,0.558839421,0.197540012,0.492892719,0.284780617,3.6029822
12,18.25,411.5961874,0.27327,5.133953709,-11.745440575,2.76975022,101.6531473,4.1405262,2.269298447,0.5820356255,0.1973299415,0.4720808215,0.273770003,4.0172
12,18.75,412.47,0.2783358985,5.118647013,-12.0931315,3.1886506565,101.66914325,4.199,2.14251,0.58000288,0.218822599,0.464800825,0.287402157,3.711170972
12,19.25,413.351793,0.291822549,5.09767492,-12.83338129,2.952916997,101.72373375,4.2295,2.060959995,0.557931645,0.208815,0.46626834,0.287923601,3.806205762
12,19.75,413.8545761,0.3571117845,5.1079218485,-12.793505,2.708277062,101.7293927,4.0355,1.9276389995,0.5646807765,0.2091121335,0.508305599,0.2928984125,3.901540305
12,20.25,413.9181574,0.329370898,5.131742065,-13.80188145,2.440842761,101.72591,3.818,1.887830049,0.576994124,0.210658672,0.465144713,0.304959014,3.936130135
12,20.75,413.6765171,0.365688739,5.162689379,-13.285726415,2.077914846,101.71817815,3.744,1.841902531,0.5801437095,0.2152192505,0.4852258735,0.301807714,3.8709672015
12,21.25,414.28247795,0.3665856195,5.1545990835,-14.247970645,2.310820551,101.7389685,3.9791377,1.79022608,0.5941176775,0.216601714,0.4843551695,0.303066291,3.971434755
12,21.75,414.3890598,0.391403125,5.127697928,-12.1035771,2.47117063,101.7684184,3.6,1.765728404,0.587605813,0.217009652,0.497131728,0.295127091,4.02501118
12,22.25,414.2084844,0.331271885,4.99319333,-13.404828095,2.28035491,101.7852281,3.0540161,1.732870149,0.571090253,0.218138102,0.469913739,0.2937673835,3.7873212075
12,22.75,414.3420752,0.349288729,5.035825369,-14.26506564,2.294703814,101.7288392,3.0565,1.710651784,0.572524785,0.215262945,0.459125255,0.296310648,3.8794
12,23.25,414.655,0.391896102,5.1166717235,-12.956731425,2.049568581,101.6732115,3.0711625,1.6855829585,0.5357971715,0.2224764345,0.4818969085,0.294787864,3.91903924
12,23.75,414.4076731,0.414947351,5.047316742,-13.577972205,2.477165157,101.64313515,2.9684746,1.7417706435,0.582099174,0.219803434,0.492730094,0.309192497,3.877097187
