DOY2,HR2,FC_1_1_1,LE_1_1_1,H_1_1_1,SW_IN_1_1_1,VPD_1_1_A,RH_1_1_A,TA_1_1_A,USTAR_1_1_1,CO2_1_1_1,H2O_1_1_A,WS_1_1_1,PA,LW_IN_1_1_1,RH_1_1_1,VPD_1_1_1,H2O_1_1_1,TA_1_1_1
1,0.25,-0.514,10.7073,5.086332,-1.799999,0.610405,80.01697,-5.265,0.24826705,354.2375,2.126522,3.2644575,97.63161,265.31495,77.92667,0.5836427,2.738221,-2.008667
1,0.75,-0.6084,8.73746,14.35846,-1.799999,0.5713553,80.033335,-5.2745665,0.2372208,354.00755,2.122417,2.995982,97.62343,263.9533,78.46899,0.5551744,2.78876,-2.102
1,1.25,-0.549,9.124535,17.21549,-1.799999,0.57592695,80.62284,-5.329685,0.2346014,354.7348,2.1182625,2.9882115,97.640475,265.1216,77.91584,0.5361209,2.5424,-2.9973815
1,1.75,-0.6323,13.66006,14.595725,-1.7799995,0.5581615,80.905,-5.56718,0.236393,354.387,2.102432,2.910705,97.65628,266.19,78.871175,0.51951845,2.537869,-2.9388935
1,2.25,-0.7156,8.708661,11.157105,-1.7716665,0.5529759,80.76633,-5.419824,0.24890965,354.56675,2.104331,2.968825,97.68074,269.7617,75.12199,0.5529759,2.334609,-3.620437
1,2.75,-0.7628,9.616506,2.200111,-1.763333,0.5470829,80.99339,-5.392757,0.219862,354.9523,2.13349,2.658166,97.676585,267.97835,77.644,0.552253,2.349797,-3.721444
1,3.25,-1.1304,8.80595,5.84584125,-1.798333,0.5449233,81.65877,-5.4506665,0.2304182,355.017,2.128263,2.33483,97.66687,267.21,75.955,0.5921764,2.360499,-3.847238
1,3.75,-1.498,7.995394,9.4915715,-1.799999,0.5188907,82.30758,-5.6295815,0.23205335,355.9873,2.113103,2.3547955,97.663815,267.2134,74.51665,0.568825,1.733401,-6.313334
1,4.25,-0.58455,8.935144,15.99065,-1.799999,0.51312405,82.697905,-5.5673515,0.2462204,356.85,2.091053,2.8189535,97.66963,263.9133,75.509835,0.5548018,1.8689805,-6.1613325
1,4.75,-0.7146,9.598931,7.3596185,-1.799999,0.5043207,83.106675,-5.602469,0.2445233,357.5949,2.107065,2.617005,97.67893,263.85335,75.775165,0.56585965,1.88334,-6.1833335
1,5.25,-0.51845,9.783858,12.02589,-1.7766665,0.4855772,82.948895,-5.7033105,0.23120085,359.2238,2.127032,2.4618355,97.679425,267.39,76.54283,0.56422135,1.8677865,-6.340167
1,5.75,-0.5076,4.58277,4.623592,-1.781666,0.47650875,83.00881,-5.877288,0.2595595,358.698,2.1447035,2.4938135,97.68787,270.89,77.13166,0.5492598,1.915961,-6.447999
1,6.25,-0.49675,5.7772855,5.154182,-1.66,0.469624,83.49158,-5.8571955,0.2312113,358.65445,2.0744995,2.1826255,97.702965,272.2483,78.07,0.54780685,1.9839205,-6.512666
1,6.75,-0.499575,4.57669875,10.85476,-1.6,0.4646801,82.9375,-5.869277,0.2178746,358.0622,2.0665845,2.538594,97.713325,270.2067,78.00016,0.5690132,1.976851,-6.3255
1,7.25,-0.5024,3.376112,11.3144285,-0.24500005,0.4627211,82.645235,-6.09173,0.22411585,358.0218,2.050434,2.746271,97.718895,270.22,75.62767,0.5348907,1.795453,-7.071666
1,7.75,-0.56575,9.046935,12.30273,11.75167,0.4675583,82.30012,-6.106598,0.2312257,357.9187,2.042964,2.411802,97.71602,272.5866,75.64617,0.5596325,1.815182,-6.821001
1,8.25,-0.6291,7.6282575,9.852652,39.08,0.50035335,81.486345,-6.045167,0.2598328,358.5319,2.068203,2.431649,97.70843,272.32,75.50133,0.5502842,1.747274,-7.088667
1,8.75,-1.0629,15.33409,12.64258,74.708325,0.5192812,80.65123,-5.867589,0.3137891,360.02835,2.121851,2.822292,97.717595,273.5767,75.78234,0.5951937,2.1609125,-6.647667
1,9.25,-1.54155,20.25872,26.73042,111.48335,0.5575457,79.99592,-5.773334,0.3071489,360.82835,2.2049495,3.0057165,97.725605,270.4967,79.78488,0.5704152,2.355726,-4.9025325
1,9.75,-1.22415,22.021325,20.516965,157.6183,0.5888812,78.8167,-5.46099,0.2775278,359.4875,2.239101,3.187998,97.723255,270.6967,79.79365,0.5759348,2.434128,-4.7656165
1,10.25,-1.3367,30.397725,25.941685,188.61335,0.6485333,77.24788,-4.9149885,0.2735935,359.81555,2.2569375,3.065181,97.76055,269.6767,79.34386,0.5909289,2.469604,-4.31715
1,10.75,-0.99605,28.65205,19.88753,221.905,0.71687605,76.50559,-4.550667,0.2603883,359.23305,2.280674,2.960884,97.749845,269.1534,77.7489,0.6556101,2.4515435,-4.305
1,11.25,-0.9576,26.84344,15.12202,241.35335,0.7845978,74.63125,-4.517756,0.2754126,359.183,2.300074,2.9015145,97.723095,268.6167,77.33253,0.7553952,2.517176,-3.776947
1,11.75,-1.0371,26.288785,13.30656,255.115,0.8519871,73.846975,-4.100742,0.2759735,360.07875,2.2708895,3.1552875,97.690255,271.9183,75.95068,0.8410367,2.518202,-3.786333
1,12.25,-1.2901,29.08972,15.365545,260.95165,0.90709135,72.87676,-4.051,0.290965,360.6655,2.2601085,3.0992435,97.639875,271.04,74.19901,0.8987021,2.471379,-3.527333
1,12.75,-1.0949,30.57001,15.6412,257.46505,0.9364954,72.12686,-3.749334,0.2764002,359.6239,2.2676455,3.312044,97.643,271.2,73.340835,0.9225771,2.476569,-3.4914135
1,13.25,-0.7423,29.060705,16.071025,241.395,0.9689593,71.785035,-3.71335,0.2955138,360.9675,2.300765,3.37689,97.60506,271.0166,71.80216,0.96321895,2.4736455,-3.5816445
1,13.75,-0.86425,32.637625,12.29365,198.68335,1.019928,71.17328,-3.73896,0.289137,362.032,2.322731,3.316782,97.590605,269.24495,72.09934,1.0204125,2.4707645,-3.496375
1,14.25,-0.6389,31.512215,16.38739,165.00835,1.092909,70.11201,-3.57,0.2711368,361.7773,2.341033,3.6263305,97.587615,271.06835,70.086025,1.0557595,2.435891,-3.739667
1,14.75,-0.7693,27.508595,11.22226,129.6267,1.152942,69.8847,-3.551257,0.2574842,362.3274,2.3633565,3.463955,97.59555,274.4367,69.75301,1.12252,2.452106,-3.590667
1,15.25,-0.86795,28.450485,12.46061,86.35667,1.1496235,69.17001,-3.52209,0.2703703,362.1519,2.3053655,3.593896,97.606075,275.36,69.021645,1.170975,2.410077,-3.544833
1,15.75,-0.7126,25.52634,6.938798,55.18666,1.1605745,69.98786,-3.4261785,0.2481591,361.69355,2.2746965,3.36672,97.63216,275.20665,69.18153,1.2146505,2.2214345,-3.641667
1,16.25,-0.6981,24.55815,12.24237,21.01,1.087661,70.5806,-3.528207,0.26241475,362.11265,2.285802,3.409069,97.64217,275.93665,67.58034,1.163212,2.254058,-3.801721
1,16.75,-0.2692,24.41072,6.81304,2.2066665,1.023455,70.96716,-3.6618855,0.2556713,363.5796,2.2943655,3.2099675,97.65687,274.81,66.96759,1.116636,2.252235,-3.747667
1,17.25,-0.53285,17.453915,4.993536,-1.466667,0.9758453,72.77065,-3.66,0.2482919,362.2319,2.2610495,3.037606,97.667295,275.11505,66.59984,1.013648,2.26267,-3.951008
1,17.75,-0.3153,18.80608,3.195932,-1.8233335,0.9279895,74.3972,-3.807889,0.2485564,357.579,2.261154,2.788513,97.67621,272.18165,69.77666,0.934714,2.261154,-3.987667
1,18.25,-0.315,15.04942,4.316066,-1.799999,0.8640261,75.66954,-3.910731,0.2434578,357.12825,2.272085,2.7998975,97.6831,271.94665,71.49586,0.8132852,2.543187,-2.783448
1,18.75,-0.3147,10.6988,2.955383,-1.8083325,0.83775795,76.20922,-4.0657345,0.2198335,356.7338,2.2533805,2.9339515,97.673645,272.10835,73.54633,0.7877859,2.566424,-2.346386
1,19.25,-0.43035,16.41715,1.624317,-1.799999,0.8005831,76.63833,-4.0820105,0.2270829,356.39745,2.2367905,3.047413,97.692105,270.555,75.14168,0.7232468,2.575549,-2.293667
1,19.75,-0.4482,13.3109,7.9674335,-1.799999,0.7672243,77.57085,-4.1060485,0.2489333,356.4078,2.235543,3.07189,97.694165,268.76165,75.994,0.7430028,2.589251,-2.542
1,20.25,-0.49495,14.43158,9.728806,-1.821666,0.7426194,78.548585,-4.068945,0.261153,356.1771,2.2174635,3.2269825,97.69662,270.37835,77.05634,0.692493,2.599718,-2.160667
1,20.75,-0.65879995,11.42235,1.3806795,-1.799999,0.7264524,79.05528,-4.213481,0.2734283,355.4624,2.183622,3.3185315,97.693255,269.0017,76.24033,0.70311515,2.4937025,-2.0016665
1,21.25,-0.7176,15.786355,7.5703475,-1.799999,0.7174065,79.370255,-4.3126665,0.2910102,355.8529,2.1822875,3.088904,97.684875,270.295,78.4919,0.72786625,2.4868805,-2.053667
1,21.75,-0.7619,14.91394,5.785051,-1.799999,0.69842,79.52017,-4.273821,0.26202415,354.9627,2.165373,3.2227045,97.666885,270.155,79.44833,0.7108829,2.597573,-2.010333
1,22.25,-0.7631,13.34932,13.47038,-1.799999,0.6834245,79.5625,-4.2246655,0.2815894,354.7819,2.15456,3.108934,97.665925,267.6167,79.99634,0.66700385,2.5241965,-2.3166665
1,22.75,-0.5702,9.170541,5.112795,-1.799999,0.6721808,79.699395,-4.531997,0.2871816,354.67385,2.1435965,3.289361,97.66083,268.4333,79.00633,0.6896853,2.559551,-2.206
1,23.25,-0.592,11.53803,6.581751,-1.799999,0.6348543,79.26075,-4.71539,0.2596093,354.2648,2.1224175,3.0499495,97.64064,266.45495,75.83801,0.6803408,2.680984,-1.927667
1,23.75,-0.88255,10.75473,8.5915855,-1.799999,0.6651564,79.5264,-4.889675,0.27214815,354.105,2.127794,3.327844,97.64788,266.28835,77.78467,0.65613425,2.5906275,-1.8295
2,0.25,-0.1133,13.94069,-14.38286,-2.2183335,1.017253,72.46432,-4.310123,0.2500724,366.92905,2.12851,2.710008,97.72844,253.9217,64.863,1.8839695,2.67455,0.6310635
2,0.75,0.1676,6.6153655,-3.288361,-2.1816675,0.9960543,73.04283,-4.383562,0.2578369,366.9774,2.136881,2.6273865,97.72781,253.02505,66.66217,1.829918,2.6569995,0.7316667
2,1.25,-0.0433,11.1377915,-7.4604685,-2.201667,0.9746854,74.41364,-4.47161,0.2883008,366.15175,2.103173,2.753405,97.73376,251.6767,64.58967,2.060423,2.678092,0.7559454
2,1.75,-0.17005,6.7186105,-7.30126,-2.2233335,0.9897521,75.46832,-4.703333,0.28101185,364.6907,2.017401,3.0576595,97.74632,250.33335,66.17966,1.615727,2.686046,0.7903334
2,2.25,0.0032,6.357916,-6.090535,-2.1383335,0.9590919,76.34599,-4.73836,0.28489985,364.2836,2.047836,2.833517,97.75851,253.51335,65.98917,1.9299215,2.6647145,0.82399995
2,2.75,0.1412,2.002496,-5.771937,-2.1916665,0.9376748,76.53333,-4.882664,0.2965528,364.0412,2.016053,2.618996,97.75913,244.90165,66.26568,1.945271,2.620141,0.641
2,3.25,0.0196,1.5246449,-9.5541215,-2.213334,0.911725,76.73333,-5.04189,0.26976235,364.5648,1.98261,2.686826,97.76167,246.98835,65.64716,1.7999355,2.62194,0.75890025
2,3.75,0.1034,2.561353,-6.910255,-2.128333,0.8787076,76.83334,-5.173333,0.2559642,367.6421,1.975928,2.698891,97.76797,246.8117,66.015665,1.76891,2.6452395,0.8272307
2,4.25,0.08045,3.071086,-6.379345,-2.085,0.8605856,77.45652,-5.353333,0.2245982,367.8551,1.961101,2.7117325,97.75185,245.74835,65.906165,1.7721915,2.7025645,1.157204
2,4.75,0.1272,6.436899,-11.1627,-2.046667,0.8029767,77.6167,-5.519333,0.2151656,370.7404,2.018593,2.722648,97.76034,245.10835,67.35133,1.531788,2.802922,1.486333
2,5.25,-0.00155,6.686693,-7.739752,-2.1266665,0.7789874,78.06667,-5.663333,0.2263549,368.42355,1.973519,2.504259,97.7487,243.845,67.54032,1.469103,2.771953,1.299
2,5.75,0.02605,4.5471065,-6.780255,-2.041667,0.7600408,78.50032,-5.709105,0.2351579,371.7531,1.958952,2.642012,97.72891,243.47335,68.744495,1.379568,2.787854,0.76160975
2,6.25,0.05575,6.371069,-6.943401,-1.958333,0.7374468,79.04001,-5.76302,0.2349005,373.42,1.9541715,2.673981,97.702045,243.865,70.70467,1.272056,2.872931,-0.115
2,6.75,0.128725,9.262083,-6.2525,-0.445,0.7161062,79.53083,-5.76135,0.1948658,374.1093,1.994585,2.970101,97.708105,244.5917,74.227665,1.1414935,2.787909,-0.8399999
2,7.25,0.2017,4.490313,-5.592704,13.416665,0.74985305,79.366845,-5.6487945,0.1958233,374.4189,1.956214,3.0019405,97.72943,244.96335,75.922665,0.9503451,2.325996,-2.3675455
2,7.75,0.1657,2.0370903,-7.0872815,52.65833,0.7536817,78.13019,-5.8135,0.2048279,375.2583,1.984807,2.734249,97.740065,244.43165,76.73513,0.8811247,2.2683335,-3.183341
2,8.25,-0.05245,8.162474,-3.501748,115.51665,0.7968373,77.5361,-5.29813,0.2109916,375.09685,2.016984,2.714549,97.76056,247.445,76.65501,0.8322456,1.958261,-5.176667
2,8.75,-0.4329,12.05944,-2.836578,180.26665,0.85866475,75.0132,-5.1519185,0.23263615,371.3477,2.056984,3.390916,97.75245,246.5267,74.99307,0.854152,2.071049,-4.965769
2,9.25,-0.4324,7.655551,-3.001024,261.5583,0.9167174,73.34139,-4.820333,0.223458,372.38675,2.0787885,2.9954,97.74854,246.2,73.34139,0.881465,2.0571245,-4.914827
2,9.75,-0.56085,15.22199,1.816615,318.74665,0.9980206,71.59166,-4.538427,0.2445355,371.9631,2.074246,3.230381,97.769115,249.24335,71.65551,0.9515568,2.0360475,-4.54455
2,10.25,-0.47635,15.88311,0.19338535,368.95505,1.138213,69.89736,-4.094048,0.2529405,371.2485,2.1761395,3.261009,97.76898,246.51835,68.457805,0.97312845,2.0550245,-4.1352235
2,10.75,-0.5883,16.08022,6.6958205,412.8267,1.264467,68.275795,-3.483,0.2493548,371.4091,2.202206,3.615474,97.788325,248.59835,67.04566,1.075838,2.19972,-3.499333
2,11.25,-0.4882,20.75601,7.210026,443.265,1.403131,66.28433,-2.998,0.2388839,371.2901,2.174613,3.351351,97.79386,249.4967,64.29127,1.263359,2.0955455,-2.92335
2,11.75,-0.4703,19.57508,9.8238125,477.83665,1.493708,64.72739,-2.3747125,0.26237725,371.2752,2.1492735,3.405252,97.747305,250.04,62.833755,1.405198,2.124046,-2.5928335
2,12.25,-0.6426,22.94431,6.096557,490.31835,1.6968105,63.199345,-2.0835675,0.28317175,371.07745,2.128676,3.442602,97.71827,250.31665,60.81226,1.4576545,2.108252,-2.2706025
2,12.75,-0.5815,18.31528,4.188605,477.61165,1.8192455,61.929505,-1.8377515,0.2816274,371.2044,2.148929,3.4961515,97.681745,251.17,60.096,1.570971,2.126899,-1.893333
2,13.25,-0.4795,18.994345,2.1987735,466.145,1.954887,60.83077,-1.574666,0.2717639,371.2925,2.170855,3.482653,97.68549,252.92,58.60849,1.694775,2.1185,-1.5621665
2,13.75,-0.59405,17.31815,-1.489478,439.77835,2.013775,59.72478,-1.436,0.2814608,371.38115,2.234022,3.45227,97.634315,251.41335,58.247445,1.8005455,2.156946,-1.5978165
2,14.25,-0.57025,22.35028,-0.36662445,367.38,2.1313015,59.75259,-1.4251065,0.27958095,371.7437,2.214696,3.3720995,97.635995,253.50335,57.873005,1.929791,2.1642825,-1.5083335
2,14.75,-0.4335,19.54671,-7.001394,318.26505,2.188748,59.41733,-1.14433,0.2676135,371.6143,2.183053,3.40609,97.625565,253.88,56.49558,2.08688,2.1350885,-1.204041
2,15.25,-0.41685,15.65561,-5.6461075,258.1267,2.21577,59.24232,-1.100243,0.2696866,371.1629,2.1985195,3.4382535,97.63406,253.7,54.84193,2.1080595,2.120167,-0.94071585
2,15.75,-0.2422,13.34373,-6.7369125,180.7834,2.197995,56.72083,-1.123725,0.2687325,371.9455,2.187924,3.510955,97.603755,253.29335,55.008,2.160426,2.111787,-0.6253332
2,16.25,-0.1382,12.42866,-8.941325,108.57,2.153627,57.552355,-1.261177,0.26794735,370.9457,2.1962925,3.254557,97.595215,254.25,54.82,2.112139,2.124496,-0.5966666
2,16.75,-0.0399,5.486504,-3.528549,47.235,2.040811,58.933855,-1.300478,0.2515287,371.85125,2.2161765,3.044714,97.60677,252.5917,55.82944,2.075534,2.021568,-0.5393333
2,17.25,0.0696,9.3903035,-5.980099,9.583333,1.9119455,59.80773,-1.6332925,0.2496001,372.35715,2.257864,2.789802,97.618695,253.01835,57.06317,1.961771,2.027293,-0.9753557
2,17.75,0.02515,17.57754,-8.7265305,-1.338333,1.7711565,61.905,-1.822083,0.2875355,372.5304,2.2695575,2.708185,97.64257,255.31835,57.89643,2.173567,2.51577,0.07613134
2,18.25,-0.0193,15.18952,-10.76724,-2.416667,1.6848975,63.68835,-2.13005,0.2291162,364.81295,2.267326,2.753446,97.651,257.3233,54.17173,2.655786,2.859773,2.054483
2,18.75,0.1264,15.20729,-7.3469325,-2.400001,1.6251715,65.30302,-2.1461785,0.2374148,365.49455,2.255466,2.7722825,97.67605,253.2166,55.77166,2.527686,2.868923,1.919649
2,19.25,0.11995,9.219061,-5.2067675,-2.400001,1.521019,66.071445,-2.2439315,0.24589655,365.6138,2.1990095,2.686234,97.68161,253.3967,58.09665,2.4134565,2.8600775,1.796
2,19.75,0.21315,5.699519,-8.512366,-2.393334,1.4965505,66.82082,-2.4335,0.246974,365.1337,2.212061,2.936909,97.67003,258.5867,60.02132,2.238391,2.871852,1.565666
2,20.25,0.2007,8.794046,-12.76006,-2.378333,1.3534235,67.196605,-2.5533425,0.270872,365.8306,2.253271,2.986652,97.64949,256.1267,62.50714,2.0014665,2.781065,0.93083335
2,20.75,0.2142,11.96114,-9.3551635,-2.398334,1.299688,67.730805,-2.631171,0.2496039,369.5872,2.197066,3.322698,97.674725,254.8733,63.11166,1.783786,2.76342,0.7589998
2,21.25,0.2217,15.685145,-17.12625,-2.400001,1.2227495,69.360195,-2.8122435,0.2389167,369.8572,2.2030365,3.158562,97.69889,256.19,63.696615,1.7444795,2.83843,0.7655
2,21.75,-0.0516,16.88215,-1.7305855,-2.243333,1.188811,69.827515,-3.044098,0.239544,366.5,2.2204795,2.957009,97.72802,254.79,66.059845,1.621882,2.833906,0.48983335
2,22.25,-0.03635,11.213095,-14.061395,-2.291666,1.155069,70.238715,-3.3246455,0.2766429,367.3629,2.212615,2.5712,97.738815,253.3,67.91301,1.6402795,2.835982,0.3997575
2,22.75,0.1042,11.1432,-11.058895,-2.3900005,1.1152975,70.103165,-3.5983505,0.2642989,368.64235,2.1947595,2.8591155,97.728385,253.3567,67.29617,1.558661,2.848031,0.709
2,23.25,-0.1785,16.60413,-5.82558,-2.235,1.081263,70.318995,-3.9106435,0.2566932,369.6098,2.164588,2.703255,97.73468,252.7567,66.59067,1.521221,2.80039,0.532
2,23.75,0.0396,11.69018,-3.5553065,-2.2566665,1.107559,71.697055,-4.255603,0.28022115,366.78365,2.1711865,2.7608635,97.732155,251.5633,65.52701,1.686131,2.750117,0.5630001
3,0.25,-0.2793,57.21475,-2.301006,-2.4233335,1.8216345,71.89634,1.6529075,0.21583855,372.4166,3.1324585,3.708326,97.75353,272.1433,63.59917,2.0389275,2.646613,0.8218271
3,0.75,-0.3362,28.67482,-3.455364,-2.4133335,1.7690825,72.615665,1.358784,0.2239177,373.2405,3.0952355,3.3861215,97.74846,273.48835,65.207,1.9169975,2.647871,0.9129198
3,1.25,-0.21255,22.85598,-1.084541,-2.400001,1.7115065,73.4751,1.2591655,0.2113281,372.95895,3.087179,3.7689415,97.72086,274.91665,65.94034,1.879532,2.615393,0.8630002
3,1.75,-0.0388,32.8089,-1.457634,-2.400001,1.7007805,74.00254,0.9183333,0.2181066,372.4813,3.133611,3.8327165,97.71822,270.03835,64.20834,1.861865,2.612949,0.6610764
3,2.25,-0.4166,39.31645,-0.8828509,-2.380001,1.6418775,74.82408,0.8661666,0.2021642,371.54755,3.155867,3.6037185,97.70782,272.52665,64.81367,1.939838,2.51325,0.5416667
3,2.75,-0.4981,34.94731,-0.478534,-2.326667,1.5989355,76.273495,0.5809698,0.1970966,372.1598,3.1113085,3.6166385,97.70714,270.83335,65.67667,1.983074,2.491554,0.7320001
3,3.25,-0.4021,24.87526,-3.738603,-2.3116665,1.5567025,75.76569,0.51546165,0.1962308,371.7935,3.1011245,3.778533,97.6949,272.495,66.04933,1.930289,2.507767,0.8816665
3,3.75,-0.47725,19.138815,-2.618817,-2.28,1.4716235,76.48977,0.28156735,0.2048069,371.0385,3.1098405,4.089764,97.69891,277.295,65.29036,1.815633,2.52906,0.8086667
3,4.25,-0.1254,25.092935,-2.7480725,-2.2599995,1.468846,76.845135,0.1756965,0.2127329,372.012,3.101682,4.23384,97.7032,274.08335,63.78926,1.797901,2.486832,0.8738863
3,4.75,-0.4142,21.86205,1.97591705,-2.2266665,1.420723,77.03461,0.107200965,0.1895765,371.4756,3.062177,3.891355,97.69341,270.5567,64.740165,1.8523695,2.501143,0.8325
3,5.25,-0.2383,17.21213,-1.94078,-2.2983325,1.3811545,77.518425,0.24859635,0.1945369,371.6761,3.082242,3.6041455,97.71304,271.57335,65.502995,1.8338685,2.500817,0.69899995
3,5.75,-0.0533,12.12038,-1.31547115,-1.6366665,1.288175,78.455265,-0.004828765,0.1646786,378.4718,3.0828525,3.7088785,97.72391,272.9633,68.64066,1.693787,2.54758,0.466
3,6.25,-0.0615,15.93211,-1.913741,3.3766665,1.291261,78.959975,-0.07781332,0.18263445,379.6142,3.0746425,3.6769715,97.73972,270.345,69.53666,1.5783375,2.560795,0.0523923
3,6.75,0.096,19.16329,3.082415,28.015,1.3221225,79.23812,0.20533335,0.21577715,382.9014,3.0671775,3.680142,97.77029,265.77165,73.01358,1.515744,2.595006,0.192
3,7.25,0.0077,17.211715,1.202263,80.99667,1.3196035,79.576335,0.22800005,0.1975616,383.4128,3.1083975,3.2939605,97.79126,267.73005,73.77866,1.428798,2.704974,0.7776667
3,7.75,-0.4749,27.07476,5.350022,160.8017,1.393976,78.49161,0.45564665,0.21307315,382.8116,3.1134735,3.359594,97.79775,269.89165,73.603665,1.4759115,2.848883,0.3569046
3,8.25,-0.13745,31.28103,3.2451315,231.385,1.530004,75.95783,0.80208325,0.22850705,382.7821,3.1174325,3.3652095,97.81231,268.8333,70.50077,1.621082,2.76468,0.7513333
3,8.75,-0.2307,28.29095,4.816921,303.16665,1.7667855,73.113155,1.1536305,0.2197754,382.0993,3.10583,3.3208365,97.80481,268.04835,69.28471,1.850956,2.78531,1.219667
3,9.25,-0.4843,31.83737,7.666653,378.8883,2.005946,70.0389,1.659418,0.2297025,381.8536,3.042454,3.407475,97.80771,270.34,67.16967,2.013294,2.76705,1.642334
3,9.75,-0.512,34.08919,5.1953915,436.19,2.170965,67.20634,2.1901505,0.2405861,381.41565,3.078018,3.441576,97.80578,276.19165,64.614455,2.194199,2.690283,2.13327
3,10.25,-0.3419,33.35406,5.2220325,487.4367,2.5001285,65.20296,2.705833,0.2534711,378.49575,3.129053,3.5428205,97.81429,277.46165,61.88612,2.506924,2.654764,2.39746
3,10.75,-0.3412,32.32952,3.500626,562.145,2.722045,63.0417,3.078647,0.2564945,378.30225,3.192601,3.625076,97.8046,277.38,59.01215,2.798491,2.66557,2.823066
3,11.25,-0.3471,33.28134,4.916214,588.43495,2.912454,59.64901,3.423722,0.2667435,380.2928,3.167117,3.45239,97.7787,276.2867,57.240005,2.9292345,2.6874705,3.111004
3,11.75,-0.3563,29.47697,0.8901863,609.4116,3.182683,56.67792,4.045333,0.2815081,377.5031,3.136968,3.558754,97.75448,277.0533,55.487535,3.140811,2.6702765,3.452372
3,12.25,-0.38765,40.91739,-0.6092389,596.14005,3.386197,55.497235,4.4064995,0.26135635,377.0934,3.2303175,3.837674,97.73723,279.65,53.7415,3.302129,2.6268825,3.968478
3,12.75,-0.3721,35.1565,-1.9182895,593.5517,3.582667,54.62226,4.7348285,0.2670367,375.7598,3.144292,3.8779295,97.71652,280.34,52.853445,3.5093175,2.6164325,4.2268335
3,13.25,-0.1803,28.19591,-1.719091,563.07835,3.823965,53.8208,5.019906,0.2544039,377.3996,3.118373,3.56405,97.67868,277.41,50.7035,3.7195265,2.5987305,4.4616675
3,13.75,-0.1751,29.29237,-5.990765,510.89665,3.974598,52.5542,5.3230965,0.2625404,378.1935,3.015945,4.0775585,97.66333,277.8867,49.53133,3.712976,2.59072,4.876403
3,14.25,-0.05055,35.36814,-5.189098,435.3334,4.12775,51.07133,5.465191,0.2824548,376.6481,2.96218,4.307012,97.66267,279.22,48.05867,4.001345,2.580351,5.110667
3,14.75,-0.2466,30.49746,-7.816822,405.88335,4.300793,49.66367,5.6283325,0.2951682,375.4938,2.939193,4.194064,97.65083,279.0534,47.62306,4.127948,2.604408,5.333334
3,15.25,-0.16605,23.65945,-9.075844,339.63825,4.397942,49.03067,5.7746665,0.28192815,376.0398,2.949954,4.328279,97.65285,280.8966,46.425775,4.199672,2.542574,5.5207685
3,15.75,-0.1145,16.77711,-5.290648,257.37665,4.380526,48.792505,5.9185,0.2599602,376.6143,2.9904675,4.411892,97.63403,282.35,46.77099,4.29197,2.479296,5.604911
3,16.25,-0.06625,23.95377,-6.744919,184.145,4.226635,49.99513,5.9146665,0.246303,376.8795,2.971616,4.266003,97.64436,279.8267,45.80899,4.22653,2.457408,5.482667
3,16.75,-5e-04,25.58769,-6.2596265,114.36835,4.1370615,50.61556,5.6823405,0.2662404,377.6714,2.919129,4.522205,97.64221,278.3967,44.87795,4.206622,2.353767,5.3793685
3,17.25,0.0799,25.203155,-8.434223,56.156665,4.079097,52.34967,5.4871085,0.24341825,378.4042,2.966097,4.190502,97.66271,277.6933,44.39125,4.163878,2.371554,5.133838
3,17.75,0.0056,16.746565,-6.213334,12.078335,3.846982,53.79552,5.0214995,0.2027498,381.0377,3.076231,4.147254,97.70122,275.2833,46.48667,3.971797,2.363222,4.755999
3,18.25,0.0548,25.541015,-0.7756311,-1.37,3.460995,55.92948,4.3564165,0.2287737,379.052,3.10966,3.869247,97.70253,276.2001,46.028035,4.3271535,2.2696625,4.237942
3,18.75,-0.0696,28.68549,-1.08612165,-2.7,3.259026,57.67212,3.986619,0.2117857,367.87565,3.119694,3.827292,97.70733,272.4067,48.15326,4.060002,2.2651305,3.8321425
3,19.25,0.3007,16.376415,-3.5701425,-2.7,3.1191895,59.617205,3.889867,0.20090045,369.5566,3.1838655,3.7525965,97.72775,274.21,51.31687,3.630873,2.4114945,3.405334
3,19.75,0.01385,29.208295,1.558656,-2.7,2.8263985,59.24596,3.6135015,0.1922527,370.641,3.1893625,4.1111795,97.73736,269.97,53.75729,3.47165,2.337932,2.857
3,20.25,-0.0049,29.68085,-1.0429295,-2.7,2.6145785,62.190735,3.3523335,0.1883255,370.2667,3.175717,4.005297,97.75831,270.8466,56.46435,3.170908,2.464015,2.74005
3,20.75,0.0131,36.97486,-4.206347,-2.7,2.4802105,63.32945,3.2308075,0.2319294,370.8771,3.190646,3.855152,97.7485,270.34,57.99401,2.851223,2.472991,2.168837
3,21.25,-0.3255,37.20454,-1.516572,-2.698333,2.4296095,65.041815,3.0646665,0.2136041,371.8687,3.1970045,3.918516,97.7802,271.0367,58.10166,2.6816205,2.547165,1.868
3,21.75,-0.23365,29.689625,-1.968054,-2.6849995,2.2584085,66.811535,2.8128405,0.2207772,373.0118,3.203376,4.018845,97.79099,270.5,59.324335,2.6023895,2.5977495,1.593023
3,22.25,-0.30385,41.29291,-0.5320177,-2.693333,2.162747,67.272335,2.642408,0.2253822,373.035,3.1679555,3.793628,97.76509,270.58,60.532,2.579174,2.653378,1.4749215
3,22.75,-0.1922,37.927965,-1.3527867,-2.6566665,2.111742,68.459885,2.3797815,0.2150511,371.5043,3.179921,3.765646,97.76688,265.82,60.86183,2.495975,2.537137,1.5577245
3,23.25,-0.4092,43.726655,-0.3487342,-2.599999,1.9547615,70.09867,2.152525,0.2320501,372.33005,3.179602,3.818501,97.73235,269.9733,61.22403,2.293816,2.609451,1.093127
3,23.75,-0.3455,39.864615,9.1144645,-2.5983335,1.857731,71.003515,1.8816615,0.22226725,373.132,3.169037,3.793455,97.71208,270.7166,62.812005,2.0422435,2.6124085,1.149793
4,0.25,-0.5247,66.813365,16.44184,-2.7,2.5284985,67.6115,5.866666,0.2537795,394.30825,3.998146,3.84199,97.44015,294.11665,62.862,2.535704,3.96301,6.461768
4,0.75,-0.1478,43.02946,16.01804,-2.7,2.543203,68.469495,5.677999,0.27415005,394.37315,3.911444,3.797586,97.42534,292.9483,61.837165,2.734301,4.026678,6.55
4,1.25,-0.59285,50.055345,16.22307,-2.7,2.5333255,69.468165,5.435667,0.2616436,393.4865,3.901791,3.519759,97.408775,293.32495,62.127,2.754381,3.923238,5.967667
4,1.75,-0.5321,47.094645,17.57766,-2.661667,2.428703,69.69701,5.29691,0.2397277,394.01055,3.873596,3.861171,97.40206,289.1367,60.68333,2.901614,3.8232695,6.117362
4,2.25,-0.4025,52.983385,17.64196,-2.663333,2.318754,71.832835,5.085667,0.2811227,394.23075,3.928788,3.8268735,97.402005,288.5183,63.21616,3.001405,3.867879,6.411643
4,2.75,-0.4695,39.15442,10.071502,-2.61,2.2152845,72.40417,4.8759,0.25669465,394.11195,3.9326955,3.7551535,97.40049,292.18335,64.043995,3.3683995,3.912317,6.652666
4,3.25,-0.3255,69.814905,19.63717,-2.6233335,2.2257835,72.46399,4.73181,0.28112765,393.6629,4.0656225,3.5447915,97.399905,291.77505,63.96816,3.045057,3.880602,6.148701
4,3.75,-0.7778,65.2157,21.578435,-2.599999,2.141044,73.8123,4.65239,0.2684255,393.90025,3.964092,3.4334615,97.37715,290.55665,63.867,3.233668,3.7810295,5.963332
4,4.25,-0.5722,76.371505,20.025755,-2.586666,2.1200275,72.944995,4.579521,0.3009343,394.15245,3.938497,3.263212,97.37514,293.77665,64.095495,2.9710395,3.863276,6.0124995
4,4.75,-0.3443,54.82067,19.06585,-2.291667,1.970806,74.7667,4.42462,0.2996127,393.7081,3.915946,3.554155,97.40112,292.7433,64.80499,2.980038,3.8794405,5.997667
4,5.25,-0.3422,58.58843,18.68968,1.048625,1.919284,75.66066,4.388413,0.2569219,393.9519,3.929638,3.514102,97.399825,292.29835,63.48616,2.962962,3.906161,6.2136665
4,5.75,-0.2505,57.63984,18.89508,21.413335,1.9409435,75.00807,4.4534065,0.270983,394.3826,3.973696,3.252042,97.424565,290.92835,64.48759,2.89708,3.894351,5.879592
4,6.25,-0.4367,66.47623,26.47258,69.87334,1.930174,74.9917,4.7464865,0.25011355,393.5894,4.098963,3.013859,97.451335,291.55165,66.922615,2.5511715,4.0660465,5.9401005
4,6.75,-0.51125,61.48096,20.07494,135.7066,2.134767,74.51301,4.879026,0.2984476,393.28525,4.087893,2.841932,97.45153,292.40335,66.625,2.4118155,3.963139,5.9338335
4,7.25,-0.5171,61.0806,17.783995,194.82335,2.332922,71.9519,4.9305465,0.2581407,392.21565,4.089947,2.9315595,97.446895,296.22165,66.269185,2.758751,4.0544795,6.6576095
4,7.75,-0.56735,34.64049,16.565925,271.92,2.610939,69.98364,5.437982,0.2648022,390.8899,4.1035575,3.222812,97.44326,299.11665,65.120435,2.883049,4.013482,7.162694
4,8.25,-0.562,48.18831,20.57212,367.12835,2.94441,67.2403,5.90632,0.2481783,390.1913,4.108608,3.1580005,97.43002,298.6833,60.886295,3.3119295,3.882866,7.377484
4,8.75,-0.85,64.33259,16.88806,435.09,3.100769,66.2747,6.3084005,0.2615488,389.69115,4.067227,3.2306905,97.43396,302.16665,59.50829,3.593952,3.903731,7.491333
4,9.25,-0.4589,51.62362,11.936475,486.9567,3.418877,62.17066,6.842545,0.28822725,389.02835,4.006293,3.066588,97.42981,304.9117,56.76149,4.013443,3.892586,7.999667
4,9.75,-0.42585,50.82684,10.30075,509.87335,3.6587395,59.37664,7.3528325,0.27819485,387.7393,3.949089,3.019198,97.45681,305.16665,55.54733,4.399245,3.736899,8.807979
4,10.25,-0.2855,47.16043,11.73349,574.9566,3.975266,57.60324,7.79,0.2801774,386.9639,3.923641,3.302163,97.447405,305.9617,53.64186,4.6753285,3.7833615,9.0973115
4,10.75,-0.50605,50.83551,4.1604975,638.8183,4.388065,55.91094,8.629478,0.2927591,386.44115,3.884544,3.519519,97.44258,308.14165,51.19767,5.06144,3.841339,9.518999
4,11.25,-0.4943,54.129035,5.327833,626.8933,4.889551,53.225,9.1353945,0.303629,385.8051,3.898828,3.6184315,97.42114,309.72665,49.136,5.259804,3.823938,10.20223
4,11.75,-0.27445,54.26484,7.112471,630.06505,5.114604,52.05333,9.680667,0.2921192,385.4561,3.880837,3.565164,97.392495,309.77,48.7935,5.9157815,3.7681015,10.55125
4,12.25,-0.2215,61.30278,-2.3961795,628.6916,5.578011,49.70602,10.194,0.3280177,385.3846,3.905913,3.729262,97.37629,310.75335,46.866165,6.353755,3.751684,10.67768
4,12.75,-0.15715,59.55541,-4.6367205,610.67335,5.711185,49.492,10.599335,0.2928313,385.3817,3.952965,3.614503,97.35874,310.64835,45.35833,6.788102,3.7078215,11.10377
4,13.25,-0.6816,81.432445,-4.2341585,542.29495,6.284467,48.72752,10.680485,0.2936461,384.853,4.021728,3.826028,97.34576,313.1417,44.08167,6.780116,3.6705705,11.28455
4,13.75,-0.4124,50.74392,-1.631637,517.56665,6.245586,47.0417,10.812775,0.307579,384.8971,3.967883,3.806034,97.31295,314.2817,41.42767,7.249145,3.7851695,11.67449
4,14.25,-0.1874,67.912575,-8.6089695,460.85665,6.244845,46.05166,10.87768,0.29076585,384.8605,3.959793,3.904462,97.26534,313.42335,42.490665,7.066176,3.909519,11.807505
4,14.75,-0.2195,56.45449,-5.641672,415.235,6.400673,44.938665,11.102265,0.29734905,384.6134,3.872503,3.8572035,97.26196,314.43,41.674265,6.98105,3.820978,12.080515
4,15.25,-0.10365,62.52839,-2.235105,351.3033,6.328741,45.74577,11.482665,0.3047596,384.48865,3.950076,3.785804,97.25278,315.2383,40.85617,7.286305,3.71768,12.382285
4,15.75,-0.3971,84.55332,-1.43873185,306.91665,6.360277,46.35525,11.43783,0.28304285,384.3634,3.962347,3.888785,97.26237,314.14835,40.52396,7.2183125,3.764035,12.357225
4,16.25,-0.243,56.751565,-1.946073,226.4583,6.382676,46.552,11.30785,0.2685772,384.54115,4.061437,4.048379,97.29087,315.15165,41.502935,7.3560365,3.743999,12.0827
4,16.75,-0.209,52.29807,-4.269732,169.43165,6.133127,47.885465,10.777945,0.2470834,384.6497,4.1031065,4.1762055,97.295,312.7167,43.333935,6.8776795,3.9034005,11.91182
4,17.25,0.0013,47.75878,-4.297935,102.93,6.23029,48.38061,10.715535,0.287151,384.29895,4.131984,3.934974,97.27751,312.45665,42.80671,6.824768,3.9128875,11.79367
4,17.75,-0.17745,59.4254,-0.5418977,54.324995,5.614676,51.05056,10.416955,0.25119455,384.2375,4.068599,3.919103,97.29708,310.0833,43.00036,6.818838,3.7305145,11.799
4,18.25,-0.3023,47.33589,-3.659192,15.875,5.141491,52.58013,9.9236825,0.2665584,387.3638,4.058721,3.628122,97.301485,309.5333,42.53654,7.172823,3.574907,11.71781
4,18.75,-0.32135,44.77645,8.178289,-0.69333325,5.043977,54.5833,9.65845,0.22763185,389.08835,4.168001,3.442816,97.316455,309.79,44.44199,6.8635295,3.718519,11.466075
4,19.25,-0.157,40.40725,7.217354,-3.0450005,4.5644575,56.588545,9.190126,0.2605888,389.0626,4.178796,3.0865,97.34826,307.51505,46.837205,6.147846,3.830703,11.21793
4,19.75,-0.11935,41.92567,0.4952912,-3.0233335,4.190531,57.53407,8.97725,0.25534905,388.7981,4.127553,3.452431,97.358985,307.27835,50.49382,5.5343705,4.005847,10.449835
4,20.25,0.003,54.6975,5.7615185,-2.9850005,3.928391,58.10992,8.721,0.2277994,390.1979,4.075454,3.4703775,97.387575,306.40005,52.905335,5.161698,3.813536,9.3085
4,20.75,0.0493,49.48679,7.587504,-2.75,3.710237,59.8389,8.26668,0.2368278,392.7143,4.155692,3.172337,97.398565,307.1,54.26203,4.775053,3.9169065,9.295667
4,21.25,-0.29135,53.294025,8.987268,-2.723333,3.4981085,61.597635,8.069999,0.2220596,392.6803,4.148993,3.3538145,97.410885,305.7017,55.22783,4.093191,3.987716,8.843953
4,21.75,-0.0158,71.93711,13.37911,-2.718333,3.2392465,63.668635,7.674666,0.21867945,392.7477,4.062293,3.8784275,97.419045,303.49835,58.61584,3.654054,3.925674,8.1594995
4,22.25,-0.2917,76.49589,10.14696,-2.7,3.1047385,65.01511,7.18,0.2615455,392.6391,4.1203975,3.962464,97.42368,304.2567,60.875715,3.578143,3.971887,7.915166
4,22.75,-0.3144,70.76971,19.396405,-2.6983335,2.770541,66.748165,6.849984,0.266556,394.553,4.108054,4.077312,97.4381,301.985,62.706,3.01973,3.967865,7.513999
4,23.25,-0.1196,57.07452,8.780926,-2.7,2.8254965,66.12372,6.808003,0.2579666,393.85315,4.127869,4.011177,97.430085,302.11665,61.10066,3.131334,3.977905,7.407
4,23.75,-0.3322,63.45051,13.75937,-2.7,2.7215985,65.8,6.460666,0.2739861,393.9244,4.1679925,3.932811,97.42464,298.54665,61.625,3.123965,4.0721975,7.304332
5,0.25,-0.3123,34.52127,6.641738,-2.8983335,4.253939,72.46667,13.03183,0.2311715,398.9124,6.59104,1.856749,97.4645,332.9933,66.89216,6.048493,7.180372,15.59583
5,0.75,-0.1617,34.638025,5.920003,-2.9183335,4.03607,73.53599,12.88933,0.2617179,398.7075,6.628754,1.907967,97.44255,335.05505,66.282715,6.0820455,6.967076,16.11413
5,1.25,-0.3676,42.81519,7.776048,-2.8116665,4.003052,74,12.818475,0.2480647,398.2087,6.539071,1.82883,97.44084,330.30165,65.171,5.976477,6.876784,15.86667
5,1.75,-0.2928,38.010205,6.146501,-2.72,3.914497,74.4861,12.779,0.2274401,397.6242,6.625776,1.826047,97.4492,328.0417,67.201665,6.022592,6.860125,15.468
5,2.25,0.1512,50.24097,7.61359,-2.7399995,3.748285,75.64299,12.65965,0.2444808,398.7022,6.595192,1.877363,97.45094,326.80165,66.48032,6.337478,6.832397,15.70675
5,2.75,-0.1452,37.648255,8.955278,-2.7,3.70805,75.10693,12.459,0.25113865,396.7291,6.548209,1.745284,97.419205,324.905,63.49813,6.418568,6.737473,16.25434
5,3.25,0.0422,33.16493,2.665645,-2.7,3.645755,76.01561,12.267335,0.2571156,397.44625,6.639753,1.9433635,97.419495,324.72005,63.11533,6.921234,6.803515,16.36393
5,3.75,0.04285,37.57902,7.009,-2.7,3.620028,76.6278,12.11596,0.2581047,397.23145,6.5229,1.7083145,97.42432,320.24,62.38797,7.054862,6.6430185,16.274625
5,4.25,-0.1724,38.119755,5.040381,-2.1300005,3.545019,76.63333,11.95549,0.2415904,396.47475,6.447376,1.876777,97.4252,322.315,64.63387,7.082037,6.776002,16.138
5,4.75,-0.2586,40.581255,5.367762,4.413333,3.4276695,77.430835,11.80899,0.2439541,397.4102,6.561197,1.903422,97.428845,323.725,67.84767,5.2864,6.779394,15.49767
5,5.25,0.0094,31.62786,4.274384,32.99333,3.3685135,77.26428,12.026815,0.2630138,396.4977,6.6349105,1.772866,97.45839,319.2017,68.16067,4.571196,6.72597,14.87518
5,5.75,-0.01875,29.79095,6.024764,88.046665,3.3794025,78.92913,12.28405,0.2650422,395.9372,6.4664845,1.7808765,97.48805,322.0133,67.561085,4.2492575,6.7794115,14.107805
5,6.25,0.0422,38.7921,13.66413,161.94,3.6956065,76.846935,12.662065,0.2326456,394.77425,6.691107,1.893173,97.51099,321.81165,69.01409,4.11496,6.654628,14.03467
5,6.75,-0.1156,38.60354,8.8503945,248.2067,3.997725,75.64832,12.935145,0.23202985,395.8562,6.795105,2.23623,97.526255,322.885,70.85529,4.118966,6.786801,13.97833
5,7.25,-0.1247,45.05228,11.13507,317.1543,4.226597,73.2917,13.228335,0.2513814,394.1324,6.714602,2.169612,97.540435,322.68335,68.76698,4.3266085,6.6517085,14.14977
5,7.75,-0.1428,46.25376,8.525541,419.8583,4.673744,70.9778,13.53424,0.2276349,393.3125,6.728382,2.433906,97.541415,325.3734,65.53296,4.8173355,6.769014,14.454275
5,8.25,-0.1183,52.455545,5.464318,477.325,5.134597,68.10866,14.03385,0.26179055,393.5734,6.627031,2.40999,97.544145,331.0033,65.68728,4.912854,6.803241,14.746
5,8.75,-0.1814,47.61066,10.18274,550.43835,5.626022,64.67677,14.311785,0.2431316,392.5784,6.5607975,2.343919,97.528745,332.3867,63.261505,5.5034235,6.9253225,14.88358
5,9.25,-0.0182,51.58356,5.5575215,634.95005,6.507255,63.521235,14.92256,0.2513799,391.9138,6.638344,2.485512,97.513045,335.6667,61.76469,6.198655,6.846346,15.42131
5,9.75,-0.2643,62.63584,13.62524,677.68165,7.079772,62.71586,15.2605,0.2447582,390.2141,6.7301885,2.427161,97.513665,337.4367,60.91066,6.421583,6.788348,15.5768
5,10.25,-0.2994,52.732885,7.589152,725.99665,7.4653395,61.814285,15.820515,0.2636786,388.5417,6.958761,2.460853,97.528625,339.1234,62.602,6.800961,6.958761,16.04603
5,10.75,-0.1579,48.816765,5.3130115,769.6267,8.1272175,60.22997,16.28218,0.2666218,388.4631,7.061143,2.692016,97.555165,340.98,60.68433,7.323809,7.057782,16.375
5,11.25,-0.2292,45.91904,3.278538,767.75335,8.919739,56.872165,16.533665,0.2863182,387.7626,7.1131565,2.388487,97.530065,344.33,57.74599,7.743653,7.116587,16.41733
5,11.75,-0.09975,49.515705,7.851848,760.1483,9.116987,56.54049,16.890335,0.2959303,387.9057,7.010538,2.047274,97.50856,345.63,57.19902,8.260386,6.94981,16.68223
5,12.25,-0.13435,49.60851,6.304903,711.7883,9.641504,55.56633,17.525285,0.2658882,387.95345,7.193974,2.221987,97.49432,348.03,55.60432,8.46401,7.158369,17.08895
5,12.75,-0.1472,37.209925,-1.4313695,664.81,10.21489,53.49573,17.488745,0.28078155,387.228,7.166348,2.35588,97.47628,351.01,53.925,8.830997,7.164701,17.402
5,13.25,-0.1576,54.618285,0.672495,693.2234,10.65529,51.83434,17.833665,0.2741406,386.91275,7.0609015,2.516596,97.447145,351.2133,51.66589,9.051576,7.020453,17.66833
5,13.75,-0.099,56.162645,5.467838,606.09835,11.052605,50.56838,18.007,0.2768801,386.525,7.070441,2.4304555,97.436495,350.2366,50.51609,9.708653,6.955598,17.73006
5,14.25,-0.1367,47.02536,-1.9224095,576.6766,11.51577,50.116075,18.238125,0.269519,386.2263,6.9931705,2.429102,97.41555,351.41,48.98854,10.43109,6.787346,18.293
5,14.75,-0.252,62.23814,1.405522,507.64335,12.002045,49.928735,18.03351,0.2771981,385.705,6.9107055,2.637912,97.388215,352.63,49.23577,10.80046,6.850233,17.99734
5,15.25,-0.05815,58.58092,-0.31989635,467.93335,12.32991,48.65816,18.392305,0.26481635,386.0394,6.882753,2.377552,97.377865,351.8867,48.00889,11.18319,6.688821,18.42367
5,15.75,-0.0773,54.51416,-0.8976948,377.835,12.47383,48.48266,18.668665,0.24928315,386.062,6.977408,2.392963,97.386275,352.3933,47.738005,11.473715,6.643183,18.68101
5,16.25,0.0247,42.64794,2.077066,322.92335,12.549085,48.746205,18.71369,0.2832502,385.8828,6.936878,2.460727,97.379955,351.0733,48.4587,10.9824,6.779852,18.8
5,16.75,-0.0391,53.35034,1.083571,255.86995,12.530045,48.25374,18.739115,0.2506855,385.9036,6.9174045,2.082565,97.366465,346.7767,47.66067,11.04749,6.8298,18.77023
5,17.25,-0.0864,48.29816,0.0272131,190.10335,12.23986,47.618195,18.643265,0.2711184,385.5919,6.8184885,2.4845725,97.350895,347.5133,47.324795,11.259295,6.847597,18.650165
5,17.75,0.0413,33.19101,-0.1801585,109.075,11.44072,49.730335,18.350575,0.2540509,385.8026,6.898718,2.323127,97.358055,347.0833,48.541985,11.127365,6.9408375,18.438165
5,18.25,-0.1745,32.08726,0.7014585,61.769995,10.87701,49.95759,17.790705,0.2494862,388.494,6.535939,2.304227,97.367525,348.615,47.47676,11.248135,6.612575,18.789565
5,18.75,-0.1057,42.39682,-0.37331995,19.429995,10.2613,51.67577,17.383725,0.2258601,390.2248,6.495323,2.169958,97.3722,344.01665,47.542685,11.09042,6.5692165,18.396775
5,19.25,0.104,33.70456,1.41367065,-0.046666595,9.237365,53.63405,16.86835,0.2160152,391.63645,6.471799,1.8237495,97.392905,342.8384,49.73243,10.097915,6.7479675,18.223235
5,19.75,-0.1902,20.68173,3.073032,-3.198333,8.4599555,55.83298,16.430885,0.19070225,392.4479,6.4891635,2.119437,97.42199,341.73665,50.95299,9.1652545,6.973423,17.85558
5,20.25,0.7118,31.87362,2.403471,-3.353333,7.3897495,58.62755,15.79417,0.1969704,394.6473,6.5571055,2.290946,97.45028,340.6167,54.20115,8.067536,7.013749,16.73045
5,20.75,0.2182,25.65963,5.551553,-3.3066665,6.4097305,61.86731,15.171215,0.2030251,396.8336,6.655814,2.311624,97.47064,341.1383,57.26458,7.22215,7.256944,16.36391
5,21.25,0.3287,41.14248,-2.968989,-3.2066665,6.27776,64.79191,14.79895,0.19842255,397.9671,6.648085,2.181151,97.48993,337.6583,59.25019,6.834798,7.064816,15.93433
5,21.75,-0.0193,35.190175,8.455264,-3.136666,5.625723,66.92072,14.444,0.2028128,399.0081,6.855278,2.1341715,97.472155,338.23335,63.80289,6.5226105,7.079633,15.43792
5,22.25,0.15495,35.94194,2.119501,-3.08,5.1162075,69.17022,14.036325,0.2062085,399.88615,6.981141,2.210346,97.47468,336.70835,66.163805,5.93369,7.4240345,15.78134
5,22.75,-0.0221,27.296375,2.40392,-3.0516665,4.740722,72.12,13.689515,0.2079333,400.1212,6.882069,2.09712,97.472025,335.44835,70.30922,5.444363,7.546764,15.49667
5,23.25,-0.1862,45.24368,5.55532,-2.9933345,4.5225405,72.48463,13.60337,0.2422655,400.22,6.879791,1.9602235,97.471475,335.5167,67.35282,5.8972035,7.495846,15.653375
5,23.75,-0.1119,34.83397,11.10785,-2.971667,4.534273,72.2,13.3936,0.22513925,399.9503,6.804002,1.983127,97.468885,334.3883,65.749675,5.6626295,7.276591,15.49563
6,0.25,-0.2415,62.49704,2.883302,-3.060001,6.84491,71.4417,19.377055,0.2366747,391.44995,10.3892,1.622079,97.35566,355.5634,64.576665,7.458736,9.8669175,20.212835
6,0.75,0.0533,93.027915,-1.012511,-2.916667,6.515043,71.85879,19.3026,0.2406744,391.7957,10.3575,1.30282,97.35302,351.5167,67.51884,7.947063,10.14211,20.37804
6,1.25,-0.0869,63.38567,0.1971402,-2.9400005,6.273892,72.8,19.1708,0.2563737,391.5456,10.38953,1.394414,97.3478,349.64,67.44734,7.70191,9.843989,20.27259
6,1.75,0.08105,76.61309,-1.476534,-2.9300005,5.821878,73.53046,19.05367,0.28840935,392.5225,10.21638,1.377154,97.34868,350.9799,67.037,8.030437,9.774451,20.243
6,2.25,0.0633,55.82743,6.276631,-2.935001,6.009274,74.30147,18.989815,0.27375615,393.5512,10.23577,1.515655,97.35344,350.9233,64.88607,8.185792,9.6860285,20.4157
6,2.75,0.148,92.306295,3.821571,-2.79,5.683709,75.215835,18.85166,0.278701,392.8673,10.130725,1.458599,97.358975,349.49,64.889955,8.069835,9.5998595,20.472
6,3.25,-0.03765,70.78249,6.075892,-2.7766665,5.599292,76.14016,18.68297,0.2865045,393.1198,10.10847,1.5054375,97.36999,350.0633,64.4805,8.010327,9.532973,20.57915
6,3.75,-0.1897,86.150935,5.154871,-2.6383335,5.37816,76.58727,18.53666,0.28909415,393.2392,10.20862,1.733911,97.37406,349.57,66.08533,7.318311,9.622062,20.78045
6,4.25,-0.0549,46.74159,5.273248,0.2083333,4.829425,78.020375,18.50367,0.31905635,393.722,10.29316,1.627096,97.374845,351.5633,67.4955,6.4779925,9.74801,20.447925
6,4.75,-0.19715,42.47109,4.680634,20.125,4.737337,78.848,18.3993,0.27017285,395.1088,10.30947,1.400876,97.38355,350.0066,71.398405,5.3240595,9.7692195,19.56293
6,5.25,-0.1657,51.72659,8.8473005,68.24499,4.742272,78.586305,18.56933,0.257804,395.26725,10.42934,1.386639,97.402295,352.0667,73.301165,5.1648835,9.8916845,19.35477
6,5.75,-0.2724,56.424285,11.29933,133.02665,5.226716,77.79117,18.73111,0.2607267,396.4872,10.591435,1.489818,97.42912,350.31,72.56483,5.4961165,10.076355,19.6022
6,6.25,0.08855,51.08385,11.1253,200.7,5.581165,75.851495,18.91355,0.2767183,397.99505,10.54033,1.3859515,97.4408,350.71,72.51366,5.785898,10.42197,19.48667
6,6.75,-0.4036,68.608775,9.863786,299.22165,6.035328,74.36945,19.2521,0.25914505,395.6047,10.56884,1.465107,97.45046,353.33,72.582115,5.978491,10.300375,19.71733
6,7.25,-0.1577,58.80543,10.2967,386.72165,6.5092,71.70928,19.60311,0.249031,393.2242,10.60424,1.4466585,97.479315,357.6633,70.288875,6.497667,10.38531,20.057
6,7.75,-0.3722,76.333995,16.015805,463.18665,7.269026,70.275,19.95634,0.2596985,391.2794,10.62114,1.439134,97.485475,359.2433,70.15467,6.935984,10.600345,20.101465
6,8.25,-0.2834,80.03651,18.32567,547.63495,7.7950245,68.75011,20.40367,0.255063,391.5336,10.94924,1.44901,97.48182,361.9616,69.78799,7.206491,11.00871,20.49578
6,8.75,-0.16515,70.84888,13.17211,632.37665,8.465691,67.3278,20.757,0.2594235,388.85425,10.91046,1.328047,97.47295,364.34665,69.28883,8.045392,11.009585,20.762665
6,9.25,-0.39505,72.44254,10.468695,699.1684,9.6344045,64.3944,20.98667,0.2628533,386.9271,10.83095,1.354024,97.47777,365.25335,66.33735,8.956151,10.9604,21.22157
6,9.75,-0.2067,98.55905,11.67979,780.29175,10.36391,62.76467,21.58003,0.294734,384.7392,10.67881,1.505386,97.46429,365.05665,64.42867,9.663284,10.74433,21.62367
6,10.25,-0.1443,73.32338,11.73441,841.24,11.53322,60.62499,22.126985,0.3173466,383.9238,10.564875,1.6203395,97.45771,367.84,62.57501,10.387495,10.57548,22.071585
6,10.75,-0.3848,95.2317,13.6357,862.08665,12.21639,58.5944,22.770795,0.32720345,382.6277,10.599585,1.697463,97.45271,368.2966,60.09333,10.927255,10.5788,22.60133
6,11.25,-0.2499,93.88796,10.34693,892.80335,13.42258,57.48067,23.138165,0.30365075,381.7793,10.4503,1.8106285,97.45424,371.19,57.754165,12.19257,10.18387,22.884115
6,11.75,-0.3623,104.37305,8.3598975,895.56665,13.93441,56.46057,23.39813,0.2889018,380.9412,10.11528,1.679718,97.43433,374.27665,56.918,12.80864,10.02108,23.2603
6,12.25,-0.37545,97.34033,9.157584,876.9667,14.86273,54.75832,23.811795,0.30936105,381.0602,10.35616,1.86138,97.40429,376.49165,55.48917,13.145655,10.07238,23.46968
6,12.75,-0.54625,116.503,3.979578,823.78,15.60448,53.6665,23.94719,0.32989115,380.4375,10.30501,1.98321,97.381,378.8017,54.37533,13.41809,10.045375,23.59033
6,13.25,-0.4797,128.00135,5.610934,813.38835,16.062215,53.24,24.1114,0.30145205,380.4024,10.268915,1.972836,97.36467,380.04175,53.63096,13.97029,10.104455,23.72133
6,13.75,-0.311,91.30859,2.717013,783.0283,16.71136,51.270845,24.4495,0.32062565,379.8188,10.50312,2.018344,97.36079,379.80005,52.53734,14.01333,10.18918,24.10329
6,14.25,-0.343,85.47126,5.450829,740.8149,16.6896,49.811835,24.636665,0.3331567,380.2104,10.40052,1.837829,97.34602,380.2567,51.27366,14.57043,10.36073,24.39482
6,14.75,-0.3738,99.09322,3.246163,640.6,16.79605,49.238,24.760735,0.33769295,379.8289,10.40742,1.721364,97.32964,378.9383,49.99733,14.73327,10.37665,24.42367
6,15.25,-0.1948,96.487535,3.091674,618.44335,17.27486,48.88175,24.84306,0.3191363,378.89085,10.36637,1.804962,97.322205,377.22835,50.82901,14.83738,10.29775,24.10633
6,15.75,-0.3302,62.32643,-2.450419,527.88665,17.311605,47.75266,24.96574,0.30666775,379.7284,10.54949,1.903979,97.311915,375.9683,48.46367,14.84791,10.44393,24.579
6,16.25,-0.5231,90.631595,0.7696876,439.97835,17.488585,47.75032,24.98613,0.3124456,379.0422,10.44284,1.7964635,97.27956,376.42505,48.109,15.40979,10.28428,24.59134
6,16.75,-0.52745,61.78082,0.9376029,351.38835,17.303605,47.38433,25.06762,0.27441875,379.2157,10.623,1.967012,97.28277,377.16,48.94534,15.51924,10.23699,24.47976
6,17.25,-0.5801,67.9044,4.5463005,283.915,16.95766,48.225,24.92583,0.293245,378.7899,10.69282,1.8877995,97.285205,375.465,49.96967,15.25537,10.19547,24.45267
6,17.75,-0.004,72.33616,-0.1214065,187.61835,16.28574,50.016975,24.812445,0.2716575,379.38535,10.820995,1.901151,97.291065,375.93165,52.637495,14.231925,10.63931,23.945665
6,18.25,0.0136,107.1421,0.8765381,107.3517,15.00723,52.2605,23.77136,0.2714544,381.14005,10.48745,1.671184,97.299445,374.1233,50.839135,15.31031,10.086425,23.83999
6,18.75,-0.10515,55.06795,2.297117,55.96,14.09162,53.625,23.42782,0.262895,381.8813,10.52195,1.673256,97.302735,371.17,53.14518,14.58265,9.983446,23.46367
6,19.25,-0.14055,104.432415,4.124866,13.665,12.88378,56.58667,22.914995,0.2525712,383.9286,10.6499,1.540849,97.317315,369.3934,55.83111,13.512,9.997862,22.83767
6,19.75,0.2723,51.843175,13.34946,-1.3716665,11.21062,59.32867,22.248765,0.240808,387.2119,10.58541,1.302285,97.309405,369.3767,59.467655,10.0828,10.544005,21.36934
6,20.25,0.37845,65.39667,5.3850955,-3.480001,10.37176,61.50267,21.843495,0.27317935,388.1595,10.54555,1.3137825,97.32873,368.8867,63.478415,9.6122955,10.508485,20.908175
6,20.75,0.1474,49.23968,3.042782,-3.4633335,9.54711,63.67891,21.41567,0.2572981,389.4871,10.4947,1.1705745,97.338085,366.55,64.089825,9.247987,10.523335,20.706665
6,21.25,-0.02635,52.9812,7.183622,-3.3233325,9.244539,64.40101,21.215485,0.2661461,390.8918,10.42029,1.1439655,97.362465,363.8333,64.32234,9.094701,10.297505,20.43467
6,21.75,-0.219,61.52323,13.21848,-3.2916665,8.660217,66.5539,20.6985,0.26833455,390.8669,10.42094,1.250452,97.364165,362.03,65.502715,8.3584465,10.262585,20.08444
6,22.25,0.1153,86.67371,8.3217515,-3.199999,8.235978,67.53033,20.196,0.26498495,392.2977,10.45371,1.453056,97.37217,361.6666,65.92987,8.341498,10.220715,19.983305
6,22.75,-0.0294,91.34727,10.391995,-3.1866665,7.677199,69.384,19.991005,0.2654788,391.4352,10.59876,1.281979,97.369145,360.3567,66.54615,8.1477815,10.22513,19.89876
6,23.25,-0.336,64.18175,6.610761,-3.0949995,7.354059,70.6229,19.961435,0.2963704,391.41535,10.38051,1.361672,97.37183,356.7534,65.693665,8.049418,10.164855,20.12717
6,23.75,-0.056,95.16064,1.603112,-3.05,6.9066945,71.000035,19.77683,0.2773293,390.5888,10.328035,1.246802,97.36351,356.3701,65.242165,7.93698,10.14065,20.162515
7,0.25,-0.0608,61.91103,9.7769295,-2.8000005,5.891212,78.80433,22.044835,0.2474273,385.6438,13.31077,1.272084,97.59282,368.1367,76.09351,6.4757725,12.43261,22.23075
7,0.75,-0.2394,71.129795,6.699883,-2.768333,5.535469,80.25533,21.759165,0.2412396,387.4816,13.228985,1.3906845,97.58851,366.7883,75.812005,6.2449445,12.11066,22.30298
7,1.25,0.13655,87.442065,16.378765,-2.7433335,5.35125,81.21158,21.756,0.23502935,389.7236,13.22776,1.33841,97.58864,367.03165,75.898495,6.190745,12.00244,22.364595
7,1.75,-0.0072,103.5278,10.82583,-2.7,5.213432,81.92601,21.52333,0.22133685,393.2135,13.13807,1.4691755,97.58846,367.89835,76.045495,6.1056545,11.93434,22.293555
7,2.25,0.047,110.9509,10.64697,-2.7,5.109173,81.54134,21.33877,0.2468952,394.1526,13.134565,1.336685,97.5889,366.73,76.558175,6.0569325,11.67049,22.354835
7,2.75,-0.1155,112.386,17.205625,-2.7,4.793348,82.75468,21.23164,0.26465315,395.1024,13.165235,1.292016,97.59846,368.08335,76.11483,5.873007,11.56024,22.20967
7,3.25,-0.3571,107.2668,12.19912,-2.7,4.520357,83.088,21.165905,0.2543227,397.0498,13.20908,1.355372,97.60628,366.78665,77.372835,5.505574,11.64312,22.114
7,3.75,0.1698,90.33499,11.79449,-2.7,4.16412,83.97133,21.05629,0.25731225,397.9438,12.9952,1.590254,97.6072,367.1533,77.59933,5.186125,11.71634,21.953
7,4.25,0.349,104.9581,9.818397,-1.5783335,4.148925,83.606185,20.94898,0.2444452,398.657,12.86527,1.5273755,97.62874,364.3484,78.694,5.01042,11.67236,21.66167
7,4.75,-0.0605,65.98271,10.08467,7.06,3.793415,85.32716,21.018665,0.24996305,400.07595,13.25181,1.2590055,97.62854,364.3634,82.80647,3.932003,12.88337,21.626
7,5.25,-0.3672,82.79568,13.41982,41.425,3.729986,85.841,21.09715,0.2387149,399.6123,13.35102,1.442516,97.61902,365.1733,83.12027,3.80224,13.232285,21.715
7,5.75,-0.2925,115.7819,15.24862,98.45334,4.213464,83.696735,21.245365,0.2577049,401.6234,13.41021,1.3906355,97.62731,364.055,81.76299,4.418284,13.182675,21.927
7,6.25,-0.487,96.40919,17.83364,168.445,4.6236305,82.45367,21.35879,0.249799,399.52085,13.472,1.374409,97.64517,366.5083,80.37917,4.9491835,13.06087,22.121375
7,6.75,-0.5628,83.56534,22.60643,253.8,5.087759,80.94801,21.574835,0.2315583,399.9694,13.408995,1.367375,97.66739,368.54,78.84708,5.331329,13.12405,22.07261
7,7.25,-0.3615,91.362095,19.43087,345.6717,5.830515,78.51067,22.10683,0.23318625,395.34855,13.578965,1.154316,97.6722,371.48995,77.79466,5.924957,13.16216,22.34367
7,7.75,-1.6687,86.093805,18.32508,427.44165,6.714103,76.979335,22.483665,0.2279256,392.2565,13.66523,1.2716055,97.67887,372.55495,76.3644,6.572237,13.402085,22.51966
7,8.25,-0.47720005,96.1392,18.9613,522.1417,7.357233,74.69734,22.876665,0.2402008,387.2933,13.75807,1.3770605,97.68408,372.73665,74.48067,7.23288,13.47188,22.8643
7,8.75,-0.86095,80.59048,16.15364,595.98325,8.1643185,72.486895,23.258,0.24330825,384.6604,13.6428,1.312701,97.69443,373.80165,72.52612,8.045321,13.6083,23.256
7,9.25,-0.3712,82.25328,20.72449,671.0516,8.8382275,70.38514,23.754195,0.24640705,381.3208,13.46419,1.409063,97.68933,374.40495,70.001975,8.665169,13.31216,23.7225
7,9.75,-0.44265,84.67134,15.17056,742.8866,9.831657,68.27682,24.29524,0.2468124,379.1107,13.49413,1.526131,97.68306,376.8917,68.95967,9.637142,13.3292,24.03733
7,10.25,-0.7921,117.3225,22.56799,772.99345,11.12542,66.65332,24.912215,0.2479722,376.7836,13.579455,1.551404,97.68323,380.06165,66.53134,10.45761,13.146415,24.58334
7,10.75,-0.72869995,126.57815,16.01188,809.4467,12.14203,63.34833,25.294335,0.2662626,375.5078,13.60558,1.440638,97.67235,382.85665,63.34833,11.61364,13.249365,24.949
7,11.25,-0.2829,96.67092,13.244935,856.6066,13.22285,62.19433,25.864165,0.272424,373.1518,13.54324,1.6304305,97.66752,383.55665,62.19433,12.27837,13.110435,25.36591
7,11.75,-0.572,120.53775,13.762395,862.89675,14.04849,60.245835,26.0935,0.2916019,372.4874,13.44562,1.7258525,97.66499,386.26505,60.113,13.08871,13.16688,25.65867
7,12.25,-0.47385,156.95055,10.28934,829.4517,14.838275,59.78465,26.349985,0.2986951,371.62455,13.52646,1.575159,97.64659,389.24,59.9025,13.54762,13.06347,25.81967
7,12.75,-0.8356,140.725,14.374915,825.63005,15.49496,58.51127,26.61743,0.2993528,370.835,13.42475,1.548105,97.63528,390.94505,58.690165,14.27253,12.93518,26.298665
7,13.25,-0.3326,138.6936,9.223453,780.17,16.04798,57.693875,26.674,0.30452055,370.141,13.35376,1.6228825,97.62239,389.42505,57.80933,14.528365,12.89832,26.402835
7,13.75,-0.4247,126.11475,9.3081615,758.16835,16.375765,56.983335,27.08623,0.2991337,369.4995,13.25921,1.447089,97.58405,393.10665,57.51567,15.23944,12.83405,26.50033
7,14.25,-1.1533,143.48515,10.04009,710.4533,16.86501,55.95966,27.30599,0.2783069,368.2609,13.121205,1.333974,97.5752,391.80835,56.22866,15.82284,12.75606,26.625
7,14.75,-0.8561,135.507,5.437328,651.2584,17.13725,55.07033,27.29217,0.2872678,368.8051,13.263875,1.408612,97.55713,391.7133,55.355665,15.64944,12.71401,26.799
7,15.25,-1.353,125.6061,8.155839,567.7417,17.31774,55.10022,27.36197,0.3049249,368.6556,13.2981,1.300787,97.55455,392.57665,55.12267,16.24195,12.804885,26.79267
7,15.75,-0.50505,101.0579,5.1058845,491.4783,17.286275,55.130335,27.49633,0.29403475,367.9728,13.16432,1.467278,97.548,392.135,54.59217,16.348775,12.89693,27.016335
7,16.25,-0.75875,134.0032,4.434301,420.40335,17.21184,55.44567,27.436,0.31972705,368.1319,13.35576,1.4477345,97.54765,390.27665,54.90633,16.41624,12.84466,27.17567
7,16.75,-0.3756,147.00355,6.103155,351.65,17.00776,55.8476,27.299165,0.3174828,368.2089,13.24725,1.463313,97.54198,388.835,55.43335,15.90344,12.85767,27.108835
7,17.25,-0.52215,128.7338,3.315292,280.1,16.81902,56.926195,27.276245,0.2981679,367.226,13.28878,1.4856535,97.52274,387.96665,55.866335,15.77624,13.02899,27.01883
7,17.75,-0.40405,124.37085,2.071943,187.52165,15.74026,58.36738,26.89855,0.28071515,366.59185,13.71316,1.346308,97.50163,386.6633,57.574,15.04763,13.186395,26.65333
7,18.25,-0.21025,128.87825,5.84128,105.19835,14.412875,58.86419,26.289585,0.2593755,363.8706,12.99742,1.3604785,97.50333,386.80165,57.17965,14.33728,12.71898,26.31621
7,18.75,-0.30575,114.7765,6.4768595,51.501665,13.415755,61.166835,25.88908,0.2456667,364.7896,13.102595,1.349619,97.51426,385.06165,58.8,13.57387,12.7591,25.90107
7,19.25,-0.21785,153.9569,8.853862,11.466665,12.12696,64.07101,25.07311,0.25069075,369.136,13.28211,1.2281505,97.53877,382.19165,62.937165,11.925165,12.958185,25.0436
7,19.75,0.3452,84.61477,12.54734,-1.5899995,10.82397,66.64533,24.361,0.2487011,373.0745,13.30841,1.1231,97.552605,381.83835,66.64533,10.3617,12.83403,23.83467
7,20.25,-0.1099,110.461,15.59522,-3.198333,10.0825,68.3,23.913495,0.23081395,376.4131,13.43324,1.120396,97.57216,379.415,68.424005,9.6072655,12.664455,23.10783
7,20.75,0.5567,113.1408,13.15561,-3.1799995,9.335815,70.5,23.559685,0.2261317,378.80385,13.32472,1.162651,97.586305,377.93,70.267995,8.8994875,12.88997,22.972985
7,21.25,-0.0955,92.97164,24.010295,-3.0766665,8.607453,71.6,23.229,0.2364344,380.1949,13.50142,1.079711,97.58719,375.04,71.168005,8.577743,12.866885,22.829835
7,21.75,0.5861,113.3894,9.40666,-2.968334,7.961985,73.17364,23.075965,0.2296994,381.9697,13.46427,1.1609975,97.58931,375.10495,72.39168,7.9675215,12.9523,22.770325
7,22.25,0.809,63.45618,8.519,-2.9733345,7.451185,74.28267,22.78366,0.2252283,383.1756,13.49315,1.205222,97.59738,373.45335,73.721835,7.51904,13.182,22.72749
7,22.75,0.0055,69.2023,17.1732,-2.900001,6.950666,75.89167,22.62797,0.22269,383.7203,13.34101,1.260087,97.608125,370.22165,74.62133,7.138285,13.01062,22.792035
7,23.25,-0.4115,54.8285,11.509675,-2.8733335,6.637405,76.00066,22.5072,0.2175855,385.8844,13.22447,1.277023,97.6105,370.90005,75.30067,6.834221,12.723745,22.689665
7,23.75,0.1805,78.031705,9.849873,-2.896667,6.309353,77.09632,22.09116,0.2140892,385.59065,13.21033,1.2899485,97.6041,370.36335,76.26218,6.397309,12.6453,22.28583
8,0.25,-0.5964,108.54515,9.5013025,-2.7533335,5.660101,78.1984,20.91267,0.2238888,365.94485,12.2164,1.122155,97.669085,362.8783,75.39533,5.835375,12.47878,22.298
8,0.75,0.0198,61.643945,7.015983,-2.721666,5.159887,79.66666,20.637,0.21616425,366.0272,12.21581,1.200853,97.66881,362.11995,77.88596,5.511435,12.457435,22.149
8,1.25,-0.4728,85.515345,8.166667,-2.7,4.950358,79.65701,20.49247,0.2282987,367.91095,12.168325,1.13528,97.66502,361.8133,78.89467,5.26507,12.465005,21.92167
8,1.75,-0.2517,99.05427,10.83137,-2.7,4.529472,81.36633,20.22034,0.2305867,370.4862,12.20291,1.176378,97.672445,361.3517,79.28467,4.758171,12.56007,21.65533
8,2.25,-0.308,83.33009,9.644485,-2.7,4.360145,81.657,20.127,0.2295733,372.6486,12.237645,1.2938625,97.657135,361.2867,80.005,4.608795,12.586855,21.599
8,2.75,-0.24535,83.311715,9.700317,-2.7,4.279106,81.78167,19.81,0.22477955,373.6869,12.23506,1.384802,97.66435,359.04005,80.307915,4.462494,12.6104,21.527165
8,3.25,-0.16185,96.87645,8.208801,-2.7,4.180073,82.33034,19.68838,0.2112111,375.3119,12.174115,1.368003,97.65813,357.95995,79.54032,4.629333,12.562745,21.423
8,3.75,-0.2471,108.1632,11.76057,-2.7,3.942457,82.51,19.535,0.2080858,374.7428,12.246095,1.177229,97.673295,358.2467,80.61401,4.374266,12.552985,21.115
8,4.25,-0.2922,94.74585,12.47668,-2.649999,3.86941,82.45775,19.3774,0.2086149,375.8886,12.19441,1.061678,97.67125,357.54665,80.57153,4.145189,12.432715,21.12067
8,4.75,0.2936,64.72591,12.91561,-1.5433335,3.53005,83.825415,19.23137,0.22838815,377.8943,12.01952,1.02972445,97.683145,358.13335,82.86083,3.892271,12.27397,20.47367
8,5.25,-0.22195,69.670175,17.713375,8.606668,3.121691,85.714,19.32556,0.2052703,382.0932,12.327285,1.16343,97.697835,357.53835,84.23297,3.4702,12.26063,19.78133
8,5.75,-1.0356,80.84231,16.773765,46.21,3.3126795,85.661555,19.53667,0.1929525,384.31055,12.49506,1.18595,97.717695,359.3267,83.739795,3.597141,12.2756,19.696
8,6.25,-0.0843,58.61801,20.86197,108.5133,3.525226,83.900665,19.74067,0.2074342,386.8126,12.50207,1.124371,97.723635,358.405,82.115495,4.007636,12.28466,19.844335
8,6.75,-0.7798,70.18291,21.73203,184.20415,4.05965,82.23734,20.033,0.1937531,385.40375,12.589205,1.044818,97.730465,360.54165,81.157,4.435516,12.51841,20.076
8,7.25,0.2745,77.81118,22.39584,277.85335,4.5421615,80.856005,20.40318,0.19499735,383.3317,12.57567,1.1531035,97.74427,361.83005,80.54428,4.835445,12.46994,20.426
8,7.75,-0.80315,78.53266,22.6014,369.5183,5.387082,77.89867,21.121,0.20442655,379.52155,12.85464,1.213282,97.74242,365.145,77.59458,5.48411,12.77388,21.09833
8,8.25,-0.6333,79.835025,20.42555,453.4816,6.290356,75.13367,21.5529,0.2121516,377.3586,12.85861,1.190788,97.75438,366.90005,74.963,6.301861,12.83895,21.513
8,8.75,-0.8808,85.41139,22.47166,526.2917,7.1502,73.561,22.11167,0.1965833,373.8779,12.760875,1.243711,97.75949,369.84835,73.625835,6.7957695,12.83327,22.0685
8,9.25,-0.68020005,92.62039,22.07945,601.9133,7.974865,71.33667,22.65133,0.202109,370.3956,12.77435,1.2175425,97.76289,370.8067,71.588,7.651493,12.80551,22.63167
8,9.75,-0.67745,76.0819,17.741555,667.55335,8.8654995,69.95184,23.094925,0.20098905,367.41235,12.871585,1.280266,97.75286,371.45335,70.07367,8.4555985,12.871585,22.93522
8,10.25,-0.5734,85.69007,20.02061,719.3167,10.10463,67.195,23.561835,0.2235146,365.8636,13.09668,1.280988,97.74335,374.535,67.198815,9.432643,12.86597,23.38167
8,10.75,-0.83705,119.39945,23.07706,756.715,10.87456,65.078015,23.9945,0.2425395,362.7342,13.20493,1.285188,97.72997,379.70505,65.019,10.31983,12.85352,23.66134
8,11.25,-0.6552,112.72915,18.621875,771.48835,12.09397,63.598505,24.52917,0.2557858,360.6342,13.24896,1.291913,97.73057,379.4667,63.63253,11.3338,12.78962,24.11333
8,11.75,-0.6607,129.8073,17.74423,773.43325,12.820775,61.529335,24.779665,0.25038035,360.0017,13.24561,1.358631,97.7205,382.98165,61.59967,12.10764,12.69892,24.42434
8,12.25,-0.48145,111.4471,16.81776,753.08665,13.729715,59.104505,24.876665,0.26534415,359.4273,13.09127,1.44968,97.70111,385.70335,59.062,12.62159,12.440895,24.63466
8,12.75,-0.63105,116.83645,15.223575,724.7767,14.37367,58.281815,25.123685,0.27433025,359.214,13.29524,1.308334,97.68867,387.3283,58.559,13.12194,12.382045,24.917
8,13.25,-0.67935,129.2649,14.83802,688.36665,14.95688,56.92243,25.48883,0.2610686,358.1385,12.88317,1.4480285,97.68391,386.4417,56.961545,13.91024,12.37582,25.14433
8,13.75,-0.52545,142.24165,10.19408,670.3534,15.4502,55.57777,25.817005,0.2698221,357.5685,12.53233,1.4882205,97.65398,388.84,55.57777,14.367285,12.18617,25.38183
8,14.25,-0.7566,139.25615,14.21217,624.83325,15.817845,54.797025,25.822335,0.2630445,357.9251,12.71214,1.484384,97.63471,389.6383,54.797025,14.776775,12.06159,25.57153
8,14.75,-0.98835,141.3907,12.749455,561.00175,16.28237,54.702665,26.052895,0.2650106,358.1321,12.79727,1.4581305,97.61951,390.91,54.62373,15.149225,12.11763,25.677
8,15.25,-0.6329,107.8366,10.70508,481.81165,16.288005,54.664165,25.99767,0.25034155,357.40895,12.37776,1.429064,97.61417,388.50665,54.046,15.28558,12.03547,25.808
8,15.75,-0.38085,136.6777,7.5038005,423.5017,16.31894,54.9285,25.929025,0.24254,356.9369,12.61585,1.536864,97.61409,388.32835,54.877665,15.123025,12.08175,25.701185
8,16.25,-0.5307,122.7971,5.848973,342.1433,16.00711,55.164505,25.94067,0.25388245,356.78,12.70225,1.420256,97.6078,387.29,54.65133,14.97851,12.206865,25.53818
8,16.75,-0.3514,146.0535,7.367251,273.16,15.8713,54.983515,25.82577,0.2568515,356.1032,12.83332,1.499501,97.60872,385.3166,54.38167,15.15165,12.139595,25.41026
8,17.25,-0.45575,112.697,6.506184,187.885,15.63349,56.605165,25.71833,0.2391667,356.0008,12.97351,1.4008965,97.61119,382.6999,56.538085,14.759455,12.431,25.35067
8,17.75,-0.4478,125.3226,4.790333,106.54,14.893725,58.64704,25.226,0.2362552,355.4185,13.00845,1.322337,97.60945,380.5634,58.56567,13.65253,12.41991,24.94067
8,18.25,-0.2585,120.214,5.429622,49.12833,13.469915,60.93816,24.643445,0.2400694,352.6521,12.666845,1.270655,97.600795,380.3133,59.82759,13.10106,12.37804,24.67655
8,18.75,0.0367,114.55525,4.752444,9.826668,11.793915,64.615495,24.2205,0.2145395,354.3778,12.80024,1.263138,97.61314,377.79,64.1256,11.76542,12.56112,24.141
8,19.25,-0.2512,84.21803,13.59199,-1.806666,10.53326,67.36433,23.4965,0.21729165,357.0163,12.870265,1.078324,97.6235,375.24005,68.098,9.426299,12.88801,23.49467
8,19.75,-0.6671,94.25482,11.30294,-3.1016665,9.518078,69.127755,22.81313,0.2141279,358.8812,12.95095,0.952517,97.641875,374.06165,70.5065,8.520481,12.994915,22.99979
8,20.25,-0.3964,60.40394,13.31057,-3.1266675,8.782089,70.99699,22.573,0.2308313,361.69245,12.787555,1.043019,97.659755,372.89,71.45139,7.902103,13.12854,22.735
8,20.75,-0.22605,71.86138,11.26949,-2.940001,7.952746,72.398,22.29775,0.2100815,361.9998,12.7195,1.178887,97.658895,370.44335,73.31701,7.338327,13.14752,22.45166
8,21.25,-0.208,107.8217,14.91518,-2.9399995,7.385274,73.397095,22.068545,0.2152767,362.57165,12.62738,1.146369,97.65957,367.92,73.75068,6.898823,12.91472,22.52411
8,21.75,-0.5214,88.817475,8.8201955,-2.91,7.0346535,74.209835,21.849495,0.2321362,362.5648,12.626235,1.134868,97.66332,367.5716,74.42767,6.593286,12.75689,22.38367
8,22.25,-0.7691,67.97848,11.543,-2.900001,6.635583,75.621825,21.67933,0.2234861,363.3494,12.69704,1.143563,97.66996,365.44665,74.55501,6.446508,12.9667,22.39833
8,22.75,-0.7044,86.754755,7.013405,-2.8783335,6.5561735,76.44384,21.481445,0.24556855,364.2536,12.764945,1.244872,97.671825,366.765,74.74634,6.448145,13.02026,22.51835
8,23.25,-0.1777,100.33955,9.683616,-2.816667,6.124056,77.68122,21.305835,0.2328357,365.08905,12.51492,1.266358,97.679055,364.84165,75.10433,6.102463,13.13711,22.54358
8,23.75,-0.5463001,100.9764,8.021098,-2.82,5.79184,77.67331,21.037,0.2434148,365.366,12.33626,1.219018,97.67346,364.27835,76.20839,5.846655,12.77105,22.31866
9,0.25,-0.5089,85.005355,17.5632,-2.7,4.346593,79.65816,17.88467,0.2050689,359.2282,10.44239,1.116508,97.78803,346.14335,79.057,4.684155,10.82728,19.393
9,0.75,-0.73785,87.15793,13.375435,-2.7,3.983846,81.01233,17.55433,0.2367948,360.724,10.312005,1.1634765,97.7688,343.8417,79.652665,4.3104935,10.869705,19.291
9,1.25,-0.515,97.144045,24.65495,-2.7,3.811603,81.828505,17.391515,0.22820225,362.51905,10.467095,1.231627,97.74612,344.83835,80.127,4.065933,10.786905,19.336
9,1.75,-0.9681,69.54002,15.11835,-2.7,3.57105,82.52405,17.252175,0.2340982,363.6617,10.46973,1.1742905,97.73798,343.24335,80.188165,3.6772005,10.897495,19.363
9,2.25,-0.3535,105.5782,17.64728,-2.7,3.420082,82.64417,17.09404,0.2248061,360.76465,10.50721,1.0468655,97.73835,344.76005,80.4135,3.734664,10.965995,19.282995
9,2.75,-0.6505,76.48595,14.24183,-2.7,3.366314,82.828885,17.033275,0.2181583,361.5344,10.37034,1.107914,97.740185,342.6117,82.014995,3.471782,11.010145,19.076665
9,3.25,-0.6489,48.16663,13.0212,-2.6783325,3.1803785,83.95959,16.81171,0.2342744,363.5789,10.32195,1.0601715,97.739375,345.525,83.31834,3.21806,11.09311,18.60867
9,3.75,-0.8777,67.02058,19.2704,-2.634999,2.853548,85.045975,16.609,0.2145364,366.5838,10.36321,1.050885,97.752325,344.4017,84.84334,2.91187,11.08128,18.36267
9,4.25,-0.8332,44.20692,16.64601,-2.63,2.6794085,86.160335,16.384395,0.229397,366.6451,10.39426,0.9686812,97.753925,342.37335,86.3955,2.4383005,11.059605,17.958335
9,4.75,-0.2768,48.92,14.82611,-2.605,2.447153,87.432,16.29798,0.220253,367.4199,10.39659,0.9158105,97.760985,342.93835,87.41166,2.298181,11.18989,17.61817
9,5.25,-0.4467,50.80732,18.46645,-1.8449995,2.375651,87.567005,16.195165,0.2082233,366.96955,10.45777,0.8966486,97.775305,347.87665,87.546335,2.1215035,11.16998,17.314665
9,5.75,-0.8812,61.29036,18.14957,6.4266665,2.270041,87.947005,16.30501,0.21648785,370.4732,10.473685,0.9708382,97.78677,346.2717,88.07667,2.003949,11.1981,17.21267
9,6.25,0.01495,42.102985,21.76301,42.975005,2.4565695,87.033335,16.77741,0.1877708,372.8695,10.55024,0.9114298,97.79186,341.2584,86.786,2.4044515,11.274305,17.489835
9,6.75,-0.59305,43.728115,15.95336,107.20285,2.7753925,85.52084,17.020835,0.21243755,372.1299,10.74153,1.106123,97.80594,341.6417,84.623825,2.825181,11.00104,17.53695
9,7.25,-0.7876,50.19732,20.28567,192.1533,3.230012,82.6845,17.386335,0.2396395,369.1608,10.7275,1.10303,97.81033,343.8333,82.169505,3.222365,10.801095,17.75583
9,7.75,-1.4212,72.08955,34.272565,274.645,3.89066,80.65765,18.013495,0.2589825,368.84305,10.78222,1.1081735,97.83722,344.88835,80.49034,3.821115,10.84418,18.09667
9,8.25,-0.9854001,83.49447,23.923075,362.48335,4.9260355,78.375335,18.686495,0.2577383,371.4547,11.11211,1.142594,97.840605,350.39835,78.375335,4.7319615,10.869685,18.61903
9,8.75,-1.18585,73.88673,21.17556,432.93165,5.8612765,75.55433,19.11683,0.2551761,366.7555,11.086285,1.180524,97.846685,351.87,75.633335,5.4885035,10.90611,18.98279
9,9.25,-1.0057,101.0313,28.29414,503.4383,6.368208,72.74605,19.569,0.271613,362.083,11.050265,1.266761,97.849425,355.54495,73.74367,6.043767,10.85787,19.301405
9,9.75,-0.5843,91.37055,23.67529,560.38505,6.8564445,70.97128,20.052165,0.2767431,360.19115,11.017795,1.2925185,97.854135,357.53665,71.11917,6.565189,10.885315,19.775165
9,10.25,-0.2657,110.3718,26.79886,618.2533,7.7246545,67.6045,20.541,0.2879299,358.89965,11.00381,1.4325975,97.843885,355.55,68.67967,7.206511,10.83401,19.977
9,10.75,-0.85645,135.9192,31.16393,648.2367,8.343648,66.20067,20.86134,0.3136916,357.2348,10.79176,1.4132785,97.83124,361.2517,67.34418,7.8110085,10.64534,20.5585
9,11.25,-0.5732,130.29095,27.050015,642.675,9.1059185,63.380245,21.259,0.29683085,356.8617,10.622875,1.4739085,97.815245,361.8983,64.7425,8.3896415,10.475625,20.918865
9,11.75,-0.5591,154.0242,26.3593,656.61005,9.9627275,61.95533,21.676165,0.31386285,355.56145,10.4925,1.606805,97.802175,362.02,62.535835,8.930371,10.24639,21.29481
9,12.25,-0.9575,141.465,15.96488,671.12825,10.71675,60.455365,21.94426,0.3148434,355.4837,10.35903,1.507577,97.792085,365.5217,60.519175,9.9821785,10.221305,21.64173
9,12.75,-0.9904,153.756,20.911445,647.15495,11.31547,58.84367,22.265855,0.29295,353.7708,10.361515,1.736879,97.762,365.66835,58.80565,10.70154,10.27821,21.877
9,13.25,-0.5621,142.5908,15.085,609.9866,12.16432,57.439205,22.414165,0.30965255,353.2621,10.286655,1.742587,97.73781,366.70665,57.46177,11.17541,10.16572,21.99
9,13.75,-0.56055,137.6407,13.06092,559,12.532985,55.38128,22.635165,0.33285015,353.14255,10.318905,1.696209,97.72635,369.92505,55.282945,11.50641,10.153785,22.445395
9,14.25,-0.703,137.2069,11.62925,502.185,12.895145,54.95866,22.838065,0.2934,352.2825,10.256985,1.7296175,97.706265,369.5316,54.6068,11.94996,10.08082,22.45767
9,14.75,-0.8256,123.9263,12.55489,448.0567,13.617805,53.97947,23.046665,0.3072076,352.60965,10.27842,1.683252,97.68798,368.16005,53.77924,12.401465,10.094135,22.54983
9,15.25,-0.6694,173.27515,10.9801,381.46835,13.65273,54.235165,23.0026,0.3060614,353.3053,10.134725,1.947137,97.690995,368.9367,53.401215,12.564745,9.9860865,22.63467
9,15.75,-0.5876,142.0259,9.879395,303.5083,13.381335,54.980165,22.843,0.28100245,352.322,10.116965,1.692128,97.68698,368.3167,54.52367,12.50777,9.981095,22.666
9,16.25,-0.4684,116.9389,8.227052,219.67335,12.943955,55.994835,22.63,0.2673036,351.842,10.271625,1.6818995,97.693475,368.30165,54.929395,12.202675,10.0113615,22.6065
9,16.75,-0.23045,135.7389,8.3110425,144.8267,12.54158,56.356645,22.455335,0.2552836,353.21265,10.343105,1.692203,97.68956,362.8233,55.93866,12.09465,10.16268,22.469
9,17.25,-0.23185,129.8275,6.097958,71.09,12.17966,57.809845,22.23148,0.2163938,353.50575,10.40231,1.300693,97.697575,360.55175,57.146505,11.844315,10.335475,22.409165
9,17.75,-0.43445,117.445,9.4467645,20.585005,11.33693,59.99146,22.142165,0.20772155,353.7133,10.80676,1.434091,97.699415,360.50165,59.25742,10.81948,10.654605,22.16255
9,18.25,0.3997,84.1908,11.121535,-0.34833345,9.49989,63.61541,21.41792,0.20836695,351.4963,10.547625,1.421552,97.719405,358.805,62.47112,9.567352,10.90375,21.92552
9,18.75,-0.4042,100.4359,22.13983,-3.0716665,8.4557095,65.304495,20.87083,0.2229528,353.1453,10.621665,1.5258985,97.71706,354.1317,65.04566,8.33634,11.16704,21.25358
9,19.25,-0.90645,115.14436,33.207755,-3.2850005,7.473395,67.8105,20.31331,0.20894595,355.6687,10.7947,1.455805,97.737365,352.13165,67.80767,7.1640395,11.3232,20.789965
9,19.75,-0.4329,119.0778,17.935225,-3.199999,7.012744,69.69051,19.95958,0.2140688,356.65085,10.81081,1.63256,97.74742,351.83165,69.941675,6.5310045,11.479245,20.63162
9,20.25,0.0166,130.2359,22.24733,-3.089999,6.4914415,71.485635,19.611165,0.213312,357.1956,10.584575,1.664394,97.749905,350.80335,71.163655,6.2543975,11.4108,20.338835
9,20.75,-0.7149,110.12445,21.158625,-3.0350005,6.162892,72.753025,19.22119,0.2188265,359.15155,10.604395,1.649096,97.76027,350.33665,71.4505,6.1656125,11.098065,20.197725
9,21.25,-0.5674,52.22852,21.601935,-2.900001,6.056468,73.261855,18.99002,0.2080369,360.0654,10.4674,1.511553,97.76704,350.52495,71.950805,5.9956985,10.951815,19.93017
9,21.75,-0.4105,84.50585,18.651625,-2.836667,5.612784,74.67243,18.891835,0.2193241,360.3666,10.46608,1.379149,97.773885,349.36505,72.673965,5.4435125,10.994165,19.789335
9,22.25,-0.367,121.117,21.57586,-2.7449995,5.4889425,74.268505,18.762705,0.2275398,359.6902,10.48164,1.2517105,97.781665,346.31665,73.4355,5.4191725,10.806185,19.79609
9,22.75,-0.7474,65.07103,17.55084,-2.7933335,5.204592,75.27033,18.46855,0.24042965,361.0261,10.345195,1.1476525,97.780875,346.38335,73.2435,5.243321,10.565175,19.73314
9,23.25,-0.31765,103.7715,18.90245,-2.7166665,5.0092545,76.665435,18.219245,0.2237712,360.889,10.231565,1.075505,97.778595,344.46,74.337495,4.9325865,10.7513,19.38701
9,23.75,-0.669,93.10727,17.29367,-2.7,4.7659265,77.95,17.991665,0.21657155,360.5458,10.328055,1.036341,97.794105,341.86005,75.175,4.998454,10.8816,19.334
10,0.25,-0.6466,143.9279,39.80139,-2.7,3.247636,73.5,11.51198,0.278109,363.445,6.097741,1.675016,97.73233,313.7833,69.43334,4.2498095,6.652828,13.12634
10,0.75,-0.8693,112.4898,37.34062,-2.7,3.081017,74.66434,11.35572,0.3112992,363.33855,6.119136,1.620648,97.7242,312.62835,68.90401,4.057986,6.547055,13.21386
10,1.25,-0.9745,153.8489,45.078405,-2.7,2.986211,76.20333,11.2764,0.3017883,362.84555,5.938644,1.6809,97.72234,310.1583,68.4435,3.855607,6.5303165,13.42217
10,1.75,-0.53585,152.219,34.84527,-2.6633335,2.855172,76.81168,11.22492,0.29327965,363.1359,5.998927,1.746065,97.719,309.7483,69.8516,3.8783105,6.4984755,13.418335
10,2.25,-0.9366,155.4648,38.687025,-2.599999,2.744575,76.66904,10.86159,0.2948377,361.8394,6.020216,1.724558,97.71492,308.26165,69.70967,3.643053,6.497861,13.42767
10,2.75,-1.3746,136.9815,44.02984,-2.6199995,2.681788,77.64035,10.81635,0.2889784,361.7385,6.028495,1.697208,97.70319,305.2617,68.78001,3.99174,6.525454,13.314
10,3.25,-2.9659,158.0859,57.97617,-2.5450005,2.622088,78.756,10.75834,0.27377115,361.2767,6.011803,1.705178,97.71067,309.25165,70.11766,3.966028,6.5110495,13.19684
10,3.75,-1.24565,112.0346,44.34131,-2.5700005,2.386781,79.39666,10.51769,0.23627375,361.6792,5.928985,1.7422685,97.72,308.58665,72.810165,3.5141875,6.609185,13.39762
10,4.25,-1.5658,170.40345,56.1755,-2.5833325,2.274841,79.99097,10.36221,0.26673705,361.4855,5.936923,1.768162,97.72367,307.925,72.542835,3.343915,6.5015575,13.223
10,4.75,-1.8591,205.8544,48.40556,-2.478333,2.292683,80.75199,10.235,0.2736938,362.09105,5.860184,1.680491,97.72282,308.4483,74.401505,3.151917,6.379877,12.83317
10,5.25,-3.05375,132.49745,60.39781,-2.501667,2.199688,81.78699,10.10263,0.25865355,362.877,5.942159,1.604551,97.72437,310.18,78.07366,3.002349,6.656892,12.86667
10,5.75,-1.9763,155.2752,61.52852,-1.9166665,2.061349,82.53833,9.953844,0.2172757,361.7586,5.980241,1.700537,97.7487,312.2183,80.49332,2.7182,6.474518,12.51567
10,6.25,-2.81725,118.5245,49.52268,3.363734,1.925961,82.9,9.644666,0.24525415,362.43385,5.95959,1.752577,97.74355,309.6566,82.39643,2.1854475,6.657933,12.34539
10,6.75,-1.1073,193.0382,71.52158,31.741665,2.092784,82.56799,9.558666,0.2672239,361.574,6.00484,1.749719,97.76094,312.47495,81.829,2.293997,6.722567,12.12263
10,7.25,-1.057,162.3372,78.26755,86.343335,2.117929,81.79234,10.19136,0.2551526,361.56715,6.05939,1.8544,97.765,312.3434,81.4647,2.379696,6.6670765,11.783835
10,7.75,-1.1585,133.2229,54.77598,147.61165,2.291797,79.76366,10.4845,0.2833921,361.1964,6.229969,2.0568545,97.78,311.99,78.77308,2.316557,6.288061,10.779
10,8.25,-1.4089,145.7007,53.785025,206.00665,2.6595555,78.930125,10.86457,0.292899,360.5306,6.244936,2.151581,97.79546,310.96165,79.29395,2.398782,6.225573,10.912
10,8.75,-1.3174,119.6999,52.28963,283.23335,2.959289,76.512185,11.582165,0.29565535,359.7618,6.35007,2.1852725,97.78669,310.75335,78.566335,2.632494,6.22385,11.26585
10,9.25,-1.1346,132.5394,61.7512,345.05665,3.316878,73.671605,11.9095,0.2958581,357.92705,6.319029,2.122839,97.79788,315.2933,74.955015,2.7863735,6.244041,11.503335
10,9.75,-0.7924,175.76445,75.68529,387.31335,3.802824,71.08559,12.209365,0.3228626,356.80985,6.297005,2.144162,97.79539,321.7683,72.07475,3.155792,6.171057,11.777
10,10.25,-1.45365,134.70685,55.25946,429.3467,4.417481,68.727905,12.406835,0.3149925,356.66365,6.327976,2.132477,97.775,320.31335,70.82133,3.40448,6.3127685,12.065
10,10.75,-1.2559,143.54435,47.095445,455.97995,4.804892,65.81967,12.666,0.3334981,355.79355,6.230828,2.233621,97.783,321.965,68.255,3.985035,6.230828,12.45654
10,11.25,-0.90705,121.3915,43.08586,495.04335,5.326632,63.46134,13.044,0.32381135,354.7473,6.013179,2.251046,97.77226,322.7433,65.56651,4.599789,5.986218,12.87967
10,11.75,-1.04755,153.9297,47.851505,482.30495,5.946637,62.35756,13.486,0.351016,354.0376,6.102458,2.2275195,97.75695,324.86005,65.56283,4.855669,6.045664,13.24783
10,12.25,-0.3812,101.9399,33.294335,497.7767,6.423816,60.15767,13.76667,0.3332924,353.5853,6.06787,2.2120865,97.73192,327.56665,61.82766,5.047831,6.06787,13.599
10,12.75,-1.02905,136.826,35.31196,489.88,6.640689,58.68567,14.216,0.33755155,353.39685,5.943746,2.306255,97.69867,328.1833,61.426,5.198752,5.957103,13.6965
10,13.25,-0.8738,127.6376,33.482235,462.19665,6.998333,57.31633,14.34322,0.33391155,353.0169,5.889138,2.386709,97.6699,326.3283,58.8734,5.69216,5.860295,13.941335
10,13.75,-0.7491,143.8671,22.65046,422.03835,7.447784,54.51233,14.654,0.3280787,353.1475,5.860659,2.3817915,97.66829,326.3167,56.281995,6.0764755,5.8601605,14.08085
10,14.25,-0.7123,170.03925,26.89885,358.01,7.785837,53.949,14.93591,0.3264962,352.5776,5.884849,2.4250495,97.65733,325.8033,55.159405,6.5344605,5.90058,14.80733
10,14.75,-0.809,147.9527,34.64479,301.80165,7.932347,53.008,15.08267,0.34106745,353.315,5.839473,2.335117,97.6427,325.61665,53.96817,6.73843,5.862303,14.71933
10,15.25,-0.6331,130.7208,14.33844,232.90835,8.162167,52.91662,15.22033,0.3414709,352.2382,5.901813,2.317432,97.63423,327.52495,53.037655,7.099209,5.8974115,15.015835
10,15.75,-0.4161,108.9746,16.27448,150.49165,8.141796,52.93861,15.07402,0.3233274,352.78365,5.85175,2.276674,97.64486,327.20995,52.775,7.325459,5.655184,14.837
10,16.25,-0.506,108.1728,18.28874,85.10666,7.573771,54.26,15.00348,0.2723251,353.84075,5.828078,2.301093,97.65467,329.3917,53.52717,7.054081,5.6606625,14.628615
10,16.75,-0.21175,115.9938,16.54777,29.251665,7.420221,55.499,14.94267,0.24695735,355.9416,5.813654,1.9334615,97.667,326.3983,52.653165,7.560865,5.7499915,15.17643
10,17.25,-0.44975,121.98575,24.411685,1.981667,6.790668,57.01629,14.45589,0.246929,357.60815,5.803454,1.8364815,97.68034,322.38,54.42366,7.451081,6.15317,15.782
10,17.75,-0.50025,113.3659,28.07112,-2.461667,6.485973,59.13267,14.013,0.21831285,357.72735,5.920821,1.982977,97.70323,320.39665,57.96767,6.438852,6.326558,14.85633
10,18.25,-0.16915,96.36066,35.21479,-3.0733335,5.744748,61.35034,13.19494,0.2110232,359.1499,5.91804,1.626162,97.71181,318.32665,58.437015,6.2526375,6.1358055,14.28017
10,18.75,-0.6135,101.2706,26.68514,-3.025,5.348207,62.89537,12.64967,0.24403145,360.9517,5.907118,1.860569,97.71522,320.44835,60.40467,5.571251,6.093107,13.92587
10,19.25,-0.000200000000000001,84.97236,28.68026,-2.9516675,4.870202,65.05033,12.585,0.2456802,360.3359,6.002424,1.748095,97.72221,317.07335,62.544,5.070825,6.2659225,13.90267
10,19.75,-0.4286,126.44485,44.050515,-2.891667,4.484094,67.43333,12.20294,0.2571923,361.8585,6.071292,1.588546,97.72956,316.6317,64.711845,4.6048585,6.404003,13.17165
10,20.25,0.37845,126.00315,39.787285,-2.7283335,4.135334,68.94773,11.95646,0.2686802,360.4626,6.030528,1.7291095,97.73993,318.765,68.32766,4.135334,6.370885,13.04834
10,20.75,-0.3501,143.451,36.13374,-2.7049995,3.93603,69.32743,11.96485,0.2882918,361.14035,6.085182,1.712698,97.74204,314.91995,68.04601,4.001812,6.42402,12.944
10,21.25,-0.31455,139.0976,45.51684,-2.7,3.854877,69.73812,11.73466,0.2678002,361.0793,6.025078,1.775236,97.74699,313.405,68.844365,3.933469,6.424343,13.195615
10,21.75,-0.4622,105.1407,50.51925,-2.7,3.653618,71.29121,11.39742,0.27620185,361.3541,5.954406,1.958166,97.76453,313.6533,68.959335,3.9986575,6.44654,12.77254
10,22.25,-0.11725,155.6963,60.36538,-2.7,3.479944,70.933,11.33482,0.2913088,362.6718,6.082056,1.871111,97.74934,312.50335,68.258495,3.9357995,6.4524015,13.130335
10,22.75,-0.2712,142.8001,47.1939,-2.7,3.411147,72.16301,11.14448,0.2800334,363.9912,5.975427,1.9140115,97.73551,312.3567,67.70153,3.8790895,6.3505065,13.12867
10,23.25,-0.8236,147.00385,50.23382,-2.7,3.441422,73.56667,11.04466,0.3205783,363.54095,5.997864,1.8456655,97.73341,312.98,67.115315,4.2639935,6.5032455,13.072245
10,23.75,-0.4336,126.1943,36.33561,-2.6566665,3.336573,73.54533,11.0447,0.2930509,362.83245,5.971095,1.6641205,97.73432,311.52,68.329035,4.307682,6.563165,13.14183
11,0.25,-0.3475,145.577,58.92422,-2.1316665,1.9074935,71.97777,2.6958695,0.3359304,349.8584,3.594905,2.4901015,97.822835,287.95665,68.32537,2.5887805,4.0439305,6.816501
11,0.75,-1.2033,154.0416,73.71857,-2.165,1.864893,72.15512,2.4704325,0.3428854,350.6329,3.5362855,2.548383,97.814795,286.105,69.02917,2.4980135,4.053249,6.7154625
11,1.25,-1.4313,152.70825,42.81839,-2.03,1.803623,73.14367,2.3110605,0.32902745,350.8444,3.5135535,2.522642,97.81924,289.1183,69.676,2.554382,4.01566,6.498667
11,1.75,-1.3714,173.7458,46.74614,-1.936667,1.7864965,73.710355,2.24,0.31199545,350.4131,3.4789985,2.686467,97.82018,290.0184,69.166005,2.529651,4.0059495,6.116624
11,2.25,-1.1904,131.7885,52.433205,-2.0116665,1.738998,74.12102,2.105403,0.3111049,350.2839,3.4723375,2.673109,97.82537,288.6016,70.03567,2.464742,3.960016,6.232143
11,2.75,-1.6848,143.44315,52.97172,-2.0150005,1.6954425,74.602915,2.1086665,0.3017449,350.1868,3.486261,2.523934,97.81173,287.99835,69.580665,2.468198,3.987392,6.2191665
11,3.25,-1.4217,139.3873,74.31199,-2.1583335,1.673451,75.91667,1.981833,0.3028022,349.4232,3.514284,2.449486,97.80299,289.81835,68.44067,2.5078,4.047569,6.309999
11,3.75,-1.57865,152.30875,44.586915,-2.04,1.5834385,75.68866,1.985681,0.29369115,350.10585,3.5405235,2.079666,97.792225,289.2267,69.66166,2.302154,4.103831,6.051333
11,4.25,-1.93365,157.40815,66.89526,-2.0599995,1.5622675,77.024665,1.9955305,0.257937,350.2121,3.5947245,2.284668,97.790165,290.30665,70.17133,2.206661,4.137632,5.656
11,4.75,-1.8215,125.1596,76.8333,-2.0916665,1.532469,77.91666,1.873146,0.238482,350.5632,3.563439,2.28926,97.78755,287.36335,70.94133,2.243364,4.215732,5.577333
11,5.25,-2.4091,167.6737,96.3828,-2.0183335,1.488914,77.166475,1.700419,0.27714795,350.6577,3.596732,2.218423,97.79174,287.465,73.023165,1.9348295,4.2606505,5.407667
11,5.75,-2.6817,193.97925,86.474295,-2.0716665,1.426741,77.14967,1.6501055,0.29372945,352.13355,3.5534395,2.614476,97.788985,287.99665,74.62434,1.692799,3.967777,5.069334
11,6.25,-1.8485,156.8242,83.97891,-1.7616665,1.3640465,78.736055,1.4429705,0.2795686,352.8248,3.5617505,2.190879,97.793165,286.24165,77.013665,1.4891285,3.957553,4.5290005
11,6.75,-1.8066,124.4536,80.748315,1.21,1.3675755,78.77439,1.2619475,0.2842033,352.6638,3.4959255,2.4904555,97.80395,286.51165,79.84499,1.442127,4.041255,4.187
11,7.25,-1.5145,127.89465,65.05762,19.316665,1.421249,78.166995,1.269106,0.2802071,354.69055,3.5022605,2.711539,97.831295,286.52665,79.011835,1.522017,3.9661675,3.1325
11,7.75,-1.4352,161.5352,73.120505,63.418335,1.45231,77.76913,1.477169,0.28680395,356.4837,3.552358,2.7403505,97.85518,283.54335,77.67943,1.470997,3.5254095,2.058137
11,8.25,-1.4605,118.96915,78.065845,107.645,1.6038835,76.559255,2.2748245,0.3213252,359.78655,3.537035,2.623926,97.87984,285.495,74.32785,1.723193,3.4991225,2.3949305
11,8.75,-2.0221,123.3455,71.12405,158.49835,1.7382875,74.68567,2.4529585,0.3168439,359.7064,3.549202,3.031852,97.88409,286.6417,72.63834,1.78753,3.414301,2.196167
11,9.25,-1.5883,118.7127,64.32637,215.37505,1.928353,72.06067,2.6985525,0.34581915,357.48,3.6530875,3.132544,97.87948,284.06835,71.63233,1.917424,3.591087,2.695
11,9.75,-1.18515,128.6799,60.05911,269.04495,2.1443865,69.76517,3.0980005,0.3701494,357.4649,3.647716,3.140677,97.86446,284.63665,69.61333,2.062005,3.587394,2.967667
11,10.25,-1.1563,123.1545,59.57622,290.24835,2.3059985,66.411685,3.4344995,0.35211505,356.7065,3.578047,3.086515,97.85563,288.3467,66.45168,2.199611,3.487067,3.154322
11,10.75,-1.1489,115.94995,60.92068,316.675,2.6473945,64.854335,3.9626665,0.37558695,354.8842,3.6041115,3.004031,97.85213,293.5933,64.4227,2.408439,3.452108,3.524
11,11.25,-1.0218,125.20895,56.225735,341.55335,2.8384385,62.727375,4.3437245,0.3875232,353.97285,3.626726,3.169907,97.83137,292.315,62.33133,2.573293,3.444372,3.764351
11,11.75,-1.1244,120.8188,57.63474,329.77835,3.0366835,61.228975,4.5358335,0.36248015,353.3106,3.5906925,3.0970015,97.79571,291.41165,60.365,2.7659645,3.4339115,4.4036665
11,12.25,-0.8887,112.3239,54.207875,346.5133,3.222032,59.721665,4.888413,0.3623353,353.1756,3.547691,2.895906,97.767875,293.59,58.86967,2.9391675,3.4457875,4.638
11,12.75,-1.2513,128.86295,57.87931,338.10665,3.3557875,59.0169,5.2045,0.3812373,352.78205,3.5503485,2.880657,97.747185,296.01495,58.83706,3.003891,3.415635,4.861685
11,13.25,-0.838,107.8533,45.0346,284.255,3.538287,58.16967,5.491762,0.3650121,353.0456,3.55864,3.05829,97.741435,294.96165,57.18767,3.199592,3.40199,5.340001
11,13.75,-0.949,123.2252,45.94698,225.06835,3.6183225,56.7655,5.75573,0.3906378,352.73985,3.5201295,3.007036,97.720535,295.695,55.03633,3.497603,3.355337,5.647333
11,14.25,-0.8217,145.4017,50.715645,187.3117,3.7259595,55.15572,6.082833,0.357559,352.7603,3.51923,3.086957,97.715415,296.92665,53.53943,3.6349555,3.366036,5.8435005
11,14.75,-0.47995,126.4951,45.298615,149.235,3.8682975,55.379835,6.144552,0.3554994,351.6456,3.5473605,3.077849,97.709625,296.97,53.41717,3.9590625,3.352208,5.985256
11,15.25,-0.6486,122.38,38.5848,101.76665,3.9139445,55.20482,6.0789505,0.3381739,351.5823,3.5266975,2.877481,97.711295,296.71165,51.45867,4.177324,3.332504,6.311852
11,15.75,-0.67445,125.6702,39.3172,50.88334,3.8659965,54.7595,5.9,0.3336265,351.8048,3.5399795,2.806598,97.721675,297.6067,50.43076,4.333723,3.299966,6.422333
11,16.25,-0.4971,101.8559,38.42598,15.675,3.8009705,56.149675,5.516187,0.31482065,350.2612,3.5504125,2.7700365,97.73848,296.6317,51.75274,4.157362,3.344069,6.178767
11,16.75,-0.30245,99.91392,41.46781,-0.37333325,3.614936,57.6294,4.941027,0.2912968,349.73565,3.625336,2.866617,97.73925,295.9367,55.067,3.873971,3.426279,5.710001
11,17.25,-0.3856,124.77315,45.85253,-2.466667,3.321661,60.03532,4.768564,0.3025869,351.0855,3.5991635,2.521945,97.749195,294.98,58.335065,3.256833,3.624625,5.872333
11,17.75,-0.20385,132.5969,42.98229,-2.526667,3.130157,61.936495,4.5853605,0.2792841,351.68855,3.5845715,2.683518,97.75891,294.57165,58.359,3.193188,3.687566,6.468333
11,18.25,0.4012,121.77395,27.32351,-2.400001,2.9273825,63.93564,4.312675,0.2678162,351.5798,3.522761,2.760508,97.76979,294.9067,58.37552,3.43216,3.835113,6.908621
11,18.75,-0.4019,104.2121,48.830845,-2.4183335,2.724035,64.28117,3.852,0.27765415,350.72685,3.487693,2.840516,97.79854,294.1183,60.54201,3.180374,3.817997,6.721666
11,19.25,-0.10615,101.801,43.80131,-2.400001,2.6237895,66.05141,3.6545,0.2793609,350.7164,3.49045,2.928576,97.79248,291.86495,63.650935,3.0213225,3.8150295,6.6134785
11,19.75,-0.55355,109.0472,59.09391,-2.373333,2.519696,67.202395,3.3939325,0.2944127,350.8159,3.549294,2.6126425,97.80161,292.48,65.337005,2.8312815,3.8475895,6.26864
11,20.25,0.3326,132.34275,57.44888,-2.3550005,2.4877065,68.015005,3.1638765,0.31433515,350.3386,3.571993,2.644192,97.814515,292.63665,66.32633,2.880692,3.904356,6.043178
11,20.75,-0.5753,143.3326,54.202355,-2.37,2.361723,69.29745,3.058,0.3034658,350.4486,3.571957,2.5077385,97.819655,292.01005,67.70168,2.712141,3.923421,5.773168
11,21.25,-0.5095,145.3631,61.02841,-2.301667,2.2911605,69.925335,2.8753335,0.3117662,350.9233,3.5611285,2.461054,97.825625,292.0783,68.539835,2.549479,3.9424925,5.342833
11,21.75,-0.75935,119.0516,49.06218,-2.2899995,2.2442545,70.089655,2.8530225,0.3350795,351.2,3.5559305,2.276064,97.81252,292.91165,68.50883,2.5615295,3.9685615,5.4052555
11,22.25,-1.01785,115.07445,38.517065,-2.2733335,2.1112045,69.930555,2.696667,0.3222793,350.25355,3.486268,2.237218,97.808855,290.90335,67.81633,2.659043,3.987895,5.399667
11,22.75,-1.1792,138.3922,56.45189,-2.2733335,2.096995,70.377085,2.568167,0.325633,350.2421,3.495958,2.249474,97.8084,286.65,67.66451,2.7841155,3.871535,5.677397
11,23.25,-1.048,151.0459,43.93487,-2.3016665,2.056837,70.75083,2.6133335,0.30817755,350.4727,3.579172,2.320149,97.81643,286.0233,68.07701,2.722042,3.8829525,6.221645
11,23.75,-1.0556,149.6778,66.84348,-2.1799995,1.9634765,70.84167,2.5973735,0.296062,350.4937,3.548259,2.6637685,97.799115,287.9083,67.94683,2.668094,3.843813,6.1469615
12,0.25,-2.873,96.28374,84.05424,-1.7166665,0.9097718,79.88055,-1.070667,0.3203777,351.206,2.735022,3.511936,97.59067,275.3067,69.706825,1.2340815,2.157719,-1.140783
12,0.75,-3.8832,94.247585,90.500745,-1.773333,0.8771458,80.529165,-1.414688,0.3537056,351.2473,2.664642,3.481692,97.57521,273.32005,71.514335,1.17981,2.1908475,-1.4479575
12,1.25,-4.1694,82.41747,74.4358,-1.778333,0.857749,80.748525,-1.57077,0.3315306,350.1369,2.695621,3.124036,97.58128,272.0867,72.05099,1.075991,2.163493,-1.733
12,1.75,-4.50925,82.57903,75.08057,-1.799999,0.842638,81.07481,-1.607333,0.3577792,349.9344,2.684914,3.7183425,97.58199,269.87165,72.101,1.069319,2.186496,-1.607333
12,2.25,-4.9948,90.449905,85.2226,-1.715,0.8411498,81.308235,-1.607711,0.3661947,350.6355,2.6523395,3.53902,97.6266,272.29835,73.656835,1.0558955,2.174811,-2.31508
12,2.75,-4.7119,89.68708,92.67417,-1.67,0.80917335,81.8928,-1.77369,0.37273635,350.7715,2.667662,3.629282,97.64818,271.9117,74.88801,1.005122,2.140383,-2.248333
12,3.25,-5.9736,95.167755,89.06026,-1.713333,0.7961539,81.68975,-1.797355,0.3412051,351.2536,2.703139,3.79579,97.61934,272.84335,75.699,1.008853,2.105327,-2.074
12,3.75,-6.1133,83.74956,88.5631,-1.6749995,0.83731415,81.75,-1.837786,0.3318541,350.6233,2.675702,3.682784,97.62438,274.6117,75.80967,0.9451966,2.064162,-2.553667
12,4.25,-4.2992,87.386955,104.868545,-1.796666,0.8158282,81.99167,-1.886931,0.3042948,349.9369,2.702688,3.750697,97.62886,272.11165,75.37966,0.9635241,2.062132,-3.028333
12,4.75,-3.9066,93.821145,118.78605,-1.796666,0.7945731,81.69009,-1.924911,0.331493,349.3359,2.6650325,3.525714,97.61945,274.76835,76.590335,1.0140955,2.2319055,-2.9776665
12,5.25,-3.451,86.01266,120.99655,-1.7649995,0.8047619,82.06236,-1.879782,0.3417502,351.7055,2.646967,3.348872,97.62569,271.065,76.40534,0.9976628,2.28614,-3.263667
12,5.75,-2.7657,59.87179,68.1549,-1.775,0.7792752,82.26665,-2.287931,0.3368205,351.57065,2.638454,3.170809,97.63816,270.71,76.76467,1.0322125,2.3541425,-3.1876665
12,6.25,-3.4807,111.7349,116.7365,-1.683333,0.7461064,82.99159,-2.262001,0.3663372,349.6412,2.600619,3.3064825,97.65134,274.645,77.03933,1.03663,2.277776,-3.597
12,6.75,-3.7954,130.3816,101.246825,-1.6016665,0.737962,83.2035,-2.368161,0.3409309,349.46345,2.5880035,3.416082,97.682915,270.63665,77.45834,1.022483,2.298363,-3.841334
12,7.25,-3.6987,91.122705,117.81905,0.2033333,0.714596,84.0366,-2.343054,0.3107481,350.3626,2.607771,3.374138,97.68569,271.42505,78.50167,1.003108,2.269209,-3.916667
12,7.75,-1.4262,73.42326,93.3543,13.853335,0.743336,83.4235,-2.341357,0.33604165,351.90865,2.6409215,3.4691835,97.676425,269.0983,78.82233,0.9971127,2.4545495,-3.7964995
12,8.25,-2.6027,77.23282,62.381805,40.291665,0.7929063,82.45834,-2.108235,0.3035294,359.2732,2.639908,3.284237,97.703355,267.2967,78.58601,0.933671,2.4675855,-2.865
12,8.75,-1.9773,91.543195,54.26639,73.04333,0.84811235,81.765905,-1.85989,0.3373843,359.7035,2.718944,3.488008,97.716235,267.74,78.56234,0.9080486,2.626506,-1.933609
12,9.25,-2.4762,97.11351,76.34801,113.58335,0.86164485,81.714,-1.748667,0.3163361,360.0393,2.712908,3.329588,97.727035,267.1233,77.8825,0.91320015,2.659375,-1.595611
12,9.75,-2.1887,97.87278,66.39278,150.91835,0.9299927,80.085995,-1.389333,0.3233258,357.4984,2.726207,3.491016,97.72794,266.22165,77.59265,0.9534998,2.695611,-1.378967
12,10.25,-2.4536,102.4396,75.08711,172.99665,1.060913,77.318,-1.173043,0.341089,357.1762,2.724544,3.418273,97.7366,267.82165,75.07918,1.07978,2.724544,-1.173043
12,10.75,-2.19695,87.71679,55.38327,202.8183,1.114108,75.60534,-0.8833333,0.35155855,357.0901,2.784884,3.339041,97.73457,267.7517,73.49694,1.1218665,2.7878865,-0.6661333
12,11.25,-2.125,77.56546,45.73562,223.21,1.1943075,74.26667,-0.6148,0.34346695,356.7861,2.813353,3.17164,97.71232,269.48665,72.890995,1.200434,2.8356405,-0.48166665
12,11.75,-2.06,66.529835,49.6675,234.3517,1.325512,72.155005,-0.601029,0.3470121,356.01445,2.8229995,3.086342,97.67925,271.94835,70.45033,1.325512,2.832896,-0.56
12,12.25,-1.7507,77.39964,44.117425,227.7283,1.42054,71.536995,-0.3233333,0.34623655,355.59125,2.8362225,3.097409,97.6597,271.08,69.89133,1.493331,2.848691,-0.2583333
12,12.75,-1.3625,66.583105,41.76175,216.25,1.54231,70.96033,-0.2016667,0.3360163,356.1401,2.8734495,3.321081,97.61259,274.01,68.676775,1.6550075,2.8712135,-0.0715
12,13.25,-1.4483,62.97149,34.804655,190.31,1.617712,70.285335,0.02566667,0.3188563,355.2852,2.86527,3.1862725,97.57369,274.5967,67.398155,1.686958,2.738154,-0.11499997
12,13.75,-1.3825,70.96508,35.29049,165.0033,1.699137,69.374165,0.2576667,0.3526863,354.94415,2.8812305,3.217101,97.56406,272.69,65.54367,1.750745,2.71268,-0.01733333
12,14.25,-1.1938,74.58953,32.90229,144.07835,1.736979,69.346,0.32,0.3483726,355.2275,2.803986,3.152684,97.55868,272.11165,64.96099,1.850516,2.689722,0.253
12,14.75,-1.6082,71.992705,30.274,97.066675,1.741195,68.691,0.462,0.3322735,353.8781,2.816382,3.0461445,97.55095,273.495,62.86201,1.917503,2.585243,0.4703334
12,15.25,-1.51025,70.18156,29.397435,64.205,1.805186,68.535165,0.472,0.31481855,353.5725,2.7666875,3.1489845,97.56326,273.35,62.74483,2.031936,2.571454,0.4666667
12,15.75,-1.3885,83.130505,30.84338,31.446665,1.715278,68.24226,0.2794994,0.32589005,353.9393,2.742339,3.293161,97.606,272.49,61.11733,2.088665,2.544446,0.86
12,16.25,-1.38515,74.280545,37.45342,6.4716675,1.676336,71.039665,0.1221478,0.2934062,352.629,2.767007,3.33672,97.6128,271.22995,62.50433,2.047424,2.535137,0.5663332
12,16.75,-1.8925,62.23739,42.61853,-1.44,1.411597,73.81294,-0.08333334,0.300048,353.4103,2.866071,3.384124,97.60545,271.1733,65.10033,1.739799,2.558079,-0.041
12,17.25,-1.5927,59.63639,45.76889,-2.0266665,1.268308,75.17533,-0.2533878,0.3270779,353.0451,2.8739805,3.470253,97.6064,270.97,66.32167,1.5738165,2.4627645,-0.26133335
12,17.75,-1.27575,64.12028,38.31126,-2.087778,1.217554,76.37999,-0.3348501,0.3098464,351.9045,2.835759,3.474182,97.61076,272.29165,68.28367,1.3323625,2.4633615,-0.4587357
12,18.25,-1.6216,72.93798,39.041575,-2.0583335,1.192401,76.10878,-0.3619853,0.3211651,351.9348,2.8468615,3.570132,97.6449,270.86665,68.39,1.31136,2.407463,-0.5960831
12,18.75,-1.5808,49.81066,41.258895,-2.0049995,1.153799,76.68476,-0.5096264,0.3130679,352.23405,2.8355345,3.210423,97.654345,271.24165,69.28683,1.344955,2.3468245,-0.71899915
12,19.25,-1.99225,78.071365,47.12706,-1.8833335,1.1256755,77.60664,-0.6303179,0.363549,352.8348,2.8277985,3.26956,97.65973,272.02835,69.011,1.322534,2.347974,-1.455333
12,19.75,-1.5321,60.91449,45.243655,-1.845,1.0978695,76.892935,-0.8152307,0.3740308,352.7541,2.805182,3.177247,97.65081,270.89005,69.47967,1.400157,2.287839,-2.12786
12,20.25,-1.5721,75.66028,45.017785,-1.8099995,1.096321,77.88534,-0.846202,0.3505078,352.36835,2.7353245,3.6541275,97.65622,273.0033,68.99201,1.38871,2.237836,-2.371526
12,20.75,-1.7127,85.25062,53.65589,-1.838333,1.075958,78.338725,-0.898612,0.3555715,351.6964,2.720155,3.643766,97.66542,275.21835,68.81433,1.275948,2.225132,-2.614334
12,21.25,-2.261,67.06888,45.79847,-1.8166665,1.0165595,78.94152,-1.064173,0.3600121,351.1749,2.7343415,3.582936,97.647025,274.71165,67.41068,1.297049,2.237388,-2.335666
12,21.75,-1.9549,69.05355,59.000195,-1.799999,0.9640169,79.144275,-1.233464,0.3883632,350.8952,2.7756275,3.5267415,97.63025,275.59835,67.969,1.24768,2.126949,-2.875667
12,22.25,-2.3835,77.43839,63.54351,-1.799999,0.9585457,79.57446,-1.327517,0.3749391,351.1495,2.756278,3.3626825,97.610555,273.9683,67.310665,1.273768,2.09551,-2.893452
12,22.75,-2.0673,81.79782,57.67673,-1.8216665,0.92812125,80.71389,-1.34346,0.3637075,351.32085,2.73597,3.037598,97.60877,274.03825,69.483335,1.2862445,2.092,-3.0261665
12,23.25,-2.62555,68.0918,46.87107,-1.8099995,0.8978529,80.4,-1.310026,0.3680053,350.6274,2.720484,3.639434,97.603405,272.95165,69.26001,1.152748,2.050483,-2.363254
12,23.75,-2.4831,79.28481,55.53488,-1.845,0.8899822,80.38336,-1.28096,0.3609606,350.5109,2.701933,3.496497,97.602475,273.51665,68.72766,1.226256,2.000129,-2.491
