DOY2,HR2,USTAR,TA,WS,FC_1_1_1,H,LE,G,TS,RH,PA,CO2,VPD,NETRAD,SW_IN,SW_OUT,LW_IN,LW_OUT,H2O
1,0.25,0.158,6.86,1.83,-0.101,-18.178,0.817,-32.6,8.2,49.3585,90.6,383,4.855,-69.2,-1.86,2.18,268,333,6.44
1,0.75,0.1585,6.57,1.85,-0.099,-18.5,0.634,-33.1,7.93,50.7525,90.61,383,4.71,-68.7,-1.83,2.126,268,331.724,6.58
1,1.25,0.151,6.496,1.858,-0.109,-16.7,0.765,-33.5,7.61,50.0245,90.603,382,4.56,-67.407,-1.83,2.145,268,330.851,6.31
1,1.75,0.1525,6.13,1.815,-0.1095,-16.6,0.711,-33.7,7.3,51.781,90.6,383,4.48,-66.66,-1.76,2.08,268,329.515,6.307
1,2.25,0.159,5.899,1.86,-0.111,-17.5,0.727,-34.4,7.049,52.3745,90.6,383,4.6,-66,-1.6,2.2,266,327.988,6.41
1,2.75,0.1585,5.551,1.81,-0.095,-16.4,0.655,-35.4,6.83,51.459,90.6,383,4.355,-66.4,-1.71,2.12,265,327,6.368
1,3.25,0.153,5.73,1.8085,-0.1095,-16.5,0.9495,-35.5,6.61,53.8,90.6,382.5,4.22,-66.074,-1.73,2.09,265,327,6.425
1,3.75,0.146,5.14,1.8,-0.101,-16.7,0.758,-35.3,6.33,53.2975,90.6,382,4.135,-64.9,-1.6195,2.14,266,326,6.4
1,4.25,0.149,5.18,1.775,-0.1045,-15.6,0.5335,-35.1,6.1,54.726,90.6,382.5,4.06,-64.5,-1.71,2.1,267,324,6.45
1,4.75,0.141,5.46,1.755,-0.105,-15.55,0.6215,-35.2,5.87,54.857,90.6,382.5,4.07,-64.4,-1.585,2.15,266,324,6.215
1,5.25,0.146,4.74,1.715,-0.094,-15,0.775,-35.6,5.77,54.574,90.6,382,4.08,-63.875,-1.65,2.08,264,324,6.32
1,5.75,0.1505,4.75,1.82,-0.0925,-16.65,0.4685,-36,5.6,54.601,90.6,382,4.03,-64,-1.61,2.08,264,323,6.33
1,6.25,0.149,4.69,1.782,-0.101,-16.2,0.669,-35.9,5.36,57.238,90.6,382,3.82,-63.6,-1.7,2.115,263,322,6.41
1,6.75,0.14,4.48,1.7355,-0.098,-15.501,0.445,-36.3,5.2,58.6045,90.623,382,3.745,-63.8,-1.6195,2.145,263,321,6.384
1,7.25,0.1455,4.19,1.75,-0.122,-14.6,0.577,-36.5,5.05,60.675,90.7,382,3.52,-61.4,1.07,2.553,262,320.074,6.41
1,7.75,0.148,5.013,1.6495,-0.162,-12.6,1.06,-36.3,4.944,57.662,90.7,382,3.71,-38,30.6,9.51,262,322,6.38
1,8.25,0.143,7,1.2,-0.317,0.748,3.79,-35.1,5.07,52.08,90.7,382,5.3,26.6,123,25.9,264,332,6.592
1,8.75,0.141,9.972,0.904,-0.4985,23.443,9.015,-31.5,5.47,46.6905,90.7,382,6.675,102.728,218,35.504,269,346,6.655
1,9.25,0.159,11.8,1.1,-0.771,53.45,14.45,-22.3,6.53,39,90.7,384,8.32,181,316,45.8,274,359,6.445
1,9.75,0.188,12.7,1.21,-0.742,75.716,20.8,-10,7.803,37.594,90.7,384,9.66,247.335,404,59.2,276,372,6.66
1,10.25,0.197,13.8,1.354,-0.705,103,24.5,5.775,9.44,32.5875,90.7,384,10.52,303.528,487,74.3,280.352,386,6.42
1,10.75,0.205,14.6,1.406,-0.636,122,25.8,22.6,11.333,29.931,90.7,384,11.64,347,554,88.6,283,399,6.46
1,11.25,0.212,15.4,1.44,-0.636,137,29.1,38.4,13,29.632,90.6,384,12.44,379.931,607,100.06,286,410.897,6.53
1,11.75,0.225,16.4,1.51,-0.5755,155,29.95,50.899,14.6,28.187,90.6,385,13.32,399,641,110,289.227,421.602,6.21
1,12.25,0.218,17.1,1.59,-0.527,161.122,31.9,63,16.101,25.962,90.587,384,14.5,407,661,116,294,430.366,6.3
1,12.75,0.244,17.7,1.72,-0.5275,170,29.85,69.4,17.5,24.214,90.5,384,15.49,403,669,119,297,437.846,6.1185
1,13.25,0.259,18.2,1.84,-0.5505,167.321,27.95,76,18.412,24,90.495,384,16.24,386,651,118,299,443,6.051
1,13.75,0.279,18.7,1.94,-0.579,162.894,27.25,79.1,19.3,22.4,90.4,384,17.39,357,617.069,112.952,301,444,5.8615
1,14.25,0.296,18.8,2.24,-0.458,150.572,25.05,77.7,19.9,21.8205,90.4,384,18.095,317,572,105,301,441,5.8
1,14.75,0.31,18.9,2.22,-0.3765,131.9545,24.1635,74.1,20,21.7775,90.4,383,18,271,509,93.6,301,438.609,5.845
1,15.25,0.33,19.1,2.33,-0.282,112,20,66.5,19.93,21.584,90.4,384,17.925,208.116,427,79.4,299,431,5.7
1,15.75,0.348,18.865,2.528,-0.259,85.4,17.1,57.5,19.6,20.6335,90.4,383,17.92,142.108,337.505,64.825,299,422,5.68
1,16.25,0.346,18.759,2.53,-0.208,54.8,14.05,47.7,19,22.468,90.4,383,17.45,68.9,239.735,49.1585,297,413,5.89
1,16.75,0.319,18.2,2.32,-0.131,18.2,10.4,36.7,18,23,90.4,383,16.43,-0.022,136,33.446,294,400,5.97
1,17.25,0.242,17.4,1.85,-0.09,-3.44,4.28,23.646,17,25.013,90.4,383,14.585,-58.6,48.589,16,293,388,6.14
1,17.75,0.126,15.3,1.23,-0.009,-8.4015,1.06,11.4,15.9,29.198,90.423,384,12.36,-86.4,1.23,2.3,289,374,6.093
1,18.25,0.1,13,1.34,-0.005,-8.69,0.444,-0.637,14.8,37.09,90.5,383,9.81,-83.7,-3.89,1.518,285.068,362,6.38
1,18.75,0.137,11.8,1.61,-0.0245,-13.65,0.54,-9.24,13.705,39.375,90.5,383,8.54,-81,-3.11,2,282,357,6.27
1,19.25,0.1545,10.8,1.8,-0.025,-17.4425,0.8645,-14.7,12.9,40.8335,90.6,383,7.655,-79.4,-2.59,2.32,278,354,6.1395
1,19.75,0.17,9.87,1.875,-0.041,-18.4,0.864,-18.977,12.2,41.962,90.6,383,7.125,-78,-2.424,2.4,277,351,6.16
1,20.25,0.171,9.722,1.904,-0.045,-19.9,1.125,-21.8,11.7,42.237,90.6,383,6.825,-77.4,-2.33,2.38,276,348,6.195
1,20.75,0.181,9.52,1.85,-0.0395,-21,1.065,-24.3,11.1,43.4,90.6,383,6.84,-75.9,-2.16,2.4,274,347,6.33
1,21.25,0.172,8.79,1.85,-0.0585,-21.2165,1.11,-26.1,10.6,45.673,90.6,383,6.22,-74.157,-2.15,2.355,275,344,6.39
1,21.75,0.166,8.7,1.85,-0.062,-20.8,1.02,-28.2,10.2,46.3095,90.6,383,5.935,-73.2,-2.01,2.38,273,342,6.4
1,22.25,0.163,8.24,1.878,-0.067,-20,1.12,-29.5,9.74,46.3,90.657,383,5.72,-72.9,-2.04,2.29,272,340,6.35
1,22.75,0.169,7.94,1.907,-0.0655,-20.336,1.1,-30.6,9.32,46.5435,90.7,383,5.605,-71.6,-1.98,2.23,271,338,6.485
1,23.25,0.158,7.505,1.87,-0.085,-19.4,0.858,-31.1,8.94,47.527,90.644,383,5.34,-70.4,-1.94,2.24,270,335,6.43
1,23.75,0.1625,7.25,1.865,-0.109,-18.1,0.637,-32.4,8.56,47.455,90.632,383,5.04,-69.7,-1.83,2.24,270,334.33,6.48
2,0.25,0.186,7.9,1.9,-0.038,-21.35,1.9365,-35.3,9.76,53.498,90.4,381,4.8,-75.8,-2.02,2.4,272,341,6.975
2,0.75,0.183,7.56,1.93,-0.0665,-21.35,1.839,-36,9.4,54.6285,90.4,380.5,4.905,-74.9,-2.01,2.39,271,338,7.01
2,1.25,0.182,7.59,1.92,-0.055,-20.3,1.69,-36.566,9.15,55.488,90.4,380,4.6,-74,-1.98,2.31,271,337,7
2,1.75,0.17,7.34,1.89,-0.059,-19.6,1.76,-37.2,8.84,57.28,90.4,380,4.39,-73.4,-1.9,2.34,271,337,6.97
2,2.25,0.173,7.12,1.893,-0.068,-18.6,1.56,-36.9,8.54,60.009,90.4,380,4.17,-72.1,-1.87,2.3,272,337,7.04
2,2.75,0.175,6.883,1.803,-0.0635,-17.8,1.295,-37,8.36,60.351,90.4,381,4.03,-71.7,-1.88,2.26,270,336,7.06
2,3.25,0.164,6.62,1.84,-0.052,-17.3,1.135,-37.3,8.04,60.7535,90.4,381,4.02,-71.5,-1.916,2.25,268,334,7.135
2,3.75,0.165,6.48,1.84,-0.062,-17.706,1.41,-37,7.85,63.6,90.4,381,3.96,-69.17,-1.85,2.21,268,333,7.12
2,4.25,0.158,6.202,1.835,-0.0675,-17.5465,1.545,-37.6,7.644,63.1565,90.4,381,3.565,-69.9,-1.79,2.21,268,333,7.182
2,4.75,0.153,5.99,1.76,-0.0815,-16.2,1.1065,-37.6,7.468,63.9095,90.4,381,3.425,-69,-1.85,2.23,268.646,332,7.1455
2,5.25,0.149,5.88,1.754,-0.0735,-16.45,0.7575,-37.2,7.18,62.409,90.4,381,3.675,-70,-1.8,2.27,266,329.604,7.106
2,5.75,0.155,5.68,1.725,-0.049,-17,1.074,-38,6.96,64.059,90.494,381,3.48,-68.876,-1.78,2.22,267,329,6.95
2,6.25,0.154,5.38,1.78,-0.057,-16.74,0.916,-39.404,6.75,66.332,90.464,380,3.21,-68.5,-1.75,2.24,266,329,7.05
2,6.75,0.155,5.52,1.7625,-0.064,-16,1.01,-39.337,6.57,64.448,90.5,380,3.09,-68.1,-0.999,2.37,267,328,7.09
2,7.25,0.148,5.38,1.7,-0.122,-15,1.4,-39.8,6.42,64,90.5,380,3.29,-54.9,10.5,4.753,265,328,7.025
2,7.75,0.1535,6.62,1.48,-0.301,-7.03,3.75,-38.8,6.3,60.158,90.5,380,3.71,-3.31,79.2,19.3,265,334,7.12
2,8.25,0.152,8.86,1.08,-0.746,12.45,9.8765,-36.4,6.56,50.18,90.5,380,5.81,72.6,180,31.6,269,343.448,7.185
2,8.75,0.16,11.1,1.08,-0.986,42.5,19.251,-30,7.06,42.6,90.5,381,7.71,159,287,43,273,357,7.09
2,9.25,0.186,12.1,1.16,-1.079,74.1,25.8,-19.3,8.24,38.512,90.5,382,8.38,239,397,57.5,279,370,7.11
2,9.75,0.204,12.9,1.395,-1.1195,102,30.7865,-4.21,9.71,36.1095,90.5,383,10.02,305,490.9825,73.7,281,383.5,6.94
2,10.25,0.223,13.8,1.44,-1.1,126.876,35.65,14.2,11.5,32.708,90.5,383,10.925,362,579,91.149,285,398,6.89
2,10.75,0.226,14.7,1.61,-1.16,145.009,40.2,32.16,13.5,29.851,90.5,383,12.22,408,654,108,289,410,6.66
2,11.25,0.258,15.938,1.8,-1.035,171,41.5345,49,15.3,28.208,90.451,383,13.36,448,715,123,293,425,6.51
2,11.75,0.265,16.7,1.79,-0.885,187,43.2,63.05,16.851,26.639,90.4,383,14.41,470.5,757.5,133.4295,295,436,6.52
2,12.25,0.292,17.4,2.043,-0.9,200,43.9635,71.65,18.31,24.63,90.399,383,15.93,480.5,782.5,139.2035,296,445,6.33
2,12.75,0.3005,18.1,2.16,-0.787,206,43.524,80.7,19.747,22.524,90.33,383,17.42,477.1435,792.5,143.2825,298,450,6.08
2,13.25,0.316,18.5,2.33,-0.7985,210.9895,42.9,86.7,21,22.0035,90.3,383,17.95,465,779,143.5,301,455,6.13
2,13.75,0.3325,18.7235,2.41,-0.748,208,39.8,89.5,21.8,21.272,90.2835,382,18.37,437,747.5,138.635,300.081,457,5.87
2,14.25,0.3755,18.95,2.65,-0.647,193,37.35,88.65,22.45,21.272,90.2265,382,18.86,393.5,694.5,130.137,303.5,456,5.9365
2,14.75,0.389,19.2,2.741,-0.534,177,33.981,85.1,22.609,20.7,90.2,382,19.31,347,631,119,306,453,5.71
2,15.25,0.395,19.1,2.83,-0.512,157,31.4,76.9,22.4,21.155,90.2,382,19.115,288,546,103,305,446,5.698
2,15.75,0.411,19.1,2.86,-0.4525,133,28.0345,68.4,21.9,21.5185,90.2,382,18.475,217,457,85.45,301,437,5.73
2,16.25,0.406,18.8,2.88,-0.471,101.44,24.9,57.5,21.3,21.35,90.2,382,18.93,146,353,68.65,302,426,5.85
2,16.75,0.389,18.4,2.78,-0.389,62.9,22.12,45.6,20.3,22.369,90.2,382,17.53,70,245,49.8,300,414,5.92
2,17.25,0.376,18.2,2.62,-0.3095,25.8,16.255,31.9,19.03,22.794,90.2,381,17.2,-3.96,134,32.5,296,402,5.94
2,17.75,0.2945,17,2.153,-0.09,-5.11,9.275,18.3,17.9,23.963,90.2,381,15.895,-67.5,42.6,13.8,295,390,6.01
2,18.25,0.161,15.6,1.422,0.041,-11.15,1.895,6.27,16.8,28.641,90.3,381,13.4,-95.5,-0.384,2.28,291,378,6.345
2,18.75,0.105,13.8,1.244,0.024,-10,0.788,-4.65,15.7,34.566,90.3,381,10.63,-90.9,-3.729,2.031,286,368,6.5
2,19.25,0.117,12,1.54,0.0095,-10.95,0.894,-13.1,14.9,39.257,90.334,382,9.23,-87.729,-3.255,2.26,282,362,6.755
2,19.75,0.141,11,1.66,0.033,-17.3,1.58,-19.9,14.1,42.5805,90.4,382,7.905,-85.6,-2.82,2.3865,280,359,6.79
2,20.25,0.156,10.324,1.777,0.02,-18.1,2.01,-24,13.4,41.9795,90.4,382,7.64,-84.4,-2.47,2.558,279.298,356,6.77
2,20.75,0.175,9.71,1.8,0.0225,-20.8,2.775,-27.4,12.82,46.2925,90.4,382,6.765,-82.8,-2.331,2.57,279,353,6.8145
2,21.25,0.185,9.442,1.86,-0.009,-19.7,2.71,-29.8,12.2,48.241,90.4,381,6.57,-81.3,-2.235,2.56,277,350.934,6.93
2,21.75,0.188,9.34,1.86,-0.004,-21.028,2.32,-31.6,11.8,49.8945,90.438,381,6.19,-80.4,-2.23,2.53,275,348.949,6.96
2,22.25,0.184,9.04,1.91,-0.007,-21,2.2435,-32.9,11.349,50.057,90.463,381,5.62,-79.775,-2.16,2.49,274.207,346,7
2,22.75,0.182,8.67,1.9,-0.034,-21.1,2.08,-33.8,11,52.673,90.447,381,5.35,-78.6,-2.16,2.43,274,345,6.92
2,23.25,0.186,8.4,1.91,-0.014,-20.45,2.266,-34.2,10.5,53.713,90.493,381,5.165,-78.2,-2.07,2.46,272.688,344,7
2,23.75,0.188,8.16,1.93,-0.0255,-21.6,2.308,-34.4,10.1,54.109,90.498,381,5.41,-77.3,-2.03,2.42,273,342,6.975
3,0.25,0.194,11.5,1.95,0.056,-25.55,2.505,-36.504,15.269,41.5025,90.4,387,8.245,-83.3,-2.281,2.69,281,359,6.425
3,0.75,0.194,11.3,1.96,0.026,-24.8,2.595,-36.934,14.8,41.9805,90.4,386,7.945,-82.25,-2.235,2.676,279.092,358,6.47
3,1.25,0.184,11,1.95,0.008,-23.1,2.245,-37.266,14.4,42.997,90.4,386,7.465,-80.95,-2.2085,2.64,279.18,357,6.35
3,1.75,0.185,10.4,1.93,0.019,-22.981,2.12,-37.814,14,44.9,90.4,387,7.12,-80.25,-2.2085,2.6195,278,355,6.39
3,2.25,0.179,10.2,1.87,-0.008,-21.8,1.766,-38.3,13.6,45.281,90.4,386,6.86,-79.75,-2.15,2.5635,277.342,352,6.44
3,2.75,0.173,9.84,1.92,-0.039,-21.603,1.802,-38.9,13.2,45.517,90.4,387,6.11,-79.2,-2.189,2.555,276,350,6.47
3,3.25,0.181,9.66,1.905,-0.021,-22.7,1.984,-39.3,12.9,44.8365,90.304,387,6.6,-78.7095,-2.04,2.5855,276,349.2465,6.43
3,3.75,0.179,9.32,1.86,-0.032,-22.3,2.05,-39.3,12.5,46,90.4,387,6.23,-78.15,-2.12,2.58,275,347.9395,6.39
3,4.25,0.172,9.01,1.87,-0.037,-23.45,2.05,-39.9,12.3,48.4085,90.302,387,6.005,-77.5425,-2.043,2.53,274,348,6.41
3,4.75,0.177,8.84,1.9,-0.0375,-21.988,2.03,-40.2,12,49.804,90.4,386,5.565,-76.7,-2.02,2.56,273.8935,345.5215,6.425
3,5.25,0.177,8.72,1.821,-0.038,-22.1,1.9,-40.4,11.8,50.893,90.4,386,5.61,-76.436,-2.06,2.478,273.3125,344.6775,6.47
3,5.75,0.164,8.45,1.86,-0.0335,-21.355,1.6385,-40.5,11.5,51.46,90.4,386,5.49,-75.55,-1.95,2.57,273,344,6.495
3,6.25,0.16,8.006,1.85,-0.089,-19.7,1.69,-40.5,11.241,50.4675,90.4,386,5.145,-72.65,-1.1175,2.715,273,342,6.52
3,6.75,0.154,8.48,1.757,-0.189,-17.3,2.85,-40.7,11,50.4,90.4,386,5.16,-54.6245,20.8,7.4015,272,344,6.54
3,7.25,0.162,10.6,1.375,-0.566,-5.42,6.953,-39.6,11,46.458,90.4,385,6.695,6.2495,109,24.724,274,351.5,6.82
3,7.75,0.1625,13.4,1.04,-1.11,22.6,14.086,-36,11.3,36.172,90.4,385,9.485,88.95,218,36.8,278.2495,365.0165,6.7005
3,8.25,0.1805,15,1.115,-1.51,52.892,23.35,-28.437,12.3,32.17,90.4,387,11.68,182.382,333.066,49.3,283.4925,382,6.4215
3,8.75,0.1985,15.9,1.31,-1.6735,88.757,29.552,-17.011,13.6,29.841,90.4,387,12.915,270,447,66.9,288,397,6.525
3,9.25,0.223,17.15,1.4685,-1.685,120,35.6,-3.9695,15.2985,28.536,90.4,387,13.88,350.4505,562,89.3,291,413.5,6.41
3,9.75,0.235,18.25,1.619,-1.691,152,39.5,13.7,17.578,25.668,90.4,388,15.675,415.54,662,109,296,431.216,6.14
3,10.25,0.249,19.2,1.69,-1.5,183.5,41.534,34.467,20,23.66,90.4,388,16.9,470.784,751.308,129,300,447,6.0765
3,10.75,0.2645,19.779,1.84,-1.44,212,44.143,54,22.3,21.832,90.4,388,18.23,513.5,818,146.699,304,464.5,6.01
3,11.25,0.293,20.7795,2.093,-1.43,233,46.013,69.1,24.4,20.0135,90.394,388,19.58,543.878,878.5,159,307,479.227,5.71
3,11.75,0.334,21.45,2.35,-1.21,248.866,44.128,80.5625,26.2,19.1835,90.3,388,20.645,562.112,912,169,311,491.751,5.604
3,12.25,0.364,22.0025,2.54,-1.06,258,45.2,90.3,27.7,18.5145,90.3,387,21.06,563,929.2975,174,313,500,5.484
3,12.75,0.386,22.353,2.72,-0.929,265,45.4,96.4,29.15,17.426,90.2495,387,21.645,561,934.5,178,314,505,5.31
3,13.25,0.4105,23.3,2.933,-0.791,268,44.2,99.7,30.2,17,90.2,388,22.42,541,917.927,175.5895,316,510,5.333
3,13.75,0.425,23.745,3.12,-0.7095,259,39.4975,99.9,30.6,16,90.2,387,23.83,508,880,169.153,317,508.193,5.201
3,14.25,0.443,23.665,3.33,-0.651,247,42.7,97.6,31,16.295,90.115,387,23.7,468,824,160,317,507.083,5.16
3,14.75,0.474,23.7,3.334,-0.5355,227.5,36.509,92.792,31,15.254,90.1,387,24.86,417,754,147,319,501,5.025
3,15.25,0.469,23.6,3.39,-0.606,204.5,34.45,83.4,30.7,15.0575,90.1,387,25.265,361,672,130,318,490,5.0765
3,15.75,0.461,23.7,3.378,-0.598,178.453,30.4,73.6,30,15.224,90.1,387,23.965,290,574,109.782,315,483,5.15
3,16.25,0.455,23.6,3.318,-0.5815,142,28.7635,62.6,29.1,14.8075,90.1,387,23.565,215.028,469,89.4,314,471,5.087
3,16.75,0.479,23.4,3.38,-0.498,104.701,22.609,48.9,28.2,15.7,90.1,387,23.76,130,349,67.647,311,456,5.035
3,17.25,0.459,22.8,3.234,-0.366,58.362,19.6,36,26.9,16.716,90.1,387,22.665,42.252,225.274,46.8,309,441,5.072
3,17.75,0.42,21.89,2.8755,-0.225,13.553,13.95,24.6,25.7,17.7135,90.1,387,20.94,-32.527,114.973,29.7,307,428,5.032
3,18.25,0.3265,20.7,2.3755,0.021,-10.8,6.107,12.8,24.4,19.5,90.1,387,19.42,-92.6,26.039,10.1,304,413,5.2
3,18.75,0.1695,19.1,1.53,0.145,-15.8,1.82,2.544,23.1,20.837,90.2,387,17.18,-105,-2.59,2.49,299,398,5.425
3,19.25,0.117,17.5,1.445,0.134,-13.106,1.74,-6.68,22,24.904,90.2,388,14.85,-99,-3.88,2.59,296,388,5.67
3,19.75,0.127,15.9,1.65,0.091,-16.5,1.21,-14,20.9,29.405,90.208,388,12.91,-95.4,-3.47,2.77,295,382,5.87
3,20.25,0.145,14.8,1.74,0.127,-19.1,2.29,-19.792,19.9,32.201,90.3,388,11.42,-93.6,-2.965,2.946,293,377,6.008
3,20.75,0.165,14.7,1.83,0.126,-21.885,2.21,-24.1,19.1,33.1005,90.3,387,11.085,-91.6,-2.69,3.013,291,375,6.087
3,21.25,0.174,14.1,1.92,0.122,-23.35,2.604,-27,18.4,35.246,90.3,387,10.47,-90.295,-2.595,2.95,288.052,372,6.161
3,21.75,0.185,13.5,1.9,0.0975,-23.717,2.4105,-29.9,17.8,35.11,90.309,387,10.39,-89.3,-2.49,2.945,287,370,6.22
3,22.25,0.192,13.2,1.95,0.0945,-24.8935,2.34,-31.2,17.2,36.1,90.4,387,9.91,-87.5,-2.52,2.83,286,367,6.37
3,22.75,0.194,12.6,1.947,0.05,-23.95,1.875,-32.7,16.7,37.5,90.4,387,9.47,-87.1,-2.463,2.83,283.52,365,6.3915
3,23.25,0.197,12.3,1.93,0.055,-24.85,2.23,-34,16.2,38.3,90.4,387,8.93,-85.6,-2.42,2.77,283,363,6.43
3,23.75,0.195,12.1,1.97,0.0285,-24.2,2.46,-35.5,15.765,40.834,90.4,387,8.82,-84.1,-2.34,2.71,283,362,6.37
4,0.25,0.1965,14.9,1.9,0.123,-25.75,-0.004,-31,19.9,34.707,90.2,385,10.915,-90.3,-2.585,2.908,295.1945,379,7.47
4,0.75,0.197,14.881,1.915,0.093,-24.2,-0.055,-31.802,19.342,34.6,90.2,385,10.54,-88.85,-2.52,2.895,293.813,376.628,7.46
4,1.25,0.188,14.3,1.88,0.054,-23.55,0.1425,-32.7,18.8,36.2,90.2,385,9.91,-87.8775,-2.49,2.905,293.116,373,7.5
4,1.75,0.1835,13.7,1.8965,0.038,-23.267,0.137,-33.9,18.4,37.408,90.2,385,9.71,-86.2,-2.435,2.912,293,371,7.51
4,2.25,0.172,13.4,1.895,0.019,-22.842,0.026,-34.7,18,37.092,90.2,384,9.31,-84.95,-2.386,2.855,292.573,369,7.3315
4,2.75,0.173,13,1.833,0.0025,-22.8,0.222,-35.1,17.573,38.3615,90.156,385,9.085,-84.15,-2.3135,2.83,290.9845,366,7.32
4,3.25,0.177,12.4,1.873,0.001,-23.1,-0.028,-35.4,17.2,39.7,90.166,385,8.5,-83.1,-2.305,2.754,288.635,364,7.31
4,3.75,0.1705,12.2,1.91,-0.004,-22.7,0.049,-36,16.8,40.28,90.171,384,8.09,-81.65,-2.24,2.75,287.5,363,7.45
4,4.25,0.183,12.2,1.808,-0.008,-22.2,0.178,-36.402,16.4,41.7015,90.176,384,8.09,-80.9,-2.19,2.771,286.449,361.5,7.4
4,4.75,0.1775,11.7,1.835,-0.0195,-22.4365,0.298,-36.853,16.101,44.1315,90.2,383,7.855,-80.37,-2.13,2.78,286,360,7.355
4,5.25,0.171,11.6,1.815,-0.031,-22.2,0.265,-37.461,15.74,43.902,90.2,383,7.8,-80.05,-2.045,2.73,286.0295,360,7.523
4,5.75,0.1745,11.2,1.797,-0.0275,-20.25,0.222,-37.153,15.465,44.352,90.2,384,7.905,-76.1,0.159,3.3345,285,358,7.564
4,6.25,0.169,11.5,1.706,-0.199,-15.4,1.11,-37.3,15.2,43.826,90.2,383,7.87,-50.416,32.65,11.45,285,359,7.749
4,6.75,0.173,13.9,1.35,-0.624,-3.038,5.59,-36.9,15.153,39.92,90.2,381,9.94,9.114,113.5,25.55,289,369,8.044
4,7.25,0.163,16.306,1.05,-1.044,24.7,11.843,-34.2,15.611,34.5,90.2,382,12.12,94.05,225.5,38.2895,293.5,384.5,8.08
4,7.75,0.1955,17.9,1.24,-1.345,62,18.699,-28.6,16.6,30.102,90.2,383,13.74,187.3315,344.39,52.367,298,402.495,8.0345
4,8.25,0.209,18.7,1.49,-1.294,97.15,23.85,-19.1,17.9,28.42,90.2,384.5,15.36,275.731,461,71.35,302,420,7.88
4,8.75,0.249,19.777,1.67,-1.1845,136.7015,25.929,-7.07,19.958,26.291,90.2,385,17.04,354.5,581.8035,95.05,305.5,437.1965,7.854
4,9.25,0.269,21.05,1.825,-1.18,176.384,30.5,7.55,22.2,24.607,90.2,386,18.32,423,687,117,308,456,7.625
4,9.75,0.2845,22,1.9095,-0.9905,210.5,33.55,23.263,24.5,22.735,90.2,385,20.29,478,783,136.9815,312.5,474,7.366
4,10.25,0.297,22.9,2.14,-0.985,240,33.5,39.3,26.872,20.9155,90.2,384,21.32,526,863.5,154.963,318.5,491.227,7.203
4,10.75,0.338,23.8,2.29,-0.882,270.0675,35.8695,53.628,29.2,18.814,90.2,384.5,22.85,563.025,932.5,172,322,507.5,7.1255
4,11.25,0.379,24.331,2.77,-0.76,301,35.372,65.703,31.3,17.393,90.138,385,24.69,588,982,183,325,524,6.789
4,11.75,0.382,24.9,2.906,-0.551,305,36.3,75.8,33.4,16.234,90.1,385,26.28,603,1020,194,327,535,6.6365
4,12.25,0.419,25.3,2.94,-0.48,311.5,35.45,84.8,35.2,15.211,90.1,385,27.4,603.2805,1030,198,328,544,6.586
4,12.75,0.4305,25.8,3.23,-0.3075,326.8315,34.216,90.236,36.8,15.287,90.086,384,28.185,595.665,1030,201,328,550.7155,6.49
4,13.25,0.442,26.1,3.256,-0.276,330,32.845,93.9,37.852,14.6535,90,385.5,28.94,577.0785,1010,198,331,553.7385,6.27
4,13.75,0.46,26.4,3.335,-0.262,319.421,31.7,92.9,38.5,13.5775,90,386,29.74,548,973.748,191,330.547,554,6.22
4,14.25,0.4735,26.5,3.47,-0.206,312.245,30.886,91.3,38.8,13.103,90,386,30.47,510,924,182.289,331.7655,552,6.1
4,14.75,0.497,26.75,3.66,-0.2985,286.102,28.4855,89.1,38.9,13.4215,89.904,385,30.565,459,853,167,333,545,6.142
4,15.25,0.5145,27,3.73,-0.196,260,24.558,84.8,38.6,13.158,89.9,386,30.74,400.9065,766.3755,149.3605,332.552,537,6.06
4,15.75,0.531,27,3.75,-0.288,232.5,23.4205,76.8435,38.064,13.304,89.9,385.5,30.87,332,669,131.022,333,524,6.09
4,16.25,0.528,26.8,3.9,-0.359,195,20.3,66.9,36.801,13.2145,89.9,386,30.715,258.125,561.5,110,330.5,511,6.05
4,16.75,0.541,26.4,3.87,-0.2895,157.9235,18.95,54.812,35.1155,13.361,89.9,385,30.17,178,445,86.9,330.696,494,6.0235
4,17.25,0.534,26.2105,3.865,-0.276,110,15.317,43.25,33.959,13.6,89.9,385,29,96.3,323,64.7715,327.314,478,6.043
4,17.75,0.501,25.5675,3.63,-0.223,58.18,11.1,33.0505,32.9,13.907,89.9,385,28.23,9.9,195,43.2,324,461.865,6.1
4,18.25,0.4725,24.803,3.3705,-0.139,12.672,6.553,22.6,31.25,14.781,89.9,385,26.8,-63.9,88.387,25,320.44,445.142,6.0225
4,18.75,0.369,23.65,2.705,0.103,-16.5,1.95,12.8155,29.65,17.13,89.9,385,24.58,-110,12.3,6.63,318,433,6.25
4,19.25,0.233,22,1.895,0.149,-19.3,0.73,3.337,28.2,19.158,89.959,384,21.82,-114,-3.383,2.87,314.5,418,6.36
4,19.75,0.166,20.507,1.67,0.122,-19.3,0.3745,-4.76,26.8,21.1895,90,385.5,19.51,-107.797,-3.95,3.03,311,409,6.411
4,20.25,0.155,19.2,1.78,0.1775,-20.25,0.125,-11.8,25.8,22.285,90.071,386,17.19,-103,-3.55,2.97,307.6565,402,6.5
4,20.75,0.167,18.4,1.81,0.125,-20.7,0.309,-16.7,24.9,25.188,90.1,385,15.93,-101,-3.095,3.31,304.5,397.5,6.7275
4,21.25,0.182,17.627,1.87,0.181,-23.5445,0.2965,-20.1,23.952,26.7,90.107,385.5,14.9,-98.35,-2.977,3.335,302.304,393.5,6.812
4,21.75,0.202,17.483,1.936,0.157,-24.75,0.0885,-23.4,23.2,27.078,90.2,386,13.96,-96.75,-2.885,3.205,304,391,6.8825
4,22.25,0.214,16.5,1.96,0.153,-25.75,5e-04,-25.941,22.4,29.388,90.2,385,13.31,-95.65,-2.778,3.081,301.344,387,7.12
4,22.75,0.213,16.7,2.02,0.148,-27.4,0.055,-27.794,21.837,30.8,90.2,385,13.25,-94.0505,-2.68,3.08,300,386,7.32
4,23.25,0.2095,15.5,1.973,0.105,-24.95,0.0175,-29.3,21.145,31.672,90.2,385,12.38,-92.75,-2.71,3,297.5,382,7.28
4,23.75,0.2145,14.8,1.985,0.134,-27.144,0.372,-30.5,20.582,32.678,90.2,385,11.7,-91.4,-2.5795,2.9965,297,379.08,7.425
5,0.25,0.192,19.05,1.85,0.051,-24.0905,-0.6075,-30.9305,24.25,27.492,90.1,382,15.29,-94.1,-2.805,3.2085,310,400,7.29
5,0.75,0.172,18.7,1.86,0.047,-23.3,-0.603,-31.65,23.6105,28.699,90.1,383,14.58,-91.9,-2.717,3.11,308.5,397.901,7.33
5,1.25,0.167,17.75,1.78,0.0345,-22.3115,-0.577,-32.7,23,29.754,90.1,383,13.63,-90.75,-2.695,3.1,307.5,394.191,7.3265
5,1.75,0.163,17.35,1.835,-0.014,-22.521,-0.527,-33.8145,22.5,30.176,90.1,383,13.42,-89.6,-2.6005,3.08,305,389.801,7.255
5,2.25,0.1685,16.818,1.8565,-0.029,-24.3,-0.449,-34.8125,22.05,30.424,90.1,382,12.58,-88.35,-2.455,3.08,304,388,7.362
5,2.75,0.181,16.5,1.87,-0.035,-22.8,-0.176,-35.6,21.5405,30.9,90.1,382,12.23,-87.5005,-2.415,3.03,303,385.858,7.42
5,3.25,0.184,16.2925,1.89,-0.042,-22.8,-0.476,-36.2,21.15,31.6,90.1,382,12.07,-86.75,-2.31,3.05,302.57,384,7.37
5,3.75,0.185,16.164,1.87,-0.052,-23,-0.406,-36.6,20.65,32.187,90.1,382,11.84,-85.948,-2.4105,2.89,301.8295,382.5,7.476
5,4.25,0.179,15.75,1.85,-0.033,-24.0285,-0.457,-37,20.3,33.1755,90.1,381.5,11.49,-84.1,-2.38,2.92,300.8545,379.993,7.7325
5,4.75,0.1755,15.3,1.88,-0.0565,-24.608,-0.413,-37.274,19.85,33.551,90.1,381.5,11.015,-83.3675,-2.22,2.88,299.716,378,7.7155
5,5.25,0.179,14.9,1.8305,-0.0695,-23.4,-0.2955,-37.85,19.4875,34.908,90.1,381.5,11.07,-81.7915,-0.852,3.1665,298.5,377,7.8125
5,5.75,0.177,15.15,1.77,-0.114,-19.703,0.163,-38.15,19.1,33.743,90.1,381,11.2,-63.95,25.25,10.9745,298.693,379,7.5465
5,6.25,0.165,17,1.46,-0.327,-7.84,2.317,-37.55,19,32.5805,90.1355,379,12.855,-9.56,102.5,26.0095,301,386.397,7.7775
5,6.75,0.174,19.5,1.12,-0.485,16.264,7.334,-35.5775,19.25,28.8,90.1425,379,15.93,69.943,205.782,38,306,401.4375,7.88
5,7.25,0.188,21.204,1.21,-0.6645,50.1435,11.969,-31.55,19.811,24.36,90.169,381,18.75,158,317.7325,51.65,312.442,418.5,7.72
5,7.75,0.226,22.2,1.51,-0.687,85.299,15.442,-24.95,20.9,23.13,90.187,382,20.43,241,433.5,70.8,317,438,7.719
5,8.25,0.232,23.4,1.63,-0.494,125,19.04,-16.2,22.333,21.369,90.2,383,21.83,318,548.805,93.7,321,458,7.59
5,8.75,0.262,24.3,1.9,-0.4905,161.5,20.972,-5.59,24.3,19.861,90.2,383,23.94,386,657,116,325,479,7.4
5,9.25,0.285,25.2,2.03,-0.424,197,23.1,7.84,26.925,18.8475,90.151,382,25.41,445,755,139,329,498.312,7.257
5,9.75,0.2815,26.1,2.03,-0.368,232.6995,24.367,24.3,29.8,17.8915,90.123,382,27.215,496.985,844,159,332,520,7.01
5,10.25,0.347,26.95,2.437,-0.2635,261,26.7,40.05,32.529,16.1905,90.1,382,28.865,539.5,919.5,177,336,538,6.963
5,10.75,0.3695,27.75,2.623,-0.143,287,24.4,53.9,34.9,14.619,90.1,381,30.16,571.9245,981,192,339.5,553,7.008
5,11.25,0.429,28.4,3.098,-0.0875,313,26.6035,65.8,37.1,14.212,90.1,381.5,31.855,593,1028.396,203,342.001,566,6.52
5,11.75,0.458,28.859,3.27,0.132,334.152,24.3205,75.8,38.9805,13.719,90.1,382,34.01,608.328,1060,211.5,347,578.972,6.57
5,12.25,0.474,29.597,3.504,0.098,347,24.1,83.1,40.6,12.894,90.028,381,34.25,609,1070,217,349.5,586.5,6.308
5,12.75,0.499,30.024,3.5,0.2655,341.7965,23.148,88.2,42.094,12.1665,90,381,35.395,598,1070,217,351.2495,593.9745,6.475
5,13.25,0.494,30.3,3.66,0.341,343.845,23.1,92.511,43.4,12.052,90,382,38.15,580.4415,1050,214,353,596.5,6.35
5,13.75,0.511,30.7,3.756,0.2735,341.1875,21.0065,93.986,44.2,11.881,90,382,39.17,555,1013.089,206,354,593.409,6.2435
5,14.25,0.515,30.9205,3.72,0.233,336,21,94.15,44.7,11.7,89.9,382,39.03,517,963,196,354,592,6.22
5,14.75,0.532,31.1015,3.935,0.239,312,17.658,92.45,44.95,11.714,89.9,381,38.26,468,896,183,354,587,6.15
5,15.25,0.542,30.9,4.12,0.278,286.706,17.5,87.5,45.034,11.2,89.9,382,38.82,411,815,168,353,576,6.025
5,15.75,0.533,30.9,4.1,0.141,256,15.4,81.693,44.3,11.173,89.8395,382,39.04,350,722,149,352.14,566,5.92
5,16.25,0.532,30.836,3.919,0.042,223,14.15,71.6,43.1,10.94,89.8,382,38.81,279,616,127,351,550.5565,6.16
5,16.75,0.5545,30.552,3.98,0.0265,186,12.6,58.6385,41.8,10.9535,89.8,382,38.515,205,504,104,349.097,533,5.96
5,17.25,0.546,30.1515,3.975,-0.035,142,9.93,48.65,40.6965,11.396,89.8,382,37.41,130,389,80.8,347,517.443,5.9985
5,17.75,0.537,29.842,3.9135,-0.079,95.9,8.17,40.8,39.35,11.6075,89.8,381,36.32,50.1,266,58.7,344.167,500,6.07
5,18.25,0.511,29.1755,3.712,-0.1155,45.9295,5.645,31.05,37.9,12.1085,89.8,381,35.11,-27,152,37.6,342,482,6.06
5,18.75,0.4525,28.2,3.27,-0.077,2.03,2.238,20.2095,35.861,13,89.8775,381,33.04,-92.3,56.4,19.1,338.19,467,6.21
5,19.25,0.3615,26.8,2.625,0.0225,-16.4,-0.129,9.82,34.011,14.122,89.9,381,30.29,-120,2.77,4.66,335,453,6.385
5,19.75,0.2525,25.55,1.95,-0.005,-15.7,-0.372,0.7525,32.3065,15.815,89.9,381,27.215,-120,-3.82,3.34,331,442,6.454
5,20.25,0.2005,24.2,1.785,0.0325,-19.5965,-0.3375,-7.325,30.9,17.6,90,382,24.35,-113,-3.96,3.32,327,433,6.5535
5,20.75,0.1915,23.3,1.8225,0.0735,-22.031,-0.359,-13.5615,29.8,19.1,90,382,22.5,-109.052,-3.62,3.48,323.983,427,6.771
5,21.25,0.197,22.523,1.844,0.077,-22.75,-0.7845,-18.3,28.7105,20.397,90.072,382.7475,20.74,-106,-3.345,3.54,322,421,6.802
5,21.75,0.2145,21.85,1.911,0.097,-24.704,-0.5255,-22.05,27.9005,21.7675,90.1,382.5,19.82,-104,-3.28,3.5765,320,416.984,6.884
5,22.25,0.204,21.1,1.93,0.075,-24.2,-0.691,-24.6,27.1,22.727,90.1,383,19.24,-102,-3.05,3.485,318,412.704,7.023
5,22.75,0.211,20.8505,1.955,0.103,-26.747,-0.793,-26.9245,26.3,23.5,90.1,383,18.36,-99.7,-2.983,3.4,317,411,7.11
5,23.25,0.215,20.17,1.9305,0.1335,-27.0185,-0.752,-28.4105,25.6,25.002,90.1,382.5,17.505,-98.1,-2.815,3.345,315,408,7.239
5,23.75,0.201,19.65,1.91,0.078,-25.5905,-0.685,-29.9535,25,26.413,90.1,382,16.67,-97,-2.79,3.33,312,405,7.28
6,0.25,0.1645,24.7,1.74,0.115,-21.65,-0.6905,-30.2685,29.85,25.914,90,380,21.57,-93.745,-2.755,3.41,340.377,429.5,8.48
6,0.75,0.158,24.1,1.745,0.076,-20.6,-0.719,-31.25,29.3,27.021,90,380,20.69,-91.0815,-2.697,3.261,337.6885,426,8.64
6,1.25,0.163,23.4,1.755,0.0545,-20.6695,-0.7725,-32.3495,28.7,27.217,90,380.5,20.06,-89.55,-2.63,3.21,337.088,423,8.85
6,1.75,0.153,22.774,1.78,0.058,-20.3125,-0.6155,-33.15,28.1,28.072,90,381,18.47,-88.011,-2.56,3.11,336.4675,419,8.916
6,2.25,0.161,22.15,1.78,0.0155,-19.8,-0.6405,-33.7,27.534,28.766,90,381,18.13,-86.7,-2.492,3.065,333.964,417.093,8.8895
6,2.75,0.1605,21.77,1.8,0.007,-19.9,-0.565,-34.45,27.04,29.699,90,381,17.49,-85.85,-2.405,3.051,333,415,9.0645
6,3.25,0.159,21.4,1.81,-0.0065,-20.0655,-0.5415,-35,26.5175,30.69,90,380,17.39,-84.75,-2.29,3.09,332,412.1685,9.14
6,3.75,0.158,21.244,1.8,0.0265,-20.4175,-0.62,-35.577,26.0365,30.758,90,380,16.95,-83.45,-2.275,3.09,330.5,411,8.985
6,4.25,0.1615,21,1.753,-0.008,-19.66,-0.659,-35.661,25.6525,30.951,90,380,16.475,-82.65,-2.29,3.02,330,408.3875,8.858
6,4.75,0.166,20.7,1.81,-0.0235,-19.8,-0.4315,-35.85,25.189,31.807,90.0125,380,16.13,-81.85,-2.155,3.006,328.8925,407,9.054
6,5.25,0.163,20.3,1.79,-0.0255,-19.2105,-0.354,-36.274,24.842,32.104,90.1,380,15.67,-78.7,1.75,3.862,327,405,8.988
6,5.75,0.165,20.7,1.7315,-0.0935,-16.25,0.1365,-36.5,24.5,30.429,90.1,380,16.26,-53.5,40.2,14.5,328,407.4835,8.9925
6,6.25,0.165,22.9,1.32,-0.2055,-2.545,3.552,-35.8,24.3,28.3,90.1,379,18.95,5.07,121,28.9,332,418,8.8485
6,6.75,0.164,25.6,1.09,-0.2755,24.383,7.165,-33.568,24.7,25.886,90.1,379,23.14,81.9,218,40.6,337.099,437,8.71
6,7.25,0.177,26.8685,1.21,-0.372,52.4,10.8,-29.528,25.5,23.408,90.1,381,25.53,161,327.5,55.45,345,456,8.74
6,7.75,0.2065,27.7,1.39,-0.4605,85.15,14.2295,-22.7,26.584,21.1485,90.1,381,28.36,237.5,437,74.75,349,473,8.801
6,8.25,0.2235,28.8,1.567,-0.3235,122,16,-14.4,28,21.237,90.1,381,29.985,309,546.745,97.4,354,494.5,8.995
6,8.75,0.233,29.8,1.725,-0.2125,153.5,18.15,-4.3965,29.9,19.8265,90.1,382,31.96,373,649.5,119,359,514.146,8.864
6,9.25,0.2385,30.6,1.7865,-0.165,184.8395,18.754,9.415,32.3,18.3805,90.1,382,34.46,430,744,139.5,365,537,8.565
6,9.75,0.258,31.5,1.9,-0.252,221.5,21,24.9455,34.796,16.781,90.1,382,37.13,479,826,157.5,368,556,8.345
6,10.25,0.276,32.201,2,-0.239,246,19.848,39.7,37.3,15.934,90.1,382,39.29,517,899,174,372,574,8.26
6,10.75,0.301,32.9,2.29,-0.07,272.361,20.966,53.9,39.7,14.928,90.1,381,41.36,550,959,190,375.864,590,8.141
6,11.25,0.333,33.6,2.48,-0.102,295,20.791,65.541,41.9,14.354,90.018,381,43.93,571.115,1010,202,378,607,8.03
6,11.75,0.373,34.4,2.72,0.0315,322.5,19.2,74.8,43.8,13.7365,90,381,45.57,589,1040,210,382,618,7.7335
6,12.25,0.411,34.8,3,0.0265,327.293,18.55,82.7,45.8,13.1,90,381,47.625,590.644,1050,215,385,628,7.6655
6,12.75,0.448,35.3,3.19,0.051,344,16.9,89.3,47.3,12.852,90,382,49.57,580.716,1050,217,387,635,7.671
6,13.25,0.463,35.708,3.4,0.19,338.56,16.4,92.4,48.5,12.282,89.919,382,51.14,565,1030,214,386,638,7.65
6,13.75,0.4675,36.15,3.57,0.3925,338,16.9,94.2055,49.55,11.85,89.9,381.5,51.925,540.9575,1000.168,207,387,638,7.567
6,14.25,0.495,36.3,3.67,0.401,328.958,16.3,94.1,50.1,11.513,89.9,381,53.28,506,956,198,388,634.393,7.641
6,14.75,0.522,36.5,3.81,0.39,319,13.6,92.9,50.5,10.863,89.85,382,53.2,465,896,185,389,627,7.272
6,15.25,0.513,36.6,3.913,0.307,287.1115,11.8505,89.9,50.5,10.672,89.8,382,53.775,413,822,170,389,618,7.18
6,15.75,0.54,36.6,4.06,0.275,266,11.4,84.1,50.3,10.84,89.8,382,53.99,355,736,153,387,608,7.04
6,16.25,0.541,36.5,3.95,0.2495,232,9.895,74.914,49.3,11.032,89.8,382,53.545,289,636,134,386,594,7.457
6,16.75,0.555,36.3,4.07,0.194,193,7.88,62.6,47.8,10.759,89.756,382,53.08,219,532,112,385,579,7.28
6,17.25,0.525,35.9485,3.975,0.142,154,8.514,52.4,46.75,10.758,89.717,381,51.83,148,421.5,89.35,382,562,7.17
6,17.75,0.541,35.589,3.9955,0.0755,111,6.065,43.935,45.5,11.099,89.716,380,50.715,71.95,305,66.65,379.5,544,7.19
6,18.25,0.5175,34.95,3.805,0.003,65.9,4.97,34.85,43.9415,11.654,89.798,380,48.72,-3.5635,193,45.65,377,526.5,7.25
6,18.75,0.4905,34.25,3.595,0.002,20.7,2.43,24.15,42.2,12.141,89.8,380,46.41,-64.6495,92.9,27.275,374,509.048,7.23
6,19.25,0.404,33.1875,3,0.102,-10.7,0.877,13.387,40.4,12.943,89.8,380,43.49,-109,21.15,10.15,372,494.7815,7.51
6,19.75,0.2635,31.815,2.05,0.058,-17.925,-0.343,3.7,38.791,14.111,89.827,380,39.77,-121.1715,-3.01,3.4075,365,480.5,7.49
6,20.25,0.183,30.4,1.581,0.109,-16.7,-0.287,-4.365,37.2,15.4625,89.9,380,35.76,-115,-3.95,3.54,360,468,7.47
6,20.75,0.15,28.9,1.5645,0.0625,-15.906,-0.7165,-10.9,35.95,16.9405,89.9,380,32.265,-109,-3.975,3.465,356.7825,458,7.646
6,21.25,0.1615,28.1,1.645,0.1285,-20.7,-0.351,-16,34.7,18.315,89.97,380,29.995,-105,-3.46,3.72,354.1065,453.5,7.74
6,21.75,0.166,27.5,1.815,0.174,-22.02,-0.236,-20.15,33.7355,19.4405,90,380,28.5,-102.043,-3.14,3.815,353,450,8.27
6,22.25,0.1805,26.8,1.8195,0.138,-22.225,-0.815,-23.3,32.95,21.607,90,381,27.17,-101,-3.005,3.725,350,445,8.35
6,22.75,0.1815,26.4,1.82,0.151,-22.25,-0.803,-25.7,32.0515,23.5735,90,381,25.945,-99.15,-2.95,3.725,348,441,8.599
6,23.25,0.1895,25.85,1.7905,0.1815,-22.908,-0.733,-27.6,31.3,24.0285,90,381,25.205,-97.6025,-2.854,3.58,346.5,437.5,8.79
6,23.75,0.1615,25.25,1.765,0.1455,-21.916,-0.9155,-29.2,30.6,25.6,90,380,22.82,-95.15,-2.9225,3.3925,344,434,8.88
7,0.25,0.179,25.1,1.48,0.7265,-11.705,8.319,-38.451,28.961,59.73,90.2,384.562,13.585,-54,-1.5355,2.1625,399,443.224,22.3
7,0.75,0.1505,24.8,1.39,0.629,-9.8,8.12,-38.4115,28.594,61.24,90.2,385.374,12.78,-53.65,-1.61,2.195,395,441.881,22.6
7,1.25,0.1555,24.45,1.359,0.656,-11.553,8.981,-38.6,28.201,62.623,90.2,386,12.23,-52.7545,-1.49,2.2465,393.9745,440,22.9
7,1.75,0.149,24.112,1.38,0.655,-10.65,7.59,-39.3655,27.8835,62.849,90.2,386.595,11.49,-52.95,-1.415,2.17,392.8995,438,22.9
7,2.25,0.1485,23.9,1.36,0.635,-10.15,5.41,-39.699,27.5,65.5425,90.2,386.656,10.685,-52.5105,-1.4,2.19,391.305,436,22.5
7,2.75,0.139,23.9,1.3555,0.635,-10.3,7.54,-39.6,27.178,65.528,90.2,387,10.35,-51.85,-1.593,2.14,389.5,436,22.5
7,3.25,0.1345,23.6975,1.33,0.494,-10.1415,5.9345,-39.15,26.95,65.6815,90.2,387.5,9.945,-51.65,-1.44,2.17,387.453,435.4695,22.7
7,3.75,0.139,23.55,1.25,0.464,-9.701,6.13,-38.924,26.6335,68.206,90.2,388,9.36,-52.5,-1.48,2.04,385,433.697,22.9
7,4.25,0.126,23.4,1.24,0.4865,-8.832,4.93,-38.8365,26.4,69.1405,90.2,387.077,8.855,-53.2595,-1.54,2.129,384,432,22.6
7,4.75,0.132,23.0865,1.278,0.39,-9.14,5.44,-38.32,26.1,68.635,90.204,388,8.85,-52.3645,-1.391,2.15,383,430,22.482
7,5.25,0.122,22.7,1.205,0.5585,-9.26,6.06,-38.45,25.853,71.739,90.3,388,8.2,-51.933,-0.2945,2.285,383.106,429,22.35
7,5.75,0.1275,22.9005,1.16,0.48,-7.46,6.414,-38.3425,25.55,72.7085,90.3,388,7.68,-37,16.35,5.73,383.2565,430,22.8
7,6.25,0.134,23.496,1.065,0.093,-1.731,10.8,-36.65,25.42,70.1175,90.3,386,8.845,-1.008,62.0935,13.729,383.3165,434.4885,22.937
7,6.75,0.1455,24.859,1.035,-0.1625,12.4,24.7215,-33.6,25.728,65.439,90.3,386,10.85,61.031,150,25.007,386.5885,441,23.2205
7,7.25,0.1805,26,1.13,-0.3765,34.05,36.93,-28.358,26.35,59.527,90.3,385,13.945,141.9865,259.587,36.2,391.7385,453,23.1925
7,7.75,0.2045,26.86,1.46,-0.476,63.8,47.203,-20.005,27.05,56.955,90.3,384,15.71,222,364.5,49.85,394,466.9665,22.8
7,8.25,0.2235,27.8045,1.545,-0.741,94.883,57.9075,-8.943,28.028,54.3685,90.305,383.35,17.23,306,477.102,69.344,397.173,481,22.491
7,8.75,0.234,28.55,1.666,-0.767,121,57.5,3.567,29.4155,50.112,90.3045,383,19.24,376,580.8155,87.6305,400.6095,494,22.266
7,9.25,0.235,29.25,1.825,-0.566,143,78.4,18.331,31.45,47.359,90.322,382,21.89,434.538,676.454,104.6565,405.223,510,21.951
7,9.75,0.2465,30.05,1.818,-0.7125,164.1305,74.447,35.95,33.664,45.3195,90.3,380.8165,23.29,487.111,763.3475,124.045,408.082,526.0865,21.65
7,10.25,0.257,30.8,1.91,-0.623,194.999,71.966,55.25,35.45,41.017,90.3,380,26.51,534.4215,839,142.5515,411.1225,542.254,20.6095
7,10.75,0.2695,31.27,1.9735,-0.625,218.4635,81.569,69.35,37.4,39.1875,90.3,380.5,28.515,566,896.602,154.5,416,555.371,20.21
7,11.25,0.283,31.8,2.04,-0.646,231,78.7,83.872,39.1,37.847,90.3,381,30.35,588.503,947,164.329,419.156,568,20.1
7,11.75,0.284,32.4,2.21,-0.4965,244.5,72.397,92.1,40.404,35.963,90.299,380.4315,31.71,603,976.714,170.135,422,573,20.1
7,12.25,0.2935,32.8,2.31,-0.331,254,73.891,98.427,41.75,34.471,90.209,380,33.54,600.5,991.0245,173.0895,424.5005,584.5,19.4
7,12.75,0.3175,33.3,2.4495,-0.363,261,69.876,102,42.658,32.636,90.2,380,35.02,586,947.6025,171.292,427.051,583.338,19.2
7,13.25,0.329,33.6,2.58,-0.298,264.9065,72.85,99.2,43.281,31.9705,90.185,379.5,36.38,567,908,169.585,428.462,583,19.1
7,13.75,0.3555,33.85,2.65,-0.1145,242.891,71.15,100.934,43.767,30.814,90.112,378.5,37.62,520,835.782,151,429.8405,581,18.85
7,14.25,0.3665,34,2.82,0.133,223.116,65.9575,96.2205,44.15,30.8185,90.1,378.5,37.77,485.5,771,146,430.3185,576.851,18.75
7,14.75,0.3825,33.976,2.811,0.193,216,62,91.358,43.8905,30.704,90.1,380,37.46,444,741.6135,133.929,427.877,571.5,18.7
7,15.25,0.394,34.05,2.95,0.017,197.245,64.109,85,43.5995,29.672,90.067,378,39.84,396,659.2075,123.915,426.8665,566.2195,18.803
7,15.75,0.415,33.6,3.06,0.031,181,60,72.762,43.211,31.555,90.006,378,37.96,345.6485,574.3575,105.044,424.833,556.179,19
7,16.25,0.401,33.75,2.905,0.2465,152.97,58.15,61.4,42.4,31.03,90,378,37.4,239.7225,474.5,84.916,424,546.937,18.7645
7,16.75,0.404,33.438,2.94,0.36,110.5,53.35,46.9,41.345,30.732,90,377.5695,37.25,164,338.5,60.7565,424,533,19.0245
7,17.25,0.39,33.039,2.9,0.249,98,42.9645,32.4,40.397,31.949,90,379,36.84,85.2,218,41.882,421.004,522.453,19.276
7,17.75,0.382,32.3,2.75,0.3765,46.451,37.1435,19.564,39.1,34.608,90,376.732,33.23,46.6,141.601,26.6,420,509.963,19.807
7,18.25,0.363,31.789,2.577,0.4985,23.1535,33.4,9.47,37.9,35.7445,90,377,31.55,4.124,83.8,16.7,420,499,19.836
7,18.75,0.324,31.1,2.312,0.488,3.758,22.205,-0.819,36.961,39.2815,90,379,28.51,-31.9,44.9,10.2,418,491,20.15
7,19.25,0.297,30,2.128,0.602,-5.229,14.1,-10.4,35.6,43.178,90.083,380,25.32,-52.378,11.636,4.74,415.11,481,21.073
7,19.75,0.252,29.024,1.8,0.566,-7.255,9.18,-19.2,34.7,45.1765,90.1,381,23.59,-60.2,-1.445,2.062,412.156,471.757,21.3
7,20.25,0.189,28.3,1.554,0.712,-7.28,9.03,-25.9,33.8,47.304,90.1,382.958,21.24,-59.6,-2.2,2.09,413,466,21.2
7,20.75,0.183,27.8,1.61,0.765,-8.79,10.452,-29.7,32.8,48.976,90.2,384,19.5,-54.735,-1.84,2.29,413,461.957,21.327
7,21.25,0.197,27.4,1.58,0.743,-9.904,10.457,-33,32.201,50.13,90.2,385,18.78,-54.319,-1.75,2.225,408.937,458,21.2
7,21.75,0.184,26.9,1.62,0.708,-10.598,10.5225,-34.8,31.6,53.5325,90.2,384,17.395,-52.9,-1.79,2.19,405,455,22.2
7,22.25,0.186,26.481,1.55,0.6975,-9.8075,9.1255,-36.7,31,54.7615,90.239,385,16.305,-52.3,-1.79,2.17,403,451.666,21.9935
7,22.75,0.177,26.1,1.52,0.6455,-12,8.809,-37.3,30.4,56.5695,90.252,384.7515,15.575,-52.4,-1.6,2.19,402,449,21.9605
7,23.25,0.163,25.518,1.53,0.736,-11.96,7.825,-38.4,29.888,58.06,90.261,384.193,14.605,-54.4,-1.63,2.17,399.772,446,22.0125
7,23.75,0.166,25.3,1.499,0.7635,-12.55,8.671,-39,29.31,58.751,90.243,386,14.045,-53.314,-1.68,2.18,398.412,444,22.503
8,0.25,0.165,25.038,1.51,0.904,-14.2,10.9,-37.55,29,58.27,90.3,383.662,13.35,-58.4035,-1.6195,2.38,389.332,443,21.5
8,0.75,0.1635,24.6795,1.455,0.762,-13.016,7.485,-37.85,28.5235,60.438,90.3,385.7325,12.69,-59.927,-1.6605,2.2285,388,441,21.6
8,1.25,0.157,24.4,1.418,0.713,-11.9,6.025,-38.0785,28.2,63.303,90.282,387,11.66,-59.6,-1.755,2.3295,386.752,438.973,21.8
8,1.75,0.147,23.9815,1.344,0.649,-11.355,6.61,-38.6,27.9,64.7835,90.248,385.726,11,-58.124,-1.686,2.333,383.5,436.928,21.8
8,2.25,0.144,23.85,1.3555,0.645,-11.3,8.34,-39.1,27.5,65.735,90.229,387,10.32,-58.049,-1.6035,2.375,384,436.1315,22.113
8,2.75,0.1265,23.6,1.28,0.568,-9.285,6.405,-39.05,27.2,67.5345,90.229,388.376,9.785,-56.886,-1.5465,2.26,382.5,434.5,21.7
8,3.25,0.1335,23.241,1.291,0.606,-12.3,6.33,-39.4,26.9,67.532,90.2225,387,9.3,-57.6515,-1.512,2.3,381.5,432.5,21.6
8,3.75,0.1365,22.994,1.315,0.572,-11.2435,6.3545,-39,26.69,69.1025,90.2335,388.853,8.61,-55.661,-1.45,2.22,381.876,431.7925,21.365
8,4.25,0.134,22.9365,1.3,0.63,-11.8,6.54,-39.6425,26.45,68.907,90.2505,389,8.81,-54.7,-1.436,2.28,380.8845,430,21.6
8,4.75,0.1315,22.8935,1.336,0.6255,-10.35,5.735,-38.891,26.2,71.1365,90.2555,386.76,8.395,-55.5,-1.47,2.24,379,429,22.45
8,5.25,0.1305,22.4,1.325,0.595,-10.967,4.959,-38.95,26,72.694,90.2845,387.689,7.59,-55.05,-1.433,2.17,378,427,22.396
8,5.75,0.13,22.1995,1.355,0.5035,-11.9465,4.8675,-38.625,25.7,73.572,90.3,388,7.66,-51.634,2.185,2.9835,377,426.6445,22.05
8,6.25,0.131,22.636,1.2235,0.104,-6.9655,8.585,-38.3165,25.65,72.236,90.3,387,7.78,-23.952,34.6,10.8255,377,428.954,22.238
8,6.75,0.1445,24.225,1.0285,-0.467,2.835,23.285,-35.8,25.6595,68.8395,90.3,384,9.835,28.737,112,21.8,379.5,436.9615,22.8
8,7.25,0.1505,25.7,0.9795,-1.0385,21.579,37.6,-31.8415,25.9565,61.713,90.3145,383,13.035,113.688,213.084,30.988,383.1525,447,22.85
8,7.75,0.169,26.8,1.098,-1.702,49.917,51,-25.244,26.6,58.4085,90.342,381.342,14.545,199,321,42.173,387,459,23.2
8,8.25,0.198,27.5,1.33,-1.63,76.3,60.1,-14.5,27.7,55.736,90.353,382,16.27,284.857,432,58.8,392,473,23.3
8,8.75,0.217,28.361,1.447,-2.29,110.133,79.9,-1.26,29.146,52.744,90.387,381,19.09,356.883,541,78.235,396,487,22.949
8,9.25,0.233,29.4,1.524,-2.52,138.5,84.469,15.785,31.2,48.931,90.356,381,20.915,429.553,643,98.394,399,503,22.1
8,9.75,0.231,30.115,1.55,-1.8835,160.2185,95.5965,37.021,33.1,46.2395,90.34,378.5,22.52,483,730.303,115,403,517.184,21.582
8,10.25,0.236,30.737,1.64,-1.8,185,89.9,55,35.5,43.054,90.358,378,25.28,532,810.945,132,407.65,534,21.1
8,10.75,0.241,31.5,1.72,-1.492,193.859,95.9,69.7,37.4,40.412,90.303,377,27.41,566,870,144.99,412,548.015,21.083
8,11.25,0.268,32,1.961,-1.6915,217,99.4,81.1,39.4,39.1535,90.3,377,28.955,587,918,156,414,562.806,20.768
8,11.75,0.268,32.5,2.06,-1.5,238.998,112,92.07,41,35.86,90.3,377,31.61,608,953.439,164.362,418.408,569.321,19.9
8,12.25,0.295,32.949,2.161,-1.25,238.9775,113.597,99.4,42.153,35.134,90.267,376,32.315,608,967,170.483,423,573.928,19.95
8,12.75,0.288,33.4,2.182,-1.1,253,107,103,43.25,34.494,90.2,376,33.11,602.5,968.5,171.607,423.5,586.4445,19.9
8,13.25,0.2915,33.7,2.295,-1.04,248.6,98.97,106.5,44.5065,33.856,90.2,376,33.95,586.5,954.5,171.441,424,585,19.4
8,13.75,0.323,34.048,2.36,-0.8025,238.9405,90.095,104,44.998,32.092,90.111,376,35.185,550,907.422,162.488,426,584,19.165
8,14.25,0.34,34,2.425,-0.649,232,89.262,101.809,44.6,30.915,90.1,376,37.04,507.15,834,150,425.676,577.032,18.4
8,14.75,0.358,34.2,2.57,-0.5745,201.9765,80.46,96.622,44.7,29.191,90.1,375,39.31,442,743,128.927,424.967,572,18.1955
8,15.25,0.368,34.25,2.634,-0.747,191.4655,75.847,85.6,44.2,29.0835,90.039,375,40.605,385,671.179,120,425,566.409,18.15
8,15.75,0.373,34.145,2.48,-0.482,165,67.047,75.995,44.2,30.259,90,376,39.34,305,555,99.609,423,557.57,18.3
8,16.25,0.369,33.843,2.663,-0.37,136.0115,63.15,61.4,42.9,30.91,90,375,37.315,248,473,87.55,421.016,550,18.5095
8,16.75,0.364,33.6,2.713,-0.177,112,62.646,46,41.5,31.689,90,376,35.46,158,339.482,61,421.083,531,19
8,17.25,0.368,32.8,2.68,-0.067,77.6,53.15,30.7,40.3,32.065,90,375,33.99,84.564,239,45.233,421,520,18.6
8,17.75,0.3645,32.1,2.475,0.0865,39.3525,45.65,18.35,39.025,35.108,90,375,31.255,21,128,22.75,417,506,19.136
8,18.25,0.329,31.22,2.265,0.387,9.275,28.6885,6.425,37.5655,36.298,90,376,29.665,-20.6,62.1,13.1705,414.0685,494.434,19.46
8,18.75,0.283,30.85,1.955,0.555,-1.88,18,-2.639,36.25,40.975,90.076,376,26.3,-52.4755,21.9,6.64,412.098,485,20
8,19.25,0.213,29.6,1.5535,0.717,-6.53,9.51,-13.461,34.9145,42.619,90.1,378,24.13,-67.058,-0.297,2.5025,410.203,475.3645,20.5
8,19.75,0.1765,28.8115,1.435,0.817,-8.48,7.525,-20.7,34.016,47.0505,90.1,379,21.69,-66.2,-2.38,2.23,409.6635,469,20.9
8,20.25,0.1985,27.99,1.5995,0.7985,-9.34,8.7595,-26.4435,33.2445,49.083,90.158,382,19.59,-63.9995,-2.345,2.41,404.991,464,20.5
8,20.75,0.1925,27.45,1.6185,0.979,-12.85,12.8,-30.05,32.6,52.5625,90.2,383,17.61,-61.143,-2.04,2.448,405,460,21.1905
8,21.25,0.1905,27.15,1.555,0.807,-11.15,9.545,-32.769,31.988,53.715,90.2,384,16.825,-62.8,-2.03,2.4255,401.1615,457,21.25
8,21.75,0.187,26.802,1.565,0.816,-13.3,9.967,-34.15,31.4105,51.8805,90.2415,384,17.015,-62.6,-1.9035,2.42,398.989,454.2945,20.9
8,22.25,0.181,26.4065,1.6135,0.907,-13.3,10.2,-36.1,30.8,53.55,90.288,386,15.84,-61.4255,-1.865,2.36,396.194,452.121,21.1
8,22.75,0.1815,25.843,1.614,0.886,-13.25,11.4195,-36.6,30.3,55.7285,90.2785,385,14.56,-59.4955,-1.67,2.28,395,449,21.35
8,23.25,0.171,25.5,1.553,0.839,-13.7,10.107,-37.25,29.75,55.284,90.3,384,14.625,-58.5,-1.75,2.365,394,446.5445,21.15
8,23.75,0.1745,25.258,1.535,0.828,-13.8,11.7,-36.95,29.35,56.898,90.3,384,14.4,-59.5465,-1.65,2.385,392.4735,445.8175,21.5
9,0.25,0.177,22.8,1.65,0.497,-16.9385,3.841,-35.6,26.443,55.018,90.258,379,12.475,-70.8,-1.884,2.5845,367.827,426,18.05
9,0.75,0.176,22.5,1.61,0.4665,-16.1355,5.3,-35.945,26.1,57.2085,90.263,379,11.59,-69.3,-1.846,2.395,367,424.711,18.217
9,1.25,0.158,22.2,1.524,0.4415,-15.5,3.94,-36.7,25.703,58.5005,90.278,378.5,11.205,-68.3,-1.893,2.49,363,422.186,18.2375
9,1.75,0.157,21.735,1.513,0.3445,-13.95,4.0255,-37.4,25.4,61.2825,90.281,379,10.17,-67.875,-1.931,2.465,361.684,420.716,18.1005
9,2.25,0.157,21.45,1.57,0.3955,-14,3.585,-38,25.065,63.831,90.254,381,9.39,-67.6,-1.77,2.53,361,419,17.9215
9,2.75,0.155,21.2,1.5,0.4055,-14.818,4.4205,-37.9,24.709,64.675,90.254,379,8.69,-66.857,-1.662,2.47,358.638,418.205,17.948
9,3.25,0.144,21.007,1.43,0.321,-13.3,3.309,-38.1,24.384,64.5835,90.241,379,8.645,-65.7,-1.713,2.41,357.865,417.175,18.256
9,3.75,0.146,20.8,1.41,0.323,-13.1205,2.8425,-38.2,24.08,64.402,90.226,379.0575,8.68,-65.3,-1.68,2.44,357.207,415.642,18.4225
9,4.25,0.13,20.502,1.34,0.2905,-12.267,2.8785,-38.321,23.809,66.777,90.24,380.487,8.54,-64.668,-1.62,2.38,358,414.343,18.35
9,4.75,0.1335,20.38,1.4025,0.263,-11.9,3.695,-38.614,23.6095,67.693,90.2925,380.8775,7.79,-63.98,-1.59,2.421,355.896,413.3445,18.068
9,5.25,0.137,20.2,1.34,0.298,-11.5,3.59,-38.3345,23.3675,68.299,90.3,380.524,7.38,-63.6115,-1.6365,2.375,354.728,411.888,18.2
9,5.75,0.143,20.1,1.43,0.28,-11.9,2.791,-38.3985,23.1415,68.495,90.3,380.158,7.115,-62.65,-1.08,2.48,355.007,411.285,18.072
9,6.25,0.147,20.128,1.4405,0.261,-11.6,3.7965,-38.65,22.968,67.99,90.3,380,7.31,-49.051,10.6635,4.7365,354,411.6885,17.9845
9,6.75,0.147,20.9675,1.2885,-0.3815,-5.574,10.749,-38.2,22.861,65.388,90.3,377,8.325,-4.679,76.4505,18.394,353.783,416.593,19.2
9,7.25,0.151,22.9,0.982,-1.09,11.1855,24.964,-35,23.1,59.04,90.357,372.722,11.39,71.3,175.258,28.287,359.431,428,20.05
9,7.75,0.158,24.8,1.01,-1.5875,40.921,36.4,-28.2,23.8,54.566,90.389,373,14.03,161,285.094,37.255,365,438,19.375
9,8.25,0.18,25.519,1.167,-1.7415,71.05,47.627,-18.8,24.8,51.541,90.374,373.765,16.37,248,399,53.1,368,452,19.4435
9,8.75,0.201,26.527,1.3665,-1.58,100.742,53.2,-6.271,26.281,48.352,90.3845,374,17.04,322.4175,505.956,69.3,372.0415,467.2695,19.211
9,9.25,0.203,27.635,1.403,-1.85,126.304,61.771,9.869,28.223,46.702,90.388,372,19.44,391.137,606.865,90.283,378.053,483.057,18.908
9,9.75,0.221,28.564,1.495,-1.598,153.84,72.497,27,30.558,43.971,90.375,372.877,22.15,449.943,696,109.096,382,502,18.764
9,10.25,0.224,29.451,1.6285,-1.43,180.616,71.931,44.2,32.8425,41.658,90.343,372,24.04,496.937,773,126.076,385,516.9665,18.4
9,10.75,0.251,30.129,1.78,-1.435,203,77.55,59.034,35.1,38.827,90.3,371,26.26,534,835.85,139,389,535,18.2665
9,11.25,0.245,30.818,1.85,-1.07,221,69.939,72.5,37.101,36.056,90.3,371,28.24,555,880,149.812,392,544.519,17.646
9,11.75,0.274,31.323,2.02,-1.073,242,68.2,81.9,38.8,34.165,90.262,371,30,566.433,909,156.117,396.298,555,17.605
9,12.25,0.296,31.9,2.23,-0.8685,248.5615,73,88.702,39.873,32.4785,90.2,371.5,31.635,571,925.114,162.028,401,564,17.267
9,12.75,0.324,32.157,2.36,-0.794,251.669,70.6,93.261,41.217,30.676,90.2,370,33.75,555.145,914,161.465,402,569.576,16.4245
9,13.25,0.346,32.436,2.4775,-0.6145,239.893,71.3955,95.6575,41.8,28.4565,90.168,370.5,35.1,527.052,888,157.6805,403.135,572.09,15.432
9,13.75,0.348,32.555,2.47,-0.7205,232.622,64.646,92.3,42.316,28.0095,90.1,369.5,35.155,493.923,838,149,405,567,15.662
9,14.25,0.354,32.5,2.558,-0.7215,214,61.7785,89,42.1,27.5065,90.1,370.5,35.91,437.406,767.762,138.8095,407,563.709,15.598
9,14.75,0.347,32.759,2.502,-0.708,196,60.586,81.834,41.682,28.18,90.057,371,35.67,377.617,686.608,122.082,405,558,15.685
9,15.25,0.359,32.533,2.47,-0.5925,169.322,58.7,71.3,41.2,27.422,90,368.5,36.225,312,589.678,107.1985,404,546,15.223
9,15.75,0.3635,32.509,2.555,-0.429,140,50.1,60.0815,40.45,27.277,90,371,35.29,260.3915,511.5,91.8825,403.5985,533.5,15.2415
9,16.25,0.365,32.3045,2.554,-0.437,115,45.5,48.35,39.4,28.385,90,371,34.03,179,402.179,74,401.8175,524.0615,15.38
9,16.75,0.3555,31.8,2.405,-0.296,75.049,43.86,36.0505,38.2,28.725,90,371,33.83,106,289.642,53.541,398,512,15.563
9,17.25,0.329,31.476,2.339,-0.127,36.343,33.6,23.58,36.9,30.751,90,371,31.51,33.895,179.421,37.0565,395.431,497.6535,15.9
9,17.75,0.311,30.902,2.124,0.049,8.04,22.6,12.4,35.848,30.986,90,369,31.48,-28.053,81.1,21.281,391.694,486.308,15.77
9,18.25,0.251,29.517,1.82,0.277,-4.922,9.22,2.294,34.571,34.397,90.011,370,27.37,-69.906,17.509,5.95,387.823,471,16.386
9,18.75,0.177,27.8,1.45,0.4825,-7.629,6.201,-7.63,33.339,37.5645,90.1,372,23.08,-85.7,-1.7,2.4,383.847,458.117,16.7
9,19.25,0.182,26.6,1.53,0.493,-9.647,3.9,-14.81,32.3,42.5075,90.1,377,20.025,-84.356,-3.0775,2.4865,382.555,451.498,17
9,19.75,0.185,26.022,1.59,0.6155,-12.4,5.4585,-19.889,31.3,44.298,90.117,379,18.79,-79.9,-2.74,2.62,379,446.686,16.85
9,20.25,0.183,25.6,1.704,0.637,-15.5,5.915,-24.274,30.4,46.192,90.2,380,17.59,-78.5,-2.43,2.685,378,443.103,17.1
9,20.75,0.196,24.951,1.74,0.7205,-18.2,5.83,-27.4,29.688,48.3555,90.2,378.5,16.395,-75.7,-2.18,2.723,377,440.672,17.25
9,21.25,0.185,24.6,1.689,0.6825,-18.3835,6.286,-29.5,29.046,49.745,90.208,377.886,15.605,-75.6,-2.18,2.7375,374,438.183,17.202
9,21.75,0.182,24.265,1.66,0.6085,-18.3715,4.262,-31.14,28.492,50.564,90.231,377.527,15.165,-74,-2.103,2.66,372.093,436,17.3
9,22.25,0.179,23.7,1.66,0.652,-18.136,4.75,-31.551,27.982,52.297,90.238,378.294,14.43,-72.3,-2.069,2.636,373,433.747,17.4405
9,22.75,0.188,23.6,1.692,0.59,-18.116,5.62,-32.9,27.436,51.539,90.255,378,13.735,-72,-2,2.62,372.348,432,17.5
9,23.25,0.17,23.243,1.57,0.516,-18.1135,3.898,-34,27.057,55.8265,90.256,378.059,13.095,-70.9,-2.07,2.5675,369,428.988,17.115
9,23.75,0.176,23.202,1.683,0.504,-18.96,5.72,-35,26.631,55.02,90.254,379,12.93,-71.3,-1.893,2.6,366,427,17.723
10,0.25,0.194,17.6,1.89,0.066,-23.9,-0.362,-31.6,20.915,46.8265,90.3,378,10.395,-79.8,-2.18,2.7,319.08,393,11
10,0.75,0.182,17.455,1.88,0.005,-21.9,-0.437,-32.4,20.561,48.0205,90.3,378,9.87,-79,-2.1575,2.71,317,391,10.9
10,1.25,0.184,17.085,1.87,0.001,-21.617,-0.309,-33,20.2,50.514,90.308,378,9.44,-78.2,-2.1725,2.657,318,389,11
10,1.75,0.174,16.534,1.83,-0.021,-20.083,-0.412,-33.44,19.91,51.365,90.307,378,8.66,-77.934,-2.11,2.63,316,386.207,10.977
10,2.25,0.181,16.433,1.819,0.003,-20.7,-0.409,-33.684,19.561,51.526,90.3,377,8.43,-76.7,-2.059,2.66,315,386,11.1
10,2.75,0.186,16.3,1.861,-0.032,-21.2,0.017,-34.1,19.2,52.139,90.3,377,8.25,-76.209,-1.9735,2.65,313.556,385,11.2
10,3.25,0.172,16.101,1.78,-0.011,-19.8,-0.234,-34.6,18.912,53.84,90.3,377,8.185,-74.704,-2.06,2.595,312,383,11.1665
10,3.75,0.163,15.455,1.748,-0.048,-19.7,-0.254,-34.6,18.652,55.85,90.3,376,7.67,-73.899,-2.055,2.52,310,381.688,11
10,4.25,0.168,15.1,1.807,-0.041,-19.6,-0.0105,-35,18.4,56.8685,90.3,377,7.835,-73.5,-1.9125,2.59,311,380,11.2
10,4.75,0.167,15.1,1.78,-0.047,-19.3,-0.186,-35.125,18.1,57.1955,90.361,377,7.685,-72.599,-1.89,2.539,312,378,11.194
10,5.25,0.174,14.9,1.82,-0.073,-19,-0.027,-35.3,17.706,55.283,90.392,377,7.37,-72.4,-1.82,2.565,309,376,11.12
10,5.75,0.172,14.624,1.75,-0.056,-19.425,0.025,-35.7,17.5,55.754,90.4,377,7.07,-72.269,-1.873,2.56,309,374,11.1
10,6.25,0.166,14.4,1.78,-0.062,-18.2,-0.181,-35.9,17.3,58.964,90.4,377,6.96,-69.8,0.088,2.8345,309,375,11.1
10,6.75,0.161,14.9,1.729,-0.195,-15.1,0.438,-35.7,17.278,57.506,90.4,376,7.32,-47.3,28.8,9.89,308,375.178,11.2
10,7.25,0.161,16.9,1.332,-0.612,-1.23,4.509,-35.8,17.148,50.245,90.4,376,9.13,15.231,117,25.792,311,384.193,11.5
10,7.75,0.159,19.379,0.955,-0.97,26.1,11.4,-33.1,17.439,46.064,90.4,375,12.62,99.8,224,36.554,316,399,11.6
10,8.25,0.1615,21.1,1.0475,-1.257,57.3,19.03,-27.9,18.25,41.5275,90.4,377,14.91,188.4725,334.492,48.6915,321.0725,417,11.6
10,8.75,0.18,21.8,1.23,-1.18,88.687,22.3145,-19.8,19.865,37.916,90.4,378,16.23,265.057,438,65.3,326.395,432.312,11.647
10,9.25,0.2135,23,1.425,-1.08,121,27.3,-7.849,21.7275,36.129,90.4,378,18.16,332,536.663,85.454,329.948,449.52,11.5145
10,9.75,0.2185,23.8,1.525,-0.912,146,30.4575,7.5895,24.039,34.2545,90.4,378.5,20.19,389.6115,627.7715,104,334,466.263,11.5605
10,10.25,0.248,24.6825,1.63,-0.9765,176.1755,30.05,24.427,26.544,31.376,90.4,379,22.275,431,699.204,121,339.5,482,11.341
10,10.75,0.2595,25.75,1.755,-0.8845,196.2005,35.2,39.714,28.795,29.4525,90.4,378,23.51,466.323,761.9535,134.963,342,498.7765,11.1115
10,11.25,0.288,26.7755,1.96,-0.761,221.809,34.8,51.6695,30.8,27.828,90.3,378,26.21,487.6725,803,144.019,345,512,10.9
10,11.75,0.2985,27.49,2.176,-0.5345,227.365,34.544,61.8805,32.5975,25.931,90.3,378,27.625,493,821.9465,151,348,521.5,10.564
10,12.25,0.316,28.1025,2.2815,-0.58,237.532,32.666,67.9,34.235,24.806,90.3,378,28.71,490.8985,830.8125,154.989,350,529.9275,10.1545
10,12.75,0.346,28.4,2.46,-0.419,241,31.455,73.184,35.579,24.479,90.2,378,29.66,471.294,820,154,351,534.838,10.03
10,13.25,0.347,28.515,2.5,-0.472,235,30,74.8,36.5,24.058,90.2,378,30.665,447,787,151,353,536,10.15
10,13.75,0.361,28.973,2.618,-0.474,234,27.9,74.667,36.991,23.5015,90.1,378,31.62,408,740.378,142,355,535.849,9.873
10,14.25,0.373,29.1,2.68,-0.38,212,27.7,71.7,37.098,23.066,90.1,377,32.15,354,674.779,131.193,355.506,531,9.66
10,14.75,0.391,29.1,2.8,-0.367,192,24.376,67.4,36.88,22.8125,90.1,378,31.715,304,598,117,354,523,9.349
10,15.25,0.39,29.129,2.75,-0.39,164,21.9,60.7,36.3,22.572,90.1,377,31.92,238,506,100.59,354,516,9.41
10,15.75,0.399,28.9,2.8,-0.363,132.204,18.721,52,35.498,21.947,90.1,378,31.93,164,404,80.9,352,504.761,9.25
10,16.25,0.412,28.5,2.8,-0.3695,95.4,14.35,42,33.986,22.222,90.1,377,31.35,87.267,295,60.3,351.851,491,9.395
10,16.75,0.392,28.3,2.74,-0.355,54.7,10.6,31.251,32.74,23.1825,90.1,377,29.36,10.7,186,42.4,349,476,9.435
10,17.25,0.3665,27.3445,2.49,-0.2,11.1,5.94,20.8,31.276,23.4845,90.1,377,27.65,-56.6,78.3,24.2645,345.5,460,9.403
10,17.75,0.2715,25.95,1.96,-0.0455,-6.664,0.603,11.0145,29.9475,26.112,90.1,377,24.84,-99.1955,11.384,5.867,341.661,446,9.75
10,18.25,0.138,24.35,1.35,0.0235,-9.925,-0.1365,2.1165,28.69,29.831,90.1635,377,21.1,-103.8955,-3.21,2.5855,338,433,9.7795
10,18.75,0.1195,22.5435,1.405,0.013,-10.803,-0.598,-5.4575,27.5225,31.9245,90.2,378,18.215,-97.471,-3.9,2.65,334,424.448,9.815
10,19.25,0.1545,21.7345,1.7165,0.0875,-15.7795,-0.299,-11.6865,26.5595,36.028,90.2,379,15.71,-94.35,-3.23,2.99,330,419.0355,10
10,19.75,0.174,21.0745,1.7465,0.1185,-18.55,-0.3945,-16.53,25.7325,37.843,90.2675,379,15.07,-92.479,-2.805,3.1,328,415,10.144
10,20.25,0.1945,20.4,1.84,0.142,-21.171,-0.396,-20.15,25.0325,38.375,90.3,379,14.09,-90.2,-2.6,3.15,326.668,411.27,10.2775
10,20.75,0.1855,20.3,1.8645,0.1035,-21.5925,-0.418,-22.774,24.378,38.9385,90.3,378,13.835,-88.55,-2.556,3.055,325.1285,408,10.348
10,21.25,0.2025,19.8,1.9225,0.094,-23.5,-0.359,-24.55,23.705,40.745,90.3,378,13.13,-87.6595,-2.495,3.03,325.044,406,10.256
10,21.75,0.206,19.299,1.941,0.078,-21.908,-0.377,-26.2,23.1235,42.128,90.3,378,12.5,-85.6,-2.4665,2.96,323,403.5,10.373
10,22.25,0.1945,18.56,1.904,0.083,-21.5,-0.346,-27.7,22.5815,43.759,90.306,378,11.82,-83.898,-2.43,2.785,321.5,401,10.326
10,22.75,0.192,18.35,1.9075,0.07,-22,-0.246,-28.9065,22.0485,43.809,90.3045,378,11.37,-82.7,-2.329,2.8,321,398.4185,10.306
10,23.25,0.189,18.15,1.8805,0.0495,-21.4875,-0.403,-30.4625,21.6425,44.469,90.3165,378,11.02,-81.95,-2.1715,2.86,320,396,10.5
10,23.75,0.186,17.8535,1.8745,0.079,-22.8435,-0.356,-31.1345,21.1905,45.2525,90.3,378,10.935,-81,-2.166,2.845,319,394.8895,10.405
11,0.25,0.172,12.8,1.87,-0.08,-21,-0.5,-32.391,14.25,49.4885,90.5895,376,6.425,-72.85,-1.9565,2.4575,296,363.2135,7.87
11,0.75,0.1715,12.2,1.8435,-0.083,-20.2,-0.637,-32.613,14.0355,52.235,90.5735,377,5.94,-72.75,-1.942,2.44,296,362.758,7.9
11,1.25,0.1755,12.044,1.8395,-0.0935,-20.4,-0.6325,-33.1035,13.6295,53.293,90.5755,376,5.66,-72.339,-1.932,2.42,294,360.122,7.8445
11,1.75,0.169,11.6,1.8,-0.1065,-19.1,-0.7615,-33.716,13.319,53.492,90.5705,376.5,5.78,-72.05,-1.92,2.39,293.596,358.5,7.954
11,2.25,0.167,11.5505,1.78,-0.1045,-19.3855,-0.6345,-33.9565,13.2,54.8275,90.567,377,5.285,-71.192,-1.945,2.37,293.2595,358,8.02
11,2.75,0.163,11.05,1.83,-0.085,-17.5,-0.638,-34.2095,12.8535,54.4965,90.538,377,5.165,-70.25,-1.85,2.37,291.6235,355,8.02
11,3.25,0.162,10.7055,1.8075,-0.0905,-17.95,-0.4455,-34.628,12.65,54.6775,90.5215,377,5.585,-69.9965,-1.908,2.38,291,354.611,8.028
11,3.75,0.164,10.3025,1.79,-0.111,-18.654,-0.567,-34.891,12.5,58.202,90.509,377,4.93,-69.35,-1.805,2.37,291,354,7.98
11,4.25,0.1535,10.38,1.78,-0.093,-17.95,-0.314,-35.1,12.3715,59.3655,90.541,377,4.925,-68.1,-1.811,2.3095,291,353.94,7.9605
11,4.75,0.152,10.2,1.7895,-0.103,-17.5,-0.72,-35.41,12.25,57.323,90.551,377,4.89,-68,-1.755,2.35,288,352.7715,7.996
11,5.25,0.1485,9.96,1.6935,-0.1115,-16.2,-0.4735,-35.5575,12.077,59.5585,90.58,377,4.745,-67.8,-1.77,2.291,287,351,8.02
11,5.75,0.152,9.795,1.666,-0.083,-17,-0.327,-35.4975,11.75,61.1145,90.59,376,4.295,-66.4245,-1.645,2.39,288,349.335,8.07
11,6.25,0.1495,9.505,1.6895,-0.092,-18,-0.421,-35.6325,11.55,60.685,90.6,376,4.8,-67,-1.555,2.3585,287,348,7.9
11,6.75,0.151,9.455,1.648,-0.103,-16.6,-0.357,-35.77,11.5,61.112,90.6,376,4.45,-61.9,2.3175,3.065,286.643,348.2705,8.001
11,7.25,0.153,9.885,1.565,-0.196,-11.541,-0.176,-35.477,11.35,60.0795,90.6,376,4.24,-28.45,37.75,11.4095,289,352,8.055
11,7.75,0.1465,12.25,1.171,-0.367,3.77,3.41,-34.35,11.25,49.095,90.6295,376,6.605,32.2,127.72,27.1,291.5,360.5,8.15
11,8.25,0.1435,14.9125,0.938,-0.5945,31.7,7.3175,-31.5,11.55,42.56,90.656,378,9.37,109.5,224.7015,37.602,296.509,373.5,8.4295
11,8.75,0.1575,16.1615,1.11,-0.775,60.9,11.5,-25.4,12.307,39.3915,90.6635,379,11.105,187,322.882,49.209,300,387,8.16
11,9.25,0.198,16.9,1.33,-0.715,90.658,14.186,-15.533,13.819,37.2865,90.663,378,12.17,255.7435,422.8245,64.375,302.033,401,8.27
11,9.75,0.1945,17.75,1.35,-0.6675,117.6205,17.0515,-2,15.5905,34.8265,90.627,379,13.45,313.551,507.574,82.153,307,417,8.1825
11,10.25,0.227,18.8,1.52,-0.57,141,19.129,13,17.8,33.123,90.608,379,14.655,356.982,576,97.7,308,432,8.186
11,10.75,0.229,19.606,1.605,-0.6325,157,20.524,27.8305,19.815,31.186,90.6,379,15.42,384,627.5,110,312.5,442.529,8.217
11,11.25,0.2355,20.8335,1.73,-0.4585,175.2825,19.983,38.9,21.641,28.69,90.598,379,17,410.499,670,120,316.3325,455.577,8.0515
11,11.75,0.264,21.675,1.8065,-0.416,188,20.615,48.7,23.586,26.481,90.5015,379,18.47,419,694.5,127.781,319.0365,466.673,7.95
11,12.25,0.2665,22.1,2.0355,-0.389,193.125,20.5995,56.6165,25,25.1265,90.5,379,19.89,413.9485,701.835,131,321.0905,475.5385,7.8665
11,12.75,0.3035,23,2.102,-0.3525,189.621,20.194,63.05,26.2675,23.434,90.4,378.5,21.33,401,693.0875,131.22,324.1195,478.616,7.758
11,13.25,0.332,23.3,2.331,-0.2845,189.4965,20.057,66.295,27.2,23.439,90.4,378,21.81,374,663.584,127,325,483.473,7.6295
11,13.75,0.365,23.586,2.561,-0.254,181.2155,18.5455,67.6,27.8,23.028,90.366,378,22.21,336,616.706,119.2595,325,483,7.69
11,14.25,0.355,23.9,2.61,-0.203,165,15.087,65.071,28,22.229,90.3,378,22.58,288.581,552,107.679,326,477,7.7
11,14.75,0.372,23.775,2.67,-0.227,142.709,12.9,60.3,28,22.116,90.3,378,22.97,232,476.467,93.9,324,470,7.62
11,15.25,0.372,23.658,2.671,-0.2205,115,11.3,52.402,27.589,21.8355,90.3,378,22.645,168.68,388,77.88,324,461.295,7.51
11,15.75,0.383,23.346,2.8,-0.203,84.095,8.58,44.7,26.898,21.75,90.3,378,22.47,100,294,60.4,323,451,7.64
11,16.25,0.371,22.966,2.697,-0.176,48.2,6.689,35.5815,25.897,22.3095,90.3,378,21.84,26.718,188.878,42.45,322.401,436.6795,7.68
11,16.75,0.328,22.2,2.424,-0.146,11.3,3.53,24.75,24.461,23.8185,90.3,378,20.385,-42.35,86.6505,25.8135,320.379,423.236,7.71
11,17.25,0.2585,20.8395,1.9485,-0.0575,-9.65,0.489,13.01,23.057,27,90.32,378,18.09,-90.5,14.807,7.54,317,411,7.725
11,17.75,0.14,19.2,1.38,-0.0185,-12.25,-0.187,3.4745,21.694,30.638,90.3945,378,15.42,-96.2755,-3.1,2.02,314,398.606,7.8325
11,18.25,0.1375,18,1.65,-0.0325,-13.35,-0.281,-4.715,20.6105,34.1405,90.4,377.5,13.485,-90.854,-3.633,2.2035,312,392,7.865
11,18.75,0.156,16.7,1.755,-0.005,-17.108,-0.347,-11.219,19.568,35.492,90.4025,378,12.05,-87.739,-3.025,2.505,308.625,387,7.764
11,19.25,0.1645,16.25,1.7775,-0.029,-18.5,-0.407,-16.055,18.926,36.5975,90.46,378,11.365,-85.611,-2.691,2.6995,307.745,383.4585,7.64
11,19.75,0.1775,15.5215,1.82,-0.0055,-19.5,-0.4675,-19.9,18.2365,37.79,90.494,378.5,11.11,-84.55,-2.528,2.667,307,380.5,7.835
11,20.25,0.17,15.191,1.82,-0.026,-20.7,-0.83,-22.613,17.697,37.792,90.5,378,10.74,-82.95,-2.385,2.681,304.684,378,7.76
11,20.75,0.1915,15.22,1.895,-0.043,-22.2,-0.833,-24.5965,17.135,40.1815,90.5,378,10.145,-81.9305,-2.298,2.678,302.3515,376.64,7.807
11,21.25,0.188,14.45,1.8835,-0.025,-22.7,-0.801,-26.117,16.559,40.737,90.5025,378,9.25,-80.454,-2.32,2.64,303.494,373.5,7.833
11,21.75,0.185,14.05,1.89,-0.039,-22.1,-0.667,-27.4425,16.101,41.65,90.531,378,9.325,-79,-2.25,2.54,302.5,370.875,7.84
11,22.25,0.175,13.5415,1.89,-0.048,-20.193,-0.683,-28.4005,15.65,42.6745,90.545,378,8.185,-77.6,-2.21,2.5,299.5,370,7.812
11,22.75,0.17,13.55,1.84,-0.044,-20.2,-0.579,-29.6725,15.15,43.955,90.5345,377,7.87,-76.75,-2.105,2.548,298,368.5,7.816
11,23.25,0.1705,13.199,1.835,-0.062,-20.67,-0.631,-30.6645,14.718,44.838,90.571,377,7.46,-75.3,-2.1115,2.49,296,366.174,7.85
11,23.75,0.1645,12.497,1.84,-0.08,-20.8,-0.393,-31.654,14.25,47.132,90.5855,376,7.195,-74.6435,-2.08,2.44,295.6785,362,7.87
12,0.25,0.16,7.643,1.773,-0.084,-17.1865,0.645,-35.462,8.509,66.844,90.502,381.3805,3.47,-67.631,-1.74,2.22,278.431,342,7.72
12,0.75,0.154,7.45,1.76,-0.105,-18.1,0.82,-35.5,8.167,66.1015,90.5,381,3.475,-66.9,-1.8,2.25,278,339.866,7.485
12,1.25,0.16,7.02,1.785,-0.101,-17.95,0.986,-36.1,7.959,64.2235,90.5,380,3.52,-66.1,-1.73,2.21,277,338,7.6235
12,1.75,0.159,7.08,1.76,-0.11,-17,0.819,-35.779,7.81,62.5495,90.51,381,3.44,-65.333,-1.71,2.209,277.352,338.559,7.35
12,2.25,0.155,6.99,1.69,-0.0955,-17.105,0.603,-35.9,7.72,63.956,90.5,380,3.225,-65.4,-1.73,2.18,276.196,337.236,7.495
12,2.75,0.158,6.717,1.74,-0.086,-16.7,0.631,-36.4,7.58,69.1395,90.5,380,2.925,-64.099,-1.592,2.163,276,335.447,7.634
12,3.25,0.158,6.522,1.789,-0.117,-15.889,0.601,-36.7,7.28,69.4255,90.5,379,2.765,-64,-1.68,2.155,275,335,7.45
12,3.75,0.16,6.298,1.75,-0.109,-16.35,0.3305,-36.2,7.22,65.039,90.5,378.0025,3.07,-63.076,-1.64,2.15,276,334.187,7.48
12,4.25,0.15,5.91,1.78,-0.107,-16.614,0.671,-36.3,7,67.4,90.5,380,2.66,-62.498,-1.689,2.104,275.857,332,7.3
12,4.75,0.149,5.795,1.79,-0.093,-16.0885,0.345,-36.8,6.83,69.1,90.5,379.5,2.57,-60.691,-1.629,2.04,274.894,331.071,7.4185
12,5.25,0.149,5.85,1.76,-0.081,-15.549,0.386,-37.6,6.677,69.107,90.5,379,2.56,-60.1,-1.556,2.0775,274,330.77,7.24
12,5.75,0.147,5.59,1.76,-0.102,-15.772,0.136,-37.7,6.57,66.6365,90.5,380.5,2.575,-59.637,-1.506,2.102,274.01,331,7.185
12,6.25,0.144,5.41,1.74,-0.084,-13.198,0.387,-38.1,6.31,66.9,90.502,380.217,2.61,-59.7,-1.515,2.08,272.482,329,7.335
12,6.75,0.14,5.273,1.76,-0.102,-13.641,0.33,-38.612,6.03,68.65,90.5,381,2.48,-58.5,-1.28,2.109,272.125,328,7.237
12,7.25,0.142,5.54,1.66,-0.1055,-14.284,0.2635,-38.842,5.76,66.432,90.578,379.3485,2.6,-53.8,4.02,3.043,271.335,327.102,7.1785
12,7.75,0.154,6.01,1.57,-0.155,-9.37,1.569,-38.032,5.648,63.3,90.6,380,3.01,-18.019,41.909,11.6,271.645,329.777,7.1
12,8.25,0.147,7.79,1.126,-0.277,4.264,5.68,-36.2,5.806,62.452,90.6,380,4.13,42.2,132,27.5,276.174,339,7.697
12,8.75,0.152,9.819,1.013,-0.567,25.7,12.308,-30.617,6.44,53.005,90.6,381.5,5.775,115,225,35.8,280.111,348.643,7.5765
12,9.25,0.167,11,1.11,-0.457,52.966,17.562,-19.7,7.339,51.2,90.6,381,6.14,188.853,318.285,45.3,283,359,7.677
12,9.75,0.18,11.742,1.242,-0.6145,80.9,22.152,-6.66,8.81,46.304,90.6,382.2605,7.77,251,406.36,59.1265,287.642,368,7.467
12,10.25,0.199,12.4,1.34,-0.452,103.625,25.59,7.82,10.1,44.415,90.6,382.331,8.71,303,482,73.8,289.321,380,7.559
12,10.75,0.209,13.1,1.45,-0.4155,122.034,31.7,22.129,11.634,41.6905,90.6,382.255,9.45,343.653,546,87.2,291.51,392.641,7.5555
12,11.25,0.217,14.142,1.485,-0.468,135.82,31.525,35.0995,13.4,38.8,90.541,382.736,10.26,365.508,588.298,96.3805,294.726,403.2005,7.49
12,11.75,0.2265,14.856,1.66,-0.396,143,32.4615,45.5,14.495,36.3455,90.5,383.5195,10.98,382,618.386,104,298.105,411,7.4635
12,12.25,0.254,15.61,1.687,-0.315,150.375,35.6,54.1,15.696,34.056,90.4685,384,11.96,384.403,631.8665,109,300.678,418,7.22
12,12.75,0.265,16.2195,1.83,-0.2955,151.7895,32.3115,60.1,16.962,33.57,90.4,383.0105,12.89,373.0215,626.4,110,302.3205,423,7.085
12,13.25,0.273,16.7,1.915,-0.16,146,34.821,63.99,17.945,31.711,90.387,382.98,13.67,345,599,106.422,306,426,6.9
12,13.75,0.2945,16.934,2.115,-0.2595,139.754,32.6755,66.7,18.533,30.283,90.303,382.5,13.85,312.294,561.242,101.334,306.103,424.26,6.863
12,14.25,0.316,17.292,2.26,-0.206,125,29.9,64.3125,18.85,29.2,90.3,382.627,14.27,267.804,503.1745,91.847,308.7325,424.153,6.922
12,14.75,0.322,17.482,2.4145,-0.157,108,25.702,57.9,18.9,30.458,90.3,383,13.93,215,434,79.9,308.678,419,6.78
12,15.25,0.336,17.1015,2.465,-0.153,83.235,20.573,49.7,18.458,31.608,90.3,382.437,14.12,153,350.031,65.86,308,413,6.87
12,15.75,0.355,16.973,2.456,-0.0835,56.515,19.038,40.237,17.8,32.112,90.3,381.5,13.52,85.347,261.081,51.459,306.045,405,7.045
12,16.25,0.314,16.5,2.25,-0.0955,29.686,13.1,29.981,17.186,32.3485,90.3,382,12.79,19.262,165.37,37.3,304,396.132,6.982
12,16.75,0.276,15.9,1.97,-0.0415,1.3575,8.6075,19.676,16.3,36.78,90.3,381.5,11.44,-36.279,69.6,20.955,302,387,7.21
12,17.25,0.17,14.62,1.405,-0.024,-7.64,2.028,8.27,15.3,40.346,90.332,382,9.19,-78.153,8.67,4.723,298.073,376,7.499
12,17.75,0.113,13.2,1.38,-0.008,-9.36,0.835,-2.219,14.344,46.345,90.383,382,7.885,-82.184,-3.28,1.52,293.501,367,7.53
12,18.25,0.131,12,1.59,-0.021,-11.669,1.53,-11.51,13.6,54.083,90.4,381.2,6.375,-79.5,-3.14,1.889,290.286,362.797,7.895
12,18.75,0.143,11.545,1.632,-0.013,-15.7,1.842,-17.9,12.825,55.655,90.416,381,6,-78.1,-2.55,2.257,289,357,7.871
12,19.25,0.158,10.8,1.775,-0.016,-16.079,1.804,-21.868,12.295,55.2,90.474,381,5.78,-75.9,-2.32,2.38,287.666,353.787,7.746
12,19.75,0.17,10.261,1.738,-0.0315,-17.2815,1.8945,-25.363,11.722,55,90.5,381,5.28,-76.032,-2.23,2.425,284.359,351.675,7.8705
12,20.25,0.171,10,1.79,-0.041,-16.401,1.696,-27.767,11.2,59.434,90.5,381,4.94,-74.902,-2.15,2.44,282.605,350,7.91
12,20.75,0.16,9.64,1.717,-0.0595,-17.248,1.891,-29.3,10.664,60.5335,90.5,380,4.23,-73.9,-2.108,2.44,282,347.484,8.0095
12,21.25,0.168,9.511,1.735,-0.067,-17.85,1.625,-30.827,10.209,63.6,90.501,381,4.11,-73.92,-2.02,2.311,279.898,346.343,8.035
12,21.75,0.174,9.219,1.79,-0.077,-18.332,1.7,-31.6,9.802,63.7495,90.537,381,3.96,-73.065,-1.98,2.321,279,346,7.95
12,22.25,0.174,9.03,1.81,-0.081,-17.903,1.684,-32.8,9.448,61.887,90.556,381,3.905,-71.9,-2.003,2.3015,279,344,7.808
12,22.75,0.165,8.429,1.792,-0.0915,-18.4,1.485,-34,9.179,63.8455,90.6,382,3.66,-70.5925,-1.947,2.255,279,343,7.8035
12,23.25,0.164,8.062,1.8,-0.111,-17.6175,1.285,-34.7,8.93,66.429,90.559,381.5,3.48,-69.2155,-1.8095,2.3215,279,342.497,7.7175
12,23.75,0.158,7.594,1.75,-0.102,-17.636,0.951,-35.1,8.648,66.197,90.562,380,3.465,-68.874,-1.7905,2.28,279,341,7.78
