DOY2,HR2,USTAR,TA,WS,NEE,FC,SC,H,SH,LE,SLE,G,TS,RH,CO2,VPD,NETRAD,H2O
1,0.25,0.917125,23.71445,6.1559,9.052,8.85,7.63809999999999,-3.918,2.938125,70.198,16.09705,-1.0088,22.960775,88.937825,439.404625,17.55925,-21.372175,28.32685
1,0.75,0.9032,23.7005,6.246425,12.428925,11.7076,3.72635,9.83239999999998,3.60034999999999,43.51545,22.696,-0.578700000000006,22.946775,89.759975,386.18945,14.50525,-19.74505,26.5993
1,1.25,0.862625,23.640575,5.99635,10.39525,9.48894999999999,1.92875,-6.594,2.741025,71.1113249999998,23.238,-0.480300000000007,22.932925,89.3879,388.75605,14.155,-20.6259,29.0234
1,1.75,0.92365,23.625825,5.822,9.461,9.469,1.96395,1.565,1.781575,60.184,23.614325,-0.538000000000007,22.9273,91.336925,388.98135,12.322,-24.9787,23.006225
1,2.25,0.850875,23.522675,5.2651,12.6658,9.92405,3.16965,-10.557,3.2588,60.441,5.344975,-0.75875,22.913175,89.940225,394.0113,12.4385,-15.266375,28.11815
1,2.75,0.95155,23.480075,6.37665,9.4756,11.2029,1.81625,1.2032,3.671675,64.565,7.5054,-0.7255,22.872425,91.75465,402.9096,12.881,-14.553125,28.37585
1,3.25,0.80385,23.44205,5.39415,8.31825,8.7259,1.46935,6.97517499999994,2.71835,43.258775,4.58495,-0.622075000000005,22.852075,91.917025,391.37935,12.4585,-16.99895,27.9975
1,3.75,0.814725,23.314025,5.43,9.17765,9.1002,3.21725,-4.827025,2.84755,57.251,6.92159999999999,-1.12832500000001,22.825675,91.909425,389.98715,11.451,-13.231575,28.90815
1,4.25,0.8336,23.25205,5.430375,9.9169,9.920875,1.2572,-6.5178,4.6333,47.245,8.17139999999999,-1.43002500000001,22.795175,92.048175,390.18065,12.071,-11.4126,27.98775
1,4.75,0.826775,23.23015,5.184125,12.3624,11.7727,2.9266,-6.581625,3.977725,67.8862749999999,29.5614499999999,-1.279625,22.779575,92.25095,402.37815,12.258,-9.594625,24.15625
1,5.25,0.8729,23.16105,5.74035,9.42675,8.77734999999999,3.77304999999999,12.4901999999999,3.3781,44.386125,12.31025,-1.3062,22.7535,91.039675,389.8844,13.8725,-11.0043,26.7027
1,5.75,0.915525,23.1579,6.001475,9.78764999999999,8.37975,1.4148,-14.585,3.730875,50.6721,12.56455,-2.274025,22.726525,90.470425,398.83,13.76225,-14.61775,29.032175
1,6.25,0.962225,23.092325,5.7009,8.8038,8.39465,2.919025,-9.99165000000002,4.707175,58.266875,7.35335,-1.36300000000001,22.72005,89.4434,397.449725,11.803,-11.201825,22.639075
1,6.75,0.921175,23.0468,5.9521,8.9889,9.1696,1.518525,-6.22945000000001,3.318975,61.279225,5.909025,-1.2628,22.718975,83.765925,388.591675,11.719,-12.44525,22.279225
1,7.25,0.81385,23.090175,5.693475,9.585,9.325,1.537875,-15.377,4.1855,51.535,6.3479,-0.990950000000001,22.650925,84.045275,395.8623,11.68075,-12.146,22.4637
1,7.75,0.79925,23.1327,5.64285,8.08785,8.767125,1.916725,-7.763,3.91065,62.57895,8.72232499999999,-0.648650000000001,22.6363,88.0626,389.022575,11.79375,-4.23245000000001,21.758425
1,8.25,0.8361,23.4155,5.841225,8.537725,6.4932,2.34265,22.512,12.5513,73.173625,18.98965,-0.0878500000000041,22.606675,82.252825,380.3881,12.54375,22.9432,22.53155
1,8.75,0.868475,23.8369,6.036025,3.47279999999999,5.51499999999998,0.587425,44.5604,12.6058,120.142,19.003275,0.703249999999992,22.557375,80.4402,377.95155,14.0955,82.18535,21.894325
1,9.25,0.9124,24.484775,6.2591,-4.107875,-3.6015,0.56935,51.27055,10.96755,136.0074,10.2908,2.36665,22.513725,78.416125,371.923075,14.82525,147.67125,21.62875
1,9.75,0.92745,25.268025,6.1416,-7.37242500000001,-6.94847500000001,0.738025,103.26295,8.046875,181.850625,9.718375,8.4629,22.499425,74.82115,367.726525,15.412,236.8701,21.588875
1,10.25,0.9714,25.8068,6.4535,-13.225125,-12.322125,0.710199999999999,145.2905,5.84375,194.9057,7.0168,12.5015,22.48055,72.89365,367.222,15.91675,337.87295,21.6302
1,10.75,1.00415,26.3896,6.645175,-7.68055,-7.32395,0.28895,163.8394,4.6267,244.334425,6.31435,14.6518,22.451725,72.05025,366.2766,17.75125,412.7343,21.977
1,11.25,1.014225,26.604175,6.8368,-11.302,-11.1546,0.36485,200.3164,4.1244,275.008125,6.4206,17.2336,22.66845,73.0355,365.334625,18.01125,491.7565,21.889575
1,11.75,0.974725,26.757225,6.723525,-18.7541,-18.78315,0.372475,223.21295,4.5525,301.6839,7.9042,20.1978,22.679725,69.796725,365.229125,18.612,594.6775,22.915
1,12.25,1.0486,26.81495,6.638725,-16.0348,-16.1236,0.39335,251.903,3.826775,301.6366,6.128325,23.19205,22.688725,71.03465,363.97325,18.89425,618.63465,22.640325
1,12.75,1.0867,27.1403,7.130775,-16.074,-15.932,0.2288,242.9276,3.023875,335.4586,7.53269999999999,25.67945,22.74075,71.120375,364.20765,19.38425,626.6726,22.379925
1,13.25,1.0488,27.611275,6.846975,-13.5024,-13.5092,0.2842,268.3102,3.86655,370.4688,4.8948,26.0127,22.80065,72.81805,363.177,21.842,638.64555,22.4021
1,13.75,1.0488,28.035825,6.77045,-14.2798,-14.4284,0.2612,275.021,3.69295,321.1414,4.5715,24.61075,22.93635,68.5358,363.23735,23.0435,604.30655,21.4953
1,14.25,1.035825,27.3993,6.697225,-8.056125,-8.315875,0.312325,266.815625,2.3238,330.11735,15.2799999999999,24.3702,22.989475,74.4049,364.26525,21.028,595.1602,22.69075
1,14.75,1.059425,27.04165,6.968825,-10.056,-8.59790000000001,0.32575,260.2913,1.7157,331.960525,12.228075,22.02775,23.080625,72.800125,363.635525,19.35075,522.030325,22.699
1,15.25,1.102525,27.2296,7.072325,-8.1536,-8.59287500000001,0.759749999999999,214.577275,2.79215,280.2783,5.14704999999999,21.1363,23.123625,71.6299,364.98575,18.51225,467.584675,22.1392
1,15.75,1.049225,26.821,7.16135,-9.26255,-9.3008,0.63965,193.0902,0.7287,240.3403,4.9799,18.90325,23.177875,71.3139,365.321275,17.364,396.78925,22.32585
1,16.25,1.050625,26.190325,7.205275,-7.79905,-7.78125,0.294125,137.40015,1.48595,210.8098,5.06365,16.3406,23.237,71.696425,366.32555,16.614,295.10645,22.272325
1,16.75,1.03265,25.789325,7.114675,-1.68915,-1.6926,0.38555,114.09105,0.244975,206.467675,4.893675,12.4314,23.23045,72.366675,366.999275,16.20625,210.556175,21.8606
1,17.25,1.07655,25.4089,7.3579,0.413275,0.404525,1.023425,70.29395,0.444049999999999,134.123425,4.658475,9.42527499999999,23.3101,75.688675,368.489025,14.1755,130.31885,22.079625
1,17.75,0.985125,24.882975,6.8609,2.6924,2.56525,0.459875,9.656525,-0.1017,108.0698,3.1652,6.64225,23.3376,76.839275,369.951575,13.55625,45.536425,22.040025
1,18.25,0.96325,24.278725,6.779225,6.7086,6.6658,0.5534,-7.77075,0.341275,78.7878,7.46142499999999,4.858425,23.349,76.7692,371.4762,13.44175,-1.72545000000001,22.510425
1,18.75,0.976925,23.869725,6.428925,9.125975,9.0469,1.848075,-3.741,0.139324999999999,64.731625,11.229775,3.768125,23.339775,79.64705,372.693275,13.37725,-14.8162,22.710625
1,19.25,0.915125,23.70615,6.60925,11.644475,11.726,2.4822,-10.462225,0.216975,57.1404,8.20137499999999,3.095475,23.2814,81.674375,373.030975,13.5495,-13.37515,25.212375
1,19.75,1.0061,23.6787,6.5678,9.66482499999999,9.48747499999999,2.4036,24.1547999999999,1.19095,58.768875,3.7266,2.21675,23.203875,81.492125,381.2678,13.79825,-11.96705,23.092825
1,20.25,0.962225,23.661025,6.38485,12.17745,8.741375,3.15355,-8.4579,1.47075,56.026125,7.6469,1.397225,23.15185,81.537125,388.31755,12.887,-13.713575,22.32455
1,20.75,1.009175,23.6621,6.379275,8.86305,7.62285,1.8725,-9.12607500000001,1.148175,54.12745,26.3656749999999,0.8706,23.086875,87.25795,398.8946,12.3575,-8.75417500000001,23.0644
1,21.25,0.990975,23.68905,6.531575,8.2757,7.894925,1.08285,-5.07147499999999,1.125675,47.47985,22.782,0.3036,23.04475,90.6542,388.41395,12.66875,-8.24439999999998,24.961375
1,21.75,1.040575,23.5261,6.8434,8.8321,8.8377,1.066,-0.486900000000009,1.736625,45.96525,4.73415,-0.2308,23.045925,90.73065,391.9889,12.75025,-6.1674,22.61975
1,22.25,0.95905,23.504025,6.2,8.277425,10.70425,1.572225,-7.708325,2.625125,44.2128,16.1552499999999,-0.686900000000001,23.00445,87.88775,382.520875,12.292,-9.08415000000003,22.1856
1,22.75,1.038225,23.564375,6.14695,8.00355,8.0837,1.161575,-15.02575,2.2449,58.49745,2.79865,-1.0356,22.977175,86.460025,384.61725,12.14425,-15.9911,21.6581
1,23.25,0.90745,23.5403,5.75435,7.705,7.437,2.9878,-17.186,2.88465,48.05165,12.47865,-0.881599999999999,22.99315,91.397025,396.98425,13.09175,-15.708,22.90165
1,23.75,0.89705,23.5179,5.844225,9.315,9.077,1.55255,-13.452125,1.02745,55.562,29.13105,-0.749950000000001,22.974025,90.9617,395.2127,11.9535,-25.5252,25.34575
2,0.25,0.95825,21.56405,6.25085,9.3042,9.26075,2.831775,-17.02,1.8409,59.6237,6.17224999999999,-3.09675,22.468575,88.2888,354.803,13.0475,-29.160375,19.259375
2,0.75,0.89315,21.47485,5.885075,9.0486,8.9761,2.482075,-18.6585,1.3863,77.9516,4.543075,-2.671375,22.452875,90.34055,369.08495,12.60275,-33.499875,18.873275
2,1.25,0.934175,21.56585,6.152125,9.1176,9.023,0.9737,-10.371125,1.819,74.6682,4.19769999999999,-2.82115,22.417625,87.7869,357.8914,13.10925,-19.681625,18.7981
2,1.75,0.9976,21.6623,6.09895,9.11075,9.163625,1.42535,-19.9972,1.215675,52.3399,5.2098,-3.038825,22.397625,87.557,358.492175,12.956,-21.73005,19.1592
2,2.25,0.9887,21.504675,6.144575,9.062975,9.0871,3.152675,-18.775025,1.7461,58.670325,8.61937499999999,-2.99225,22.3802,84.1532,418.614675,12.922,-21.218,21.2212
2,2.75,0.9975,21.4933,5.9351,8.9675,8.9665,2.792275,-11.212,2.2218,48.82295,5.1438,-3.112875,22.3415,85.382975,370.623575,12.78325,-21.099375,18.52045
2,3.25,0.971825,21.475975,5.769575,8.867625,8.85475,1.7939,-7.578625,3.0531,49.928875,7.56482499999998,-2.98,22.31115,84.6131,357.47675,12.78525,-31.6656,18.840775
2,3.75,0.945499999999999,21.33825,5.97775,9.4868,9.0743,1.9109,-21.071625,2.78615,49.0937,3.29819999999999,-3.165925,22.282525,84.0587,359.39565,13.07125,-27.36795,18.0269
2,4.25,0.855925,21.503225,5.810075,9.7145,8.927375,1.030625,-12.58275,2.72795,52.6667,8.78977499999999,-3.588175,22.26065,85.344225,364.942725,13.28825,-35.20845,18.6005
2,4.75,0.9084,21.724825,5.809725,10.867,9.48575,1.43875,-13.1186,7.19439999999999,104.6382,9.05902499999999,-4.2552,22.20205,83.976175,363.2075,13.06075,-30.3154,19.50645
2,5.25,0.912,21.356425,5.986425,8.77145,8.8666,1.25315,-5.54075,4.7618,54.0834,6.21239999999999,-4.373425,22.16525,79.5275,358.3738,13.66025,-27.86775,18.381375
2,5.75,0.9006,21.594875,5.99385,8.3788,8.4968,2.2282,-18.4055,5.0125,46.0645,24.980875,-4.3338,22.160925,87.71895,359.65205,13.14425,-19.9992,19.504325
2,6.25,0.85855,21.731225,5.688275,8.6672,8.6427,1.06655,-14.36795,4.43035,57.67075,8.76362499999999,-4.2871,22.124975,85.989625,362.5694,12.68925,-18.841525,19.8078
2,6.75,0.8758,21.696,6.110025,8.81725,8.870275,2.852575,-3.26120000000003,3.2557,55.341625,5.009475,-4.6488,22.0821,86.414,357.222375,13.97575,-16.3442,19.573475
2,7.25,0.887025,21.519225,6.278475,9.2171,8.688,2.791825,-13.969,4.005025,47.86775,11.27005,-4.0392,22.04015,89.196125,371.334325,13.0455,-29.9462,22.797625
2,7.75,0.8952,21.600625,5.99015,7.467475,7.4261,0.575575,-7.954,4.699075,77.8384,7.541975,-3.4096,22.029675,90.696325,363.378325,12.93,-0.226950000000004,21.8799
2,8.25,0.910375,22.2601,6.228275,-0.00745000000000232,1.2602,1.5456,4.41179999999997,6.29995,103.238525,9.7663,-2.92345,21.898825,78.778275,352.4574,13.42925,55.313725,18.7903
2,8.75,0.93965,23.0603,6.176425,-6.6016,-5.76105,0.895199999999997,47.9786999999999,10.5129,117.036275,12.5766,-1.2669,21.786625,74.777775,339.49145,13.793,111.07365,20.04845
2,9.25,0.995925,23.8051,6.380575,-10.7801,-10.37915,1.26055,96.4069,8.5204,160.70425,7.28005,2.18782499999999,21.78445,75.004575,336.42735,14.821,179.20135,20.59035
2,9.75,1.03355,24.367625,6.6217,-15.850675,-15.81,0.35725,159.3178,6.51305,194.69505,5.6415,5.7394,21.806575,71.44225,330.615525,15.724,248.68675,20.5031
2,10.25,1.044775,25.119425,6.9618,-17.4415,-17.580625,0.483949999999999,195.52575,3.433775,243.839375,9.412925,11.0948,21.842975,69.181575,330.64255,16.7655,351.56175,19.87445
2,10.75,1.051925,25.639975,6.792775,-22.1102,-21.35565,0.2509,240.0248,3.3636,271.75995,5.92235,16.23095,21.877,68.067025,329.92375,17.39,435.81065,20.18305
2,11.25,1.10135,26.052025,7.28555,-22.4628,-22.3302,0.5433,287.5536,5.52944999999999,300.736725,18.00245,18.687,22.02705,75.996425,330.52905,17.6825,504.048775,20.2718
2,11.75,1.15355,26.5262,7.555925,-22.0146,-22.1155,0.271375,277.6329,4.753775,355.417375,8.85885,20.72395,22.12605,68.642925,329.748125,18.53675,587.56155,20.30315
2,12.25,1.1191,26.978775,6.93205,-24.01415,-23.7348,0.50865,332.3568,3.8641,339.059975,7.13005,22.610025,22.173775,69.285325,329.76435,18.8485,621.15445,20.306
2,12.75,1.12015,27.157625,7.341875,-27.238725,-27.36155,0.3141,332.221425,4.238225,349.902525,4.611225,26.02365,22.161775,68.019225,330.025125,18.61825,671.6132,20.09205
2,13.25,1.2001,27.332525,7.628025,-8.922825,-8.894025,0.320625,347.953525,2.290275,391.92295,6.428075,30.5455,22.302575,67.6635,329.315175,18.65025,663.03895,20.38885
2,13.75,1.1483,27.18645,7.284775,-19.86155,-19.732,0.32875,350.94725,3.3157,370.8055,5.27175,33.36185,22.331075,68.4715,329.21065,18.78175,638.084725,19.9099
2,14.25,1.122575,27.37395,7.738125,-17.2416,-17.2341,0.28655,347.643725,3.53575,365.74785,7.17435,31.05675,22.42865,67.3059,329.825475,20.4435,610.5599,20.016475
2,14.75,1.175675,27.2607,7.5751,-22.29475,-20.9435,0.299425,323.01275,2.4342,365.3,4.39375,27.947425,22.571025,65.19765,329.79115,19.7525,585.761575,19.78675
2,15.25,1.101825,27.4272,7.474925,-15.6498,-15.7952,0.3632,285.7651,2.4613,341.3747,5.7236,24.670625,22.654625,68.4006,328.98585,20.3415,507.08705,19.91605
2,15.75,1.10525,27.156025,7.342875,-17.6618,-17.6193,0.3512,237.7119,1.0141,326.1176,8.113,21.2904,22.73475,77.06865,329.38095,20.956,459.7907,19.97075
2,16.25,1.088875,26.77055,7.215225,-10.7756,-11.2372,0.6289,210.6429,1.62285,265.7163,4.91415,18.21075,22.8594,76.022375,329.852,19.86275,388.2411,19.8837
2,16.75,1.070625,26.206025,7.00425,-4.25560000000001,-6.181,0.6665,145.8038,0.734649999999999,244.2693,5.8393,14.61685,22.9256,71.6799,330.13375,17.88875,274.342175,19.89535
2,17.25,1.021725,25.35255,6.869425,-2.217,-2.28325,0.61235,97.5285,0.282349999999999,185.99525,5.5451,10.75495,22.9084,71.59815,332.639525,16.88175,193.61475,19.575375
2,17.75,1.01835,25.1287,6.582325,-0.75375,-0.78125,0.995999999999999,38.238875,0.576525,137.249,5.691275,7.382,22.921475,71.6073,332.915675,15.2585,99.41635,19.75245
2,18.25,1.0176,24.283925,6.73995,3.5523,3.4584,0.7011,6.73229999999997,-0.713650000000001,90.7421,6.88189999999999,5.32967499999999,22.939575,78.62405,335.11315,13.66875,28.843675,19.5058
2,18.75,0.959325,23.428875,6.46455,7.5684,7.3264,0.695499999999999,-18.8742,-0.6277,73.6656,2.57465,2.59144999999999,22.9281,73.3559,337.1342,13.63175,-14.1765,18.8052
2,19.25,0.990575,22.951775,6.209175,9.3322,9.1126,0.778099999999999,-15.268,0.60775,54.84,3.10475,-0.0031500000000005,22.8687,73.43445,339.656775,13.32875,-23.21605,18.76525
2,19.75,0.959675,22.76335,5.993875,9.3662,9.31585,0.72275,-8.65379999999998,1.3186,53.05145,2.82255,-0.907525000000003,22.81645,75.554675,345.96625,13.42525,-14.957925,18.8986
2,20.25,0.95915,22.48645,5.9917,8.766375,8.9645,1.83375,-30.4064,0.7804,55.137,8.78079999999997,-1.57685,22.7517,76.117825,365.986675,13.0625,-13.3241,18.913075
2,20.75,0.987025,22.17865,6.074175,10.0068,9.8356,1.611525,-11.4426250000001,1.0534,104.5165,6.77272499999999,-1.805775,22.70765,89.588425,363.73265,13.07825,-24.52325,20.99835
2,21.25,0.9864,21.98445,6.217575,8.1765,8.2333,1.5468,-21.453375,0.974849999999999,52.374875,3.258675,-1.97985,22.677675,80.323375,366.4426,12.72625,-26.0046,19.1657
2,21.75,0.9883,22.04955,6.269675,11.9025,14.0845,1.588925,-18.4312,1.6118,121.6237,2.8961,-2.0468,22.63545,77.8765,348.193125,12.841,-27.0288,18.797625
2,22.25,1.004625,21.942225,6.147825,8.3675,8.3841,1.658675,-17.05125,2.1644,52.45325,3.948675,-2.571325,22.615125,78.542225,349.354775,13.03575,-28.32045,18.905775
2,22.75,1.001075,21.865975,6.331625,10.5043,9.45085,1.75755,-21.419,0.984475,102.6145,6.050125,-2.583875,22.587175,81.184725,354.222625,12.82125,-33.614625,19.09135
2,23.25,1.014325,21.762575,6.240475,8.83805,8.81675,1.011675,-20.0882,0.77915,85.588925,5.309025,-2.64225,22.5541,86.96115,355.35195,12.62675,-26.24,19.861375
2,23.75,0.9921,21.626525,6.274475,9.82675,9.809125,0.705,-16.39745,1.7403,63.447175,4.02945,-2.9136,22.5171,85.493175,352.46475,12.6775,-17.1768,19.05035
3,0.25,0.85845,21.72935,5.19395,10.970425,12.01485,1.41395,23.7950500000001,2.21885,51.3247,4.17555,-1.08965,22.5803,80.15595,384.65275,13.2455,-14.4894,19.2865
3,0.75,0.7745,21.8652,5.16405,8.9922,10.1772,1.44205,-13.291975,1.20185,56.1921,5.45205,-1.2264,22.562875,79.23365,376.7483,13.5985,-13.2883,19.45025
3,1.25,0.771,21.60995,5.3364,9.9586,9.6524,1.6976,-11.5134,2.28685,66.792725,9.27154999999998,-1.4481,22.56255,86.04745,381.1928,13.7515,-15.9323,20.1729
3,1.75,0.84305,21.55885,5.7584,10.91975,9.1235,2.26745,-14.87075,1.71205,52.6275,7.69149999999999,-1.4462,22.5145,80.788825,380.3726,13.92,-15.663,19.21125
3,2.25,0.7588,21.871175,5.19115,8.940075,8.5963,2.45915,-4.992,3.72589999999999,83.7017999999999,4.3101,-1.8322,22.4887,80.084175,387.899475,13.9245,-15.4096,19.444675
3,2.75,0.7942,21.8658,5.5111,10.99175,14.3315,1.4883,-9.96680000000001,2.03005,100.082775,5.061975,-1.7346,22.462725,82.566,383.81955,14.358,-12.8372,20.778225
3,3.25,0.8889,21.92065,5.51805,8.576175,8.384475,1.482325,1.86272499999998,2.22745,44.5355,4.887775,-1.4118,22.42955,82.993525,378.884525,14.56375,-15.4292,19.7794
3,3.75,0.8658,21.78055,5.3844,9.7695,9.581875,2.916375,-13.83835,3.098375,52.328,9.0978,-1.2988,22.406575,80.9169,387.674825,13.8785,-12.2176,19.563375
3,4.25,0.870249999999999,21.685225,5.5278,9.8969,9.3024,2.69305,-12.50175,2.786925,63.62935,4.660975,-1.391375,22.38945,82.433925,377.24875,14.4185,-8.196125,21.1529
3,4.75,0.8814,21.65965,5.49315,11.21155,11.97565,1.86505,17.97945,2.528925,63.2471499999999,6.71532499999999,-1.3752,22.3803,80.181475,391.892775,14.13325,-8.3626,18.91145
3,5.25,0.9108,21.80485,5.73805,10.75165,10.25985,4.6935,26.6144999999999,1.99205,68.07345,12.42905,-1.315,22.371475,82.298125,390.3306,14.391,-9.244625,19.23585
3,5.75,0.80565,21.78415,5.30315,15.74705,16.57565,3.481725,-8.9464,3.1292,54.61525,4.91055,-1.4068,22.3035,81.913875,387.0583,13.989,-12.3606,18.978975
3,6.25,0.85815,21.686925,5.5957,13.9391,12.4503,2.097525,-9.6485,2.676,50.3084,7.62965,-1.662,22.2856,83.5738,395.32,13.7965,-13.1286,19.5173
3,6.75,0.88235,21.737325,6.0573,9.781325,10.553825,1.8798,-8.37070000000001,3.66305,55.292525,6.11159999999999,-1.785,22.27765,82.72575,386.436775,14.55075,-5.44,19.0334
3,7.25,0.8218,21.912425,5.504675,11.7906,11.1118,5.361075,-3.31875,3.137125,55.2025,10.27085,-1.8832,22.264725,81.388725,378.252725,14.284,0.934400000000003,19.4971
3,7.75,0.8251,22.26995,5.967725,6.8511,5.90965,1.207025,16.1214,8.89765,103.25995,17.22515,-1.8006,22.2632,82.463625,379.03825,14.49925,36.969925,19.734175
3,8.25,0.85915,23.34965,5.6995,2.8495,2.4184,2.154,50.4320499999999,11.7614,128.29995,11.5996,-1.08110000000001,22.147025,77.16895,364.400875,14.58,139.0037,19.04055
3,8.75,0.9044,24.067925,6.126675,-2.6698,-2.8146,0.61045,72.723425,10.421125,157.81305,10.6245,-0.463700000000004,22.020825,76.848375,355.34115,15.355,196.95335,18.99225
3,9.25,0.94985,24.3454,6.3556,-6.975575,-5.612225,0.421675,136.19765,8.091675,196.452725,6.693825,2.21175,22.020175,71.787425,347.87845,16.43825,252.1094,19.127725
3,9.75,1.015725,24.94265,6.56605,-10.62885,-9.874175,0.2681,168.85265,5.823375,224.497575,10.379675,7.62795,22.044725,72.07775,339.746325,16.09075,349.837525,19.001325
3,10.25,1.025625,25.512,6.76995,-12.65305,-11.77185,1.0595,203.7377,4.76015,278.58795,8.332675,12.73635,22.128475,71.362525,337.54935,16.9155,449.32095,19.758025
3,10.75,1.015,26.07405,6.682175,-14.53635,-14.20445,0.943174999999999,225.83745,6.96379999999999,310.22515,4.97695,15.0492,22.1936,70.52795,335.49845,18.188,471.14605,19.71035
3,11.25,1.063575,26.844125,6.982275,-10.63165,-14.337,2.37765,278.7061,4.2847,353.34665,8.12524999999999,19.39815,22.23575,69.092125,335.81325,18.58375,539.9799,19.6402
3,11.75,1.0381,26.88895,6.8577,-18.846375,-18.8592,1.40429999999999,337.6869,3.48455,401.22595,10.59365,21.9352,22.267925,76.243,334.717,19.6605,625.2866,20.2355
3,12.25,1.02835,27.2474,6.7211,-13.6346,-15.864325,2.11674999999999,345.614475,4.5785,393.053575,10.130425,24.2886,22.3003,75.799375,353.3037,20.72175,696.261725,20.42155
3,12.75,1.049675,27.583775,6.93735,-14.1451,-13.49205,1.03075,388.58935,2.638825,427.0061,5.89085,27.597775,22.30645,74.526225,336.494225,21.23525,733.4378,20.2872
3,13.25,1.076225,27.8935,7.1817,-6.12980000000002,-8.45460000000001,3.12685,351.71145,2.742225,430.1573,6.57485,33.626125,22.3153,74.9969,351.831925,20.9655,734.86025,20.1791
3,13.75,1.053725,28.1615,6.944075,-13.2246,-13.4474,0.267875,356.18425,3.201475,437.8906,5.660725,35.7594,22.5149,71.788375,344.696525,20.974,718.038,20.012925
3,14.25,1.0446,27.6509,7.27255,-13.9042,-13.8988,2.609875,398.563625,2.019975,386.467375,23.380375,37.457,22.38105,83.13565,366.34675,19.67425,676.6375,22.313175
3,14.75,1.067725,27.701325,7.1788,-13.8821,-13.94795,0.719799999999999,322.87465,1.74115,407.0803,7.205125,33.9986,22.676225,83.157325,346.560625,19.5575,622.8384,21.36395
3,15.25,1.007725,27.73265,6.66345,-3.86865000000002,-3.39650000000002,0.407749999999999,304.88285,1.336725,368.5019,9.356375,28.2356,22.7968,76.537975,339.0484,19.29875,558.583,20.94815
3,15.75,1.001725,27.17085,7.07255,10.8082,10.539,1.33245,262.142525,2.695575,339.91625,14.34935,23.2887,22.850175,81.679125,344.29205,18.12025,474.80005,21.493175
3,16.25,1.067775,26.54815,7.02465,-1.24899999999999,-2.14359999999999,0.810799999999998,222.1068,1.7839,278.68525,21.881475,19.0575,22.884675,85.2198,336.6435,17.26025,410.59075,21.374925
3,16.75,1.03335,26.19555,6.7389,1.63860000000001,1.21860000000001,0.896949999999999,192.6542,1.19715,261.228375,8.6177,14.709125,22.925275,83.9219,347.718625,16.37975,320.838,21.743075
3,17.25,0.998025,25.6311,6.59735,-2.87435,-3.1395,2.013825,106.49925,2.1425,211.47,20.22045,9.7694,22.9684,86.52645,346.621,15.792,243.2241,22.443325
3,17.75,0.9537,25.03625,6.32875,-0.294675,0.215924999999995,3.5988,45.746275,0.885324999999998,153.7942,14.894575,7.84157499999999,22.979575,83.790825,352.698975,14.92025,119.0032,23.6702
3,18.25,0.923125,24.27565,6.3152,5.1743,3.840525,3.64345,14.666625,0.0530999999999997,124.723,1.820875,4.98975,22.9816,80.205425,356.362625,14.49275,28.53625,20.42695
3,18.75,0.936175,23.79735,6.284025,9.51964999999999,8.35169999999999,1.28155,-6.77045000000001,0.81335,95.0977,16.65245,4.2488,22.95505,88.23755,368.69595,13.81575,-2.37999999999999,20.9837
3,19.25,0.837675,23.62185,5.97685,9.1909,9.04115,1.214925,-15.0786,0.302175,84.5517249999999,5.88775,3.7452,22.91885,80.9779,346.69615,13.73225,-17.966,19.331625
3,19.75,0.82715,23.476875,5.866225,9.924525,10.27735,2.506225,-14.6092,0.234425,140.7465,22.662075,3.3764,22.878325,88.681575,363.450425,12.93825,-21.11025,22.727425
3,20.25,0.8392,23.219,5.7343,12.214625,11.045925,5.15205,-10.4561,1.01365,161.512575,22.05115,2.571075,22.8435,89.8473,376.5543,13.0465,-23.4113,23.3548
3,20.75,0.81565,22.96865,5.83645,12.35115,12.672925,2.6457,-6.43102499999999,0.992849999999999,88.64675,4.10195,1.7896,22.800725,90.178275,384.32845,13.12,-17.6164,23.6006
3,21.25,0.81965,22.704,5.74835,11.417775,12.207675,2.3658,-20.1077,2.40175,75.483625,7.42255,1.527875,22.7452,82.70165,375.4336,13.092,-19.7812,19.6838
3,21.75,0.8007,22.5093,5.47315,14.803925,13.43475,1.70405,-8.849,2.5774,84.1583999999999,11.0453,1.212,22.716675,86.372575,377.04035,13.4765,-18.4615,20.1106
3,22.25,0.85995,22.24065,5.4312,11.046,11.3716,2.28325,-4.1372,2.24845,81.06985,11.94105,0.657299999999998,22.6984,80.549475,381.0861,13.072,-17.2633,18.98045
3,22.75,0.8021,22.0744,5.57785,16.99805,16.695175,2.34765,-13.86575,1.264,77.3859999999999,26.34575,-0.000150000000002704,22.673775,85.425725,385.1986,13.371,-18.88035,23.26635
3,23.25,0.858,22.0911,5.97325,12.7765,10.07685,2.7617,-11.26,1.2685,57.9086,4.8239,-0.235750000000003,22.637625,81.7505,388.5426,13.158,-19.48765,19.1667
3,23.75,0.8679,21.8068,6.09925,13.22825,11.885,1.60445,23.95825,1.5654,58.183,10.9806,-0.633375,22.60325,80.56805,378.62485,13.4015,-12.728125,18.5436
4,0.25,0.868,22.4302,6.1432,9.72215,9.70385,1.094,-12.7427,2.3872,48.1405,6.22519999999999,-1.17080000000001,23.4836,70.0578,371.691,13.926,-20.002825,17.3206
4,0.75,0.8426,22.4476,6.1144,12.353825,11.615825,2.7712,-14.98295,1.1466,47.54845,3.2452,-2.0652,23.4484,70.9428,374.9664,13.98,-16.3258,17.3946
4,1.25,0.8478,22.3422,6.0134,9.25,9.329,0.9452,-7.688,3.0774,51.378,5.36519999999999,-2.5834,23.3924,70.911,364.8202,13.95,-16.3618,17.405
4,1.75,0.8536,22.5628,5.8148,8.4654,8.735,1.7624,-6.862,4.22859999999999,38.356825,4.692,-2.638,23.3434,72.34,372.3822,13.97,-17.4292,17.1774
4,2.25,0.7952,22.3072,5.6638,10.97,10.481,2.379,31.3806500000001,1.0728,56.954,3.81819999999999,-2.7242,23.309,71.6286,372.2752,13.98,-12.9192,16.8568
4,2.75,0.7496,22.1024,5.69,11.728,12.02,2.0106,-11.193575,2.9668,49.852,4.56159999999999,-2.79,23.252,70.3026,368.6512,13.94,-18.929,16.754
4,3.25,0.8362,21.9724,6.055,12.96545,11.86115,1.159,-9.25972500000001,1.8644,52.282,3.83219999999999,-2.9022,23.2076,71.1832,360.9736,13.864,-15.8406,16.5878
4,3.75,0.7638,22.2576,5.6464,10.1786,10.2351,1.0906,-0.936550000000045,2.3924,52.10655,3.6938,-3.0714,23.1722,70.9472,371.821,13.856,-12.3386,16.59
4,4.25,0.827,22.1198,5.9148,10.114,10.006,1.9652,19.4038,2.167,46.6468000000001,4.0558,-2.9656,23.1262,69.9366,369.2096,13.838,-18.0122,16.5954
4,4.75,0.8236,22.0298,5.8502,9.27755,9.348175,1.6308,7.21614999999986,1.8856,44.68985,3.5258,-2.8978,23.0762,69.402,366.9532,13.888,-21.0656,16.6932
4,5.25,0.822,21.9132,5.7824,12.543,14.287,2.8122,-8.8011,2.275,54.1912999999996,3.8406,-2.7808,23.0238,68.7634,369.8298,13.972,-12.937,16.731
4,5.75,0.8766,22.2,6.237,12.19385,12.26975,1.0952,-13.864775,2.2836,48.67085,9.00379999999999,-3.751,22.9736,69.3456,370.6282,13.866,-20.6756,16.7528
4,6.25,0.839,21.8076,5.999,16.907,15.749,3.0356,-9.266,1.6036,51.534,9.45519999999998,-3.7854,23.0314,70.1832,371.7504,13.964,-18.7084,16.7332
4,6.75,0.8718,21.7874,6.1252,11.287675,11.6031,2.1642,-7.501,5.4762,43.13825,14.8412,-3.8684,23.0038,69.7224,373.1976,14.006,-10.1656,16.7224
4,7.25,0.8696,22.736,6.0902,13.3414,13.3992,3.2566,-3.726,5.7184,65.357,19.342,-2.209,22.8052,72.7598,371.9028,13.772,33.5482,17.4604
4,7.75,0.8887,23.152075,6.213875,-0.896400000000003,-1.0412,0.798825,24.754,11.211,97.316125,15.97735,-0.842850000000009,22.66655,68.50665,361.118075,13.8115,79.955425,17.57405
4,8.25,0.845,24.3301,6.117525,-3.699,-3.2535,0.88925,69.0815,11.250625,134.1482,11.3813,-0.284725000000003,22.579875,66.6973,344.152725,14.56875,168.116575,18.523475
4,8.75,0.915225,25.441975,6.2946,-8.10435,-7.14315,0.631174999999999,114.730875,9.7781,197.166375,7.028,2.494325,22.515425,65.0919,339.12355,15.50925,259.28965,19.0376
4,9.25,1.0283,26.175,6.979925,-15.889775,-15.541375,0.352725,166.328825,5.116725,227.786125,5.1883,4.831725,22.30315,62.72275,335.090175,17.013,332.932,18.88585
4,9.75,1.0137,26.546075,6.642675,-16.65395,-16.52145,0.340925,187.034975,5.68204999999999,291.845025,6.35235,10.316925,22.3925,60.5132,335.9664,17.7455,403.913475,18.7517
4,10.25,1.012125,27.267575,6.579325,-19.2711,-19.142575,0.286075,219.3453,4.50495,341.458,6.7739,18.66695,22.48765,59.3843,334.26225,19.388,453.334625,19.3535
4,10.75,1.032675,27.761325,6.612725,-16.101675,-16.00725,0.244075,276.8693,4.483025,334.2289,6.903625,19.940075,22.69975,60.575,334.21715,19.735,567.133,19.669525
4,11.25,1.0462,27.853875,7.0484,-18.04005,-18.2425,0.2697,327.07035,4.0116,347.9376,3.23775,23.07385,22.76225,57.43645,332.55695,20.233,608.638575,19.2
4,11.75,1.0696,28.1499,7.415325,-17.957925,-17.9097,0.32305,367.8169,3.78885,395.676,5.536025,23.342525,22.83945,59.09065,332.941375,21.62275,650.1098,19.43935
4,12.25,1.07455,28.681025,6.99615,-19.74905,-19.662275,0.1809,371.9692,4.486425,420.228925,8.336775,27.575725,22.9177,57.06315,332.525225,21.84825,729.59895,19.45825
4,12.75,1.0299,28.879625,7.046425,-17.820025,-17.8457,0.36085,402.65435,3.59807499999999,416.990775,4.940825,29.195,23.07835,58.835975,332.683075,21.654,763.4875,19.6248
4,13.25,0.986425,29.203025,6.66155,-16.747425,-16.9876,0.29735,390.545875,3.5378,423.3164,5.13267499999999,34.234725,23.018175,58.3447,332.2685,22.6535,773.638625,19.1433
4,13.75,1.002225,29.21055,6.6972,-13.5664,-13.68,0.510149999999999,383.42605,1.7215,425.24345,5.783575,39.0184,23.122275,58.268625,332.226375,22.59175,758.1283,19.125875
4,14.25,0.99965,29.520075,6.63365,-21.28375,-20.82135,0.27565,383.4247,4.06645,390.2323,3.41595,39.804175,23.196375,58.36075,333.069025,22.72725,719.5448,19.2437
4,14.75,0.981975,29.508175,6.614875,-11.42725,-11.2873,0.501150000000001,389.18525,2.5106,401.853525,3.33575,35.744175,23.510725,57.401175,332.341075,23.0095,682.56715,19.34925
4,15.25,0.95645,28.823675,6.69325,-20.48215,-20.4609,0.332075,296.517275,3.1373,366.740725,5.4975,29.37645,23.6821,57.885725,331.979225,21.246,605.63135,19.40285
4,15.75,1.00385,28.656,6.76055,-17.329075,-17.4232,0.385775,321.102375,2.3295,349.19515,4.8008,22.3436,23.749525,60.100475,331.9655,20.6405,517.5468,19.516425
4,16.25,1.015975,27.951325,6.7915,-12.99495,-13.446275,0.443,220.102325,1.35595,310.14315,5.375425,18.052925,23.89205,60.000775,332.537375,20.22025,449.8597,19.768925
4,16.75,0.965425,27.278525,6.383775,-7.72825000000001,-7.76795000000001,0.4722,178.32035,0.560249999999998,236.331925,3.26005,14.047,23.823025,60.77465,333.26825,19.002,344.6198,19.540675
4,17.25,0.95425,26.968375,6.053375,-3.71367500000001,-3.77812500000001,0.301125,130.555725,0.65445,190.52995,5.89372499999999,11.675775,23.8795,62.0618,334.1821,17.91375,242.1781,19.381775
4,17.75,0.8693,26.47745,6.30655,-1.649225,-1.65535,0.480075,69.7942,0.0102499999999989,145.470175,3.48334999999999,9.26625,24.099725,63.107375,335.05425,17.509,161.74335,18.874725
4,18.25,0.8968,25.397725,6.3436,3.14994999999999,2.99174999999999,0.41365,29.6816,0.0261249999999988,124.682425,2.5055,6.62235,24.1803,63.4937,335.5716,15.079,54.323675,18.343825
4,18.75,0.831125,24.770825,6.050925,7.4942,7.58875,0.517625,-2.16594999999998,-0.262050000000001,72.60445,2.99885,4.911125,24.2302,64.316425,336.7158,14.50925,2.94414999999997,18.1199
4,19.25,0.830425,24.449575,5.81795,8.755,8.61925,0.561924999999999,-18.1035,-0.1906,52.39275,2.09462499999999,3.997525,24.122425,65.667575,338.411575,14.53425,-15.3151,17.9624
4,19.75,0.789225,24.2462,5.6509,8.98935,8.96475,0.699099999999999,-17.94745,0.13165,61.204,1.534625,3.15755,24.014675,65.93865,340.6811,14.38725,-15.699175,17.830825
4,20.25,0.7593,23.736725,5.32495,9.613,9.1323,2.0811,-10.8745,0.427099999999999,59.7599,2.378625,2.6123,23.938125,66.632075,342.056275,14.1035,-17.0409,17.893525
4,20.75,0.822575,23.23205,5.345425,9.65725,9.93475,2.847525,-8.8021,0.717949999999999,52.001125,2.14514999999999,2.39845,23.88145,66.21965,360.17975,14.0175,-13.59,17.580525
4,21.25,0.78965,23.1297,5.4803,11.36605,11.1682,2.36825,-10.02555,1.086475,48.638,2.634375,2.02075,23.812925,66.3952,358.414425,13.6475,-17.39935,17.5704
4,21.75,0.769825,22.861825,5.247625,9.885225,9.846325,1.85665,-7.078,1.08215,45.816,1.9439,1.57755,23.7474,67.280025,376.515925,14.16575,-21.1791,17.30655
4,22.25,0.82005,22.8445,5.840525,9.919025,9.957625,1.861075,2.82902500000002,1.13095,45.05845,1.91555,1.18835,23.685025,68.68725,368.380675,14.233,-34.415,17.224375
4,22.75,0.8053,22.784475,5.79165,14.88,14.728,1.0767,-6.43885000000003,1.745,57.234325,3.32997499999999,0.352100000000001,23.632725,68.629625,365.789275,14.1395,-24.2003,17.0516
4,23.25,0.83765,22.7351,5.724275,16.0733,15.1522,1.584075,14.9357249999999,2.783975,45.890525,11.0907,0.169900000000002,23.584075,69.463325,368.946875,14.25075,-13.41475,17.309225
4,23.75,0.78195,22.58675,5.579125,9.9329,9.9617,0.934299999999999,-11.611,2.04195,46.934975,2.94099999999999,-0.248849999999998,23.534825,69.394625,372.9385,14.09775,-20.6262,17.303325
5,0.25,0.9594,22.841525,6.55465,9.5036,9.496675,0.808299999999999,-26.036625,1.36895,48.649125,5.27174999999999,-5.774375,24.24105,69.11015,339.747825,16.92875,-16.3325,17.9984
5,0.75,0.94295,22.854225,6.634,8.45425,8.73105,0.499525,-33.40215,0.475525,40.0735,3.549525,-5.8189,24.21785,69.546675,340.42985,17.14475,-36.70155,17.890525
5,1.25,0.948,22.6784,6.403675,9.210825,9.105,0.669949999999999,-29.526675,1.04045,47.340625,1.86805,-6.0708,24.162175,69.7364,341.45805,17.4045,-28.79085,17.96715
5,1.75,0.9281,22.694125,6.3119,11.69475,11.5458,2.47727499999999,-35.333725,1.189875,84.07165,3.434875,-6.512875,24.115375,70.2389,340.4939,17.61875,-21.826125,17.9975
5,2.25,0.968975,22.67745,6.82375,7.888275,7.826875,1.194175,-37.88195,1.4124,46.28835,3.6102,-6.301,24.09625,72.095075,341.43315,18.679,-29.238,18.394575
5,2.75,0.925825,22.586,6.28155,7.4593,7.3286,0.515049999999999,-39.0991,1.2617,37.6872,7.03132499999998,-5.584125,24.07075,71.8945,340.223,17.94625,-28.21825,18.24815
5,3.25,0.86705,22.477825,6.074925,8.5799,8.5294,1.419225,-25.3862,0.672675,41.1877,8.22902499999996,-5.3665,24.049375,71.646775,346.497075,17.099,-33.848375,18.1871
5,3.75,0.858025,22.509125,5.880325,9.457225,9.8638,0.980049999999999,-38.0894,0.980399999999999,27.604,8.07427499999998,-6.127875,24.015375,71.3503,343.960475,18.04825,-29.838,18.134975
5,4.25,0.87865,22.407825,6.395075,9.27317499999999,9.64285,1.530375,-45.953475,1.91895,45.597525,5.97742499999999,-5.595475,23.975225,71.1791,342.134575,16.9055,-27.8781,18.021325
5,4.75,0.85565,22.630125,6.125075,8.65525,8.2938,1.48275,-37.765225,3.80665,39.8698,6.92797499999999,-5.9608,23.94755,71.96145,345.8949,16.67525,-16.896175,17.994275
5,5.25,0.865125,22.640425,6.155025,10.05375,9.733225,0.799874999999999,-30.021375,1.184225,32.22355,4.12115,-5.6717,23.914275,70.148275,344.326975,16.6205,-13.5865,18.0173
5,5.75,0.8937,22.3001,6.089775,14.7167,14.1892,1.62295,-19.5009,0.82905,39.198975,1.426,-5.6749,23.883375,71.030525,347.21805,17.11325,-34.5520500000001,17.66115
5,6.25,0.9256,22.2947,6.23685,9.4868,9.2124,1.29945,-33.173875,2.789275,51.8345,4.52637499999999,-6.14895,23.864375,71.9508,347.1718,17.02,-24.26195,17.6123
5,6.75,0.963775,22.56115,6.324175,11.27035,11.253775,1.409075,-16.22535,6.115525,61.876375,13.119075,-6.114375,23.823175,69.913975,350.882175,16.7535,0.801599999999963,17.888275
5,7.25,0.96865,23.13335,6.564525,-1.41557500000001,-1.94997500000001,1.96595,2.94150000000001,6.928525,84.590125,15.541775,-4.940825,23.7551,68.960325,351.717575,16.79325,78.237475,18.4017
5,7.75,0.957225,23.63265,6.625325,-6.47742500000001,-7.07910000000001,1.157075,43.671575,7.98575,112.247775,9.544975,-3.4011,23.68425,67.09935,349.384275,17.10375,107.6453,18.6902
5,8.25,1.029275,24.302575,6.71465,-13.607675,-13.00215,0.245175,104.5203,6.9193,154.592675,8.248325,-1.8443,23.613075,64.373675,344.9883,17.4825,212.97375,18.566525
5,8.75,0.9965,24.9833,6.7695,-25.7885,-25.503175,0.1744,122.6268,5.3683,228.7102,6.7282,0.349599999999999,23.557225,63.148,341.53515,17.68675,289.7432,18.90585
5,9.25,1.050825,25.576475,7.110025,-28.971275,-28.663475,0.52885,175.667725,4.00455,251.710575,5.960675,3.600675,23.56655,60.386425,341.727625,17.956,381.376675,18.927125
5,9.75,1.005575,26.089975,6.7929,-33.464925,-33.780775,0.532925,201.331575,3.571925,274.1087,6.88124999999999,5.99985,23.614875,60.664675,342.47825,18.3245,482.35755,19.176275
5,10.25,1.0332,26.87345,6.75345,-33.453175,-33.1492,0.219225,237.10545,4.05715,311.01795,6.2143,9.788625,23.7011,60.084525,343.4002,19.02525,586.987775,19.50525
5,10.75,1.08365,27.510975,6.9386,-31.722825,-31.660725,0.274575,263.472025,3.854025,347.48005,6.35845,12.50135,23.785125,60.25395,343.0546,19.98275,605.738025,19.903975
5,11.25,1.10245,27.919675,6.907325,-40.9621,-40.4169,1.90219999999999,272.7496,2.89605,381.2298,8.1241,15.067775,23.828575,61.029225,344.26165,20.5465,732.132175,20.3874
5,11.75,1.1424,27.42235,7.521075,-38.913525,-38.961175,0.263175,330.534175,2.70815,369.540325,7.8278,21.17245,23.84295,60.805975,340.9988,20.07475,749.00105,20.3797
5,12.25,1.1858,27.918925,7.744075,-36.918525,-37.195325,0.381375,316.71925,3.096225,380.919775,7.42807499999999,30.80825,23.887475,62.384525,341.567575,21.46375,742.745775,20.239625
5,12.75,1.103325,28.401975,7.195525,-37.657575,-37.29175,0.257125,326.55855,5.763525,407.49135,8.396475,38.338875,24.065675,61.71015,341.676875,21.10025,755.576,20.6425
5,13.25,1.128975,28.8656,7.4049,-31.95985,-32.1011,0.2326,358.123675,2.6191,432.8126,7.52375,38.24225,24.141575,62.617375,342.098675,21.784,752.78155,20.854875
5,13.75,1.2096,28.28675,7.784725,-29.5403,-29.8546,7.68874999999996,337.7916,2.462,420.887825,6.2566,34.995225,24.29385,63.0667,398.187675,21.1265,738.335725,20.7802
5,14.25,1.095125,28.3638,7.293025,-31.6399,-28.536075,0.262825,349.718575,4.912925,407.984275,4.8637,31.191025,24.395075,60.192,341.936225,20.627,727.7902,20.51025
5,14.75,1.10555,28.243525,7.253925,-32.417925,-32.47105,0.36015,328.917225,2.431425,392.23145,6.74045,29.403675,24.5496,63.826125,342.048975,20.51525,683.7587,20.917475
5,15.25,1.0985,27.80795,7.1005,-24.49445,-24.51595,0.3821,301.87325,1.531425,379.363375,7.181225,27.677825,24.748575,64.3065,341.88865,20.026,617.039825,21.0265
5,15.75,1.068925,27.94055,6.9671,-19.19575,-19.23715,0.379475,245.2646,1.5244,339.4766,5.3783,22.773625,24.743475,64.6117,341.2703,19.81025,514.007225,21.082775
5,16.25,1.075025,27.221625,7.134,-17.580575,-17.7281,0.410975,214.643975,1.049,273.016325,4.382375,17.42645,24.754175,64.9084,341.95605,18.7395,430.535125,20.757825
5,16.75,1.081725,26.826175,7.3213,-10.970525,-11.113075,0.498575,205.470425,1.6833,249.686675,5.1493,12.76055,24.825975,65.988775,342.702675,18.6935,377.5692,20.77715
5,17.25,1.044925,26.184075,6.981375,-6.82907500000001,-7.35502500000001,0.604525,125.72055,0.546375,210.172275,3.2024,10.419625,24.871975,65.14075,343.714275,17.22525,273.658925,20.4088
5,17.75,0.981325,25.7017,6.7226,-1.418025,-1.583425,0.4329,87.25405,-0.168400000000001,147.190075,3.434975,7.5354,24.868225,65.120325,344.7271,15.6045,175.12235,19.92505
5,18.25,0.988325,25.260475,6.740925,1.548425,1.375575,0.673075,27.6945,2.197825,115.8284,3.392325,4.8052,24.8402,64.4008,346.6126,15.1175,79.244375,19.354675
5,18.75,0.943625,24.330375,6.49715,6.063325,5.795925,0.5816,-12.5452,-0.480150000000001,79.1946,4.04724999999999,2.217075,24.797125,67.636775,347.8023,15.44675,3.3196,19.4351
5,19.25,1.019275,23.7935,6.69475,8.01405,7.8616,0.85895,-29.56185,0.221,65.40715,1.457625,-0.0163000000000024,24.732025,67.197975,347.960475,15.7775,-22.8928,19.2814
5,19.75,1.025475,23.415225,7.227475,9.240775,8.889325,0.819125,-23.680875,-0.17885,50.6706,1.142775,-1.55225,24.663775,69.8569,349.3501,17.224,-41.297525,19.117125
5,20.25,1.035125,23.230275,6.947625,10.1889,10.1489,0.458075,-18.8114,0.304274999999999,43.736,2.037275,-2.5347,24.60835,71.170125,345.96365,17.485,-41.793025,19.0137
5,20.75,1.03555,23.19485,7.13775,10.2498,10.201475,0.38015,-24.5342,0.854424999999999,53.73695,0.899224999999998,-3.2309,24.559925,69.07665,343.1468,17.45,-32.6535,18.731475
5,21.25,1.006775,23.097375,6.823425,8.5891,8.7428,0.21275,-26.7893,0.705475,48.0707,1.209275,-3.822,24.506025,68.781775,341.986075,17.40025,-35.7469,18.693
5,21.75,0.96535,23.0212,6.8411,8.212,8.33425,0.602874999999999,-24.593225,0.449725,46.9165,2.496375,-4.64205,24.455825,68.45925,342.020275,17.25025,-29.96225,18.493125
5,22.25,0.96945,22.9831,6.78495,9.21855,8.837025,0.781999999999999,-30.0309,0.901149999999999,48.3126,5.27782499999999,-4.2932,24.40245,68.81325,341.446,17.16325,-22.3478,18.63885
5,22.75,1.0143,22.95665,6.57885,8.8875,8.7789,0.679425,-34.05495,0.56125,50.08345,1.211775,-5.073475,24.356,67.797925,342.054875,17.27775,-29.88075,18.37135
5,23.25,0.91865,22.90255,6.26945,8.336,8.4149,0.52865,-30.6138,0.977825,49.0323,2.92055,-5.31145,24.31165,68.42855,340.585925,16.99675,-24.093775,18.30065
5,23.75,0.9249,22.901425,6.36395,8.5093,8.513575,0.2471,-28.2391,1.089375,43.946,1.9834,-5.524975,24.2589,68.1154,339.6184,16.976,-10.730325,18.206925
6,0.25,0.941675,22.9952,6.302325,8.89435,8.83885,1.46435,-22.618775,0.97155,60.08495,2.64965,-4.8605,24.322525,77.121025,360.827175,12.443,-11.6311,20.39785
6,0.75,0.942375,23.127025,6.608725,8.7567,8.8406,0.39955,-18.8073,0.527049999999999,46.5191,2.4418,-4.8104,24.299925,78.24545,359.63835,12.51975,-23.6091,20.430825
6,1.25,0.88785,22.899325,6.2698,8.811825,8.6703,0.907774999999997,-22.207825,0.910399999999999,47.076525,5.00709999999999,-4.6527,24.2897,78.8023,371.152,12.0885,-10.5151,20.4756
6,1.75,0.91605,22.73585,6.619325,8.34835,8.45215,0.426875,-23.23085,1.3827,58.932275,5.79865,-4.6107,24.2466,78.53655,362.6297,12.1785,-12.9483,20.4623
6,2.25,0.896975,22.720125,6.54325,9.1664,8.99125,1.16985,-24.1826,0.81035,49.951125,10.3251,-4.800675,24.226,78.1308,356.813225,12.14525,-24.78935,20.39405
6,2.75,0.89355,22.7502,6.40865,9.75444999999999,9.8512,0.629549999999999,-23.3585,0.897624999999998,43.81665,4.384175,-5.1807,24.203175,80.69225,354.71405,12.29575,-20.8211,20.7603
6,3.25,0.89005,22.777475,6.30075,8.442625,8.352975,4.672375,-28.85765,1.1554,94.5698749999999,3.19987499999999,-4.942675,24.159075,77.689675,382.71115,13.029,-22.938425,19.9687
6,3.75,0.911375,22.675225,6.636075,8.71225,8.673875,0.812074999999999,-19.80275,1.6141,39.953,3.176325,-4.6603,24.137425,77.743475,380.20785,13.48575,-9.1681,20.18735
6,4.25,0.9011,22.7334,6.361725,10.7672,10.7686,0.715,-13.91825,3.3841,40.0881,13.2229,-4.5978,24.08365,82.279525,355.4485,12.22875,-21.50665,20.1247
6,4.75,0.847475,22.75225,6.1154,11.8051,10.2335,3.7058,-27.56615,1.5566,50.8734,3.0251,-4.663375,24.053525,80.8784,378.95075,13.5795,-25.636375,20.357925
6,5.25,0.8983,22.774025,6.446975,10.382,9.789375,2.385425,-26.830375,1.36755,46.484,4.852625,-5.08405,24.0309,78.90715,387.160825,14.07475,-37.2662,20.138075
6,5.75,0.843275,22.70725,6.038375,10.19575,9.33525,1.314675,-25.84925,1.5614,63.144,18.279125,-5.028925,24.00885,82.442,372.287575,13.4475,-16.345775,20.796775
6,6.25,0.851375,22.680525,6.144325,10.998125,11.19385,0.4861,-18.4462,2.35195,48.1952,11.0746,-5.0246,24.019325,82.88685,366.2015,12.36475,-9.37889999999999,21.09485
6,6.75,0.8299,22.72165,6.1728,10.8846,10.443225,1.5338,-10.49795,4.180375,66.439375,11.604075,-4.4535,23.94765,80.639225,363.87295,12.71075,12.7168,20.57365
6,7.25,0.93665,23.138325,6.415675,4.96775,2.87745,2.362475,24.161325,4.164225,79.737725,10.9027,-3.37535,23.91065,80.984325,364.91365,12.84,85.7594,20.836175
6,7.75,0.87465,23.9748,6.265175,-3.8261,-3.8822,1.126775,49.0715,9.4593,115.4238,9.59069999999999,-2.42725,23.7894,80.250875,365.099825,13.24,157.46125,21.12935
6,8.25,0.91635,24.511775,6.690325,-7.6471,-7.2949,2.56517499999999,105.954,4.608025,141.9576,5.5646,-0.3732,23.7181,78.608825,386.3507,13.832,242.7258,21.2894
6,8.75,1.030475,25.3147,6.76805,-8.89890000000001,-6.85455,0.753699999999997,148.4737,4.56105,177.903675,11.9789,1.6288,23.64825,81.7331,370.4864,14.7555,305.6998,22.244275
6,9.25,1.0101,25.751575,7.134225,-20.858725,-17.609075,1.22014999999999,211.9404,3.58025,226.7591,4.80785,3.4457,23.543775,80.068725,346.344575,15.779,458.9559,22.71645
6,9.75,1.0085,26.386875,7.033375,-20.7911,-20.7553,0.389625,217.0302,3.624975,249.8261,6.2416,6.4528,23.60555,76.77135,341.34245,16.208,454.6048,22.1424
6,10.25,1.04705,26.965425,7.05315,-15.3003,-15.6541,0.802125,248.1867,3.25835,295.8481,6.4432,9.1062,23.82995,75.580075,336.90885,16.98025,517.469825,22.666925
6,10.75,1.068125,27.4336,7.3532,-30.217375,-30.1418,0.179175,287.298175,4.416025,309.4574,5.94385,10.41485,23.865475,75.2772,332.894475,18.04525,677.4009,22.7054
6,11.25,1.071,27.7064,7.18225,-24.344125,-24.369325,0.4815,313.416175,3.8125,360.9956,5.6894,14.342325,23.875925,74.96,332.03125,18.74675,685.6196,22.340425
6,11.75,1.0622,28.016275,7.425,-29.3406,-29.4307,0.657799999999998,308.7881,3.8971,364.7326,5.777575,19.5153,23.9237,71.467625,332.0275,19.21075,711.528475,21.990325
6,12.25,1.118575,28.2432,7.859875,-26.7027,-26.8309,0.278175,323.5352,5.24675,387.09,5.644125,23.4818,23.9958,69.25125,333.349575,19.36925,744.783825,21.719275
6,12.75,1.117475,28.4278,7.887925,-27.056575,-27.029675,0.2595,349.810875,2.9355,403.0054,4.7721,24.0579,23.9653,67.439825,332.5552,19.46525,788.4444,21.4643
6,13.25,1.145925,28.425075,8.067175,-28.1949,-28.6188,0.3528,340.39,2.102175,401.7083,7.1035,30.74245,24.146625,68.62065,332.8197,19.27625,739.086875,21.7715
6,13.75,1.1298,28.0985,7.8821,-21.0006,-21.248075,0.461,336.427675,1.9709,370.04595,6.097,29.8603,24.1413,68.3288,333.2232,18.876,706.7578,21.7591
6,14.25,1.11875,28.0985,7.650175,-23.112875,-23.242375,0.568875,334.378875,3.546075,345.013625,6.4405,27.009375,24.291275,67.220325,333.238925,18.335,753.383725,21.98815
6,14.75,1.1344,28.002075,7.391,-19.599625,-20.193825,0.27025,321.36025,2.141675,345.709575,5.3548,27.08855,24.38185,67.803825,333.638,17.4015,664.585075,21.748175
6,15.25,1.132375,27.760025,7.4321,-19.6326,-19.9937,0.430324999999999,293.4193,1.6727,331.9243,4.188675,22.82725,24.483325,67.479975,333.4753,16.80325,628.24905,21.737175
6,15.75,1.087675,27.5728,7.1633,-21.2191,-21.4334,0.716574999999998,291.3824,0.436,304.3452,2.959675,19.01695,24.565175,66.825575,337.0138,16.021,506.27295,21.782075
6,16.25,1.069375,26.765825,7.087925,-18.975025,-18.94745,1.77277499999999,235.3793,1.251175,273.60035,10.2854,15.3818,24.729625,70.913525,349.40325,16.261,451.42315,21.3003
6,16.75,1.08865,26.601475,7.35395,-13.0153,-13.3042,0.369625,219.999,1.604425,236.3527,3.6882,10.872125,24.799975,70.86265,338.505625,15.9455,385.34755,21.67665
6,17.25,1.05755,26.176125,7.27095,-5.47539999999999,-5.37339999999999,0.2529,153.9297,0.317975,190.2523,4.29929999999999,7.4369,24.8105,70.78975,337.80735,15.17125,309.8255,21.1607
6,17.75,1.02175,25.7606,6.936275,-1.5518,-1.7053,0.404875,119.0478,0.713024999999999,175.3005,2.558925,5.041725,24.776775,71.005225,338.033775,14.17625,217.476275,21.3263
6,18.25,1.011025,25.047075,6.974125,1.0171,0.6449,0.403675,76.0008,0.566074999999998,141.8854,1.02735,2.65275,24.7614,71.5841,339.68515,13.85825,128.89565,21.0633
6,18.75,1.024725,24.526225,7.062025,6.7304,6.6473,0.392425,51.4719,-0.103650000000001,91.6998,2.8136,0.496174999999999,24.713275,73.433175,341.8892,13.59775,56.6008,20.922125
6,19.25,0.97095,24.11195,7.033975,9.5654,8.919,0.415899999999999,21.4487,-0.242600000000001,76.795,4.036425,-1.491575,24.6745,74.2132,342.76105,13.353,-1.839375,20.640625
6,19.75,0.921075,24.013225,6.505325,10.5934,10.4219,0.44685,-10.9298,0.565774999999999,72.8997,2.702875,-2.8671,24.629675,73.4174,343.786425,13.89525,-19.3361,20.384725
6,20.25,0.886225,23.8656,6.206225,10.1019,10.0991,0.283225,-25.9205,0.633425,69.4852,3.336275,-3.6252,24.59275,73.19125,343.7899,13.9515,-14.062875,20.273375
6,20.75,0.8988,23.5702,6.3337,9.832975,9.8638,0.23245,-25.210875,0.60365,65.9127,3.641925,-4.2291,24.5572,72.951625,344.268975,14.08275,-15.900925,20.21815
6,21.25,0.83805,23.415725,6.0687,8.8869,8.9027,0.787524999999997,-15.413475,0.76045,66.250875,4.596775,-4.282075,24.5017,74.4133,344.825325,13.21025,-17.59685,20.201925
6,21.75,0.893575,23.48385,6.262625,9.741725,9.815775,2.97059999999999,-27.01405,0.773575,63.41865,4.732375,-4.2184,24.445525,76.308725,362.498825,13.205,-15.6476,20.34445
6,22.25,0.849825,23.2255,6.0668,9.07495,9.1476,0.326725,-30.4395,0.3683,48.5572,6.77342499999999,-4.42385,24.40165,76.667475,354.758875,12.439,-21.5382,20.498125
6,22.75,0.853475,23.290975,6.1021,9.101575,9.15325,0.200875,-28.8902,1.3105,51.731425,2.831425,-4.742,24.3997,75.9093,348.210525,12.40525,-23.942425,20.502575
6,23.25,0.862,23.068375,6.09895,9.0605,9.104725,2.06724999999999,-27.45735,0.58265,51.20435,2.633975,-4.8605,24.39515,76.9298,363.0822,12.399,-30.4554,20.564925
6,23.75,0.868275,23.031425,6.15935,8.6251,8.7087,0.266275,-17.9785,0.900925,44.8976,4.72162499999999,-4.9999,24.359625,77.370625,353.53925,12.38075,-17.8773,20.400875
7,0.25,0.802375,25.0965,6.10275,9.525075,9.3277,0.552400000000001,-17.31635,0.894,62.17335,2.0594,-4.194375,28.261125,74.04625,368.8778,13.8975,-19.738125,19.9674
7,0.75,0.773625,25.049875,5.713875,8.11665,8.22165,0.603600000000001,-22.8312,0.5192,40.4121,3.3482,-3.8645,28.13525,75.5985,367.808,13.95,-26.322625,19.6632
7,1.25,0.792125,24.84075,5.960625,9.89100000000001,9.735,0.525,-14.157875,0.826800000000001,47.5198,2.68200000000001,-4.008875,28.024625,77.099,367.2114,14.035,-28.498875,19.7892
7,1.75,0.79125,24.873875,5.66675,8.58075,8.436275,1.4208,-14.926225,1.2126,44.86875,3.45140000000001,-4.198625,27.915125,77.676,373.7392,14.4225,-28.06025,19.6292
7,2.25,0.781,24.841875,5.593875,10.2095,10.093475,0.6948,-16.189575,1.5064,44.069975,2.2022,-4.4145,27.796,77.954,373.6144,14.2,-21.429875,19.5438
7,2.75,0.783625,24.801875,5.738125,9.13225,9.2458,1.1146,-23.6142,0.895000000000001,32.7838,4.1446,-4.578875,27.702625,77.5155,377.1106,13.9175,-33.696625,19.7456
7,3.25,0.77325,24.451375,5.57275,10.06375,10.251975,1.2754,-20.79515,0.6514,50.700675,2.36400000000001,-4.26125,27.610875,75.914,377.63,13.7775,-17.502375,20.1352
7,3.75,0.785875,23.966125,5.411625,12.84025,11.8582,0.929200000000002,-27.3612,1.527,42.6542,2.5786,-4.231,27.51575,75.3865,376.6272,13.5225,-21.69275,20.0326
7,4.25,0.799125,23.85575,5.549875,9.3755,9.343,0.386600000000001,-28.1552,3.51960000000001,37.3712,3.21540000000001,-4.451375,27.37775,74.0925,378.4058,13.6275,-18.845125,19.915
7,4.75,0.749375,23.684,5.5045,9.121875,8.846775,1.1332,-17.8379,1.4076,43.0920000000001,2.3804,-4.458875,27.23725,74.1615,388.0384,13.935,-28.048,19.9128
7,5.25,0.821125,23.86525,6.030375,9.42425,9.3902,0.4926,-17.4126,2.40960000000001,47.9130000000001,4.063,-4.09425,27.10025,71.45725,375.304,13.9425,-24.516375,19.9576
7,5.75,0.806,23.9395,5.719,9.87252499999999,9.71014999999999,1.1402,-12.74935,2.3196,40.37515,3.13080000000001,-4.27725,26.980875,71.599,375.6176,13.7625,-21.681,20.287
7,6.25,0.819875,24.23975,6.45325,9.261275,9.37605,0.857800000000004,-20.28385,1.8318,41.457775,4.1816,-4.7795,26.894,71.00725,377.3792,13.9025,-14.499125,19.594
7,6.75,0.809125,24.497625,6.00975,6.688675,6.6973,1.6512,-17.492025,2.1102,48.42725,4.54360000000001,-4.301625,26.793375,71.0925,377.0852,13.9975,2.42175,19.744
7,7.25,0.820125,24.67875,5.9075,2.74615,5.56680000000002,0.8984,6.20560000000002,6.86520000000001,68.016,12.3096,-3.45875,26.57725,71.8605,378.3338,13.9325,50.365125,20.461
7,7.75,0.860375,25.084875,5.812125,-0.3047,2.0967,0.286600000000001,49.26735,9.945,96.9657,10.5874,-1.9,26.519125,71.3835,377.1604,14.7725,123.5835,21.052
7,8.25,0.856125,25.775625,6.079875,-0.719950000000002,-0.0782000000000006,0.413200000000001,98.41575,5.5278,129.01665,5.273,2.0065,26.583625,72.1175,374.0364,16.035,218.2235,21.231
7,8.75,0.878,26.342625,6.51875,-1.720375,-0.527700000000002,0.192400000000001,131.57095,5.12620000000001,193.97325,5.08,15.027875,26.63725,72.6185,374.743,16.82,336.648125,21.0064
7,9.25,0.9475,26.7378,6.664,-2.0506,-2.107525,0.5936,173.001325,5.0358,250.628425,4.43,32.30525,26.51025,87.3724,373.2256,18.61625,443.07225,20.8598
7,9.75,1.028,27.383375,7.3,-2.388,-1.3385,0.330400000000001,212.131375,3.7508,249.169375,4.328,38.97475,26.670375,83.0162000000001,371.9554,18.808,498.5595,21.3784
7,10.25,1.012125,27.691,7.165,-2.8822,-1.413125,0.2102,225.11375,3.65160000000001,272.958625,8.1618,48.062,26.881,95.3881,369.2734,18.93575,516.655375,21.5268
7,10.75,1.018625,27.808625,7.18675,-2.7948,-2.326625,0.321475,268.058875,3.26329999999999,317.965625,4.85802499999999,53.702,27.07175,95.8879,369.5388,19.85,592.740375,21.639
7,11.25,1.06725,28.333375,7.794875,-2.2472,-2.248125,0.2502,297.944,3.4728,381.94475,6.4274,59.860875,27.30675,92.8049,369.483,20.906,645.11125,21.885
7,11.75,1.06175,28.7235,8.202125,-3.3354,-3.07575,0.2048,338.765125,3.66740000000001,371.6195,8.0904,59.156,27.519375,91.69225,368.7598,21.5845,730.872625,22.7138
7,12.25,1.0964,29.0013,8.346,-3.7158,-2.8178,0.2414,320.718,3.674,349.9931,6.6352,67.1594,27.7932,96.6475,368.8848,22.31,770.4984,22.4644
7,12.75,1.0565,29.3221,8.4773,-3.54115,-2.7722,0.359975,349.4086,2.37785,389.6343,7.155625,66.6126,28.0731,95.018875,370.86855,21.53875,793.274,22.00005
7,13.25,1.0839,29.4463,8.8907,-3.665625,-2.9913,0.315425,396.3224,2.704,372.308,6.45072499999999,70.49,28.2856,93.328125,371.455525,21.4825,817.055,22.088675
7,13.75,1.1014,29.3493,8.8358,-3.4242,-2.5364,0.220725,370.0667,3.40375,351.4284,4.34175,64.587,28.5754,94.817875,370.69005,20.4625,784.5622,22.2281
7,14.25,1.0686,29.4778,9.1614,-3.2202,-3.274,0.211225,412.18425,3.560325,397.419375,5.794375,68.4754,28.9489,97.099125,371.332375,22.6025,788.1706,22.413275
7,14.75,1.05625,29.196875,9.15375,-3.6929,-3.28645,0.353125,357.92465,1.0634,335.33225,5.42,66.220625,29.280125,96.38675,371.25465,21.1275,740.983875,22.1694
7,15.25,1.0202,29.0625,9.4921,-2.71875,-2.4947,0.179975,351.4555,1.93480000000001,354.9918,10.0356,59.7057,29.52495,95.60975,371.7176,19.435,664.0586,22.0964
7,15.75,1.08775,28.72475,9.527875,-2.11935,-2.0916,0.28715,302.98855,3.39585,292.9234,5.40152499999999,48.8945,29.696,94.3419,371.44925,19.2575,554.49675,21.874825
7,16.25,1.098375,28.473,9.023,-1.9895,-2.23075,0.256975,284.151375,2.758175,260.026125,5.421975,40.270625,29.77425,95.09575,371.863125,21.18375,481.411,22.406725
7,16.75,1.044625,27.906875,9.243125,-1.140775,-1.186,0.386725,237.460625,1.950575,222.44175,3.79559999999999,31.55275,29.979125,96.468625,371.931775,19.8925,396.98325,22.350375
7,17.25,1.030125,27.445625,9.00825,-0.664575000000001,-0.601,0.443774999999999,220.972875,0.977924999999997,184.342375,5.23004999999999,20.70875,29.998625,95.88035,371.621975,18.124,288.841125,22.05615
7,17.75,0.98375,26.80125,8.8265,-0.664300000000003,0.570375,0.284675,149.39375,1.6944,187.103875,5.91717499999999,11.8485,30.085,97.60525,371.39045,18.814,213.001625,22.104725
7,18.25,0.9605,26.343375,8.769875,1.6714,1.60995,0.40595,100.3674,0.300474999999999,130.3246,3.14247499999999,4.5895,30.1135,72.320025,370.964725,17.87175,144.85525,22.040125
7,18.75,0.9116,26.2925,8.6445,5.1947,5.1991,0.411024999999998,48.5266,0.0755749999999981,76.5514,2.6792,1.6847,30.0657,75.121175,370.77345,16.12375,24.8314000000001,21.39545
7,19.25,0.9837,26.209,8.1204,7.38575,7.1745,0.212675,27.8505,-0.0119500000000009,84.843,3.39485,-0.3006,29.9258,78.431475,371.5209,15.383,-9.60989999999999,21.18705
7,19.75,0.9039,26.0188,7.7813,9.577,9.297125,0.4019,21.169,0.873049999999998,63.42675,4.77254999999999,-1.3258,29.7155,79.5049,370.94645,14.929,-13.8343,20.9437
7,20.25,0.8912,25.9805,7.1212,9.46580000000001,9.229,0.260299999999999,3.556,0.589024999999998,53.857375,3.0655,-1.5501,29.516,80.7559,370.09165,14.31525,-19.1271,21.192575
7,20.75,0.8981,25.8971,7.0421,9.732,9.328875,0.5123,6.782625,0.534,43.4015,4.985775,-2.243,29.3258,78.974875,369.088425,14.49675,-18.7255,21.82535
7,21.25,0.81,25.8199,6.9037,9.87617499999999,9.7061,0.418999999999999,-9.3596,1.3804,50.047,2.7034,-2.5748,29.144,79.093825,370.7312,14.92575,-26.9217,21.110925
7,21.75,0.8255,25.501,6.4776,9.4952,9.45125,0.417175,-4.5215,0.66535,50.223625,2.20452499999999,-3.207,28.9703,79.7794,371.0046,14.93425,-18.5982,21.19505
7,22.25,0.811,25.3685,6.6124,10.58645,10.7031,0.507975,-13.3492,1.332175,42.7184,1.71772499999999,-3.3656,28.8033,83.523275,372.441625,14.8535,-35.1354,20.698
7,22.75,0.8218,25.2841,7.0489,9.270275,9.052125,0.572024999999999,-17.23675,0.978049999999999,35.686625,3.29787499999999,-3.6339,28.6519,88.48255,369.16565,14.63275,-22.8362,20.207875
7,23.25,0.8404,25.2191,6.5039,10.2092,10.304,0.674724999999999,-19.507125,1.1273,50.30275,3.377225,-3.7212,28.5198,83.986425,367.2471,14.58275,-32.3628,20.458525
7,23.75,0.8419,25.111,7.6422,9.007025,8.9231,0.359374999999999,-15.3632,1.22585,45.4832,3.052275,-3.7057,28.3904,85.186075,368.9019,14.23875,-19.5585,20.758325
8,0.25,0.748725,24.8829,6.889075,8.1172,8.1871,0.49575,-5.509,0.59005,43.27885,1.8159,-3.61475,29.319675,83.484875,380.49755,15.88075,-17.317925,23.618025
8,0.75,0.7498,24.666275,6.66765,8.4308,8.498425,0.634075,-6.695425,1.032325,46.77445,1.977125,-3.60555,29.17885,83.3947,381.352725,15.968,-16.9541,23.80915
8,1.25,0.731775,24.756825,7.304275,7.83895,7.96495,0.38555,-4.334475,1.167575,37.8636,3.45535,-3.68985,29.05805,83.044325,382.10345,16.2235,-12.797475,23.596875
8,1.75,0.73825,24.787525,7.00545,7.518,7.61055,0.795124999999998,-9.1993,0.9805,37.42455,2.80315,-3.8466,28.9648,82.4001,381.078025,16.3945,-14.70565,23.5323
8,2.25,0.7008,24.74475,6.863675,7.919125,8.260025,1.172275,-11.5562,0.808525,36.351525,2.4224,-3.7428,28.86515,82.83675,380.751625,16.1305,-13.8155,23.39535
8,2.75,0.701675,24.672025,6.9449,8.75365,8.7002,0.5878,-7.6571,1.34315,37.559,3.17105,-3.725375,28.821725,82.6052,380.3838,16.009,-15.2065,23.449575
8,3.25,0.7366,24.2759,6.781375,8.30667499999999,9.0022,0.56155,-7.267225,1.568625,38.42025,2.507975,-3.692225,28.72245,82.5797,380.62655,15.95025,-17.569375,23.261475
8,3.75,0.702575,24.2072,6.506025,7.618325,7.728425,0.5317,-7.078625,1.12265,34.823325,3.0086,-3.4763,28.611375,83.272975,380.683825,15.965,-15.022175,23.21645
8,4.25,0.769525,24.326425,6.611375,8.33975,7.878575,0.769824999999999,-7.87317500000001,1.669125,45.5274499999999,3.5458,-3.5554,28.5174,83.6822,380.9239,15.99475,-18.342625,22.968925
8,4.75,0.756925,24.1989,6.86365,8.027,7.99175,0.959299999999999,-9.9898,1.4879,36.74165,3.678275,-4.0144,28.489875,85.278125,383.442025,15.933,-17.40715,23.221975
8,5.25,0.670475,24.277925,7.196875,7.417,7.5587,1.299975,-1.43300000000001,2.037925,36.3971,3.833425,-4.1016,28.42945,84.5907,380.618275,15.91025,-10.56895,23.5086
8,5.75,0.68775,24.297525,6.7763,8.115,8.0173,0.473225,-9.80927500000001,2.08055,31.852675,3.3327,-3.926,28.333125,85.6584,380.001875,16.08975,-13.6582,23.785525
8,6.25,0.730075,24.364725,6.16155,9.083125,8.672025,1.2037,-8.249575,2.111,53.560525,3.73975,-3.7498,28.242025,83.44355,382.429525,16.1635,-11.3527,23.504325
8,6.75,0.7774,24.4022,6.206225,9.82,9.766225,1.7712,-9.2756,2.64455,48.9818,4.3933,-3.883,28.2006,83.152975,384.799875,16.1095,-0.618500000000005,23.388425
8,7.25,0.75645,24.925575,6.8372,5.61135,5.419425,1.180625,17.48295,3.257675,68.468875,8.189,-3.9776,28.098575,81.719775,382.771075,15.8695,63.0568,23.465275
8,7.75,0.7787,25.373925,7.193325,6.2866,5.35995,0.809149999999999,53.79975,5.6967,111.71765,8.373125,-2.337,28.010275,79.69435,384.4264,15.92325,145.00915,23.611725
8,8.25,0.82955,25.900175,7.35175,2.10525,2.21062499999999,0.714925,117.221475,4.787075,137.773075,5.258825,4.0689,27.9042,78.555275,381.65965,16.35275,304.460075,23.817625
8,8.75,0.920625,26.397775,7.4203,0.603824999999997,0.665174999999999,0.265725,156.113925,3.2511,162.674725,4.559075,16.694125,27.899425,78.736625,381.3847,16.82225,368.072575,24.068925
8,9.25,0.87475,27.083075,7.868275,1.1928,1.1424,0.331575,196.64245,3.593875,205.7011,5.2077,26.922325,27.927275,75.185175,381.148125,17.987,460.560325,24.24625
8,9.75,0.9085,27.628875,8.36515,1.6546,1.73545,0.39195,253.78025,3.6162,232.96995,6.5144,40.861625,28.02685,73.468525,380.379975,18.712,540.4074,23.9822
8,10.25,0.9177,28.1405,8.6458,1.0164,1.1364,0.20465,307.36935,4.14877499999999,311.10015,5.5872,52.172475,28.119475,72.2139,378.91785,19.348,614.036075,24.2299
8,10.75,0.93915,28.47385,8.640075,-0.019950000000001,-0.0697999999999991,2.273825,324.6362,3.109125,303.6272,8.96760000000001,64.320925,28.2853,71.361625,379.72955,20.23175,703.7277,24.2598
8,11.25,0.947575,28.997475,9.452475,-1.0468,-1.05705,0.371699999999999,370.65595,3.3098,340.07985,6.4096,70.144875,28.43355,71.71745,379.5642,21.48225,733.72445,24.36725
8,11.75,0.980625,29.2342,8.78925,-1.724925,-1.2182,0.344325,400.709625,2.82875,351.0143,5.022775,72.082025,28.6493,70.88295,379.17015,21.7855,766.5325,24.359275
8,12.25,1.006675,29.36365,8.729775,-2.081325,-2.0379,0.3013,452.04605,3.0587,363.615025,6.0101,75.402375,28.872025,67.927225,379.3072,22.25925,842.5549,24.458325
8,12.75,1.043275,29.829275,9.42725,-2.529025,-2.52135,0.162075,439.07855,2.223575,374.89235,6.456,75.310775,29.0235,68.16355,380.005375,22.219,817.7705,24.29075
8,13.25,0.99525,29.9977,9.38405,-2.34425,-2.279,0.166,459.1269,2.377625,388.519625,4.78125,74.503775,29.25865,66.8756,380.0178,22.62,816.256425,24.2502
8,13.75,1.03895,29.792425,9.075075,-0.833,-0.8579,0.2498,450.344075,3.1402,368.249875,3.8182,75.69,29.557275,67.414675,380.2976,22.08825,776.954025,23.5648
8,14.25,1.057,30.057225,9.135675,-0.902999999999997,-1.0551,0.1484,451.402025,2.238,369.690425,4.0144,75.2309,29.8778,65.789325,380.087,22.87825,803.481425,23.8374
8,14.75,1.068025,29.8563,9.3336,-1.3966,-1.512775,0.18,455.381525,2.0842,342.075575,5.1404,68.155,30.2023,65.981175,380.0098,22.74825,731.79315,23.3928
8,15.25,1.045525,29.4985,9.091875,-0.967999999999997,-1.2156,0.2104,433.044125,1.491,323.8446,4.8572,61.297975,30.32,69.2257,379.4684,21.4905,700.173925,24.2216
8,15.75,1.051125,28.94735,9.12645,0.503,0.404899999999999,0.2358,380.262025,1.2556,297.5941,5.2568,53.1224,30.501825,67.66015,379.6486,20.15875,604.4808,24.1476
8,16.25,1.04125,28.7254,9.064775,0.824200000000002,0.743299999999998,0.1998,336.531,1.742,288.1486,7.1638,43.287125,30.7812,70.197575,379.9202,20.4955,498.7199,24.145
8,16.75,1.0204,28.33225,9.32535,1.4012,1.2597,0.1858,291.6604,0.3134,212.115525,3.9692,35.2762,30.827575,69.56595,380.0198,18.91425,413.591025,23.8464
8,17.25,1.0037,27.830875,9.126525,2.3938,2.25245,0.2978,237.41735,0.404,192.114175,4.2222,26.191775,30.89835,68.9721,380.0712,18.49675,331.80825,23.4436
8,17.75,1.005175,27.2948,8.558225,3.5412,3.4648,0.2348,187.319325,-0.1414,168.073025,3.31,18.497575,30.89125,72.41125,380.038,17.65525,214.975275,23.8086
8,18.25,0.963775,26.6244,8.5225,4.497,4.4814,0.238,112.8165,-0.0013999999999999,113.750525,4.9454,6.95305,30.84795,73.34715,379.9146,16.545,96.0482,23.937
8,18.75,0.9113,26.323,8.278325,5.1948,5.3055,0.333,51.43805,0.000400000000000428,70.939875,3.3592,1.9249,30.9346,75.8535,380.1498,16.3885,14.8183,24.1694
8,19.25,0.88655,25.872575,7.952075,6.8474,6.74355,0.2102,26.121,-0.1278,57.081025,2.4358,0.2466,30.821525,76.62805,379.8112,16.32725,-11.658875,24.0516
8,19.75,0.865775,25.5606,7.7306,8.846,8.81015,0.4696,15.44445,0.134800000000001,49.05765,2.0128,-0.812275000000002,30.623925,76.93145,380.8936,16.1575,-20.442,23.7708
8,20.25,0.844625,25.4811,7.244525,8.4644,8.5362,0.376,5.517725,0.8572,54.28335,1.8722,-1.606325,30.446725,76.7635,381.1076,16.13125,-17.564625,23.4966
8,20.75,0.81505,25.5097,7.640675,8.5302,8.58375,0.4516,4.21265,0.5136,51.625225,2.735,-2.4143,30.28975,78.8047,381.5638,16.03925,-24.61635,23.735
8,21.25,0.741525,25.16205,7.076725,8.6142,8.496925,0.345,4.4313,0.5702,48.454675,2.6772,-2.950625,30.1175,78.945525,381.7232,16.0445,-18.356425,23.7856
8,21.75,0.75725,25.054775,7.219075,8.8356,9.025775,0.1818,-2.09187500000001,0.914200000000001,41.098425,3.9148,-3.019025,29.976025,79.34375,382.1502,16.07825,-17.46495,23.6258
8,22.25,0.764175,24.909425,7.247325,8.158375,8.1233,0.4132,-2.79010000000001,0.5878,45.8813,2.0672,-3.408425,29.806175,78.43225,381.594,16.1185,-13.126075,23.4252
8,22.75,0.76125,24.8629,6.940525,7.8796,8.447875,0.2978,-2.55397500000001,0.9812,46.128025,2.4098,-3.460975,29.657325,78.523175,381.2098,16.08425,-16.471725,23.3124
8,23.25,0.753125,24.926025,7.1072,8.7332,8.597425,0.406,-4.6038,1.0994,34.5185,2.229,-3.572225,29.49815,79.7445,380.8884,16.01425,-13.4577,23.636
8,23.75,0.754125,24.9375,7.026975,8.127875,8.2322,0.341,-2.89995000000002,0.4314,40.538,2.3868,-3.489675,29.44205,80.6377,381.4082,16.02725,-19.29045,23.837
9,0.25,0.772875,25.129,5.545975,8.288925,8.2131,0.5234,-7.804,1.0912,57.380925,2.4878,-4.1662,28.88555,80.17175,372.055,12.1765,-16.5259,23.4122
9,0.75,0.745025,25.0447,5.39435,7.891925,7.8603,0.3866,-14.49755,0.8952,59.91835,3.5446,-3.7502,28.7971,80.893425,376.6834,12.3405,-19.4227,23.5008
9,1.25,0.79495,24.894775,5.71245,9.26125,9.0765,1.076375,-7.79530000000001,0.9324,47.822325,3.4154,-3.877375,28.698725,80.1533,374.78445,12.64825,-19.7043,22.4658
9,1.75,0.7264,24.8958,5.8329,8.351875,8.1412,0.965874999999999,-11.18785,1.436,39.5814499999999,4.6474,-4.468625,28.6284,79.36045,374.499525,12.65575,-25.68315,22.7546
9,2.25,0.665975,24.831375,5.8842,11.5081,9.490875,0.882074999999999,-11.69515,2.0132,52.265475,3.9358,-4.3645,28.517925,81.05285,373.477825,12.52075,-17.42075,22.738
9,2.75,0.69205,24.69625,5.6132,7.7093,7.7104,2.64342499999999,-7.10122500000002,1.8952,62.4340249999999,2.514175,-4.21925,28.431775,82.97545,375.913125,12.40175,-20.48785,22.3458
9,3.25,0.6887,24.7259,5.24445,8.6428,8.9779,1.85735,-7.87795000000001,1.983,66.19595,3.100525,-4.49695,28.3671,81.7676,389.69845,11.725,-20.554775,23.1474
9,3.75,0.67555,24.56575,5.10105,7.9223,8.152875,1.33125,-10.154725,1.6172,50.748925,1.8914,-5.15955,28.3083,83.78585,387.086625,12.4795,-24.4064,22.7804
9,4.25,0.74995,24.57195,5.39765,9.5123,9.445825,1.038325,-8.59705000000001,3.32419999999999,39.495125,2.9598,-5.0287,28.22885,80.78125,392.291,12.04,-24.33295,21.3748
9,4.75,0.6905,24.498775,5.672425,7.4301,8.4155,2.575525,-4.43375,3.0374,45.932125,2.814,-5.00825,28.1405,81.8291,392.19515,11.8625,-15.2233,21.3398
9,5.25,0.6931,24.53665,5.5695,8.7653,8.539375,1.174875,-10.4665,4.1594,35.811625,5.0546,-4.978375,28.097075,81.985175,389.947225,12.09275,-17.6707,21.5768
9,5.75,0.703325,24.62745,5.991475,9.347125,9.932,1.235375,-3.70445,3.5456,44.068625,3.9732,-4.971125,28.01325,81.070225,381.3736,12.153,-18.28245,21.5148
9,6.25,0.710375,24.63965,5.68795,8.953375,9.6826,1.967575,-7.80019999999999,5.37199999999999,44.285,5.976,-4.89275,27.936575,81.773825,381.2043,11.94025,-16.84195,21.9184
9,6.75,0.76895,24.546,5.663425,8.6711,9.838125,1.838575,13.8086,4.7702,75.198,4.8304,-5.195125,27.865825,80.480025,384.6627,11.97825,-10.73235,22.5964
9,7.25,0.73505,24.8668,5.66995,5.8521,8.24575,0.828425,5.361625,5.2644,68.6555,9.0022,-5.2445,27.7784,78.26295,383.8984,12.953,18.5582,22.5962
9,7.75,0.7106,25.3472,5.958,4.55785,3.687,0.8966,34.3779,6.2644,85.89195,7.2968,-3.9676,27.631,76.78325,381.5188,14.209,98.5254,22.762
9,8.25,0.7738,25.95075,6.18145,0.851149999999997,0.497800000000002,0.610875,67.0518,6.64055,120.9852,7.561475,-2.9114,27.5007,73.4309,371.178625,15.009,191.865,23.11415
9,8.75,0.7855,27.00995,6.78915,-2.478,-2.0038,0.275325,112.1644,4.736575,156.2016,7.74992499999999,2.0764,27.45485,70.94945,366.978825,15.615,303.02345,22.513275
9,9.25,0.8916,27.5116,7.1318,-4.81095,-4.1968,0.199,154.3142,5.3736,189.1536,6.55899999999999,18.0232,27.4619,70.2471,373.1406,17.1875,406.980675,22.6422
9,9.75,0.8907,28.264075,7.5567,-5.312,-5.32775,0.33745,207.365125,3.69625,250.263375,7.263175,37.276,27.469525,68.166525,367.94175,18.72075,509.605025,23.399575
9,10.25,0.8886,28.639375,7.4473,-5.47462500000001,-4.524,0.325425,255.3994,5.199275,275.1886,5.969,51.813,27.471875,67.598675,367.9784,19.1925,563.4661,23.3088
9,10.75,0.92475,29.23715,7.51715,-5.378775,-5.0662,0.2672,279.97255,3.7906,320.49925,4.5624,68.47325,27.48985,67.33835,367.7562,20.3045,654.83825,23.4876
9,11.25,0.94225,29.53295,7.65365,-7.877525,-6.0193,0.2554,334.9358,3.0582,335.8674,6.4228,81.93265,27.5955,66.35675,367.947,21.6885,720.97065,23.8214
9,11.75,1.018575,29.772825,7.888075,-6.53427500000001,-6.199425,0.284074999999999,366.307625,2.9859,338.305675,7.473925,93.0062,27.820675,64.174225,368.438925,21.157,782.451275,23.523575
9,12.25,1.0011,30.233875,7.875675,-8.397475,-7.2502,0.273025,366.1084,3.071775,357.48545,5.320025,99.48045,28.0352,65.46935,368.6189,22.65,840.904075,23.533475
9,12.75,0.9872,30.754675,8.002575,-6.42515000000001,-5.189975,0.366849999999999,368.410925,3.40865,361.599875,6.104675,103.29645,28.318075,64.080925,367.9885,22.43625,794.603825,23.7574
9,13.25,1.01125,30.4783,8.28635,-8.0844,-5.35365,0.21885,418.58695,1.605625,397.86625,9.646125,104.9911,28.5921,66.6975,368.33345,22.171,835.004375,24.073875
9,13.75,0.9864,30.36435,8.220975,-6.8506,-5.166025,0.20455,413.2471,3.04305,369.4632,4.918325,104.14115,29.029975,65.600425,368.375075,22.31025,809.474575,24.58105
9,14.25,1.03435,30.2985,8.093525,-5.22895,-5.073875,0.28665,390.025075,2.0454,348.216425,5.18805,99.9349,29.217175,67.8432,368.051975,22.56675,734.8079,24.541875
9,14.75,1.02905,30.354325,8.209325,-5.924025,-6.009625,0.353025,353.346025,2.5679,337.205675,11.489875,93.7023,29.50395,70.042475,367.58985,23.45175,696.82345,24.384475
9,15.25,0.992775,30.357975,8.17415,-4.93945,-5.2009,0.102525,331.5037,2.011675,294.032925,7.299825,82.99835,29.833325,71.1614,368.245325,22.77875,642.9555,25.746725
9,15.75,0.985975,29.808475,7.9572,-3.5253,-3.6029,0.386,319.0074,0.55795,295.222775,4.994125,71.37365,29.988525,73.31395,367.8227,20.88425,547.5025,25.0323
9,16.25,0.97805,29.1369,8.52435,-3.3023,-3.416225,0.357225,276.4805,0.951949999999999,234.995075,4.1288,60.9717,30.102275,73.8425,368.5634,18.72175,480.403375,25.517225
9,16.75,0.996025,28.84355,8.521775,-1.770625,-2.0401,2.08255,223.144575,1.691525,211.584075,7.06464999999999,47.14365,30.231825,71.235975,368.721275,18.84775,376.92425,24.206925
9,17.25,1.007375,28.31825,8.057075,0.312749999999998,0.00512499999999869,0.314975,180.090525,0.6437,183.14605,5.748025,34.33175,30.240075,77.181375,369.323925,17.966,251.66415,24.602575
9,17.75,0.95465,27.710225,7.851275,2.000275,2.671875,0.310825,120.74535,0.09665,127.61545,5.3452,18.0787,30.330575,75.042775,369.8867,16.138,161.9404,25.067025
9,18.25,0.955625,26.736275,7.319875,5.656425,4.985,0.5189,58.02265,0.184425,77.19445,4.155825,5.94965,30.313925,72.90335,370.695125,13.5855,44.06845,23.52255
9,18.75,0.8905,26.177575,7.273,7.71085,7.646975,0.3864,17.80205,-0.4841,66.58535,1.36945,0.77655,30.24995,76.1557,371.483425,13.09075,-5.86485,23.62245
9,19.25,0.89045,25.952425,6.988875,8.6588,8.75675,0.21685,5.65569999999999,0.00807499999999964,55.0066,2.20465,0.0685999999999995,30.109575,77.0451,371.9581,12.67275,-15.60025,23.18955
9,19.75,0.82985,25.777275,6.488525,8.4966,8.410775,0.3039,6.86164999999999,0.0672249999999998,79.713925,3.740375,-0.791200000000001,29.9607,77.448475,372.740525,12.546,-18.100475,22.9707
9,20.25,0.81025,25.636225,6.066275,8.335625,8.305775,0.47355,-1.75095,0.32805,62.0676,20.933025,-1.3844,29.8001,86.549175,373.400675,12.6525,-17.470775,24.42775
9,20.75,0.81635,25.532175,6.08285,8.5672,8.3302,0.24545,-3.8973,1.3523,53.372025,4.413275,-1.898,29.70445,80.49575,372.30565,12.57575,-21.9367,23.530425
9,21.25,0.775875,25.488475,5.9013,9.529075,9.344425,1.06605,-8.196775,1.47605,49.9142,4.4088,-2.460425,29.598725,82.835125,373.627075,12.611,-18.46755,23.9691
9,21.75,0.725525,25.40925,5.732325,8.190225,8.12225,1.621725,-13.88,1.0301,68.73015,4.16295,-3.01725,29.4783,77.0117,371.78375,12.7765,-17.9063,22.860775
9,22.25,0.784675,25.359575,5.581775,8.01455,7.910425,0.636625,-11.57255,2.0296,51.558125,3.888925,-3.5752,29.349925,76.89005,371.778475,12.5905,-20.75585,23.0753
9,22.75,0.777925,25.35305,5.4036,8.1311,7.843275,0.941049999999999,-8.20685000000001,0.53545,43.263275,3.019375,-3.697175,29.218925,78.763175,372.0241,12.475,-16.7164,23.6993
9,23.25,0.808525,25.2355,5.24665,8.026475,7.908675,0.399625,-13.1548,1.19895,34.272375,2.946175,-4.1714,29.104425,78.261825,372.69315,12.43525,-19.4461,23.356925
9,23.75,0.802475,25.241725,5.314575,8.374,8.3908,0.577075,-15.56825,1.15795,41.242,3.80045,-4.283225,28.990325,79.0724,371.667375,12.47625,-20.61005,23.4605
10,0.25,0.7037,24.405775,6.0325,7.2496,7.2679,1.3245,-11.3475,1.6067,47.76495,2.456875,-1.7994,28.170325,80.281375,394.74735,15.26325,-17.33505,23.441425
10,0.75,0.722125,24.267175,6.5312,8.846325,8.29585,1.160125,-9.29680000000001,1.362725,40.922425,3.948,-1.6604,28.0921,83.52565,394.26,15.136,-13.6804,23.513
10,1.25,0.663525,24.26,6.022725,7.73625,7.79925,1.5993,-12.348,1.56085,42.871125,3.1079,-1.8259,28.02075,84.9,392.77365,14.995,-16.0954,23.06955
10,1.75,0.6082,24.183475,5.35345,9.608775,8.15615,1.813,-10.51095,1.417725,35.474575,4.092725,-2.39055,27.93605,81.820825,385.8082,14.80875,-18.2767,22.948375
10,2.25,0.65675,24.085525,5.518625,7.55425,7.658125,1.74585,-8.28425,2.5191,39.25855,4.5699,-2.7193,27.895475,79.17565,383.064675,14.78125,-13.1666,22.728875
10,2.75,0.613625,24.068875,5.525775,7.17365,7.45845,1.5358,-6.56347500000002,3.753425,34.63165,4.85955,-2.78755,27.8338,79.886825,381.94835,14.8725,-14.378925,22.581625
10,3.25,0.641875,23.951475,5.727775,7.2792,7.4134,1.677875,-4.72800000000001,1.545175,43.3356,3.131775,-2.649675,27.73165,80.228675,385.209075,14.75325,-6.19102500000002,22.6597
10,3.75,0.61645,24.058625,5.865275,8.13425,7.573625,1.620025,-6.1355,1.51715,46.9302,2.116225,-2.40295,27.670925,79.025675,390.837525,14.75875,-9.12665,22.542975
10,4.25,0.616775,24.017,6.0044,7.8355,7.6962,1.3709,-5.47750000000001,1.8344,51.1663,3.083725,-2.32715,27.625975,79.6674,382.785675,14.62225,-15.8842,22.55405
10,4.75,0.654925,23.90815,5.606225,8.871,7.7236,1.6255,-1.9308,3.304575,42.16955,3.898225,-2.45385,27.5782,77.59325,385.585625,15.36975,-16.69495,22.45615
10,5.25,0.63355,23.98615,5.9354,13.95035,12.56115,1.866275,-14.06945,3.365075,35.736,4.355875,-2.850075,27.533625,81.32905,396.3925,15.04125,-17.869925,22.4175
10,5.75,0.625325,23.97525,6.006425,9.8395,9.877375,1.98665,-8.0813,2.2587,33.76275,4.173875,-3.34415,27.4766,81.776475,403.2678,14.80025,-22.35895,22.421975
10,6.25,0.630525,23.92035,5.9819,11.44975,11.6075,1.274075,-5.26890000000005,4.617925,45.351,5.7764,-3.93425000000001,27.420175,79.474275,395.47915,15.377,-24.7396,22.583775
10,6.75,0.630225,24.180625,5.793825,8.35275,8.37195,1.8631,-7.884,3.4062,47.88175,3.337925,-3.69945,27.352,79.471275,388.11995,15.471,-17.64205,22.637625
10,7.25,0.650925,24.252725,6.152325,5.595525,4.84765,2.226225,-2.57940000000001,4.827775,58.03675,8.648825,-3.796225,27.2711,79.113,391.010275,14.94675,19.57575,21.866075
10,7.75,0.679725,24.845575,6.43615,1.347225,1.555975,0.81425,33.2394,9.884125,84.949,22.686,-3.35275,27.183725,76.9801,387.17395,15.581,97.403,22.57675
10,8.25,0.7025,25.548725,6.520975,-4.202125,-3.966875,0.906699999999999,51.56185,10.16535,123.2607,18.652375,-2.1565,27.108725,74.473975,379.2678,16.67825,186.76755,22.86345
10,8.75,0.738675,26.28035,6.7753,-5.304575,-5.416825,0.314075,95.3422,9.333975,145.746575,7.045825,0.867775,27.051025,71.50245,376.156675,18.01575,281.208,23.14655
10,9.25,0.8065,27.033625,7.38855,-8.04315,-8.2112,0.321575,132.1649,5.77885,175.77345,7.626675,8.57995,27.088925,71.012525,371.01105,17.8105,378.3977,23.152225
10,9.75,0.8792,27.453975,7.748725,-14.835675,-14.675775,0.5622,182.568125,4.288925,222.6994,8.2943,27.83995,27.05245,70.0396,369.173125,19.1685,500.276,22.98665
10,10.25,0.833725,28.19055,7.8294,-13.180875,-13.10775,0.662599999999999,199.828625,3.97695,244.794,6.0318,40.91155,27.231325,66.63735,369.50515,19.417,515.9688,22.99595
10,10.75,0.88025,28.529075,7.597225,-12.339,-12.460425,0.32195,236.7656,3.222,274.133525,7.17999999999999,46.9485,27.312,68.66995,368.895275,20.4025,603.01515,23.34675
10,11.25,0.85465,28.956,7.725375,-12.3481,-12.32135,0.386275,271.74605,4.3747,297.6248,9.24987499999999,57.074475,27.318325,67.535175,369.106075,21.4375,650.37245,23.287675
10,11.75,0.93605,29.2885,8.04935,-10.12905,-10.1588,0.18525,321.536225,2.5938,330.077525,7.98705,60.05295,27.394175,66.958525,369.3374,21.46525,689.765175,23.457
10,12.25,0.967175,29.443125,8.598575,-11.112425,-11.1175,0.2296,349.0593,4.38075,332.7323,10.634275,67.1266,27.421675,67.8699,369.3614,22.4925,703.10755,24.20945
10,12.75,0.9201,29.658875,8.697375,-14.410025,-14.373975,0.164525,345.6709,3.172775,369.2499,5.133875,72.28495,27.45595,66.0682,368.24735,23.17525,732.31365,23.620975
10,13.25,0.949525,29.74415,8.726625,-11.90385,-11.825475,0.257675,357.6156,1.560175,351.043225,5.305975,78.42065,27.7057,65.870325,368.154225,22.25,721.64185,23.9945
10,13.75,0.954575,29.74105,8.731175,-17.610375,-17.548775,0.19985,330.910425,2.145875,330.218275,4.7233,73.75225,27.92715,65.77685,368.1269,22.2145,710.3583,23.744175
10,14.25,0.9344,29.706325,8.305375,-12.0646,-12.199475,0.2401,325.5594,1.435325,307.169375,4.364575,66.91515,28.217775,65.90325,368.792925,22.5085,663.75235,23.600375
10,14.75,0.955775,29.160525,8.523425,-11.96075,-11.90835,0.39825,310.01235,1.167075,316.8808,5.466675,59.7332,28.584425,67.228275,369.32655,21.89225,606.54235,23.7649
10,15.25,0.974775,28.94835,8.674325,-12.542325,-12.62915,0.213275,278.5959,0.766649999999999,268.727875,5.50145,56.205075,28.7113,68.049575,369.29815,21.78175,528.92055,24.1322
10,15.75,0.96415,28.648975,8.58685,-8.766475,-9.140675,0.333275,253.43745,1.113325,236.396875,5.567325,50.415775,28.87525,69.261525,369.440525,20.667,460.394175,24.1939
10,16.25,0.928825,28.44695,8.3409,-5.93775,-6.1212,0.316125,203.51635,1.271925,196.000675,4.3345,41.780925,29.0625,70.863375,369.659775,20.575,348.230425,24.1636
10,16.75,0.926125,27.982,8.0947,-3.52465,-3.607525,0.34705,144.87975,0.550249999999999,166.3372,4.382125,27.901,29.138225,71.739575,370.57635,18.88925,236.772975,24.1681
10,17.25,0.855275,27.2038,7.82005,1.26185,1.09685,0.429975,92.697075,-0.176425,150.72425,3.9285,16.01415,29.243525,72.028775,371.18465,17.61675,145.6892,23.6668
10,17.75,0.851675,26.492775,8.155025,3.77065,3.52705,0.322325,47.72955,-0.19165,94.6209,4.0796,6.58875,29.2618,73.854325,372.026625,16.599,59.5841,23.604025
10,18.25,0.84425,25.997175,7.259875,5.7998,5.8302,0.5406,11.17875,-0.3544,60.73205,2.018175,4.214275,29.196325,74.724625,372.59455,16.20325,-5.076075,23.5682
10,18.75,0.82545,25.69355,7.479,8.351375,8.2415,0.626575,-2.7526,-0.0393000000000003,62.64,2.291075,2.7493,29.131125,74.637225,373.038575,15.9025,-20.2001,23.721825
10,19.25,0.8023,25.491,6.926175,8.034175,8.068325,0.398225,-8.62330000000001,0.375325,48.53305,2.9024,1.729025,29.008,75.398325,373.027875,15.70175,-18.925275,23.73915
10,19.75,0.7215,25.263575,6.6603,8.594,8.6045,1.233475,-6.30250000000002,0.234825,44.198,2.243725,1.045375,28.917675,76.78635,374.74655,16.04875,-16.756775,23.68225
10,20.25,0.715575,25.045175,6.431675,7.88745,8.02585,1.883775,-12.6051,0.4742,42.986675,2.671375,0.689749999999999,28.830625,77.2008,376.4431,15.90475,-20.07295,23.327975
10,20.75,0.761175,24.968075,6.6831,7.28075,7.281875,0.864075,-13.472675,1.129025,52.58195,3.82145,0.15845,28.71845,77.1579,375.83925,15.60075,-25.7279,23.042525
10,21.25,0.715775,24.847975,6.768575,7.8222,7.7316,0.73425,-6.8104,0.535075,51.512375,2.392025,-0.397025,28.61905,76.0148,375.173825,15.986,-23.398825,22.757
10,21.75,0.7975,24.651975,6.7802,8.315,8.157875,1.6302,0.334625,1.150725,53.9912,2.95075,-0.64335,28.52115,77.940725,376.739775,15.91125,-17.4928,22.528425
10,22.25,0.704,24.736725,6.824025,7.3367,7.3276,1.97135,-7.35435000000001,0.9805,44.8907,3.161775,-0.9916,28.440525,77.262475,383.2495,15.24025,-18.5295,22.566675
10,22.75,0.723825,24.66515,6.842725,7.4352,7.4185,2.086475,-6.98950000000001,0.858325,52.8717,3.4379,-1.3153,28.339325,79.170675,389.09555,15.03025,-15.9885,22.910475
10,23.25,0.756775,24.523275,6.68455,7.74745,8.037175,1.112425,-9.919075,1.7743,38.0076,5.156925,-1.35995,28.298325,79.0265,384.7589,15.33575,-15.09105,23.03275
10,23.75,0.755475,24.573275,6.2444,8.82785,9.1122,1.319225,-11.167825,2.166575,35.504375,4.10595,-1.42415,28.2334,79.0831,382.305475,15.4095,-16.06805,22.963175
11,0.25,0.792075,23.730525,6.7999,7.8355,7.87375,1.884775,-15.1995,1.64565,66.1845,12.139675,-2.481,25.8884,82.71525,399.203125,12.938,-20.4072,26.035175
11,0.75,0.773875,23.64825,6.8442,8.075,7.997,1.576025,-16.8628,1.288875,59.2565,3.03685,-2.208025,25.8841,83.69045,394.037725,12.87775,-18.303825,24.5638
11,1.25,0.7652,23.59995,6.753125,7.64305,7.592475,1.137575,-18.378,1.8753,46.482325,3.24985,-2.7059,25.866775,83.203575,394.754275,13.15675,-21.1716,22.032775
11,1.75,0.72205,23.47905,6.51025,7.6175,7.599,1.515375,-14.4651,1.629075,46.7028,3.44595,-3.18225,25.80155,81.940925,401.0234,13.304,-24.82255,21.609
11,2.25,0.77795,23.596375,6.8745,9.3605,8.468,1.025025,-12.195725,1.5708,40.96115,3.2107,-3.49535,25.7563,80.945325,403.89945,13.50075,-26.4159,21.5405
11,2.75,0.758725,23.495125,6.41675,7.489925,7.633575,1.370825,-7.66620000000001,1.67845,46.967075,2.28975,-3.7055,25.732075,80.8827,397.816675,13.319,-26.04395,21.5929
11,3.25,0.727975,23.686825,6.2061,7.64575,7.68845,0.951675,-8.39025000000001,2.4532,59.5119999999999,4.901325,-3.9922,25.686275,80.420875,397.150625,13.9475,-24.9579,21.879
11,3.75,0.7355,23.401525,5.92585,8.84629999999999,9.3218,1.174125,-12.5493,2.981475,69.4761999999999,5.2736,-3.8831,25.623675,82.373575,381.5077,14.1055,-15.4499,21.8617
11,4.25,0.7233,23.413475,6.29635,8.1256,8.3483,1.52225,-7.12704999999999,3.94505,42.89445,4.8399,-4.067,25.550075,83.746975,389.237325,14.071,-13.0318,22.15305
11,4.75,0.723775,23.131825,6.1123,7.2515,7.798,1.66125,-0.807374999999983,4.412025,58.2501999999999,4.91385,-4.37035,25.5717,84.063425,397.852375,13.678,-8.78205,21.860525
11,5.25,0.75815,23.38555,6.148325,9.51299999999999,9.92879999999999,1.52615,-18.9088,3.496825,36.2898,4.95345,-4.55205,25.539325,82.59285,383.444575,13.7215,-15.25285,21.7221
11,5.75,0.7374,23.41785,6.214375,11.1634,10.8388,1.109475,-15.198025,4.9123,51.4258,6.06855,-4.53985,25.5076,84.207325,395.986675,13.92,-18.95395,22.732075
11,6.25,0.716525,23.35965,6.326125,8.07895,7.8516,1.457675,-2.62597500000002,2.489475,48.588475,3.76775,-4.828,25.478775,85.2084,401.878275,13.8545,-19.78415,22.98755
11,6.75,0.7227,23.294875,5.600025,8.56055,8.17345,0.932525,-14.36635,2.045925,51.732125,5.19025,-4.95605,25.459425,84.4595,400.5474,13.824,-20.9043,22.0598
11,7.25,0.739825,23.5064,5.96215,7.4183,8.106,1.85255,-9.46500000000001,3.00595,64.489,4.04615,-4.923125,25.433375,85.073525,413.986525,13.69475,-15.3013,21.832025
11,7.75,0.737325,23.801875,6.1002,3.997,4.01275,0.5836,-2.3299,7.624175,79.5145,12.1016,-4.6856,25.36045,83.47185,403.20715,13.41475,44.3238749999999,21.78085
11,8.25,0.771875,24.361575,6.52255,-1.800175,-1.617475,0.561574999999999,45.844525,10.575225,114.826975,12.536225,-3.76665,25.288375,77.060575,383.956,13.86875,110.29725,22.3271
11,8.75,0.85015,24.93975,7.15215,-5.975,-6.1197,0.546775,77.5016,8.9156,152.2314,7.05545,-2.12065,25.25705,78.105325,372.37875,14.8145,248.0062,22.459475
11,9.25,0.9051,25.85735,7.704725,-8.88295,-8.775775,0.439025,109.86935,7.225075,189.417825,7.87265,1.8577,25.255775,79.76435,370.5624,16.115,298.15465,22.7366
11,9.75,0.9131,26.571025,7.4423,-12.35455,-12.26175,0.622,150.9115,3.879475,225.718175,5.306125,10.21885,25.303325,76.287125,369.452325,18.0955,404.8011,22.8272
11,10.25,0.898825,26.90185,7.631575,-10.213775,-10.366875,0.595575,186.308425,3.7797,255.0953,7.07904999999999,15.6341,25.2346,73.362325,373.719,18.071,485.7782,23.06935
11,10.75,0.92425,27.6627,7.560725,-18.2417,-17.69265,0.4345,208.10745,4.180325,270.1207,5.7598,20.504025,25.3059,73.311325,368.58865,20.25075,537.4673,23.354225
11,11.25,0.964225,28.01075,7.927775,-16.72455,-16.67755,0.290875,235.6105,3.649875,315.96965,4.853075,24.472975,25.36775,69.282425,368.515125,20.45325,580.500475,22.889975
11,11.75,0.97115,28.003325,7.937075,-21.2236,-21.407425,0.2403,231.688325,3.36415,298.42425,7.62795,25.335,25.3521,69.75915,368.13245,20.5265,634.07175,23.278125
11,12.25,1.003825,28.35,8.159825,-15.461375,-15.52665,0.2658,257.04515,2.1925,350.7191,7.75965,30.18205,25.482275,69.947,368.217375,21.1175,611.47935,23.4355
11,12.75,0.977075,28.50265,8.164325,-18.3928,-18.25455,0.2261,270.84035,3.91055,308.0561,8.95565,35.795675,25.46545,67.271125,367.786675,21.82325,673.898325,23.27935
11,13.25,1.0069,28.3725,8.223075,-17.3874,-17.61665,0.654725,260.17855,1.946975,347.69685,6.124475,37.2316,25.80155,69.095675,368.841775,21.705,615.562625,23.28835
11,13.75,0.9838,28.2544,8.248425,-13.163725,-13.6318,0.45755,256.925975,2.4321,327.26745,6.5179,32.3781,26.016075,72.18195,370.6868,19.79975,613.394175,23.60435
11,14.25,1.0013,28.19685,8.165825,-12.794525,-12.614875,0.360375,238.4251,3.9006,314.658175,6.72049999999999,30.24645,25.88195,68.815725,369.6125,19.49575,544.679775,23.348575
11,14.75,0.98525,28.1201,8.063775,-13.4759,-13.477475,0.27815,232.6276,2.046775,295.570925,5.578325,28.7631,26.052325,69.20775,369.5311,19.5235,510.3585,23.51905
11,15.25,0.9923,27.74355,8.3578,-9.548075,-9.8065,0.3306,196.790325,2.1365,254.3268,7.365225,25.4237,26.1758,70.889725,369.998425,19.114,412.60205,23.228425
11,15.75,0.9851,27.1258,8.152125,-8.57075000000001,-8.69440000000001,0.29455,169.5015,0.96795,222.70505,3.98335,21.373975,26.334775,76.9146,371.5432,18.5235,346.383725,23.86405
11,16.25,0.961275,26.63405,7.794175,-6.00095,-6.24755,0.3401,138.38215,0.465625,185.94295,4.191725,17.01765,26.353675,81.9149,371.67135,17.9535,271.38325,24.232075
11,16.75,0.89005,26.216275,7.480725,-2.3999,-2.6475,0.35405,99.58805,0.751499999999999,160.272,5.783675,12.45475,26.4611,74.05415,373.0386,16.51175,178.72455,24.608925
11,17.25,0.913625,25.499025,7.632375,2.17305,1.8439,0.42545,49.6566,0.500624999999999,116.28935,5.3422,7.47675,26.4555,81.009825,373.860475,15.127,82.9451,24.319525
11,17.75,0.859825,24.95365,7.1868,6.35585,6.23155,0.39125,12.69305,-0.7032,86.33125,4.161525,4.0782,26.492525,83.022925,374.7516,14.57975,10.0118,24.16185
11,18.25,0.818825,24.414075,6.96755,7.53385,7.50945,0.420525,-2.95057500000004,-0.18925,50.2192,4.088075,2.93915,26.534075,79.20625,375.285825,14.1105,-18.9894,23.709725
11,18.75,0.855325,24.096625,6.81865,7.778125,7.753625,0.48025,-16.104125,0.0774499999999999,55.543625,3.163475,2.3415,26.466325,80.04725,376.23475,14.11275,-27.4099,23.41085
11,19.25,0.793075,23.999825,6.996875,7.974775,7.895675,1.2756,-14.2476,0.218325,55.867125,1.81135,1.227425,26.3673,80.084675,376.964875,14.01,-20.40645,23.4167
11,19.75,0.765925,23.891475,6.7768,9.60385,10.22405,0.417125,-12.27065,0.466375,65.85515,3.22275,-0.151575000000007,26.29615,80.07535,376.706275,14.35375,-22.9939,23.490975
11,20.25,0.786825,23.87675,6.6781,7.3034,7.3992,1.53545,-22.8145,1.0181,54.1836,4.106975,-1.33592500000001,26.2532,79.0789,378.752025,13.83025,-18.558925,23.536175
11,20.75,0.763875,23.86115,6.489625,7.54715,7.478,0.4117,-23.05965,1.195025,52.4753,4.94095,-2.10885,26.15545,80.024325,379.57075,13.73225,-20.716,23.56075
11,21.25,0.78035,23.8589,6.645325,8.02,8.0585,0.39785,-17.0879,1.04715,49.801875,5.937225,-2.2012,26.1616,81.634075,379.98425,13.71425,-21.5098,23.07415
11,21.75,0.773875,23.822825,6.70285,8.231,8.21075,0.43125,-6.61275,1.586875,49.219875,3.941225,-2.5042,26.110975,81.01725,374.217475,14.116,-19.388,23.1134
11,22.25,0.81295,23.807725,6.82025,7.747,7.8712,0.858949999999999,-19.4928,1.38705,47.2798,3.101075,-2.9654,26.039425,79.331075,378.86635,13.824,-24.4326,22.966125
11,22.75,0.7917,23.899975,6.7645,9.1666,8.1377,0.91825,-21.002,0.90895,47.5827,4.3452,-3.4364,25.996625,80.8437,382.40145,14.8015,-25.5388,23.97845
11,23.25,0.82445,23.8498,6.796825,7.768175,7.82605,0.682325,-17.0381,0.7796,50.34,4.899325,-3.4671,25.966775,81.377925,384.05705,13.186,-24.74525,23.821125
11,23.75,0.781525,23.74705,6.633875,9.53492499999999,8.531175,1.20365,-13.234,0.89595,102.19075,4.3601,-3.20425,25.90785,80.754425,385.6912,13.1545,-24.58745,23.7943
12,0.25,0.98675,23.03075,7.19775,8.9439,8.92815,1.71075,-6.81175000000001,1.5795,47.40985,7.20437500000001,0.1773,23.6025,85.35275,383.7195,15.4275,-18.9782,21.584325
12,0.75,0.89875,22.7705,6.8095,8.8593,8.69435,1.87125,-8.41132500000001,1.6035,59.7198,3.79655000000001,0.202349999999999,23.56475,85.676,389.3235,15.5825,-17.540125,21.2452
12,1.25,0.926,22.51525,6.7415,9.91974999999999,9.4509,2.07125,-10.1561,1.64625,51.6051,6.68982500000001,-0.421,23.532,87.4345,388.42725,15.695,-16.1952,20.701875
12,1.75,0.93125,22.61425,6.928,8.068925,8.077975,1.373,1.615925,1.95375,69.3694,3.895025,-1.664125,23.528,86.74075,396.62875,16.0925,-20.265,20.7257
12,2.25,0.9225,22.53375,6.918,11.066,10.6545,1.534,9.85847500000002,2.09625,72.83885,2.9296,-2.506,23.51575,84.776,392.85275,16.3875,-15.430125,20.6569
12,2.75,0.89225,22.389,6.38675,8.81055,8.6017,1.655,-11.38815,3.91575,62.746,7.2243,-2.9746,23.4645,85.69775,394.919,16.1675,-15.5312,20.8481
12,3.25,0.9565,22.70075,6.49625,8.4455,8.353125,1.76497499999999,-13.56245,2.46925,48.150125,6.64709999999999,-3.02375,23.412,86.982,389.234925,16.3675,-14.473125,20.3839
12,3.75,0.912,22.4665,6.70675,10.0685,10.495,2.283675,-9.9736,3.1005,58.1543,12.2934,-2.72965,23.3855,84.41625,401.11025,15.3825,-11.08255,20.5353
12,4.25,0.84175,22.4395,6.75975,8.35775,8.2945,2.387,-8.47925,4.21075,58.2646,8.29787500000001,-2.72302500000001,23.3565,86.56225,397.34775,15.2475,-17.7254,20.467975
12,4.75,0.9195,22.813,6.7805,9.5492,8.9603,2.36875,-2.04045000000001,3.619,57.3088,7.90482500000003,-2.84012500000001,23.35075,87.01425,400.97875,17.8075,-17.78215,20.748
12,5.25,0.8525,22.43675,6.97825,8.9025,8.37625,1.9525,-1.79305,1.95675,82.0267,11.984425,-2.968625,23.322,85.233,394.8645,17.0825,-14.074875,20.4074
12,5.75,0.8495,22.38325,6.80925,9.66949999999999,9.03232499999999,1.3395,-11.08175,5.38925,65.477875,28.8920000000001,-3.079125,23.266,84.65525,397.89975,15.6525,-18.481575,20.8487
12,6.25,0.85725,22.618,6.76325,11.25335,11.131225,1.29825,7.9965,4.666,67.96075,7.61815,-3.017,23.23775,85.784,394.5435,15.7075,-18.819725,21.24025
12,6.75,0.85575,22.859,6.5785,8.242,8.03615,2.149,-2.62072500000001,2.347,57.1507,7.74482500000001,-2.88875,23.21575,84.37375,399.175,16.015,-16.838125,20.98185
12,7.25,0.841,22.9805,6.81775,10.53385,10.6142,1.39925,4.717075,3.1275,75.277,6.93825000000002,-2.7575,23.20225,83.8895,394.449,16.685,-9.2865,21.02765
12,7.75,0.83875,23.10625,6.63025,8.73705,7.8699,2.19425,2.7794,3.1115,84.3014,9.354,-2.54702500000001,23.19825,85.019,399.4655,16.2275,16.65305,21.4308
12,8.25,0.913,23.29125,7.22075,4.8675,5.18839999999999,2.03475,21.8379,10.694175,132.4448,27.44325,-2.1705,23.1135,91.62375,397.824,15.33,80.3694,23.5763
12,8.75,0.95775,24.61075,7.37325,-0.0155,0.237625000000004,0.338724999999999,51.268,14.8013,160.459225,25.274875,-1.47887500000001,22.99325,87.9765,378.0928,16.455,167.63785,26.5386
12,9.25,0.955,25.85075,7.746,-4.1702,-4.4921,0.642449999999998,79.730475,13.187525,175.03135,8.78139999999999,-0.6105,22.98475,83.40875,376.30975,22.235,225.0355,22.411225
12,9.75,1.0045,26.429,7.642,-7.02197500000001,-6.82325000000001,0.62925,113.760375,6.4185,211.12365,10.00205,2.848,23.00425,84.23875,372.3995,28.0275,304.8278,22.90675
12,10.25,1.07625,26.74875,8.034,-12.8758,-12.564075,2.3415,142.666625,8.16,245.8274,10.13775,6.30425,23.08125,80.4645,370.89225,28.105,380.6893,23.11225
12,10.75,1.104,26.96875,8.286,-13.446,-13.5015,0.50925,179.8285,4.56375,282.1743,10.3715,10.1538,23.0715,83.3495,370.36375,28.8975,449.6824,23.19925
12,11.25,1.07425,27.23125,8.078,-16.443425,-16.331525,0.4255,203.361275,3.88425,319.8791,4.42725,13.82265,23.2035,76.16075,369.82175,29.125,506.81325,23.7055
12,11.75,1.084,27.60525,7.918,-15.8985,-16.1678250000001,0.521475,226.920675,3.44379999999999,326.080125,5.45829999999999,16.935,23.23425,77.263,369.517325,29.2925,546.1686,24.09185
12,12.25,1.12975,27.77875,8.352,-18.206975,-17.9992,0.351499999999998,233.1185,3.71224999999999,344.260375,8.64664999999993,19.4452,23.24575,76.414,369.90425,29.29,573.3214,23.75075
12,12.75,1.11,27.57125,8.4245,-13.6753,-13.5489,1.68075,232.4107,2.5995,341.4567,14.5065,20.1942,23.293,75.67675,371.694,30.0425,560.037,23.95225
12,13.25,1.158,27.7245,8.59825,-16.0696,-16.156675,0.69725,255.951975,3.35675,339.1925,5.5415,20.40945,23.3885,75.07575,372.16825,30.2925,559.00045,22.88775
12,13.75,1.137,27.7965,8.44175,-16.04475,-16.037175,0.271,235.7409,3.84425,360.776925,10.96475,19.38655,23.53175,77.1685,370.18775,31.0725,522.47425,23.41075
12,14.25,1.07925,27.68375,8.08825,-12.238425,-12.45915,0.34475,211.95185,3.38325,338.660075,7.8225,20.415,23.52875,76.35725,370.12875,31.7,490.47955,23.9695
12,14.75,1.0655,27.52975,8.2015,-8.74900000000001,-8.65330000000001,0.274324999999999,184.989825,1.93775,313.41185,8.73392499999999,20.7875,23.53325,75.07225,372.015425,31.0125,437.39475,23.771575
12,15.25,1.09325,27.10375,8.0065,-8.386225,-8.3025,0.431275,150.85275,2.23725,306.41275,4.91017499999998,19.50575,23.76275,76.53625,370.80325,30.285,398.015125,24.09775
12,15.75,1.034,27.27375,7.9915,-7.81192500000002,-8.05447500000002,0.443,133.16895,1.66625,264.4054,5.28775,16.24965,23.92,75.62125,371.764,28.8025,295.3824,22.73075
12,16.25,1.03825,26.811,7.482,-4.934,-5.0475,0.37725,86.33125,0.60025,211.437,4.67025,11.864,23.90025,78.5235,372.2825,28,202.7689,22.788
12,16.75,1.00625,26.4115,7.74125,-3.11,-3.1775,0.473,62.42575,0.97425,170.956,4.01,8.457625,23.945,80.9995,373.0115,26.74,152.136,22.5155
12,17.25,0.98925,25.83025,7.5185,1.600925,1.627875,0.5135,23.193675,0.34,138.187,3.73225,6.4608,23.9905,82.966,373.6375,26.045,59.901625,22.294
12,17.75,0.98975,25.14675,7.4835,5.274275,5.12225,0.6365,-8.06010000000003,-0.38725,109.067575,3.369,4.681025,24.0255,84.62125,374.41675,25.635,7.68262499999997,21.70775
12,18.25,0.9845,24.703,7.5755,8.397125,8.319625,1.3125,-12.61045,0.3225,68.4916,6.88579999999999,3.6553,24.0155,82.68525,376.06825,16.8775,-10.8358,21.5902
12,18.75,0.95175,24.13125,7.0895,8.415125,8.419625,1.83525,-8.600625,0.683,61.1106,5.11329999999999,3.10485,23.96975,83.95625,376.23125,16.6075,-14.42945,21.8156
12,19.25,1.0325,24.0115,7.242,9.052125,9.00275,1.58275,-5.647,0.496,67.9628,4.50749999999999,2.6216,23.908,84.7085,376.30975,16.81,-15.4862,21.4113
12,19.75,1.011,24.0445,7.58375,9.140975,9.122,1.3295,-7.0485,1.32425,70.230375,2.8671,2.017725,23.85075,86.1055,377.6535,16.68,-25.2598,21.3735
12,20.25,0.9685,24.005,7.316,9.6018,10.95225,1.4495,-9.3619,1.9535,50.3363,5.86319999999999,1.60855,23.78575,87.21525,383.32025,16.4375,-22.5914,22.3535
12,20.75,0.94,23.8935,7.02725,10.501,10.3045,0.654,-13.2775,1.88225,62.29865,3.9939,1.40365,23.7495,87.6255,384.568,16.58,-20.510975,22.1724
12,21.25,1.025,23.901,6.9285,9.622975,9.656,1.76425,1.9215,1.359,72.08745,4.99089999999999,0.885349999999998,23.69575,83.67875,384.121,16.835,-24.55615,22.2084
12,21.75,0.9825,23.9085,7.425,9.628375,9.314,1.42475,-10.134425,1.249,62.7351,5.1163,0.492299999999995,23.67625,84.01225,387.957,16.34,-21.7877,22.449
12,22.25,0.882,23.81825,6.97775,11.619,11.9475,1.9395,16.6167,2.14275,63.6325,7.45189999999999,0.472125,23.6285,84.978,385.90475,16.0675,-19.002,20.9049
12,22.75,0.9365,23.67975,7.50875,8.635725,9.378575,1.525,1.4434,1.51125,60.9725,3.6777,0.555,23.66975,84.78575,383.301,15.9875,-21.9802,21.235275
12,23.25,0.95225,23.38775,7.5105,11.255,10.601,1.358,-10.001,1.8855,61.670425,5.275275,0.602,23.59275,85.2655,385.10225,15.695,-21.156,21.397625
12,23.75,0.9485,23.16325,7.649,8.220875,8.53125,1.45575,-8.142025,1.7335,63.6266,4.5744,0.470774999999999,23.54875,85.90225,384.33025,16.2625,-20.515925,21.2687
