DOY2,HR2,USTAR,WS,TA,T_SONIC,RH,SW_IN,SW_OUT,NETRAD,H,LE,FC,TS
1,0.25,0.16,2.59,13.22,13.67,25.36,-5.12,-0.385,-70.015,-27.26,0.85,0.15,13.53
1,0.75,0.16,2.52,13.03,13.64,25.94,-5.02,-0.53,-69.835,-27.845,0.42,0.14,13.31
1,1.25,0.16,2.45,13.09,13.58,25.99,-5.145,-0.46,-69.03,-26.54,0.89,0.13,13.1
1,1.75,0.165,2.43,13.08,13.46,26.18,-5.02,-0.475,-69.25,-26.54,0.74,0.12,12.93
1,2.25,0.17,2.48,13.2,13.63,26.1,-4.95,-0.455,-68.28,-26.61,0.535,0.115,12.71
1,2.75,0.17,2.6,13.09,13.61,25.98,-5.07,-0.485,-68.68,-25.37,0.52,0.135,12.53
1,3.25,0.17,2.51,13.03,13.485,25.39,-5.015,-0.525,-68.635,-28.6,0.775,0.12,12.37
1,3.75,0.17,2.57,12.93,13.255,26.08,-4.935,-0.575,-67.955,-23.99,0.49,0.14,12.21
1,4.25,0.16,2.46,12.82,13.2,26.12,-5.06,-0.62,-68.31,-25.76,0.525,0.115,12.06
1,4.75,0.16,2.54,12.75,13.35,26.04,-4.965,-0.46,-67.605,-28.11,0.505,0.12,11.92
1,5.25,0.17,2.565,12.78,13.245,25.85,-4.905,-0.445,-67.425,-28,0.82,0.14,11.82
1,5.75,0.16,2.61,12.71,13.13,25.85,-5.085,-0.565,-66.855,-25.615,0.82,0.13,11.63
1,6.25,0.17,2.62,12.44,13.05,25.99,-4.92,-0.58,-66.985,-26.77,0.765,0.145,11.48
1,6.75,0.17,2.58,12.53,12.79,26.23,-1.355,0.3,-64.1,-25.66,0.605,0.11,11.36
1,7.25,0.17,2.51,12.39,12.77,26.14,24.215,8.89,-47.915,-27.43,1.075,0.08,11.27
1,7.75,0.16,2.23,12.78,13.26,25.5,120.56,48.7,4.1,-15.12,2.365,0.02,11.34
1,8.25,0.15,1.73,14.02,14.21,23.79,215.905,66.135,56.68,-3.16,5.275,-0.1,11.36
1,8.75,0.17,1.06,15.12,15.41,22.69,306.455,75.455,111.47,17.17,6.59,-0.1,11.48
1,9.25,0.17,0.765,16.17,15.985,21.15,388.745,92.64,166.645,36.365,7.96,-0.13,11.69
1,9.75,0.2,0.96,16.82,16.55,20.39,459.325,108.63,211.875,56.19,10.01,-0.095,12
1,10.25,0.23,1.28,17.14,16.92,19.91,517.245,122.395,250.565,76.6,12.825,-0.11,12.54
1,10.75,0.25,1.5,17.58,17.45,19.57,558.43,131.095,278.695,92.75,13.065,-0.11,13.1
1,11.25,0.25,1.67,18.07,17.87,19.19,588.98,137.88,295.92,107.79,14.945,-0.17,13.85
1,11.75,0.26,1.72,18.41,18.31,19.33,606.86,141.655,303.64,116.8,17.095,-0.11,14.54
1,12.25,0.28,1.77,18.95,18.59,18.48,603.645,140.825,298.535,126.57,14.465,-0.1,15.27
1,12.75,0.275,1.635,19.38,18.875,18,584.17,135.92,286.93,124.435,14.27,-0.16,16.01
1,13.25,0.29,1.88,19.5,19.225,17.73,542.705,127.24,260.975,114.385,14.57,-0.08,16.65
1,13.75,0.29,1.98,19.65,19.41,17.49,504.675,115.655,227.08,108.57,11.1,-0.125,17.34
1,14.25,0.28,1.94,19.8,19.595,17.47,433.965,99.15,180.3,93.475,10.73,-0.11,17.77
1,14.75,0.27,2.01,19.69,19.59,17.9,354.945,84.615,132.57,76.73,8.9,-0.12,18.13
1,15.25,0.26,1.92,19.51,19.41,18.62,274.72,68.89,73.755,53.51,6.915,-0.11,18.31
1,15.75,0.24,1.86,19.25,19.3,18.84,155.51,41.14,5.66,26.48,5.435,-0.07,18.34
1,16.25,0.19,1.56,18.34,18.65,20.63,27.76,6.075,-66.81,-1.35,1.625,0.04,18.23
1,16.75,0.14,1.42,17.56,17.84,21.18,5.89,1.91,-78.345,-7.22,1.685,0.1,17.9
1,17.25,0.12,1.53,16.98,17.42,21.78,-5.85,-0.22,-82.745,-11.56,0.66,0.11,17.57
1,17.75,0.13,1.77,16.48,16.79,21.88,-6.79,-0.31,-81.35,-15.98,1.495,0.17,17.17
1,18.25,0.15,2.01,16.1,16.46,21.85,-6.285,-0.265,-79.53,-19.25,1.36,0.195,16.87
1,18.75,0.15,2.15,15.54,16.1,22.25,-6.035,-0.325,-78.785,-22.84,0.985,0.175,16.47
1,19.25,0.16,2.11,15.24,15.63,22.69,-6.065,-0.4,-76.985,-22.82,0.845,0.21,16.15
1,19.75,0.16,2.18,14.96,15.4,22.77,-5.88,-0.35,-75.92,-23.97,0.575,0.15,15.81
1,20.25,0.16,2.16,14.72,15.34,23.38,-5.73,-0.38,-74.845,-21.575,1.06,0.18,15.53
1,20.75,0.16,2.1,14.51,14.95,24.32,-5.68,-0.4,-73.485,-22.73,0.78,0.18,15.16
1,21.25,0.16,2.21,14.28,14.81,24.61,-5.435,-0.455,-72.635,-23.51,0.83,0.16,14.79
1,21.75,0.17,2.38,14.02,14.53,25.33,-5.4,-0.42,-72.34,-22.69,0.78,0.14,14.48
1,22.25,0.16,2.43,13.84,14.18,25.79,-5.28,-0.385,-71.96,-24.91,0.65,0.145,14.25
1,22.75,0.16,2.39,13.66,14.04,25.37,-5.065,-0.375,-71.69,-26.21,1.06,0.15,14.03
1,23.25,0.16,2.51,13.58,14.03,25.38,-5.21,-0.455,-71.185,-27.31,0.67,0.19,13.85
1,23.75,0.17,2.49,13.44,13.94,25.59,-5.135,-0.475,-70.57,-27.65,0.9,0.18,13.7
2,0.25,0.17,2.04,13.52,14,39.72,-5.385,-0.235,-71.33,-22.16,1.81,0.25,14.385
2,0.75,0.18,2.18,13.565,13.81,40.205,-5.22,-0.27,-71.07,-23.93,1.35,0.22,14.17
2,1.25,0.17,2.21,13.4,13.405,38.505,-5.325,-0.28,-70.325,-22.72,1.76,0.25,13.91
2,1.75,0.17,2.25,13.185,13.43,39.225,-5.19,-0.27,-70.07,-23.3,1.105,0.19,13.7
2,2.25,0.17,2.27,12.945,13.33,40.465,-5.14,-0.21,-69.82,-23.585,1.445,0.27,13.455
2,2.75,0.16,2.245,12.685,13.285,39.53,-5.295,-0.31,-69.245,-21.485,1.235,0.23,13.23
2,3.25,0.17,2.28,12.78,13.145,39.37,-5.135,-0.23,-68.575,-24.625,1.62,0.23,12.985
2,3.75,0.18,2.275,12.65,13.105,39.34,-5.14,-0.29,-69.265,-26.25,1.45,0.23,12.745
2,4.25,0.17,2.37,12.555,12.865,40.425,-5.175,-0.28,-68.5,-26.475,1.475,0.235,12.53
2,4.75,0.17,2.285,12.41,12.835,39.91,-4.93,-0.355,-68.495,-24.14,1.65,0.235,12.4
2,5.25,0.16,2.21,12.395,12.89,40.12,-5.06,-0.375,-67.975,-25.41,1.94,0.245,12.265
2,5.75,0.17,2.13,12.215,12.645,40.595,-5,-0.4,-67.76,-23.195,1.44,0.24,12.05
2,6.25,0.15,2.275,12.08,12.475,40.805,-3.88,-0.08,-66.99,-22.31,0.84,0.2,11.92
2,6.75,0.16,2.135,12.1,12.645,41.09,7.97,2.835,-57.305,-24.22,2.14,0.12,11.805
2,7.25,0.17,2.03,12.315,12.905,41.005,53.5,17.375,-26.54,-14.99,1.735,0.06,11.725
2,7.75,0.17,1.575,13.075,13.47,40.815,185.015,64.82,41.525,-1.98,4.865,-0.16,11.72
2,8.25,0.17,1.075,14.245,14.215,36.23,288.66,79.18,103.61,17.32,9.82,-0.24,11.855
2,8.75,0.18,0.94,14.87,14.81,35.17,385.965,93.745,168.93,38.295,13.215,-0.465,12.07
2,9.25,0.2,1.12,15.6,15.63,34.17,473.6,112.27,230.82,60.48,16.93,-0.28,12.33
2,9.75,0.22,1.23,16.41,16.24,31.53,552.3,129.15,283.26,89.35,19.06,-0.365,12.81
2,10.25,0.25,1.585,17.21,16.76,29.005,619.4,143.965,326.95,107.455,20.205,-0.42,13.525
2,10.75,0.28,1.605,17.875,17.31,27.97,670.06,154.41,359.315,125.72,24.82,-0.39,14.295
2,11.25,0.29,1.745,18.4,17.665,26.74,713.665,160.94,383.14,144.945,27.01,-0.345,15.17
2,11.75,0.29,1.665,18.655,17.945,25.915,725.185,163.41,391.49,149.89,25.955,-0.38,16.08
2,12.25,0.29,1.545,19.135,18.435,25.395,723.285,162.545,388.905,158.985,26.67,-0.3,16.88
2,12.75,0.3,1.785,19.425,18.7,25.185,706.935,158.69,373.245,159.585,25.94,-0.25,17.735
2,13.25,0.31,1.785,19.82,18.885,23.815,676.215,152.49,350.685,154.81,23.715,-0.255,18.585
2,13.75,0.32,1.965,20.025,19.17,23.48,628.825,141.42,318.465,150.255,24.245,-0.27,19.26
2,14.25,0.31,1.97,20.03,19.27,22.725,563.01,127.405,273.21,133.42,22.6,-0.225,19.735
2,14.75,0.3,2.19,20.125,19.45,23.31,485.78,110.065,216.85,117.135,18.93,-0.22,20.275
2,15.25,0.3,2.165,20.115,19.455,23.31,397.51,92.28,157.505,95.945,18.89,-0.265,20.56
2,15.75,0.29,2.155,19.97,19.38,24.16,299.91,72.285,88.635,70.525,14.59,-0.225,20.685
2,16.25,0.26,2.115,19.565,19.21,25.025,170.355,46.13,10.995,34.64,10.06,-0.12,20.715
2,16.75,0.23,1.99,18.755,18.645,26.395,37.35,8.58,-59.86,2.89,4.76,0.04,20.405
2,17.25,0.2,1.755,17.895,18.15,28.955,5.97,2.12,-80.93,-8.16,3.245,0.18,19.925
2,17.75,0.17,1.78,17.495,17.49,31.075,-5.38,0.095,-86.025,-12.6,2.405,0.24,19.425
2,18.25,0.19,1.98,17.24,17.06,32.115,-6.46,-0.04,-84.64,-18.51,1.955,0.31,18.95
2,18.75,0.21,1.97,16.645,16.845,32.155,-6.21,-0.1,-82.225,-23.19,3.19,0.355,18.46
2,19.25,0.22,2.21,16.1,16.265,32.935,-6.155,-0.17,-80.66,-23.79,3.17,0.36,17.935
2,19.75,0.2,2.145,15.835,16.08,33.065,-5.995,-0.22,-79.595,-23.55,2.19,0.31,17.495
2,20.25,0.2,2.05,15.415,15.78,33.945,-6.09,-0.285,-78.5,-24.535,2.04,0.32,17.075
2,20.75,0.2,2.185,14.9,15.42,34.765,-5.88,-0.29,-76.46,-25.495,2.37,0.305,16.71
2,21.25,0.18,1.99,14.69,15.11,35.74,-5.78,-0.375,-75.725,-24.14,1.885,0.28,16.265
2,21.75,0.17,2.04,14.505,14.845,36.715,-5.93,-0.3,-75.345,-21.435,1.25,0.235,15.92
2,22.25,0.17,2.08,14.28,14.865,36.95,-5.675,-0.26,-73.995,-24.62,1.31,0.25,15.635
2,22.75,0.165,2.115,14.14,14.635,37.27,-5.56,-0.175,-74.14,-25.98,2.68,0.32,15.295
2,23.25,0.17,2.055,13.96,14.465,38.585,-5.44,-0.28,-72.99,-21.42,0.98,0.16,14.995
2,23.75,0.17,2.005,13.71,14.185,38.335,-5.5,-0.3,-72.635,-24.515,1.97,0.235,14.7
3,0.25,0.17,2.115,16.8,17.51,29.855,-6.015,-0.14,-78.14,-22.85,1.5,0.22,19.71
3,0.75,0.17,2.045,16.66,17.28,28.83,-5.84,-0.14,-77.535,-22.34,0.825,0.175,19.38
3,1.25,0.17,1.98,16.32,16.97,29.385,-5.795,-0.19,-77.255,-22.09,1.43,0.25,19.055
3,1.75,0.17,2.09,16.16,16.84,29.855,-5.8,-0.18,-77.355,-26.87,1.12,0.24,18.775
3,2.25,0.17,2.08,15.96,16.65,30.34,-5.91,-0.19,-75.21,-22.77,1.04,0.24,18.52
3,2.75,0.17,2.11,15.98,16.65,29.72,-5.755,-0.23,-75.345,-24.7,1.46,0.22,18.295
3,3.25,0.17,2.1,15.99,16.41,30.01,-5.66,-0.2,-75.16,-25.335,1.54,0.21,18.08
3,3.75,0.18,2.165,15.79,16.26,28.295,-5.71,-0.2,-75.58,-26.6,1.41,0.2,17.845
3,4.25,0.17,2.18,15.54,16.14,28.34,-5.725,-0.23,-74.995,-27.96,1.15,0.25,17.585
3,4.75,0.18,2.08,15.28,15.92,30.315,-5.58,-0.32,-73.945,-25.25,1.6,0.17,17.395
3,5.25,0.16,2.19,15.25,15.81,31.71,-5.355,-0.27,-73.955,-26.53,1.345,0.17,17.21
3,5.75,0.18,2.29,15.09,15.71,29.825,-3.425,0.36,-70.96,-27.09,1.8,0.23,17.015
3,6.25,0.17,2.085,15.23,15.74,29.265,12.56,3.98,-59.215,-26.645,2.15,0.12,16.805
3,6.75,0.16,1.925,15.31,16.01,29.825,35.315,8.99,-43.965,-17.83,2.155,-0.04,16.655
3,7.25,0.17,1.355,16.46,16.86,28.945,164.895,48.11,30.245,-2.635,6.185,-0.27,16.61
3,7.75,0.18,1.015,17.67,17.885,27.185,329.84,91.78,120.645,24.625,10.8,-0.61,16.66
3,8.25,0.2,1.01,18.83,18.735,25.06,437.2,109.49,188.915,54.185,13.72,-0.55,16.715
3,8.75,0.24,1.405,19.73,19.455,23.22,541.905,133.83,260.015,85.01,18.235,-0.61,17.125
3,9.25,0.26,1.715,20.46,20.28,21.86,632.26,154.35,317.71,116.89,21.54,-0.5,17.695
3,9.75,0.265,1.75,21.22,21.04,20.73,708.96,170.64,365.055,143.185,22.995,-0.54,18.145
3,10.25,0.29,1.785,21.42,21.42,19.79,778.33,184.25,408.31,166.54,22.075,-0.66,19.015
3,10.75,0.3,1.77,22.3,21.93,18.87,823.475,194.31,438.25,189.845,23.3,-0.46,19.945
3,11.25,0.315,1.86,22.74,22.475,17.34,855.5,200.94,456.88,207.87,23.225,-0.55,20.875
3,11.75,0.33,1.835,23.26,22.89,16.62,866.86,202.62,464.97,219.695,24.6,-0.41,21.685
3,12.25,0.335,2.01,23.71,23.305,15.86,862.01,202.42,461.89,231.1,23.085,-0.39,22.635
3,12.75,0.35,2.075,24.07,23.725,15.51,846.72,197.74,447.99,228.775,22.755,-0.39,23.55
3,13.25,0.35,2.06,24.42,23.89,14.8,807.52,187.795,419.31,223.79,21.75,-0.39,24.44
3,13.75,0.35,2.12,24.805,24.23,14.635,755.84,175.93,383.71,215.3,19.005,-0.32,25.155
3,14.25,0.35,2.15,24.965,24.51,14.255,686.49,161.165,334.66,194.24,18.84,-0.295,25.835
3,14.75,0.34,2.32,24.8,24.49,14.08,602.485,142.85,276.005,172.41,15.63,-0.26,26.43
3,15.25,0.34,2.415,24.84,24.45,14.5,508.66,122.68,214.04,155.01,14.005,-0.28,26.9
3,15.75,0.33,2.545,24.84,24.31,14.23,408.455,100.39,143.36,124.155,13.295,-0.25,27.185
3,16.25,0.33,2.49,24.69,24.21,14.59,294.7,76.31,67.59,89.25,11.4,-0.21,27.315
3,16.75,0.32,2.71,24.335,23.91,15.69,177.72,50.485,-2.78,52.18,8.12,-0.155,27.205
3,17.25,0.28,2.51,23.595,23.51,17.16,41.725,10.185,-76.05,7.3,3.88,0.115,26.9
3,17.75,0.25,2.3,22.815,23.13,19.055,3.485,2.3,-94.47,-9.08,1.825,0.225,26.5
3,18.25,0.24,2.18,21.98,22.46,21.095,-6.71,0.06,-97.57,-14.71,1.87,0.32,25.84
3,18.75,0.29,2.47,21.61,21.87,21.73,-7.15,0.17,-94.98,-21.68,0.55,0.415,25.16
3,19.25,0.33,2.69,21.2,21.57,22.165,-6.8,0.05,-92.66,-28.62,1.6,0.54,24.54
3,19.75,0.32,2.47,20.675,21.1,23.015,-6.88,0.02,-91.11,-31.02,1.92,0.54,23.965
3,20.25,0.31,2.3,20.155,20.75,24.145,-6.91,-0.075,-89.45,-33.32,2.4,0.505,23.44
3,20.75,0.27,2.17,19.475,20,26.01,-7.02,-0.23,-86.63,-29.91,1.955,0.455,22.9
3,21.25,0.25,2.02,18.995,19.63,26.655,-6.825,-0.17,-84.88,-28.94,1.365,0.415,22.41
3,21.75,0.24,1.84,18.53,19.1,28.03,-6.93,-0.225,-82.76,-27.9,0.01,0.335,21.955
3,22.25,0.21,1.985,18.105,18.545,27.71,-6.65,-0.19,-81.88,-24.44,1.6,0.3,21.525
3,22.75,0.21,1.915,17.71,18.205,29.98,-6.445,-0.13,-80.61,-28.575,1.46,0.27,21.115
3,23.25,0.205,1.965,17.5,18.085,28.565,-6.16,-0.16,-80.86,-22.32,1.31,0.25,20.7
3,23.75,0.18,2.05,17.19,17.84,29.335,-6.2,-0.19,-79.45,-26.21,1.515,0.325,20.325
4,0.25,0.22,1.71,17.95,18.775,34.73,-6.555,0.085,-82.12,-17.255,0.8,0.24,24.905
4,0.75,0.2,1.75,17.79,18.56,35.08,-6.42,0,-82.2,-18.42,0.69,0.25,24.455
4,1.25,0.2,1.4,17.56,18.21,35.07,-6.28,0.01,-80.42,-19.81,0.465,0.185,24.025
4,1.75,0.2,1.54,17.28,18.19,35.75,-6.3,0.05,-78.7,-18.39,0.575,0.21,23.57
4,2.25,0.19,1.74,17.15,17.92,35,-6.125,0.14,-78.07,-20.13,0.655,0.27,23.155
4,2.75,0.19,1.71,16.83,17.68,35.04,-6.075,0.08,-78.35,-22.41,0.51,0.28,22.805
4,3.25,0.18,1.73,16.65,17.5,33.91,-6.09,0.1,-78.02,-19.96,0.075,0.15,22.44
4,3.75,0.17,1.61,16.4,17.17,34.76,-5.935,0.02,-77.19,-20.47,0.595,0.195,22.05
4,4.25,0.18,1.65,16.25,17.075,34.435,-5.925,0.07,-76.625,-21.165,-0.07,0.13,21.72
4,4.75,0.16,1.605,16.29,17.07,34.74,-5.85,0,-75.665,-18.475,0.6,0.19,21.39
4,5.25,0.16,1.625,16.22,17.055,35.845,-0.31,1.4,-71.74,-18.555,0.7,0.13,21.045
4,5.75,0.17,1.7,16.23,17.03,35.46,20.22,6.1,-58.68,-17.57,0.59,0.06,20.78
4,6.25,0.17,1.5,16.265,17.055,34.39,90.09,26.9,-15.125,-7.785,1.81,-0.03,20.545
4,6.75,0.18,1.12,17.3,17.91,33.16,248.23,77.04,65.43,11.08,4.28,-0.19,20.45
4,7.25,0.21,0.97,18.56,18.87,33.28,360.06,98.78,138.46,43.03,8.365,-0.285,20.39
4,7.75,0.22,1.18,19.52,19.8,30.52,467.82,119.48,207.27,74.98,11.03,-0.325,20.535
4,8.25,0.26,1.51,20.505,20.63,28.225,584.06,145.33,277.75,113.01,15.07,-0.4,20.88
4,8.75,0.285,1.86,21.435,21.58,27.885,674.16,168.49,338.515,148.885,16.21,-0.23,21.48
4,9.25,0.3,1.945,22.21,22.15,25.035,763.32,187.155,392.795,178.3,16.42,-0.26,22.22
4,9.75,0.32,1.98,22.81,23.065,23.27,833.145,203.93,436.285,206.005,16.63,-0.2,23.11
4,10.25,0.34,1.92,23.54,23.64,20.74,890.735,216.62,468.71,231.73,18.68,-0.16,24.03
4,10.75,0.34,1.98,24.23,24.18,20.33,933.565,225.35,496.9,254.67,17.24,-0.28,25.115
4,11.25,0.35,2.175,24.835,24.69,18.03,957.91,230.52,508.785,271.89,16.55,-0.09,26.19
4,11.75,0.36,2.24,25.505,25.2,16.63,966.56,233.41,514.81,284.45,15.51,-0.18,27.32
4,12.25,0.39,2.25,26.115,25.47,15.81,957.57,229.35,505.67,285.65,17.19,-0.22,28.43
4,12.75,0.38,2.41,26.51,25.815,15.17,936.715,224.245,488.385,284.41,16.36,-0.14,29.23
4,13.25,0.39,2.445,26.8,26.27,14.3,899.325,214.43,460.05,276.815,14.5,-0.17,30.145
4,13.75,0.39,2.61,26.97,26.42,13.82,842.615,200.93,420.88,267.2,12.535,-0.165,30.955
4,14.25,0.4,2.67,27.03,26.65,13.715,774.905,186.805,374.82,254.73,10.94,-0.09,31.655
4,14.75,0.38,2.59,27.29,26.72,13.54,688.02,167.93,317.94,225.675,11.045,-0.11,32.235
4,15.25,0.38,2.77,27.2,26.82,13.59,591.065,146.42,252.55,206.345,7.975,-0.14,32.61
4,15.75,0.38,2.9,27.065,26.76,13.835,484.91,122.42,182.02,168.9,7.96,-0.1,32.97
4,16.25,0.37,2.93,26.91,26.82,14.18,376.96,98.82,106.225,136.89,6.93,-0.06,33.07
4,16.75,0.36,2.915,26.6,26.28,15,269.11,73.5,33.22,99.03,4.775,-0.08,33.07
4,17.25,0.35,2.97,26.195,25.89,16.455,153.99,47.55,-28.11,61.755,3.085,0.08,32.82
4,17.75,0.33,2.9,25.285,25.4,18.51,42.11,14.265,-82.5,19.1,1.05,0.12,32.46
4,18.25,0.32,2.62,24.48,24.73,20.01,-0.56,1.55,-102.86,-3.54,-0.39,0.345,31.92
4,18.75,0.34,2.715,23.59,23.98,21.42,-6.51,0.36,-102.27,-10.83,-0.42,0.44,31.36
4,19.25,0.38,2.98,22.93,23.38,22.875,-6.68,0.39,-98.015,-15.12,-0.85,0.435,30.66
4,19.75,0.36,2.79,22.45,22.73,24.385,-6.795,0.25,-95.495,-20.49,-0.31,0.4,30.01
4,20.25,0.32,2.5,21.74,22.31,25.715,-7.07,0.155,-92.91,-22.41,-1.11,0.42,29.37
4,20.75,0.305,2.28,21.29,21.785,25.42,-7.015,0.09,-91.42,-23.195,-0.08,0.37,28.75
4,21.25,0.31,2,20.69,21.34,26.53,-7.03,0.05,-89.755,-23.73,-0.33,0.4,28.18
4,21.75,0.27,1.91,20.04,20.705,27.59,-7.015,0,-88.57,-21.905,0.47,0.33,27.6
4,22.25,0.26,1.76,19.61,20.27,28.455,-7.03,0.11,-87,-24.56,0.81,0.36,27.05
4,22.75,0.26,1.53,19.125,19.98,28.77,-7.08,0.065,-85.98,-22.51,0.23,0.23,26.49
4,23.25,0.215,1.655,18.7,19.55,30.62,-6.645,0.02,-83.78,-17.515,0.505,0.25,25.97
4,23.75,0.23,1.57,18.295,19.01,33.53,-6.65,0.12,-83.39,-19.31,0.52,0.22,25.49
5,0.25,0.2,1.06,22.23,22.53,36.205,-6.96,0.53,-84.96,-12.75,-0.64,0.18,29.37
5,0.75,0.2,1.14,21.63,22.26,38.175,-6.645,0.45,-83.69,-13.41,0.34,0.2,28.97
5,1.25,0.2,1.05,21.42,21.91,37.95,-6.785,0.45,-82.01,-12.23,-0.52,0.16,28.57
5,1.75,0.17,1.21,21.42,21.73,38.43,-6.46,0.47,-81.88,-13.65,-0.61,0.11,28.1
5,2.25,0.15,1.06,21.05,21.54,36.87,-6.21,0.45,-80.31,-12.64,0.48,0.14,27.65
5,2.75,0.16,1.06,20.8,21.16,38.43,-6.4,0.42,-79.33,-12.9,0.19,0.12,27.29
5,3.25,0.15,1.1,20.41,20.93,38.81,-6.46,0.31,-78.19,-13.05,0.18,0.14,26.92
5,3.75,0.16,1.2,20.11,20.84,38.3,-6.34,0.33,-77.77,-13.37,-0.39,0.12,26.5
5,4.25,0.15,1.205,20.175,20.785,38.95,-6.02,0.395,-76.855,-15.035,0.59,0.15,26.16
5,4.75,0.15,1.265,20.355,20.85,38.095,-1.79,1.51,-72.5,-13.76,0.66,0.14,25.8
5,5.25,0.16,1.31,20.14,20.785,38.505,16.405,5.835,-60.04,-12.535,-0.205,0.075,25.49
5,5.75,0.14,1.135,20.495,21.17,38.34,88.12,28.17,-18.64,-7.395,1.015,-0.03,25.2
5,6.25,0.15,0.965,21.595,21.85,36.36,221.17,71.39,49.7,9.82,3.105,-0.17,24.96
5,6.75,0.19,0.915,22.665,22.7,32.925,329.035,91.935,114.875,37.275,7.045,-0.24,24.83
5,7.25,0.21,1.13,23.44,23.81,32.155,438.29,114.14,185.21,70.64,9.425,-0.16,24.86
5,7.75,0.23,1.47,24.34,24.82,28.595,543.075,138.43,253.22,100.635,13.08,-0.085,25.03
5,8.25,0.265,1.835,25.395,25.86,26.71,642.81,163.35,317.26,134.535,13.77,-0.13,25.44
5,8.75,0.3,2.025,26.43,26.675,24.805,733.29,183.195,373.615,174.3,13.865,-0.135,26
5,9.25,0.31,2.1,27.085,27.405,23.46,811.3,203.165,421.835,208.02,14.44,-0.18,26.76
5,9.75,0.34,2.225,27.885,28.145,22.39,876.485,217.995,461.2,238.12,14.56,-0.135,27.65
5,10.25,0.35,2.215,28.605,28.81,20.145,928.68,230.14,492.805,261.965,13.895,-0.13,28.52
5,10.75,0.37,2.305,29.47,29.46,18.475,962.91,238.865,511.71,276.255,14.635,-0.13,29.77
5,11.25,0.37,2.45,29.88,29.855,17.325,984.215,243.295,524.18,296.53,14.51,0.09,30.805
5,11.75,0.39,2.515,30.355,30.445,16.485,992.54,245.135,525.67,304.99,14.575,-0.09,32.005
5,12.25,0.4,2.51,30.965,30.905,14.92,984.22,243.1,518.67,315.185,12.735,-0.08,33.14
5,12.75,0.4,2.68,31.29,31.225,14.08,960.23,235.1,500.805,313.385,12.77,0.06,34.215
5,13.25,0.43,2.83,31.735,31.53,13.725,924.26,225.25,472.87,311.385,11.735,0.08,35.2
5,13.75,0.42,2.915,31.855,31.655,13.18,873.575,212.745,434.575,297.28,10.92,-0.04,36.075
5,14.25,0.41,2.835,32.115,31.795,12.76,804.395,197.435,387.26,284.44,9.26,-0.07,36.845
5,14.75,0.4,2.91,32.08,31.71,12.79,726.1,179.68,334.09,260.73,8.835,-0.1,37.425
5,15.25,0.395,2.9,32.175,31.885,12.66,635.91,159.555,272.075,236.41,7.03,-0.11,37.865
5,15.75,0.4,3.03,32.245,32.055,12.7,536.975,138.28,207.695,202.76,6.01,0.075,38.21
5,16.25,0.4,3.075,31.76,31.82,12.78,428.135,111.88,134.96,170.88,6.07,0.07,38.355
5,16.75,0.4,3.035,31.775,31.52,12.855,317.09,86.155,67.08,133.305,4.135,0.09,38.285
5,17.25,0.39,3.275,31.405,31.075,13.605,211.85,61.815,0.58,91.995,2.755,0.1,38.125
5,17.75,0.39,3.16,30.855,30.75,14.825,108.965,37.845,-52.215,53.19,2.57,0.21,37.725
5,18.25,0.34,2.95,30.34,30.3,16.575,26.035,9.815,-95.06,15.93,-0.44,0.22,37.195
5,18.75,0.355,2.605,29.6,29.625,18.245,-3.71,1.32,-106.44,-3.39,-1.13,0.27,36.545
5,19.25,0.385,2.94,28.87,28.905,18.885,-7.32,0.55,-104.38,-10.815,-2.22,0.34,35.76
5,19.75,0.395,3.16,28.1,28.4,19.87,-6.99,0.5,-100.7,-14.705,-1.45,0.4,35.065
5,20.25,0.35,2.42,27.275,27.565,21.795,-7.4,0.385,-98.68,-20.02,-1.21,0.37,34.365
5,20.75,0.32,2.275,26.48,26.94,24.545,-7.37,0.37,-96.345,-19.675,-0.96,0.43,33.7
5,21.25,0.29,1.735,25.35,25.845,26.41,-7.65,0.225,-93.775,-20.08,-1.19,0.36,33.03
5,21.75,0.27,1.58,24.73,25.16,28.965,-7.63,0.24,-92.05,-19.43,-1.54,0.25,32.365
5,22.25,0.25,1.23,24.315,24.785,31.025,-7.74,0.365,-90.385,-15.01,-0.97,0.21,31.71
5,22.75,0.22,1.18,23.625,24.04,31.975,-7.53,0.385,-88.785,-15.575,-0.82,0.22,31.11
5,23.25,0.21,1.12,22.86,23.395,33.33,-7.36,0.41,-86.87,-13.43,-0.69,0.2,30.555
5,23.75,0.22,1.105,22.76,23.25,34.76,-7.02,0.47,-85.64,-13.71,-1.21,0.15,30.03
6,0.25,0.17,1.005,26.585,27.01,31.89,-7.09,0.805,-88.99,-10.9,-0.715,0.11,34.485
6,0.75,0.17,0.985,26.01,26.315,33.4,-7.11,0.755,-87.27,-11.27,-0.905,0.1,34.005
6,1.25,0.17,0.86,25.71,26.14,34.96,-7.16,0.66,-86.12,-10.76,-1.09,0.12,33.545
6,1.75,0.17,0.85,25.62,26.085,35.61,-6.75,0.77,-83.9,-7.325,-0.99,0.09,33.11
6,2.25,0.16,0.97,25.365,25.83,35.25,-6.565,0.89,-83.16,-8.355,-0.49,0.07,32.655
6,2.75,0.16,0.945,25.08,25.64,35.52,-6.52,0.685,-82.07,-9.72,0.175,0.15,32.235
6,3.25,0.14,1.02,24.83,25.54,34.33,-6.48,0.71,-80.85,-8.935,-0.505,0.075,31.785
6,3.75,0.15,0.91,24.88,25.09,33.52,-6.59,0.64,-79.73,-8.31,-0.62,0.1,31.37
6,4.25,0.14,1.06,24.44,25.045,33.62,-6.085,0.705,-78.435,-11.51,0.005,0.115,30.975
6,4.75,0.13,1.14,24.515,25.07,33.17,1.945,2.89,-71.8,-9.74,-0.27,0.09,30.63
6,5.25,0.14,1.08,24.515,25.07,32.73,20.82,6.84,-59.63,-10.19,0.37,0.06,30.28
6,5.75,0.135,0.925,25.31,25.185,32.57,139.33,50.605,6.45,-3.555,1.36,-0.03,29.965
6,6.25,0.16,0.845,26.115,26.01,33.06,243.9,75.575,59.575,16.47,4.8,-0.16,29.75
6,6.75,0.16,0.765,26.855,27.225,30.95,347.615,94.975,125.14,43.695,7.715,-0.175,29.645
6,7.25,0.2,1.16,28.16,27.86,28.74,450.82,116.895,194.13,75.125,8.895,-0.1,29.71
6,7.75,0.22,1.55,29.07,29.015,26.55,555.77,141.94,261.585,104.985,12.45,0,29.865
6,8.25,0.28,1.94,30.02,30.035,24.9,650.46,165.125,321.405,148.655,14.63,0.155,30.25
6,8.75,0.31,2.135,30.785,30.88,22.83,737.18,185.085,375.715,181.635,15.235,0.065,30.795
6,9.25,0.33,2.195,31.465,31.435,21.19,811.055,203.12,422.31,217.205,15.22,0.07,31.55
6,9.75,0.34,2.255,32.265,32.015,19.9,875.565,218.7,461.05,239.065,13.785,-0.045,32.425
6,10.25,0.37,2.275,33.03,32.785,18.42,923.425,230.655,490.61,269.53,13.495,0.01,33.46
6,10.75,0.365,2.245,34.115,33.555,17.42,958.105,239.29,511.32,285.035,15.54,-0.07,34.475
6,11.25,0.37,2.345,34.56,34.14,16.235,980.235,243.495,521.03,301,14,0.14,35.6
6,11.75,0.39,2.31,35.2,34.73,15.195,989.64,245.495,523.36,323.845,11.87,-0.1,36.77
6,12.25,0.405,2.37,35.67,34.85,13.94,984.07,243.6,516.45,329.97,12.08,0.135,37.885
6,12.75,0.41,2.61,36.19,35.015,13.19,964.685,237.22,499.65,334.78,11.19,0.09,38.915
6,13.25,0.41,2.65,36.46,35.51,12.845,932.985,228.08,474.945,332.285,11.57,0.07,39.885
6,13.75,0.41,2.79,36.76,35.95,12.845,885.365,215.93,442.995,317.475,8.96,-0.07,40.8
6,14.25,0.41,2.91,37.01,36.02,12.77,823.705,201.58,401.07,301.67,9.27,0.05,41.59
6,14.75,0.42,2.91,37.255,36.155,12.48,751.535,185.585,349.425,293.72,8.41,0.105,42.27
6,15.25,0.42,3,37.22,36.245,12.465,667.575,167.09,291.27,270.445,5.97,0.1,42.77
6,15.75,0.41,2.935,37.285,36.295,12.29,573.91,146.715,228.805,235.22,5.795,0.1,43.15
6,16.25,0.4,2.95,37.44,36.24,12.4,475.57,124.18,160.77,206.3,3.61,0.08,43.39
6,16.75,0.39,3.08,37.2,36.125,12.57,368.52,98.4,91.22,162.075,3.71,0.1,43.425
6,17.25,0.4,3.2,36.77,35.915,13,263.28,75.25,27.89,130.82,1.73,0.17,43.36
6,17.75,0.39,3.225,36.21,35.66,13.81,156.75,53.44,-33.13,88.49,2.04,0.115,43.06
6,18.25,0.37,3.135,35.49,35.115,15.14,71.09,26.06,-82.29,40.81,2.38,0.36,42.625
6,18.75,0.36,3.03,34.395,34.415,15.92,3.06,2.965,-111.69,4.44,-1.06,0.295,42.05
6,19.25,0.4,3.08,33.405,33.51,17.5,-7.075,0.76,-112.62,-6.18,-1.6,0.43,41.34
6,19.75,0.39,3.39,32.665,32.99,18,-7.44,0.585,-108.43,-11.85,-1.45,0.47,40.635
6,20.25,0.4,3.025,32.255,32.5,19.64,-7.57,0.48,-105,-15.895,-1.315,0.425,39.9
6,20.75,0.32,2.24,31.655,31.755,21.45,-7.54,0.385,-102.3,-19.085,-1.4,0.45,39.205
6,21.25,0.3,1.8,30.635,30.755,23.88,-7.62,0.32,-100.86,-18.21,-0.84,0.405,38.455
6,21.75,0.24,1.45,29.63,29.96,26.67,-7.955,0.28,-98.82,-16.655,-1.825,0.275,37.76
6,22.25,0.225,1.23,29.145,29.225,28.02,-7.96,0.345,-96.25,-13.52,-2.035,0.185,37.135
6,22.75,0.21,0.985,28.135,28.54,29.89,-7.81,0.465,-94.13,-13.2,-0.995,0.255,36.52
6,23.25,0.2,1.035,27.51,27.97,30.9,-7.44,0.655,-91.75,-12.89,-1.095,0.16,35.96
6,23.75,0.19,0.92,27.235,27.56,31.15,-7.52,0.785,-89.92,-11.69,-0.75,0.22,35.39
7,0.25,0.14,0.82,30.75,31.57,31.09,-6.36,0.82,-75.595,-4.02,-0.705,0.12,38.04
7,0.75,0.13,0.79,30.41,31.35,32.05,-6.125,0.925,-75.24,-4.805,-0.365,0.12,37.55
7,1.25,0.13,0.79,30.16,30.995,32.135,-6.025,0.975,-74.49,-5.43,-0.815,0.08,37.11
7,1.75,0.13,0.8,29.765,30.645,32.075,-5.98,0.89,-73.93,-5.295,-0.55,0.115,36.71
7,2.25,0.12,0.795,29.56,30.405,33.43,-5.855,0.89,-73.8,-4.01,-0.36,0.08,36.29
7,2.75,0.11,0.82,29.35,30.14,33.6,-5.72,1,-71.18,-5.7,-0.22,0.085,35.89
7,3.25,0.13,0.95,29.28,30.07,33.37,-5.095,1.06,-70.65,-5.63,-0.375,0.075,35.45
7,3.75,0.12,0.845,29.14,29.94,34.5,-5.52,0.86,-69.77,-4.01,-0.29,0.08,35.06
7,4.25,0.12,0.855,28.85,29.695,34.105,-5.26,0.92,-68.3,-6.13,-0.475,0.07,34.72
7,4.75,0.13,0.915,28.75,29.565,34.875,-1.985,1.72,-64.4,-6.33,-0.145,0.07,34.42
7,5.25,0.13,0.88,28.685,29.48,34.835,13.675,5.22,-54.06,-5.445,0.105,0.115,34.12
7,5.75,0.12,0.79,28.8,29.655,35.67,71.355,19.91,-20.7,-2.355,0.74,0.03,33.83
7,6.25,0.14,0.79,29.405,30.22,34.455,195.66,60.15,40.68,10.58,4.31,0.045,33.59
7,6.75,0.17,0.945,30.285,31.115,32.62,293.285,76.815,102.44,38.605,7.8,-0.05,33.46
7,7.25,0.19,1.08,31.11,31.65,31.68,394.02,97.04,170.08,66.87,9.26,0.05,33.57
7,7.75,0.24,1.39,31.89,32.42,30.55,496.53,119.03,239.29,99.1,11.97,0.12,33.69
7,8.25,0.29,1.865,32.675,33.215,29.135,594.09,142.805,301.24,140.62,13.1,0.16,34.02
7,8.75,0.33,2.12,33.49,33.92,26.95,678.99,161.92,358.12,178.28,13.51,0.055,34.54
7,9.25,0.34,2.135,34.3,34.58,25.835,754.15,178.925,405.39,211.56,15.455,0.105,35.14
7,9.75,0.36,2.13,35.02,35.11,25.32,818.48,194.79,446.6,241.795,13.495,0.17,35.88
7,10.25,0.35,2.15,35.92,35.68,24.1,870.77,207.84,480.64,268.525,13.18,-0.09,36.7
7,10.75,0.36,2.31,36.46,36.32,23.21,912.915,217.3,504.69,289.255,16.17,0.02,37.71
7,11.25,0.375,2.425,37.13,36.81,22.62,936.18,222.86,519.53,315.45,15.585,0.175,38.85
7,11.75,0.39,2.4,37.745,37.34,22.29,947.83,224.535,524.93,324.61,15.29,0.13,39.88
7,12.25,0.4,2.35,38.02,37.73,20.75,944.695,223.95,516.96,330.975,12.06,0.09,40.94
7,12.75,0.4,2.5,38.44,38.05,19.98,928.61,217.58,500.805,338.17,13,0.095,41.91
7,13.25,0.41,2.66,38.815,38.385,19.65,895.38,210.745,476.87,338.17,14.28,0.115,42.88
7,13.75,0.41,2.74,39.07,38.75,19.34,847.715,198.43,445.74,329.17,11.82,0.085,43.76
7,14.25,0.42,2.825,39.385,38.99,19.225,790.07,185.185,399.85,309.6,11.25,0.175,44.36
7,14.75,0.41,2.87,39.52,39.205,18.455,720.5,170.76,351.28,291.35,7.655,0.14,44.99
7,15.25,0.41,2.8,39.75,39.28,17.99,640.83,153.02,293.61,274.9,6.47,0.05,45.41
7,15.75,0.4,2.88,39.84,39.4,17.315,551.135,134.53,231.89,250.02,8.76,0.12,45.74
7,16.25,0.4,2.86,39.77,39.375,17.39,455.455,113.135,168.96,213.245,6.37,0.125,45.92
7,16.75,0.38,2.83,39.44,39.16,17.25,356.03,90.125,98.99,184.59,7.61,0.1,45.99
7,17.25,0.38,2.9,39.23,38.96,16.88,253.16,67.23,32.33,153.215,3.6,0.115,45.93
7,17.75,0.36,3.01,38.81,38.69,17.305,150.27,46.17,-24.785,114.46,3.565,0.18,45.7
7,18.25,0.36,2.87,38.16,38.21,18.64,66.58,23.76,-70.15,70.66,1.59,0.16,45.24
7,18.75,0.33,2.85,37.43,37.62,18.775,3.7,2.97,-98.335,24.61,-0.89,0.245,44.72
7,19.25,0.32,2.965,36.64,37.075,19.69,-5.96,0.89,-99.245,4.89,-2.13,0.28,44
7,19.75,0.34,3.105,36.105,36.525,20.935,-6.62,0.655,-96.09,-1.78,-1.1,0.25,43.26
7,20.25,0.33,3.12,35.72,36.11,21.16,-6.48,0.61,-94.11,-4.98,-0.72,0.395,42.62
7,20.75,0.3,2.275,35.07,35.525,23.115,-6.845,0.4,-91.51,-7.925,-0.34,0.465,41.93
7,21.25,0.26,1.95,34.36,34.82,24.31,-6.875,0.29,-89.13,-7.05,-1.275,0.3,41.33
7,21.75,0.22,1.32,33.72,34.17,25.9,-7.055,0.36,-86.29,-6.61,-0.58,0.29,40.73
7,22.25,0.19,1.22,32.62,33.42,27.8,-7.15,0.39,-83.92,-6.52,-0.67,0.26,40.165
7,22.75,0.175,0.87,32.015,32.925,28.8,-6.8,0.555,-81.68,-4.935,-0.76,0.17,39.62
7,23.25,0.15,0.85,31.575,32.415,29.06,-6.66,0.715,-80.83,-5.275,-1.11,0.15,39.105
7,23.75,0.14,0.78,31.135,31.975,30.23,-6.57,0.77,-77.425,-5.145,-0.8,0.13,38.575
8,0.25,0.14,0.88,29.885,30.74,31.64,-6.2,0.81,-75.445,-5.7,-0.65,0.13,36.945
8,0.75,0.13,0.765,29.51,30.595,32.64,-6.38,0.7,-73.97,-5.33,-0.14,0.08,36.45
8,1.25,0.12,0.8,29.36,30.35,33.35,-5.88,0.91,-73.18,-5.57,0.32,0.13,36.055
8,1.75,0.12,0.815,29.075,29.965,33,-5.83,0.88,-72.825,-5.14,-0.15,0.08,35.655
8,2.25,0.12,0.85,28.63,29.805,33.495,-5.41,0.84,-72.24,-6.48,-0.585,0.065,35.18
8,2.75,0.12,0.915,28.29,29.56,33.91,-5.49,0.865,-70.93,-6.175,-0.195,0.08,34.79
8,3.25,0.125,0.98,28.225,29.255,34,-5.41,0.635,-70.07,-6.235,-0.41,0.08,34.48
8,3.75,0.11,1.11,28.13,29.41,33.36,-5.36,0.65,-70.65,-6.93,0.485,0.11,34.085
8,4.25,0.13,1.08,27.96,29.1,32.765,-5.24,0.705,-69.39,-6.45,0.375,0.11,33.685
8,4.75,0.12,1.05,27.72,28.78,35,-5.07,0.59,-68.48,-6.59,-0.37,0.12,33.3
8,5.25,0.12,1.11,27.6,28.55,33.44,2.45,2.41,-62.31,-6.02,0.095,0.08,33.01
8,5.75,0.12,0.985,27.76,28.715,35.825,21.11,6.56,-47.225,-5.495,0.25,0.06,32.735
8,6.25,0.12,1.03,28.01,29.17,35.32,110.785,37.3,1.54,-2.3,2.66,0.1,32.55
8,6.75,0.135,0.91,28.77,30.07,32.745,243.27,70.12,71.415,21.05,5.1,-0.045,32.45
8,7.25,0.17,0.97,29.86,31.05,30.02,347.815,88.27,136.7,50.5,8.06,0.11,32.475
8,7.75,0.21,1.14,30.755,31.695,28.28,449.73,108.76,205.225,81.16,12.39,0.16,32.685
8,8.25,0.25,1.66,31.63,32.58,27.42,552.005,132.05,274.79,117.42,13.43,0.19,32.95
8,8.75,0.32,1.89,32.59,33.21,26.44,646.175,153.34,334.13,160.43,15.27,0.11,33.475
8,9.25,0.34,2.05,33.37,33.89,25.21,726.65,170.14,385.43,195.85,15.34,0.17,34.14
8,9.75,0.36,2.12,34.01,34.34,25.38,794.66,186.37,430,228.82,14.265,0.09,34.965
8,10.25,0.35,2.09,34.54,35,25,849.58,199.09,462.5,259.11,14.83,0.05,35.905
8,10.75,0.36,2.175,35.13,35.575,23.885,888.67,205.84,486.82,277.815,15.615,0.11,36.865
8,11.25,0.37,2.09,35.85,36.21,22.48,912.65,210.87,504.48,296.33,14.55,0.075,37.825
8,11.75,0.375,2.185,36.3,36.62,22.635,923.73,213.41,512.32,311.8,12.69,0.15,38.83
8,12.25,0.4,2.28,36.705,37.06,21.505,921.87,212.755,506.115,319.28,12.32,0.06,39.845
8,12.75,0.39,2.4,36.98,37.41,20.54,900.4,206.99,488.43,322.405,10.61,0.02,40.87
8,13.25,0.4,2.365,37.35,37.81,19.39,864.25,198.85,464.05,317.785,10.58,0.1,41.76
8,13.75,0.4,2.51,37.7,38.09,19.81,812.23,186.39,428.795,308.91,11.82,0.08,42.545
8,14.25,0.4,2.63,37.87,38.325,19.11,747.18,171.62,384.74,292.285,8.25,0.07,43.24
8,14.75,0.4,2.705,38.27,38.375,18.41,673.8,155.79,333.31,272.07,8.8,0.1,43.73
8,15.25,0.41,2.72,38.34,38.615,17.22,592.21,137.71,273.96,249.285,7.99,0.155,44.18
8,15.75,0.4,2.86,38.54,38.66,17.17,496.975,118.29,205.34,216.765,7.99,0.12,44.38
8,16.25,0.39,2.93,38.51,38.73,16.85,393.64,97.165,138.58,182.48,5.745,0.115,44.535
8,16.75,0.38,2.9,38.26,38.725,16.835,291.56,74.59,66.93,151.6,5.435,0.16,44.475
8,17.25,0.38,2.725,37.93,38.68,16.155,190.455,53.035,3.02,119.27,3.6,0.15,44.3
8,17.75,0.36,2.63,37.61,38.12,16.68,94.82,30.96,-49.87,74.73,1.37,0.13,43.995
8,18.25,0.33,2.455,36.96,37.46,16.65,14.2,4.76,-89.45,34.49,0.61,0.27,43.51
8,18.75,0.32,2.435,36.275,36.96,18.045,-4.83,1.02,-102.425,8.77,-0.78,0.265,42.9
8,19.25,0.29,2.92,35.59,36.47,19.08,-6.69,0.7,-98.46,-1.595,0.42,0.285,42.335
8,19.75,0.33,3.05,35.2,36.1,19.165,-6.64,0.58,-94.785,-7.18,-0.325,0.395,41.73
8,20.25,0.305,2.79,34.68,35.42,20.18,-6.6,0.405,-91.985,-8.035,1.47,0.355,41.13
8,20.75,0.26,1.995,34.06,34.735,22.025,-6.775,0.29,-89.435,-8.87,0.34,0.34,40.53
8,21.25,0.23,1.56,33.275,34.135,24.195,-7.03,0.105,-87.07,-10.1,-0.71,0.33,39.96
8,21.75,0.21,1.37,32.72,33.52,26,-7.035,0.22,-86.09,-8.33,-0.77,0.26,39.34
8,22.25,0.185,1.04,32.16,32.895,27.455,-7.15,0.45,-84.12,-7.585,-0.78,0.22,38.775
8,22.75,0.15,0.83,31.53,32.3,28.96,-7.315,0.39,-81.54,-5.67,-0.98,0.08,38.295
8,23.25,0.13,0.82,30.87,31.79,29.84,-7.07,0.73,-79.26,-3.885,-0.405,0.07,37.81
8,23.75,0.12,0.93,30.49,31.345,30.82,-6.43,0.845,-77.285,-5.25,-0.66,0.1,37.305
9,0.25,0.17,1.52,28.83,29.65,24.205,-6.44,0.135,-80.77,-13.91,1.01,0.27,33.385
9,0.75,0.19,1.35,28.8,29.54,26.6,-6.345,0.09,-79.835,-15.14,1.675,0.19,33
9,1.25,0.18,1.465,28.465,29.345,25.655,-6.2,0.075,-78.67,-15.775,0.85,0.19,32.65
9,1.75,0.17,1.525,28.335,29.15,26.36,-6.09,0.15,-77.88,-14.745,1.13,0.22,32.24
9,2.25,0.17,1.52,28.26,29.15,27.05,-6.12,0.13,-77.06,-15.45,1.605,0.215,31.93
9,2.75,0.16,1.64,27.84,28.78,27.43,-6.11,0.01,-75.81,-14.29,0.68,0.21,31.64
9,3.25,0.165,1.515,27.74,28.58,26.845,-5.97,0.145,-75.48,-17.31,1.505,0.22,31.405
9,3.75,0.16,1.655,27.65,28.46,28.3,-5.85,0.065,-75.29,-15.215,0.55,0.21,31.17
9,4.25,0.15,1.57,27.43,28.41,28.435,-5.73,0.11,-74.66,-15.35,1.295,0.18,30.95
9,4.75,0.16,1.61,27.6,28.32,30.25,-5.79,0.12,-73.875,-16.02,0.3,0.11,30.68
9,5.25,0.16,1.59,27.28,28.025,28.775,-4.685,0.315,-71.96,-15.52,0.84,0.17,30.39
9,5.75,0.15,1.675,26.93,27.865,30.145,7.245,3.06,-63.08,-12.88,1.115,0.11,30.185
9,6.25,0.15,1.37,27.01,28.02,29.78,25.03,7.02,-50.7,-11.04,0.94,0.11,29.995
9,6.75,0.13,1.155,27.665,28.615,30.28,120.195,31.835,9.86,-2.035,2.815,0.03,29.79
9,7.25,0.15,0.93,28.73,29.6,28.48,301.31,82.02,103.93,24.68,10.035,-0.02,29.685
9,7.75,0.19,0.89,29.67,30.31,27.81,406.88,98.87,170.685,53.88,13.465,0.09,29.835
9,8.25,0.24,1.29,30.43,31.08,25.72,508.05,119.16,239.345,93.04,15.67,0.135,30.185
9,8.75,0.28,1.67,31.3,31.99,22.96,602.75,141.81,298.85,131.88,15.685,0.06,30.725
9,9.25,0.33,1.96,32.06,32.82,22.285,686.01,158.985,352.04,167.565,15.16,0.05,31.34
9,9.75,0.35,1.97,32.78,33.68,21.7,754.68,174.48,396.995,201.85,19.385,0.065,32.115
9,10.25,0.36,2.08,33.51,34.15,21.655,808.735,184.875,429.74,227.63,22.75,0.095,33.045
9,10.75,0.36,2.05,34.22,34.65,20.73,848.45,192.59,455.61,250.53,17.61,0.095,33.98
9,11.25,0.37,2.06,34.615,34.94,19.465,871.64,197.84,469.06,267.86,15.26,0.125,34.895
9,11.75,0.37,2.16,35.31,35.41,18.93,878.22,198.62,470.055,278.59,16.67,0.165,35.735
9,12.25,0.37,2.315,35.62,35.715,17.16,870.2,195.34,462.15,285.835,15.09,0.115,36.625
9,12.75,0.39,2.375,36.05,35.97,17.62,842.02,189.44,442.67,282.66,15.35,0.055,37.41
9,13.25,0.39,2.355,36.235,36.26,16.115,801.33,179.425,410.73,279.31,16.565,0.15,38.13
9,13.75,0.39,2.47,36.41,36.39,16.025,743.53,166.68,372.35,267.32,13.82,0.115,38.78
9,14.25,0.4,2.6,36.455,36.42,15.25,676.245,151.585,322.61,244.01,13.07,0.15,39.375
9,14.75,0.38,2.58,36.615,36.56,15.31,590.325,134.35,263.855,222.885,11.865,0.09,39.915
9,15.25,0.38,2.64,36.495,36.715,14.715,493.25,113.48,196.92,203.09,9.83,0.105,40.36
9,15.75,0.38,2.73,36.48,36.67,15.08,392.175,91.37,128.4,171.26,9.1,0.15,40.535
9,16.25,0.36,2.755,36.36,36.61,15.58,281.47,70.94,55.92,126.98,6.33,0.17,40.595
9,16.75,0.35,2.83,36.1,36.44,16.07,168.265,47.25,-10.24,87.835,4.61,0.15,40.475
9,17.25,0.32,2.66,35.675,36.085,17.27,55.85,16.705,-65.385,41.89,3.35,0.23,40.11
9,17.75,0.27,2.37,34.95,35.5,18.63,3.99,2.32,-102.85,8.45,0.86,0.285,39.635
9,18.25,0.245,2.415,34.11,34.81,18.89,-6.26,0.54,-104.69,-2.85,-0.39,0.25,39.08
9,18.75,0.29,2.75,33.72,34.56,19.1,-7.33,0.33,-100.04,-9.07,2.01,0.355,38.48
9,19.25,0.32,2.95,33.34,33.96,19.515,-7.09,0.255,-96.79,-10.24,1.795,0.385,37.875
9,19.75,0.29,2.67,32.95,33.56,19.08,-7.005,0.18,-94.4,-17.63,1.235,0.52,37.34
9,20.25,0.29,2.4,32.43,33.12,19.11,-7.14,0.05,-92.225,-18.76,2.72,0.43,36.845
9,20.75,0.27,2.38,31.93,32.615,19.57,-6.73,0,-91.78,-19.675,1.24,0.43,36.345
9,21.25,0.3,2.28,31.35,32.125,21.38,-7.065,0.01,-90.04,-19.535,0.97,0.425,35.77
9,21.75,0.24,1.75,31.04,31.5,23.145,-7.02,-0.04,-88.36,-19.16,2.95,0.36,35.24
9,22.25,0.22,1.61,30.11,30.81,23.525,-7.31,-0.11,-86.91,-16.96,1.34,0.37,34.79
9,22.75,0.2,1.62,29.73,30.61,24.24,-7.085,0,-84.33,-14.33,0.81,0.285,34.355
9,23.25,0.19,1.795,29.18,30.015,24.27,-6.475,0.12,-83.85,-15.805,0.9,0.325,34.02
9,23.75,0.2,1.61,29.055,29.75,24.77,-6.61,0.06,-81.8,-15.65,1.155,0.26,33.7
10,0.25,0.19,2.14,22.83,22.76,27.145,-6.155,-0.1,-81.395,-29.28,0.11,0.165,27.34
10,0.75,0.2,2.105,22.6,22.54,27.34,-6.205,-0.1,-80.26,-29.65,0.385,0.195,26.985
10,1.25,0.19,2.05,22.26,22.28,27.455,-6.09,-0.09,-79.6,-28.1,0.53,0.17,26.675
10,1.75,0.2,2.09,21.915,22.1,27.18,-6.09,-0.045,-79.13,-24.33,0.17,0.17,26.375
10,2.25,0.185,2.065,21.95,21.945,26.79,-6.08,0,-78.17,-26.51,-0.63,0.135,26.07
10,2.75,0.19,2.16,21.805,21.85,26.96,-5.96,-0.075,-78.42,-29.06,0.54,0.19,25.805
10,3.25,0.19,2.33,21.62,21.775,26.62,-5.925,-0.04,-77.55,-30.72,0.13,0.16,25.52
10,3.75,0.19,2.3,21.405,21.63,27.985,-5.93,-0.125,-77.91,-31.19,0.3,0.155,25.24
10,4.25,0.2,2.29,21.065,21.57,26.67,-5.655,-0.115,-77.42,-30.72,0.06,0.16,25.05
10,4.75,0.2,2.255,21.165,21.39,27.485,-5.685,-0.125,-76.59,-32.445,-0.39,0.17,24.89
10,5.25,0.2,2.34,21.1,21.29,27.475,-5.95,-0.27,-76.065,-29.57,0.6,0.18,24.755
10,5.75,0.19,2.4,20.99,21.18,27.655,-2.25,0.66,-74.065,-28.52,0.34,0.165,24.59
10,6.25,0.19,2.175,20.875,21.055,27.505,14.23,4.055,-63.81,-26.4,0.48,0.11,24.39
10,6.75,0.17,1.88,21.225,21.415,27.86,73.55,22.37,-30.495,-16.02,1.415,0.03,24.205
10,7.25,0.19,1.325,22.435,22.455,26.015,227.02,74.81,56.11,4.965,4.005,-0.1,24.195
10,7.75,0.17,1.02,23.82,23.83,25.06,332.72,89.82,122.54,30.96,6.74,-0.05,24.25
10,8.25,0.18,0.93,24.675,24.695,23.67,429.635,104.24,189.305,55.26,8.59,-0.02,24.455
10,8.75,0.215,1.385,25.54,25.36,22.7,520.66,126.09,247.95,89.025,8.96,-0.03,24.76
10,9.25,0.27,1.7,26.15,26.02,22.88,603.33,145.22,298.49,120.67,11.14,0.07,25.275
10,9.75,0.29,1.8,26.85,26.685,21.905,669.51,159.025,339.72,146.09,11.955,-0.045,25.875
10,10.25,0.32,1.955,27.44,27.31,20.65,719.96,168.9,373.08,174.79,11.59,0.07,26.605
10,10.75,0.33,1.975,27.96,27.725,19.935,752.16,176.01,394.45,194.05,11.19,0.02,27.33
10,11.25,0.32,1.98,28.58,28.03,19.76,770.99,177.94,404.85,208.67,10.87,0.065,28.21
10,11.75,0.34,1.965,29.035,28.48,18.72,773.67,178.245,401.61,219.88,10.9,-0.06,29.115
10,12.25,0.33,2.01,29.48,28.915,18.125,755.705,173.625,384.2,217.94,10.65,0.08,30.15
10,12.75,0.33,1.925,29.75,29.23,17.92,724.36,167.31,362.21,213.09,9.15,0.03,31.175
10,13.25,0.34,1.98,29.91,29.26,17.43,683.945,158.3,328.495,207.42,8.08,0.07,31.955
10,13.75,0.335,2.055,30.1,29.35,17.55,619.795,143.95,282.885,194.115,7.995,0.01,32.525
10,14.25,0.34,2.235,30.26,29.62,17.465,532.36,126.605,234.145,177.14,5.855,-0.01,32.915
10,14.75,0.33,2.25,30.2,29.61,16.85,441.93,107.39,172.53,145.055,5.315,0.03,33.27
10,15.25,0.31,2.235,30.015,29.635,16.445,345.225,85.43,106.75,113.2,4.575,-0.06,33.535
10,15.75,0.31,2.36,29.88,29.54,16.45,243.78,65,38.43,84.66,2.895,-0.05,33.695
10,16.25,0.28,2.33,29.505,29.285,16.745,116.1,29.795,-35.815,39.03,0.92,0.05,33.62
10,16.75,0.24,2.24,28.795,28.71,18.55,16.57,4.215,-91.295,2.52,-0.11,0.09,33.275
10,17.25,0.21,1.86,27.98,27.99,19.325,-1.67,1.405,-100.96,-5.825,-0.51,0.1,32.84
10,17.75,0.22,2.07,27.49,27.39,20.16,-7.3,0.42,-100.36,-12.67,-0.97,0.155,32.395
10,18.25,0.24,2.27,26.88,26.86,21,-7.375,0.23,-96.97,-19.88,-0.1,0.2,31.76
10,18.75,0.275,2.165,26.485,26.31,21.81,-7.42,0.05,-94.42,-21.74,-0.94,0.23,31.265
10,19.25,0.27,2.14,25.945,25.69,21.94,-7.06,0.07,-91.845,-24.32,0.09,0.26,30.765
10,19.75,0.26,2.22,25.53,25.35,22.805,-7.05,0,-90.725,-28.645,0.27,0.28,30.27
10,20.25,0.23,2.1,24.775,24.765,23.175,-6.96,-0.02,-89.12,-28.48,-0.1,0.255,29.86
10,20.75,0.225,2.11,24.385,24.39,24.54,-6.88,0,-88.045,-27.01,-0.29,0.245,29.42
10,21.25,0.22,2.035,23.94,24.16,24.935,-6.725,-0.045,-86.555,-27.22,-0.18,0.19,28.985
10,21.75,0.21,2.12,23.68,23.83,26.87,-6.75,-0.07,-85.31,-27.65,-0.38,0.18,28.58
10,22.25,0.2,2.01,23.35,23.51,26.2,-6.6,0,-84.33,-27.79,-0.31,0.21,28.17
10,22.75,0.195,1.94,22.95,23.155,27.635,-6.61,-0.135,-82.785,-24.82,-0.15,0.18,27.835
10,23.25,0.19,2.04,22.82,23.03,25.91,-6.3,-0.02,-82.29,-25.59,-0.61,0.2,27.495
10,23.75,0.21,2.26,22.745,22.91,27.685,-6.09,0,-81.485,-28.68,0.49,0.25,27.185
11,0.25,0.19,2.59,18.18,18.77,27.97,-5.59,-0.21,-77.69,-31.28,-0.385,0.12,18.685
11,0.75,0.18,2.64,18.275,18.69,28,-5.59,-0.215,-76.925,-31.65,0.21,0.155,18.51
11,1.25,0.18,2.655,18.11,18.515,28.055,-5.59,-0.2,-76.415,-29.66,0.1,0.12,18.3
11,1.75,0.18,2.675,18.22,18.495,27.45,-5.585,-0.295,-76.305,-30.76,-0.395,0.11,18.11
11,2.25,0.18,2.61,18.02,18.46,27.3,-5.51,-0.315,-76.15,-32.435,-0.01,0.11,17.925
11,2.75,0.175,2.595,18.055,18.38,27.625,-5.59,-0.335,-75.38,-27.945,0.59,0.13,17.77
11,3.25,0.17,2.55,17.76,18.245,27.055,-5.56,-0.4,-74.96,-30.025,0.19,0.07,17.615
11,3.75,0.17,2.58,17.93,18.185,26.67,-5.455,-0.31,-74.42,-33.37,0.51,0.1,17.465
11,4.25,0.17,2.7,17.875,18.145,26.745,-5.5,-0.345,-74.315,-30.81,0.595,0.11,17.29
11,4.75,0.18,2.55,17.84,17.96,27.05,-5.445,-0.33,-73.46,-30.54,0.12,0.11,17.145
11,5.25,0.17,2.59,17.265,17.67,27.115,-5.4,-0.33,-72.94,-31.84,0.34,0.08,16.975
11,5.75,0.16,2.7,17.48,17.86,27.42,-5.08,-0.32,-72.9,-32.66,-0.33,0.08,16.84
11,6.25,0.17,2.575,17.35,17.81,27.77,-0.095,0.865,-69.745,-29.48,0.35,0.08,16.685
11,6.75,0.16,2.52,17.36,17.72,27.59,24.71,8.45,-52.23,-25.27,0.1,0.07,16.575
11,7.25,0.18,2.3,18.085,18.175,27.06,133.795,54.52,8.49,-13.41,1.545,-0.06,16.485
11,7.75,0.16,1.65,18.97,19.02,25.25,230.29,72.63,63.07,3.21,3.235,-0.14,16.505
11,8.25,0.16,0.93,19.93,19.88,25.41,319.23,81.85,120.05,25.29,5.02,-0.105,16.67
11,8.75,0.15,0.66,20.88,20.35,22.48,404.05,99.76,173.75,45.15,6.355,-0.09,16.91
11,9.25,0.19,1.06,21.53,21.06,21.45,476.67,116.85,222.31,71.44,7.67,-0.08,17.295
11,9.75,0.23,1.5,22.195,21.7,21.205,542.205,131.29,263.51,91.8,8.89,-0.08,17.775
11,10.25,0.26,1.735,22.61,21.905,20.915,593.99,144.565,293.885,118.03,10.515,-0.09,18.355
11,10.75,0.28,1.8,23.135,22.455,20.165,629.585,150.86,312.345,135.075,9.63,-0.105,19.005
11,11.25,0.27,1.88,23.575,23.115,19.44,645.035,153.85,326.91,149.81,10.26,-0.1,19.76
11,11.75,0.29,1.97,23.99,23.695,19.38,645.555,153.88,321.7,156.13,9.8,-0.04,20.53
11,12.25,0.3,1.89,24.515,24.025,19.15,625.61,149.075,309.615,150.575,10.16,0.035,21.205
11,12.75,0.29,1.91,24.69,24.38,19.28,599.61,142.2,286.51,147.06,9.49,-0.05,21.905
11,13.25,0.29,2.03,24.93,24.7,18.67,553.07,131.17,254.15,141.71,7.01,-0.05,22.575
11,13.75,0.29,2.185,25.29,24.79,18.54,494.67,117.19,212.54,130.3,8.385,-0.05,23.155
11,14.25,0.29,2.18,25.47,25.03,18.76,421.66,100.06,161.78,110.75,5.24,-0.025,23.59
11,14.75,0.29,2.22,25.35,25.02,19.25,333.03,81.79,101.42,86.5,4.37,-0.06,23.92
11,15.25,0.27,2.29,25.23,24.82,19.21,239.5,64.92,39.07,59,3.22,-0.06,24.11
11,15.75,0.24,2.095,24.535,24.315,19.955,80.19,20.82,-48.135,19.83,1.16,-0.03,24.1
11,16.25,0.18,1.63,23.535,23.635,21.215,13.84,3.49,-87.84,-4.41,-0.525,0.05,23.985
11,16.75,0.14,1.3,22.96,22.99,22.7,-2.39,0.83,-91.63,-8.96,-0.15,0.05,23.645
11,17.25,0.13,1.52,22.275,22.24,22.96,-7.75,0,-90.825,-13.005,-0.115,0.08,23.285
11,17.75,0.15,1.84,21.625,21.715,24.305,-7.42,0.035,-88.64,-18.995,-0.7,0.085,22.875
11,18.25,0.17,1.99,21.29,21.35,24.615,-7.1,-0.025,-86.585,-24.94,-0.15,0.18,22.42
11,18.75,0.17,2,21.14,21.12,24.89,-6.965,-0.1,-84.94,-22.2,-0.555,0.17,21.995
11,19.25,0.17,2.14,20.44,20.605,26.46,-6.75,-0.14,-83.035,-27.75,0.34,0.12,21.6
11,19.75,0.17,2.18,20.04,20.28,25.66,-6.465,-0.09,-82.14,-27.92,0.095,0.21,21.2
11,20.25,0.17,2.08,19.58,19.89,25.48,-6.52,-0.28,-81.61,-26.22,-0.53,0.17,20.84
11,20.75,0.17,2.1,19.395,19.72,25.875,-6.3,-0.17,-80.455,-26.48,-0.12,0.11,20.505
11,21.25,0.165,2.245,19.09,19.49,26.48,-6.08,-0.185,-79.905,-26.89,-0.655,0.145,20.17
11,21.75,0.16,2.345,18.89,19.175,26.835,-6.005,-0.205,-79.55,-25.76,-0.15,0.13,19.86
11,22.25,0.17,2.38,18.64,19.02,26.78,-5.81,-0.1,-78.52,-27.51,-0.36,0.11,19.56
11,22.75,0.16,2.42,18.5,18.91,27.61,-5.72,-0.18,-78.14,-30.325,0.49,0.11,19.295
11,23.25,0.16,2.45,18.285,18.75,27.43,-5.725,-0.175,-78.25,-28.49,-0.15,0.095,19.05
11,23.75,0.17,2.55,18.115,18.73,27.545,-5.7,-0.19,-77.87,-32.38,0.205,0.13,18.825
12,0.25,0.16,2.33,12.39,12.73,36.57,-4.975,-0.32,-67.4,-23.28,1.13,0.11,11.66
12,0.75,0.15,2.33,12.26,12.53,36.6,-4.945,-0.43,-67.28,-20.765,1.045,0.11,11.54
12,1.25,0.16,2.35,12.17,12.7,36.345,-4.835,-0.42,-66.56,-24.41,1.165,0.13,11.31
12,1.75,0.16,2.47,12.17,12.7,36.34,-4.92,-0.33,-67.09,-24.75,1.01,0.12,11.14
12,2.25,0.16,2.46,12.21,12.665,36.47,-4.905,-0.34,-66.36,-25.81,0.73,0.11,11.02
12,2.75,0.16,2.415,12.06,12.59,35.72,-4.83,-0.395,-66.45,-26.93,1.03,0.09,10.95
12,3.25,0.16,2.32,11.935,12.495,36.145,-4.9,-0.46,-65.31,-26.26,0.71,0.1,10.87
12,3.75,0.16,2.315,11.745,12.305,36.145,-4.75,-0.38,-65.665,-24.09,0.96,0.1,10.73
12,4.25,0.15,2.36,11.67,12.2,35.43,-4.94,-0.51,-65.47,-25.57,0.92,0.1,10.6
12,4.75,0.16,2.34,11.46,12.185,35.635,-4.76,-0.435,-65.645,-23.63,0.65,0.08,10.45
12,5.25,0.16,2.355,11.57,12.065,35.53,-4.71,-0.46,-65.755,-25.06,1.04,0.12,10.32
12,5.75,0.15,2.355,11.495,12.035,35.405,-4.74,-0.445,-65.19,-23.63,0.76,0.07,10.2
12,6.25,0.16,2.35,11.42,11.99,35.47,-4.44,-0.41,-64.63,-24.79,0.88,0.09,9.99
12,6.75,0.15,2.42,11.31,11.765,34.42,1.34,1.09,-60.31,-23.945,0.86,0.1,9.97
12,7.25,0.15,2.24,11.655,12,35.2,40.29,16.575,-32.735,-18.095,1.485,0.07,9.83
12,7.75,0.15,1.79,12.09,12.4,33.78,132.87,51.01,15.56,-8.43,3.005,0.04,9.84
12,8.25,0.16,1.275,12.7,13.105,32.96,222.84,65.1,65.925,3.79,4.095,-0.03,9.85
12,8.75,0.16,0.91,13.605,13.855,30.63,310.1,73.665,119.385,20.21,6.875,-0.06,10.07
12,9.25,0.17,0.845,14.315,14.47,28.145,388.04,90.33,171.83,37.95,9.175,-0.03,10.27
12,9.75,0.2,1.165,14.95,14.89,27.73,456.15,106.025,215.165,60.46,10.59,0.03,10.6
12,10.25,0.22,1.36,15.28,15.34,26.655,509.895,116.95,247.85,76,12.455,0.065,11.1
12,10.75,0.24,1.56,15.62,15.72,27.25,549.175,125.78,274.51,92.34,12.355,0.1,11.66
12,11.25,0.25,1.59,16.21,15.96,25.69,576.18,130.29,288.235,102.685,13.86,0.105,12.32
12,11.75,0.26,1.71,16.52,16.42,24.96,580.1,131.29,290.12,110.04,12.275,-0.035,13.03
12,12.25,0.27,1.67,16.87,16.71,23.77,576.4,129.95,283.21,113.36,13.485,0.12,13.74
12,12.75,0.26,1.78,17.05,16.98,24.04,548.1,123.09,262.65,110.06,11.71,0.125,14.36
12,13.25,0.26,1.76,17.46,17.29,24.11,506.5,113.87,232.225,106.39,9.315,0.06,14.97
12,13.75,0.28,1.85,17.59,17.4,24.52,449.09,99.995,192.09,93.42,9.52,0.09,15.52
12,14.25,0.26,1.945,17.78,17.675,24.73,384.28,87.43,144.98,77.77,8.925,0.015,15.95
12,14.75,0.26,1.825,17.765,17.705,24.77,303.6,71.29,91.67,59.93,7.395,-0.015,16.235
12,15.25,0.25,1.91,17.6,17.55,25.665,213.37,56.56,33.17,36.705,5.215,0.04,16.295
12,15.75,0.2,1.56,17.005,17.14,26.82,53.96,12.65,-45.52,6.275,2.04,0.06,16.185
12,16.25,0.14,1.28,16.07,16.51,28.12,10.365,2.65,-72.445,-6.09,0.865,0.05,15.97
12,16.75,0.13,1.35,15.43,15.975,30.46,-3.25,0.205,-79.9,-8.55,0.84,0.1,15.575
12,17.25,0.13,1.57,14.87,15.29,30.91,-6.565,-0.26,-79.33,-13.305,1.22,0.13,15.275
12,17.75,0.13,1.81,14.61,15.2,31.86,-6.3,-0.23,-77.125,-16.72,1.255,0.15,14.86
12,18.25,0.14,1.91,14.27,14.88,32.05,-5.995,-0.27,-75.115,-17.97,0.6,0.15,14.52
12,18.75,0.15,1.99,13.99,14.505,32.09,-5.825,-0.24,-73.195,-20.71,1.1,0.14,14.205
12,19.25,0.15,2.02,13.625,14.34,32.805,-5.57,-0.215,-72.25,-20.15,1.02,0.1,13.84
12,19.75,0.16,2.07,13.46,14.12,32.99,-5.545,-0.32,-71.005,-22.58,1,0.12,13.57
12,20.25,0.16,2.095,13.29,13.79,33.51,-5.59,-0.31,-70.33,-20.07,1.22,0.115,13.28
12,20.75,0.14,2.14,13.015,13.555,35.03,-5.35,-0.315,-70.4,-21.17,1.305,0.12,12.97
12,21.25,0.15,2.15,12.81,13.37,34.87,-5.33,-0.41,-69.54,-22.58,1.35,0.13,12.68
12,21.75,0.15,2.21,12.54,13.15,34.76,-5.26,-0.3,-69.475,-20,0.98,0.1,12.445
12,22.25,0.15,2.22,12.71,13.19,35.72,-5.23,-0.26,-69,-21.225,0.68,0.11,12.255
12,22.75,0.16,2.25,12.49,13.09,34.765,-5.08,-0.31,-68.965,-25.065,0.625,0.1,12.05
12,23.25,0.16,2.31,12.21,12.76,35.335,-4.94,-0.29,-68.97,-21.465,1.03,0.11,11.855
12,23.75,0.16,2.38,12.28,12.83,36.42,-5.08,-0.4,-68.5,-22.655,1.465,0.145,11.68
