DOY2,HR2,FC,H,LE,TAU,TA,RH,NETRAD,SW_IN,SW_OUT,PPFD_IN,WS,USTAR,PA,G,TS_1_1_1
1,0.25,-0.1,-29.8,-1,-0.156,-5.875,63.85,-46.325,0,0,0,1.59,0.12,96.645,-18.95,1.1
1,0.75,-0.1,-32.15,-0.9,-0.162,-6,62.5,-46.475,0,0,0,1.52,0.12,96.6325,-19.325,1.1
1,1.25,-0.1,-28.5,-0.85,-0.162,-6.45,63.55,-47.175,0,0,0,1.43,0.125,96.615,-19.45,1.1
1,1.75,-0.1,-27.7,-0.8,-0.144,-6.6,64.7,-46.05,0,0,0,1.46,0.13,96.61,-19.075,1.1
1,2.25,-0.1,-30,-0.6,-0.132,-6.575,66.5,-47.3,0,0,0,1.31,0.1525,96.5875,-19.525,1.025
1,2.75,-0.1,-30.55,-0.975,-0.12,-6.3,66.75,-49.025,0,0,0,1.28,0.115,96.58,-20.375,1.025
1,3.25,-0.1,-26.9,-0.575,-0.12,-6.5,67.275,-48.1,0,0,0,1.41,0.1275,96.5625,-19.875,1.025
1,3.75,-0.1,-29.1,-0.5,-0.144,-6.775,66.7,-48,0,0,0,1.57,0.12,96.54,-19.95,1.025
1,4.25,-0.1,-30.15,-0.6,-0.144,-7.05,66.6,-47.65,0,0,0,1.55,0.1525,96.5325,-19.825,1.025
1,4.75,-0.1,-27,-0.475,-0.156,-7.175,67.825,-46.55,0,0,0,1.44,0.1575,96.515,-19.225,1
1,5.25,-0.1,-26.4,-0.7,-0.144,-7.075,69.35,-47.6,0,0,0,1.67,0.14,96.5175,-18.875,1
1,5.75,-0.1,-29.2,-0.55,-0.144,-7.175,68.125,-46.925,0,0,0,1.3,0.13,96.525,-19,1
1,6.25,-0.1,-31.6,-0.3,-0.168,-6.85,68.1,-48.5,0,0,0,1.44,0.12,96.55,-18.95,1
1,6.75,-0.1,-28.1,-0.25,-0.189,-6.875,68.8,-48,0,0,0,1.37,0.1725,96.585,-19,1
1,7.25,-0.1,-28.375,-0.4,-0.177,-6.975,69.075,-49.775,0,0,0,1.41,0.165,96.64,-18.95,0.925
1,7.75,-0.2,-25.6,-0.1,-0.156,-7.2,68.625,-41.275,6.025,1.225,10.85,1.4,0.13,96.67,-19.075,0.925
1,8.25,-0.175,-16.1,1.875,-0.156,-6.6,67.725,-11.775,36.525,7.475,49.875,1.63,0.14,96.7025,-18.35,0.925
1,8.75,-0.2,4.2,6.2,-0.24,-5.175,64.425,23.5,75.3,15.675,118,2.03,0.1975,96.75,-15.95,0.925
1,9.25,-0.3,18.1,9.25,-0.264,-4.45,58.925,56.05,113.425,21.75,191.025,2.74,0.245,96.8025,-14.525,0.9
1,9.75,-0.4,29.6,10.3,-0.276,-3.35,52.25,76.575,143.2,32.225,261.95,2.75,0.27,96.8575,-12.25,0.925
1,10.25,-0.3,49.95,11.6,-0.312,-3.05,49.875,107.3,189.975,38.75,354.05,2.96,0.28,96.92,-11.575,1
1,10.75,-0.4,57.55,11.7,-0.33,-2.9,47.275,113.5,196.225,37.875,355,3.095,0.29,96.885,-10.4,1
1,11.25,-0.4,69.45,13,-0.321,-2.725,45.85,128.45,223.675,42.8,414.95,3.36,0.3125,96.8925,-9.45,1
1,11.75,-0.3,75.175,13.45,-0.324,-2.025,43.7,142.525,237.275,48.35,421.775,3.535,0.31,96.8825,-8.85,1
1,12.25,-0.4,77.85,13.125,-0.336,-1.475,41.825,150.6,262.725,49.1,479.375,3.42,0.31,96.7975,-8.075,1.025
1,12.75,-0.3,69.875,12.75,-0.324,-0.9,39.85,145.1,254.35,49.8,481.825,3.165,0.3,96.7825,-7,1.025
1,13.25,-0.3,66.45,11.275,-0.321,-0.65,37.5,157.6,281.6,53.1,536.825,3.235,0.3,96.735,-7.8,1.1
1,13.75,-0.3,80.6,11.1,-0.336,-0.45,35.8,163.35,293.1,60,544.7,3.11,0.28,96.725,-6.275,1.2
1,14.25,-0.2,77.5,9.45,-0.324,-0.075,33.825,149.975,273.45,55.75,484.875,3.045,0.3,96.7075,-6.425,1.2
1,14.75,-0.1,67.3,9.45,-0.312,0.025,31.9,135.175,253.925,54.675,459.375,3.115,0.2825,96.69,-6.125,1.225
1,15.25,-0.1,47.6,7.75,-0.315,0.1,31.95,101.125,218.85,45.975,384.025,3.1225,0.31,96.6575,-6.2,1.325
1,15.75,-0.1,28.125,5.4,-0.312,-0.05,31.675,70.725,170.95,38.225,298,2.9725,0.275,96.66,-7,1.525
1,16.25,-0.1,6,3.65,-0.276,-0.375,32.275,24.45,109.275,24.5,173.6,2.73,0.2375,96.685,-7.8,1.6
1,16.75,0,-17.6,1.375,-0.213,-0.5,34.75,-18.125,58.975,13.225,86.475,2.2075,0.2,96.6875,-10.05,1.625
1,17.25,-0.025,-27.9,-0.35,-0.168,-1.35,38.025,-52.65,11.95,3.4,20.575,1.65,0.13,96.68,-10.25,1.6
1,17.75,-0.1,-28.35,-0.8,-0.132,-2,41.325,-54.75,0.4,0,0,1.54,0.09,96.705,-13.2,1.5
1,18.25,-0.1,-26.35,-0.625,-0.108,-2.75,44.85,-53.625,0,0,0,1.4,0.08,96.705,-16.7,1.325
1,18.75,-0.1,-24.2,-0.95,-0.108,-3.45,49.45,-51.1,0,0,0,1.3575,0.0775,96.7125,-18.675,1.3
1,19.25,-0.1,-25.9,-0.45,-0.108,-4.075,50.95,-49.375,0,0,0,1.33,0.07,96.71,-19.875,1.2
1,19.75,-0.1,-27.6,-0.5,-0.12,-4.875,53.65,-50.35,0,0,0,1.4375,0.1,96.7025,-19.4,1.2
1,20.25,-0.1,-31.575,-0.75,-0.147,-5.4,55.575,-51.75,0,0,0,1.3925,0.0875,96.72,-17.775,1.2
1,20.75,-0.1,-31.15,-1.2,-0.138,-5.675,57.875,-51.025,0,0,0,1.3925,0.0975,96.71,-17.35,1.2
1,21.25,-0.1,-33.675,-0.7,-0.132,-5.675,59.1,-49.575,0,0,0,1.5175,0.11,96.71,-18,1.125
1,21.75,-0.1,-34.3,-0.65,-0.132,-5.525,59.5,-51.1,0,0,0,1.57,0.12,96.695,-16.775,1.125
1,22.25,-0.1,-30.525,-0.9,-0.144,-5.625,60.575,-49.775,0,0,0,1.45,0.09,96.675,-16.8,1.1
1,22.75,-0.1,-30.4,-0.725,-0.135,-5.35,62.1,-49.65,0,0,0,1.4675,0.11,96.67,-17.2,1.1
1,23.25,-0.1,-30.4,-1.3,-0.168,-5.8,63.575,-48.625,0,0,0,1.3775,0.1,96.66,-17.4,1.1
1,23.75,-0.1,-29.65,-0.975,-0.153,-6,63.325,-47.425,0,0,0,1.535,0.1125,96.655,-18.1,1.1
2,0.25,0,-27.425,-0.3,-0.138,-4.575,69.1,-52.2,0,0,0,1.665,0.13,96.6625,-18.275,1.45
2,0.75,-0.1,-23.725,-0.225,-0.132,-4.8,69.625,-52.55,0,0,0,1.655,0.11,96.6475,-18.175,1.45
2,1.25,-0.1,-23.25,0.125,-0.12,-4.85,70.625,-52,0,0,0,1.605,0.105,96.6525,-17.55,1.45
2,1.75,-0.1,-22.4,-0.2,-0.132,-4.475,71.725,-50.2,0,0,0,1.625,0.11,96.65,-17.375,1.45
2,2.25,-0.1,-23.45,-0.4,-0.162,-4.5,73.275,-49.35,0,0,0,1.385,0.11,96.675,-16.9,1.375
2,2.75,-0.1,-24.725,-0.2,-0.168,-4.8,72.05,-50,0,0,0,1.31,0.135,96.6875,-16.775,1.375
2,3.25,-0.1,-20.425,0.175,-0.156,-4.975,72.15,-49.75,0,0,0,1.26,0.1,96.675,-16.875,1.35
2,3.75,-0.1,-23.525,0.1,-0.171,-5.275,72.9,-49.625,0,0,0,1.27,0.12,96.6475,-17.8,1.35
2,4.25,-0.1,-25.75,-0.125,-0.186,-5.375,72.8,-47.35,0,0,0,1.245,0.1,96.635,-17.175,1.35
2,4.75,-0.1,-24.25,-0.275,-0.171,-5.525,73.15,-48.4,0,0,0,1.245,0.1,96.65,-17.175,1.25
2,5.25,0,-25.65,-0.175,-0.18,-5.7,73.225,-47.125,0,0,0,1.3,0.1075,96.6625,-17.35,1.25
2,5.75,-0.2,-25.275,-0.4,-0.174,-5.55,73.325,-46.85,0,0,0,1.135,0.095,96.6625,-17.55,1.25
2,6.25,-0.1,-26.25,-0.4,-0.204,-5.85,73.35,-46,0,0,0,1.31,0.115,96.675,-17.85,1.25
2,6.75,-0.1,-25.25,-0.85,-0.198,-6.275,73.425,-47.725,0,0,0,1.25,0.09,96.6925,-17.675,1.225
2,7.25,0,-26.3,-0.7,-0.216,-6,74,-42.475,1.3,0.4,1.25,1.1,0.12,96.695,-17.675,1.15
2,7.75,-0.1,-13.5,0.6,-0.204,-6.1,73.7,-20.1,15.525,3.9,31,1.285,0.11,96.705,-17.325,1.15
2,8.25,-0.1,-4.6,5.05,-0.204,-4.7,72.125,8.3,44.275,10.075,73.825,1.545,0.14,96.6875,-16.075,1.15
2,8.75,-0.3,4.65,10.4,-0.246,-3.325,69.375,31.3,82.325,18.025,134.375,1.895,0.16,96.715,-13.55,1.125
2,9.25,-0.3,11.6,13.975,-0.249,-2.475,65.925,50.925,124.1,27.375,210.15,2.045,0.19,96.725,-10.425,1.125
2,9.75,-0.4,23.5,16.175,-0.279,-2.35,62.275,75.9,160.375,45.15,281.65,2.085,0.21,96.725,-8.8,1.05
2,10.25,-0.3,37.4,20,-0.333,-1.775,55,102.95,207.95,56.6,407.6,2.16,0.21,96.72,-8.6,1.125
2,10.75,-0.5,38.8,23.325,-0.336,-1.175,51.3,123.875,291.325,67.425,553.5,2.145,0.21,96.735,-7.65,1.125
2,11.25,-0.375,42.825,23.425,-0.36,-0.85,47.55,139.875,320.35,76.8,590.175,2.175,0.23,96.72,-6.7,1.1
2,11.75,-0.5,54.5,26.1,-0.348,-0.675,44.525,167.975,375.325,91.9,716.95,2.385,0.22,96.675,-7.075,1.15
2,12.25,-0.3,48.475,28.4,-0.366,-0.1,42.15,167.7,380.575,100.6,775.625,2.31,0.22,96.625,-6.425,1.2
2,12.75,-0.125,49.775,29.7,-0.384,-0.05,38.175,149.675,379.125,99.4,687.675,2.4925,0.24,96.5775,-6.775,1.25
2,13.25,-0.2,51.625,28.1,-0.336,0.075,35.375,155.325,359.175,86.9,702.4,2.6925,0.25,96.545,-6.3,1.325
2,13.75,-0.1,48.375,31.225,-0.318,0.05,35.575,149.375,354.35,97.4,682,2.86,0.255,96.5325,-6,1.475
2,14.25,-0.1,40.325,27.2,-0.342,0.25,36.4,132.775,324.825,86.5,629.925,2.7625,0.26,96.56,-5.675,1.65
2,14.75,0,33.2,25.225,-0.348,0.525,36.575,125.275,299.1,84.8,575.4,2.8325,0.2625,96.5625,-6.275,1.725
2,15.25,-0.1,29.65,23.3,-0.366,0.45,35.625,94,243.65,64.3,455.925,2.84,0.25,96.5775,-6.05,1.85
2,15.75,-0.075,18.075,18.45,-0.327,0.35,34.675,60.275,179.1,51.1,328.075,3.005,0.26,96.595,-6.3,1.875
2,16.25,0,7.875,15.5,-0.318,0.475,34.875,40.575,130.8,39.4,233.7,2.9275,0.265,96.6,-6.5,1.875
2,16.75,0,0.975,11.425,-0.291,0.35,35.275,19.25,83.525,26.1,138.275,2.9275,0.23,96.605,-6.875,1.9
2,17.25,0,-15.6,7.625,-0.252,0.3,36.35,-2.025,47.575,14,73.7,2.4175,0.215,96.6225,-7.45,1.9
2,17.75,0,-28.65,2.575,-0.165,-0.15,41.675,-47.925,11.8,3.4,20.95,1.84,0.15,96.6125,-8.175,1.825
2,18.25,-0.05,-24.775,1,-0.144,-0.35,48.15,-56.4,0.4,0,0,1.4,0.1,96.6225,-13.275,1.825
2,18.75,-0.1,-32.825,0.9,-0.168,-0.975,51.375,-55.525,0,0,0,1.49,0.12,96.6425,-18.425,1.825
2,19.25,0,-28.15,0.175,-0.162,-1.8,55.075,-54.575,0,0,0,1.23,0.0875,96.655,-19.575,1.75
2,19.75,-0.1,-28.25,0.3,-0.144,-2.35,58.225,-55.6,0,0,0,1.43,0.11,96.68,-19.675,1.75
2,20.25,-0.1,-26.575,0.45,-0.177,-2.75,58.65,-56.35,0,0,0,1.48,0.11,96.715,-20.675,1.725
2,20.75,-0.1,-30.7,0.5,-0.15,-3.05,59,-56.9,0,0,0,1.525,0.11,96.71,-19.65,1.65
2,21.25,-0.1,-29.7,0.075,-0.144,-3.55,60.575,-55.475,0,0,0,1.565,0.1,96.71,-19.125,1.625
2,21.75,-0.1,-30.425,0.15,-0.18,-3.675,63.85,-53.825,0,0,0,1.375,0.11,96.6925,-18.675,1.625
2,22.25,-0.075,-30.7,0,-0.174,-4.075,65.725,-54.3,0,0,0,1.565,0.125,96.69,-18.65,1.625
2,22.75,-0.1,-29.5,-0.1,-0.168,-4,67.05,-54.525,0,0,0,1.55,0.115,96.73,-18.275,1.6
2,23.25,-0.1,-27.975,0.05,-0.15,-4.2,67.275,-53.275,0,0,0,1.72,0.135,96.7175,-18.35,1.6
2,23.75,0,-28.2,0.125,-0.129,-4.275,68.15,-52.775,0,0,0,1.535,0.1,96.715,-18.375,1.575
3,0.25,0.2,-40.375,0.225,-0.165,0.8,63.425,-52.425,0,0,0,2.11,0.15,96.325,-27.95,5.9
3,0.75,0.1,-36.85,0.1,-0.168,0.725,63.525,-53.675,0,0,0,1.79,0.15,96.3275,-28.25,5.8
3,1.25,0.2,-37.6,-0.4,-0.177,0.35,64.5,-52.75,0,0,0,1.855,0.15,96.3275,-27.325,5.625
3,1.75,0.2,-38.575,-0.525,-0.18,0.45,66.875,-52.75,0,0,0,2.015,0.155,96.335,-26.85,5.525
3,2.25,0.2,-35.6,-0.625,-0.18,0,68.65,-52.25,0,0,0,1.955,0.15,96.3425,-27.175,5.35
3,2.75,0.1,-36.3,-1.6,-0.204,0.2,68.825,-51.875,0,0,0,2.13,0.175,96.325,-27.525,5.225
3,3.25,0.2,-35.65,-1,-0.204,-0.425,67.4,-51.9,0,0,0,2.2,0.16,96.32,-26.85,5.125
3,3.75,0.2,-39.8,-0.575,-0.252,-0.55,69.25,-52.05,0,0,0,1.97,0.17,96.3425,-27.2,5
3,4.25,0.125,-33,-0.625,-0.228,-0.6,70.3,-51.9,0,0,0,1.77,0.165,96.395,-26.55,4.9
3,4.75,0.2,-33.35,-0.3,-0.237,-0.875,70.3,-50.85,0,0,0,1.77,0.1525,96.435,-26.325,4.825
3,5.25,0.05,-31.8,-0.55,-0.216,-1.075,71.025,-50.925,0,0,0,1.58,0.125,96.4825,-26.725,4.75
3,5.75,0.1,-33.1,-1.3,-0.204,-1,71.575,-50.7,0,0,0,1.785,0.15,96.475,-27.5,4.625
3,6.25,0,-31.1,-0.3,-0.207,-1.2,72.025,-49.85,0,0,0,1.855,0.1575,96.4675,-26.325,4.525
3,6.75,0.025,-23.7,0,-0.204,-1.1,71.275,-42.5,2.8,0.475,4.425,2.085,0.1775,96.455,-25.2,4.45
3,7.25,0,-17.8,5.15,-0.228,-0.6,70.425,-10.225,22.875,3.625,40.55,2.26,0.18,96.45,-23.2,4.425
3,7.75,-0.2,-6.15,13.4,-0.24,0.35,65.95,19.325,49.85,9.775,81.675,2.7,0.225,96.4525,-19.45,4.4
3,8.25,-0.2,7.175,20.375,-0.282,1.75,62.825,45.2,91.075,16.3,151.15,3.27,0.28,96.4575,-14.375,4.4
3,8.75,-0.3,23.85,26.8,-0.306,2,57.3,68.6,134.925,25.3,241.575,3.37,0.29,96.4475,-10.725,4.425
3,9.25,-0.4,41.55,29.05,-0.342,3.225,48.875,102.375,222.175,34.65,383.025,3.425,0.31,96.4325,-4.875,4.55
3,9.75,-0.525,70.75,30.95,-0.336,4.375,45.85,152.65,251.175,43.425,455.825,3.565,0.32,96.41,1.55,4.8
3,10.25,-0.6,83.8,32.3,-0.354,5.35,43.125,165.75,287.6,49.675,540.225,3.735,0.32,96.3975,5.325,5.025
3,10.75,-0.5,83.8,31.05,-0.372,5.65,40.525,175.725,295.15,56.25,561.725,3.785,0.35,96.3975,9.85,5.4
3,11.25,-0.3,86,35.1,-0.339,5.575,36.9,210.775,367.95,65.7,671.3,3.565,0.33,96.405,13.825,5.725
3,11.75,-0.5,118.4,37.9,-0.348,6.225,35.05,228.4,399.8,78.3,740.475,3.61,0.32,96.4075,20.775,6.1
3,12.25,-0.6,128,39.775,-0.348,6.9,33.3,204.85,397.9,78.3,762.55,3.825,0.32,96.3975,21.65,6.425
3,12.75,-0.2,125.625,38.45,-0.336,6.95,31.525,253.125,396.475,70.125,744.05,3.45,0.315,96.39,27.825,6.825
3,13.25,-0.5,120.25,36.775,-0.312,7.225,30.525,245.425,471.8,88.2,877.325,3.5125,0.31,96.3575,28.55,7.025
3,13.75,-0.1,111.8,40.3,-0.336,7.85,29.825,249.625,450.575,76.225,822.825,3.5775,0.32,96.3225,35.6,7.225
3,14.25,-0.3,105.875,40.9,-0.33,8.125,28.925,272.675,468.575,84.175,866.375,3.5625,0.33,96.2925,31.525,7.375
3,14.75,-0.15,95.725,39.5,-0.324,8.225,28.35,217.125,379.425,62.825,701.25,3.31,0.3075,96.275,29.15,7.45
3,15.25,-0.2,84.65,33.5,-0.387,8.5,27.7,169.6,343.8,65.125,639.4,3.3325,0.3,96.22,26.575,7.725
3,15.75,0.025,56.65,30.35,-0.396,8.55,28.25,132.4,253.525,46.025,454.1,3.365,0.3075,96.23,19.6,8.025
3,16.25,0.1,37.95,22.95,-0.354,9.025,28.1,120.55,234.75,46.225,418.175,3.265,0.305,96.255,13.85,8
3,16.75,0.1,22.975,20.35,-0.312,8.175,27.75,68.5,159.55,28.375,277.175,3.3225,0.295,96.24,6.125,7.95
3,17.25,0.2,1.675,15.575,-0.288,7.925,28.35,39.125,104.925,19,171.125,3.19,0.26,96.185,-3.05,7.775
3,17.75,0.2,-14.75,11.6,-0.24,7.45,30.875,-2.525,59.425,12,89.8,2.67,0.23,96.175,-7.55,7.75
3,18.25,0.3,-34.375,3.65,-0.201,6.925,33.875,-49.05,15.375,2.725,25.675,1.905,0.17,96.1625,-14.475,7.7
3,18.75,0.2,-34.3,0.65,-0.147,5.9,40.55,-59.55,0.525,0,0,1.68,0.11,96.1925,-21.25,7.625
3,19.25,0.2,-33.925,1.3,-0.15,5.65,46.575,-57.75,0,0,0,1.6375,0.1,96.2,-25.075,7.525
3,19.75,0.1,-39.525,0.9,-0.144,5.4,50.15,-56.775,0,0,0,1.6775,0.1,96.2025,-27.25,7.325
3,20.25,0.2,-38.35,-0.1,-0.162,4.425,53.15,-56.2,0,0,0,1.7,0.085,96.215,-26.925,7.225
3,20.75,0.275,-35.25,0.375,-0.156,3.925,55.075,-54.75,0,0,0,1.6375,0.1,96.2575,-28,7.1
3,21.25,0.2,-34.45,-0.05,-0.156,3.625,56.975,-53.225,0,0,0,1.635,0.1,96.2725,-27.9,6.9
3,21.75,0.2,-34.35,0.075,-0.159,3.025,58.75,-52.175,0,0,0,1.5625,0.11,96.2925,-28.425,6.7
3,22.25,0.175,-38.15,0.35,-0.156,2.1,57.525,-53.75,0,0,0,1.5975,0.1275,96.3025,-28.6,6.5
3,22.75,0.225,-38.425,0.525,-0.168,1.975,59.8,-54.325,0,0,0,1.6925,0.15,96.2975,-28.4,6.3
3,23.25,0.2,-39.2,0.175,-0.168,1.8,62.075,-54.225,0,0,0,1.8525,0.14,96.3425,-28.5,6.2
3,23.75,0.2,-42.475,0.25,-0.18,1.675,62.1,-54,0,0,0,2.0075,0.1525,96.31,-28.45,6.025
4,0.25,0.8,-38.95,1.55,-0.198,7.3,63.275,-53.075,0,0,0,2.075,0.14,96.3175,-28.4,11.225
4,0.75,0.8,-38.1,0.675,-0.192,7.525,65.175,-51.8,0,0,0,2.18,0.15,96.315,-27.275,11.125
4,1.25,0.7,-33.8,0.05,-0.186,7.35,66.8,-53.225,0,0,0,2.275,0.15,96.285,-27.7,10.95
4,1.75,0.6,-34.5,0.15,-0.192,6.925,69.05,-52.925,0,0,0,1.965,0.16,96.2725,-30.2,10.825
4,2.25,0.5,-32.15,-0.475,-0.195,6.65,69.425,-51.45,0,0,0,1.985,0.15,96.24,-28.275,10.7
4,2.75,0.6,-32.5,-0.2,-0.18,6.45,69.825,-51.075,0,0,0,1.88,0.17,96.21,-28.175,10.575
4,3.25,0.6,-32.4,-0.3,-0.192,6.425,70.425,-50.775,0,0,0,1.845,0.13,96.2,-28.35,10.45
4,3.75,0.5,-30.825,-0.1,-0.204,6.025,71.125,-50,0,0,0,1.785,0.1375,96.1925,-28.1,10.35
4,4.25,0.5,-29.825,-0.925,-0.18,5.625,71.175,-49.1,0,0,0,1.79,0.1225,96.205,-29.15,10.225
4,4.75,0.5,-30.3,-0.25,-0.201,5.475,72.95,-49.65,0,0,0,1.815,0.15,96.2025,-29,10.125
4,5.25,0.5,-30.6,-0.2,-0.204,5.725,73.45,-49.4,0,0,0,1.82,0.15,96.1975,-29.4,10.1
4,5.75,0.4,-29.925,-0.675,-0.198,5.4,73.625,-44.975,0.3,0,0,1.67,0.17,96.245,-28.9,9.925
4,6.25,0.125,-22.425,1.6,-0.204,5.925,75.125,-27.775,9.65,1.6,15.175,1.805,0.1625,96.24,-28.25,9.9
4,6.75,-0.15,-13.3,8.6,-0.21,6.8,73.525,5.775,28.7,4.9,54.575,2.015,0.165,96.24,-22.175,9.8
4,7.25,-0.8,0.75,19.025,-0.228,7.25,71.725,41.5,71.575,13.1,121.55,2.705,0.2,96.2625,-15.6,9.75
4,7.75,-1.4,9.7,26.8,-0.273,8.225,66,62.05,98.8,17.35,174.7,3.07,0.2425,96.26,-9.225,9.825
4,8.25,-2.175,22.475,32.225,-0.312,8.625,59.05,83.025,121.85,22,216.125,3.605,0.28,96.25,-0.95,9.825
4,8.75,-2.65,39.5,38.275,-0.36,9.825,56.025,119.75,179.475,32.725,327.675,3.755,0.29,96.2225,6.225,10
4,9.25,-3,46.7,42.7,-0.372,10.7,49.625,127.925,194.925,36.925,353,3.86,0.31,96.22,10.175,10.15
4,9.75,-4,46.7,44.9,-0.39,10.9,45.675,141.675,205.075,36.475,376.125,3.805,0.29,96.2125,13.8,10.425
4,10.25,-4.55,64.175,49.95,-0.381,11.725,42.25,169.9,260.85,49.025,494.55,3.875,0.34,96.1875,18.575,10.775
4,10.75,-4.3,57.85,53.25,-0.357,11.95,37.825,173.125,249.8,48.525,488.75,3.965,0.3225,96.1675,23.2,11.225
4,11.25,-3.9,88.25,59.7,-0.342,12.2,36.575,252.4,363.1,68.35,696.4,3.695,0.32,96.175,24.775,11.85
4,11.75,-4.25,112.8,74.05,-0.384,12.525,35.725,298.3,424.375,77.8,822.55,3.585,0.32,96.175,31.5,12.55
4,12.25,-4.175,109.3,75.1,-0.348,13.025,35.5,311.775,512.45,91,940.6,3.645,0.3,96.15,32.5,12.85
4,12.75,-3.85,101.675,70.55,-0.384,13.6,35.175,330.925,479.525,89.375,888.675,3.565,0.31,96.175,38.675,13.125
4,13.25,-4.4,129.3,75,-0.42,14.45,33.625,375.825,567.525,103.775,1046.05,3.4675,0.325,96.1725,44.125,13.6
4,13.75,-3.7,100.225,79.25,-0.417,14.9,32.6,308.65,477.675,94.45,868.1,3.54,0.3225,96.1225,43.225,14.025
4,14.25,-3.325,76.1,72.225,-0.36,14.85,31.925,236.775,372.75,69.625,684.75,3.395,0.3075,96.135,36.575,14.3
4,14.75,-3.475,66.425,66.5,-0.372,14.925,32.525,230.475,361.8,68.775,662.5,3.29,0.3225,96.13,25.825,14.525
4,15.25,-3.2,64.225,64.9,-0.396,14.525,32.1,202.25,323.725,59.925,584.325,3.32,0.315,96.1025,19.675,14.725
4,15.75,-2.85,43.675,48.9,-0.393,14.525,32.6,147.8,240.4,44.8,442.675,3.28,0.29,96.0775,12.9,14.8
4,16.25,-2.3,32.775,50.075,-0.354,14.825,32.425,142.075,231.625,41.425,403.125,3.0975,0.27,96.06,7.35,14.65
4,16.75,-1.8,20.65,39.9,-0.324,14.225,33.9,105.225,186.225,35.075,333.625,3.2825,0.27,96.0725,4.05,14.6
4,17.25,-1.2,10.2,34.3,-0.324,13.65,35.425,66.775,132.65,25.775,222.375,3.235,0.27,96.085,-2.55,14.5
4,17.75,-0.775,-11.3,25.7,-0.303,13.25,36.05,34.225,98.575,19.325,163.925,2.9725,0.24,96.095,-9.975,14.325
4,18.25,0.125,-28.1,14.875,-0.228,13.25,41.15,-8.9,51.3,10.3,86.6,2.51,0.1925,96.07,-16,14.25
4,18.75,0.7,-39.65,5.7,-0.189,12.65,46.05,-48.35,11.3,2.15,21.55,1.82,0.115,96.07,-21.65,14.05
4,19.25,0.8,-40.65,2.7,-0.204,11.6,50.425,-56.75,0.1,0,0,1.9575,0.125,96.08,-25.125,13.625
4,19.75,0.9,-41.35,2.75,-0.183,11.15,55.15,-56.4,0,0,0,1.8975,0.1175,96.095,-29.95,13.5
4,20.25,1,-37.6,2.175,-0.195,10.625,56.65,-55.475,0,0,0,1.785,0.1375,96.135,-30.475,13.225
4,20.75,0.875,-40.6,2.5,-0.216,10.025,58.65,-55.675,0,0,0,1.8375,0.13,96.1925,-29.875,12.925
4,21.25,0.9,-39.925,1.55,-0.228,9.475,62.3,-55.475,0,0,0,2.0125,0.17,96.23,-28.65,12.725
4,21.75,0.7,-38.6,0.775,-0.216,8.8,62.15,-54.525,0,0,0,1.845,0.135,96.255,-30.175,12.55
4,22.25,0.9,-40.45,1.1,-0.228,8.525,62.65,-53.9,0,0,0,1.93,0.14,96.2425,-28.925,12.5
4,22.75,0.6,-38.35,1.1,-0.216,8.4,64.5,-52.325,0,0,0,1.81,0.14,96.2375,-29.275,12.3
4,23.25,0.7,-38.275,0.85,-0.228,8.2,64.3,-52.775,0,0,0,2.075,0.15,96.2575,-29.875,12.1
4,23.75,0.8,-37.6,0.95,-0.216,7.675,65.775,-51.7,0,0,0,1.99,0.1425,96.2825,-29.325,11.9
5,0.25,2.25,-35.75,1.05,-0.192,11.9,79.575,-45.175,0,0,0,1.7275,0.14,96.2325,-29.3,16.5
5,0.75,2.25,-36,0.775,-0.192,11.725,79.95,-45.1,0,0,0,1.745,0.16,96.1675,-28.5,16.325
5,1.25,1.9,-36.4,0.7,-0.207,11.375,80.025,-43.375,0,0,0,1.695,0.1475,96.165,-28.075,16.225
5,1.75,1.9,-36.1,1.05,-0.183,11.5,80.625,-44.725,0,0,0,1.6375,0.1375,96.1825,-26.875,16.15
5,2.25,1.9,-34.1,0.65,-0.213,11.4,81.1,-41.15,0,0,0,1.585,0.16,96.21,-27.5,16.05
5,2.75,2.2,-35.65,-0.05,-0.228,11.4,82.275,-40.95,0,0,0,1.7375,0.17,96.1775,-26.85,15.95
5,3.25,2,-34.2,0,-0.201,10.95,82.85,-43.425,0,0,0,1.7375,0.18,96.18,-27.3,15.95
5,3.75,1.85,-33.05,-0.9,-0.192,10.625,83.35,-41.775,0,0,0,1.7625,0.17,96.1925,-28.05,15.925
5,4.25,2.225,-33.8,-0.2,-0.213,10.325,84.175,-40.325,0,0,0,1.7425,0.18,96.1975,-28,15.925
5,4.75,1.9,-31.9,-0.975,-0.189,9.925,84.35,-39.5,0,0,0,1.8925,0.2,96.2025,-28.1,15.825
5,5.25,2.1,-30.65,-0.3,-0.204,9.8,84.775,-38.125,0.825,0.1,1.125,1.67,0.1875,96.2125,-26.6,15.7
5,5.75,1.1,-25.7,1.675,-0.204,9.875,84.6,-16.425,10.15,1.95,21.2,1.87,0.2,96.2425,-24.575,15.6
5,6.25,-0.3,-18,11.85,-0.207,10.6,84.35,9.75,36.2,6.45,58.1,2.12,0.19,96.2575,-21.375,15.4
5,6.75,-2.725,-9.725,25.725,-0.228,11.45,80.95,33.6,68.925,13.475,104.4,2.3,0.18,96.28,-14.275,15.3
5,7.25,-4.7,4.7,34.8,-0.264,12.55,77.6,71.8,119.725,24.425,198.725,2.66,0.2575,96.3075,-7.5,15.4
5,7.75,-6.2,15.2,48.8,-0.282,13.525,74.225,98.625,161.025,34.025,281.25,2.98,0.255,96.315,-3,15.425
5,8.25,-8,25.95,60.1,-0.3,14.25,70.925,129.975,218.15,45.3,373.7,2.845,0.27,96.3425,1.9,15.6
5,8.75,-8.9,35.475,72.775,-0.276,14.825,66.275,173.575,273.325,52.175,445.4,3.14,0.27,96.3325,10.325,15.725
5,9.25,-10.45,56.625,92,-0.264,15.125,61.75,234,350.35,73.225,625,2.93,0.27,96.3375,15.7,15.95
5,9.75,-12.325,59.125,99,-0.303,15.725,58.8,244.1,379.875,73.475,700.475,3.1475,0.29,96.34,21.55,16.225
5,10.25,-11.3,75.875,103.8,-0.312,16.15,55.8,319.3,479.575,98.4,804.975,3.03,0.2725,96.335,28.675,16.6
5,10.75,-11.8,89.5,114.85,-0.318,16.5,54.75,354.275,529.075,106.725,941.3,3.2375,0.2675,96.34,36.825,16.925
5,11.25,-12.15,74.1,137.05,-0.3,16.925,54.35,335,488.6,97.7,914.45,3.03,0.265,96.3425,40.625,17.3
5,11.75,-11.675,76.95,137.175,-0.309,17.525,52.95,339.825,501.325,104.325,922.1,3.08,0.2525,96.35,43.125,17.8
5,12.25,-12.1,74.7,149.175,-0.318,18.05,52.725,362.875,537.325,121.25,986.125,3.1925,0.28,96.3625,45.15,18
5,12.75,-12.1,71.625,147.65,-0.312,18.325,51.325,350.45,535.025,99.375,935.775,3,0.29,96.345,49.85,18.225
5,13.25,-11.7,58.3,144.8,-0.342,18.525,49.75,336.625,483.35,96.1,913.15,2.9375,0.275,96.3325,45.025,18.6
5,13.75,-12.2,71.9,162.6,-0.321,18.15,48.525,283.65,420.75,82.175,774.775,3.09,0.2925,96.2825,41.5,18.9
5,14.25,-11.3,54.1,145.1,-0.342,18.55,46.925,255.275,372.45,78.85,701.8,3.04,0.275,96.305,35.35,19.025
5,14.75,-11.65,55.3,152.725,-0.327,18.65,46.325,330.45,486.7,98.375,836.275,3.13,0.285,96.2075,27.6,19.225
5,15.25,-10,43.5,137.1,-0.348,18.825,46.65,303.25,457.425,94.95,803.85,3.205,0.3,96.195,26.45,19.3
5,15.75,-9,27,132.575,-0.336,18.5,44.975,230.1,352.95,74.125,613.55,3.125,0.3,96.1825,22.1,19.3
5,16.25,-8,15.2,114.075,-0.339,18.45,44.875,199.025,302.675,67.95,541.6,2.8875,0.3275,96.165,12.35,19.3
5,16.75,-7,9.35,96.4,-0.324,18.325,47,156.325,270.25,57.45,459.625,3.1725,0.31,96.135,5.3,19.3
5,17.25,-5.1,1.3,76.025,-0.288,18.15,49,107.375,188.975,39.925,317.8,2.96,0.275,96.095,-1.725,19.225
5,17.75,-3.6,-21.225,57.7,-0.276,18.075,50.35,68.275,121.1,25.65,197.55,2.65,0.24,96.125,-5.85,19.1
5,18.25,-1.7,-28.3,42.775,-0.24,17.525,52.825,25.4,80.775,17.05,122.95,2.38,0.21,96.1225,-11.525,18.9
5,18.75,0.425,-37.8,22.55,-0.228,16.575,58.85,-11.575,32.875,6.3,53.25,1.9675,0.17,96.1225,-16.275,18.625
5,19.25,1.8,-39.5,10.3,-0.195,15.325,62.75,-39.275,7.225,1.225,12.825,1.5025,0.14,96.15,-18.7,18.325
5,19.75,2,-44,5.3,-0.192,14.275,66.225,-49.25,0,0,0,1.5325,0.095,96.185,-23.55,18
5,20.25,2.4,-37.625,3.85,-0.204,13.85,69.55,-49.6,0,0,0,1.455,0.11,96.205,-25.275,17.825
5,20.75,2.7,-37.1,2.975,-0.198,13.6,71.275,-50,0,0,0,1.51,0.115,96.215,-26.25,17.7
5,21.25,2.3,-38.575,2.25,-0.204,13.15,73.975,-47.9,0,0,0,1.59,0.1175,96.225,-28.075,17.4
5,21.75,2.1,-40.8,2.3,-0.204,12.925,75.175,-48.075,0,0,0,1.6675,0.13,96.21,-28.825,17.225
5,22.25,2.1,-41.2,2.075,-0.216,12.5,75.8,-48.475,0,0,0,1.7225,0.1275,96.2025,-28.175,17.1
5,22.75,2.3,-39.6,2.725,-0.21,12.25,77.1,-46.75,0,0,0,1.7525,0.14,96.1975,-26.9,16.925
5,23.25,2.2,-41.2,1.7,-0.216,12.025,77.75,-45.575,0,0,0,1.6975,0.15,96.25,-28.5,16.825
5,23.75,2.4,-38.625,1.25,-0.228,11.9,78.2,-44.925,0,0,0,1.725,0.15,96.255,-29.675,16.625
6,0.25,2.675,-34.25,0.3,-0.144,16.3,80.325,-39,0,0,0,1.3775,0.09,96.32,-23.35,21.325
6,0.75,3.2,-32,-0.2,-0.138,15.725,81.325,-39.7,0,0,0,1.4875,0.11,96.3,-25.1,21.2
6,1.25,3.5,-32.5,-0.2,-0.144,15.875,82.125,-37.8,0,0,0,1.415,0.11,96.2925,-24.5,21.025
6,1.75,2.9,-31.85,-0.4,-0.15,15.825,83.5,-38.275,0,0,0,1.3825,0.09,96.235,-23.6,20.9
6,2.25,2.75,-29.8,-0.65,-0.144,15.6,83.825,-36.55,0,0,0,1.4175,0.09,96.2625,-23.425,20.7
6,2.75,3,-25.35,-0.8,-0.147,15.275,84.425,-36.1,0,0,0,1.3225,0.1,96.265,-22.275,20.6
6,3.25,2.95,-25.7,-1.1,-0.144,14.9,85.275,-35.7,0,0,0,1.1925,0.09,96.2875,-21.425,20.5
6,3.75,2.375,-25.125,-0.4,-0.132,14.55,86.575,-34.875,0,0,0,1.1775,0.11,96.3125,-21.85,20.4
6,4.25,2.7,-23.3,-1.15,-0.132,14.825,86.25,-33.575,0,0,0,1.1325,0.1025,96.2925,-22.125,20.225
6,4.75,2.675,-24.35,-1.1,-0.144,14.8,87.125,-31.85,0,0,0,1.255,0.11,96.315,-22.35,20.2
6,5.25,2.375,-23.8,-1.9,-0.141,14.85,87.225,-25.15,5.8,1.1,9.925,1.1725,0.1125,96.39,-21.775,20.1
6,5.75,0.625,-19.775,3.625,-0.12,15.4,86.725,-3.875,22.875,4.525,38.9,1.215,0.12,96.39,-19.675,20.025
6,6.25,-1.25,-12.525,16.625,-0.153,15.95,85.525,17.625,46.775,10.725,79.625,1.43,0.135,96.3925,-15.05,20
6,6.75,-4.2,-3.525,37.25,-0.192,16.625,82.325,52.9,98.5,20.8,161.2,1.69,0.16,96.41,-10.175,20
6,7.25,-6.3,2.95,47.725,-0.18,17.625,78.125,78.725,118.35,26.25,202.525,2.05,0.2,96.3875,-3.825,20.025
6,7.75,-8.65,7.4,59.4,-0.264,18.45,73.525,100.65,172.45,38.275,302.05,2.24,0.24,96.4125,-1.875,20.025
6,8.25,-10.45,17.275,80.375,-0.264,19.3,68.525,146.1,228.8,50.725,387.95,2.4725,0.255,96.385,3.95,20.1
6,8.75,-13.05,38.4,111.375,-0.264,20,64.075,196.75,292.175,64.3,534.8,2.74,0.2575,96.3775,10.8,20.225
6,9.25,-14.375,35.2,109,-0.279,20.525,60.975,229.55,339.625,69.95,600.6,2.4625,0.26,96.4225,13.875,20.425
6,9.75,-15.1,50.775,146.05,-0.288,21.025,58.175,267.925,399.15,85.65,738.95,2.49,0.26,96.395,18.625,20.825
6,10.25,-16.2,54.2,163.7,-0.273,21.3,56.95,316.05,492.075,99.1,869.625,2.62,0.2525,96.405,24.95,21.2
6,10.75,-16.8,69.7,158.575,-0.264,22,54.725,316.075,481.35,102.7,881.75,2.6325,0.25,96.4325,27.175,21.525
6,11.25,-17.175,72.425,183.55,-0.243,22.6,52.225,394.025,584.525,116.45,1056.025,2.5925,0.25,96.41,30.925,21.8
6,11.75,-16.2,59.8,212.1,-0.258,22.725,51.75,464.2,673.325,130.1,1223.2,2.52,0.27,96.3825,38.6,22
6,12.25,-16.25,71.575,210.65,-0.252,22.925,50.625,435.375,645.875,128.95,1153.8,2.685,0.28,96.3725,40.425,22.2
6,12.75,-16.2,76.45,216.6,-0.276,23.1,49.05,445.7,641.575,132.1,1194.2,2.525,0.28,96.3525,44.25,22.525
6,13.25,-15.45,74.5,220.55,-0.264,23.5,47.175,471.75,679.475,135.425,1282.05,2.655,0.28,96.3325,43.9,22.9
6,13.75,-14.9,63.85,227.7,-0.276,24.05,45.675,444.65,639.325,127.7,1133.5,2.59,0.28,96.31,45.225,23.2
6,14.25,-15.6,70.375,231.75,-0.267,24.125,46.525,475.725,687.55,134.125,1257.25,2.6025,0.2875,96.295,38.4,23.425
6,14.75,-14.3,57.45,199.225,-0.303,24,46.5,341.75,493.95,103.6,929.7,2.4175,0.265,96.2775,32.2,23.7
6,15.25,-12.9,36.3,164.5,-0.276,23.9,46.05,335.325,491.325,102.775,930.55,2.46,0.28,96.245,25.175,23.825
6,15.75,-11.9,26,180.125,-0.264,24.175,45.85,322.5,485.825,103.8,896.475,2.67,0.275,96.225,21.575,23.9
6,16.25,-10.675,23.25,179.4,-0.261,24.325,46.525,304.2,474.8,101.4,855.025,2.63,0.2525,96.2075,17.525,23.9
6,16.75,-9.15,9.6,148.05,-0.258,24.25,47,234,383.4,83.875,706.35,2.63,0.26,96.19,8.525,23.925
6,17.25,-7.65,2.125,122.075,-0.282,24.225,47.25,180.65,303.125,69.5,552.1,2.6025,0.26,96.18,4.1,23.925
6,17.75,-5.025,-23.725,87.75,-0.234,23.825,49.65,112.675,218.575,49.95,364.6,2.545,0.24,96.165,-0.5,23.65
6,18.25,-2.7,-30.675,57.6,-0.216,23.5,51.85,57.7,125.275,28.55,209.475,2.0275,0.1975,96.1625,-5.825,23.4
6,18.75,0,-33.5,30.1,-0.144,22.6,57.6,16.125,77.85,18.5,125.95,1.8175,0.14,96.1875,-8.7,23.325
6,19.25,1.8,-37.45,15.7,-0.132,21.7,64.75,-20.7,26.55,5.325,51.4,1.5675,0.13,96.21,-14.925,23.025
6,19.75,3.7,-36.4,8.55,-0.132,20.35,69.2,-39.35,4.05,0.7,8.025,1.41,0.1,96.2025,-19.75,22.525
6,20.25,3.85,-33.45,4.35,-0.12,19.275,71.65,-42.275,0,0,0,1.465,0.1,96.2125,-23.425,22.3
6,20.75,3.7,-35.85,3.725,-0.114,18.65,74.075,-42.6,0,0,0,1.32,0.105,96.2325,-24.25,22.125
6,21.25,3.2,-34.275,1.9,-0.114,18.4,76.7,-42.375,0,0,0,1.355,0.1,96.265,-22.075,22
6,21.75,3.9,-35,2.025,-0.132,17.7,77.5,-40.8,0,0,0,1.2075,0.09,96.33,-22.275,21.9
6,22.25,3.6,-36,1.5,-0.132,17.4,78.925,-40.075,0,0,0,1.335,0.0975,96.3425,-23.425,21.725
6,22.75,3.125,-34.875,1.4,-0.147,17.025,80.525,-40.75,0,0,0,1.36,0.09,96.335,-24.125,21.7
6,23.25,3.4,-36.625,2.3,-0.156,16.8,80.075,-39.8,0,0,0,1.4325,0.105,96.3325,-23.975,21.6
6,23.75,2.5,-32.55,0.15,-0.111,16.625,81.375,-39.075,0,0,0,1.4275,0.09,96.3325,-23.75,21.425
7,0.25,3.4,-34,2.25,-0.12,20.45,75.575,-33.65,0,0,0,1.76,0.14,96.5725,-18.475,24
7,0.75,3.35,-35,1.175,-0.108,20.05,78.4,-33.875,0,0,0,1.785,0.13,96.56,-17.7,23.8
7,1.25,3.15,-31.25,0.95,-0.084,20.05,78.65,-33.675,0,0,0,1.595,0.11,96.5525,-18.375,23.65
7,1.75,2.95,-30.175,0.15,-0.096,19.675,80.2,-32.375,0,0,0,1.47,0.11,96.55,-18.975,23.625
7,2.25,3.1,-28.75,-0.725,-0.096,19.575,80.525,-32.075,0,0,0,1.435,0.11,96.5725,-18.225,23.6
7,2.75,2.8,-28.6,-0.9,-0.105,19.625,80.975,-30.75,0,0,0,1.47,0.11,96.5575,-18.675,23.5
7,3.25,3.1,-27.6,-1.3,-0.096,19.425,82.425,-31.025,0,0,0,1.4625,0.11,96.5625,-19.375,23.425
7,3.75,2.9,-26.8,-1.9,-0.102,19.025,83.075,-30.65,0,0,0,1.475,0.115,96.57,-18.6,23.325
7,4.25,2.95,-24.725,-1.2,-0.084,19.025,83.375,-29.7,0,0,0,1.4425,0.11,96.58,-18.525,23.125
7,4.75,2.8,-23.55,-2.15,-0.084,18.925,84.025,-28.775,0,0,0,1.295,0.11,96.585,-17.975,23.1
7,5.25,2.65,-21.625,-1.1,-0.105,19.05,85.2,-23.85,1.425,0.2,2.225,1.26,0.1025,96.6075,-18.825,22.925
7,5.75,2.225,-21.9,2.6,-0.087,19.1,84.775,-7.75,16.425,3.05,35.275,1.35,0.1275,96.6225,-17.6,22.925
7,6.25,-0.225,-14.3,10.975,-0.087,19.425,83.325,16.625,55.525,11.825,94.5,1.36,0.12,96.655,-13.85,22.85
7,6.75,-2.55,0.55,27.25,-0.126,20.125,78.325,60.525,112.55,24.575,191.9,1.89,0.18,96.6525,-8.8,22.85
7,7.25,-5.5,8.2,50.6,-0.18,21.025,74.125,105.075,187.525,41.075,323.65,2.29,0.22,96.69,-4,22.85
7,7.75,-7.5,19.575,76.2,-0.204,21.6,70.35,167.175,285.975,62.725,511.1,2.48,0.24,96.7025,0.525,22.925
7,8.25,-9.225,33.825,90.45,-0.216,22.6,66.275,209.75,336.325,73.85,595.25,2.6625,0.27,96.71,4.525,23.1
7,8.75,-10.4,53.725,109.8,-0.204,23.125,62.075,296.825,463.525,98.5,880.975,2.695,0.26,96.7,9.625,23.225
7,9.25,-11.7,66.35,126.8,-0.216,23.975,58.625,361.525,541.25,112.175,1066.125,2.5825,0.275,96.7,14.2,23.525
7,9.75,-12,81.35,163.625,-0.24,24.825,56.2,424.675,611.125,126.55,1154.225,2.6825,0.2875,96.69,22.125,23.825
7,10.25,-13,81.65,169.4,-0.24,25.575,53.05,457.925,672.55,127.45,1260.95,2.8325,0.295,96.6775,25.875,24.1
7,10.75,-14.4,84.425,170.125,-0.216,25.875,50.875,496.7,710.4,134.325,1353.175,2.84,0.285,96.6825,31.075,24.5
7,11.25,-13.5,82.1,187.7,-0.24,26.325,49.325,478.675,691.85,133.15,1305.4,2.86,0.2825,96.6725,37,24.95
7,11.75,-13.95,94.475,188.475,-0.252,26.75,47.825,548.85,787.175,142.325,1494.5,2.8075,0.28,96.6525,40.9,25.4
7,12.25,-13.625,96.575,200.4,-0.27,27,44.225,576.55,805.45,146.2,1515.075,2.7275,0.2725,96.64,41.925,25.825
7,12.75,-12.65,88.9,202.2,-0.252,27.3,42.475,544,764.1,140.375,1436.2,2.75,0.28,96.62,41.375,26.225
7,13.25,-11.525,77.5,184.5,-0.264,27.55,41.1,478.9,683.325,132.975,1303.875,2.825,0.29,96.5925,38.675,26.625
7,13.75,-11.55,68.8,199.6,-0.252,27.925,40.35,508.675,731.325,136.8,1375.925,2.7925,0.2975,96.57,39.425,26.775
7,14.25,-11.9,64.6,193.55,-0.264,27.9,41.8,497.7,720,133.4,1344.2,3.03,0.29,96.55,34.9,27
7,14.75,-10.55,59.2,197,-0.252,28.3,40.3,474.3,674.9,127.3,1307.6,3.13,0.29,96.54,32.4,27.3
7,15.25,-11.1,49.2,170.825,-0.24,28.525,39.275,410.8,604.425,116.925,1127.35,2.85,0.28,96.51,26.95,27.375
7,15.75,-10.25,30.525,156.8,-0.252,28.4,39.55,378.8,566.05,110.575,1082.2,2.95,0.28,96.4925,21.325,27.375
7,16.25,-8.6,24.175,143.15,-0.228,28.7,40.475,323.275,484.1,102.05,931.125,3.0025,0.28,96.47,15.2,27.35
7,16.75,-7.4,11.95,121.7,-0.228,28.55,40.5,273.175,429.45,95.05,799.825,2.965,0.27,96.46,10.025,27.4
7,17.25,-6.025,3.7,100.9,-0.24,28.525,41.2,195.3,323.475,73,596.7,3.1,0.27,96.4325,4.325,27.325
7,17.75,-4.025,-30.4,78.55,-0.204,28.325,43.35,127.55,227.9,52.5,401.975,2.7575,0.26,96.42,-0.8,27.125
7,18.25,-2,-31.15,57.6,-0.168,27.5,46.9,80.55,165.2,38.975,293.2,2.52,0.2225,96.4125,-5.325,27
7,18.75,0.1,-33.85,33.125,-0.132,26.6,50.075,29.225,102.75,25.15,161.175,2.26,0.17,96.4125,-8.825,26.7
7,19.25,1.7,-36.95,14.65,-0.108,25.45,54.825,-13.45,30.1,7.525,56.8,1.66,0.12,96.4325,-11.75,26.5
7,19.75,3.15,-36.55,8,-0.096,24.125,60.8,-33.7,3.4,0.575,7.6,1.6475,0.13,96.47,-15.025,26.225
7,20.25,3.2,-40.2,4.3,-0.09,23.15,65.025,-36.4,0,0,0,1.5525,0.11,96.47,-18.3,25.9
7,20.75,3.6,-38.1,4.65,-0.093,22.45,66.325,-36.15,0,0,0,1.6025,0.12,96.49,-20.85,25.525
7,21.25,3.5,-38.075,3.675,-0.096,21.625,69.225,-35.525,0,0,0,1.66,0.1175,96.5325,-20.3,25.25
7,21.75,3.4,-37.925,3.15,-0.096,21.4,70.45,-34.7,0,0,0,1.5525,0.11,96.5525,-20.25,25.025
7,22.25,3.5,-37.75,3.625,-0.111,21.2,72.175,-34.9,0,0,0,1.64,0.12,96.5725,-19.4,24.925
7,22.75,3.175,-36.35,2.95,-0.12,20.95,71.375,-34.825,0,0,0,1.635,0.12,96.5725,-19.425,24.7
7,23.25,3.5,-36.45,1.8,-0.12,20.725,73.725,-34.025,0,0,0,1.685,0.11,96.565,-18.75,24.525
7,23.75,3.4,-36.65,2.3,-0.108,20.625,74.25,-33.675,0,0,0,1.6575,0.13,96.58,-18.85,24.325
8,0.25,1.8,-32.55,0,-0.084,20.4,69.1,-33.625,0,0,0,1.52,0.11,96.6325,-17.425,24.15
8,0.75,1.5,-31.55,0.3,-0.084,20.4,70.35,-33.95,0,0,0,1.535,0.12,96.62,-17.45,24.125
8,1.25,1.55,-29.7,-0.8,-0.084,20.025,71.8,-32.25,0,0,0,1.325,0.12,96.6025,-17.3,24
8,1.75,1.55,-30.125,-1.2,-0.084,19.925,71.825,-32.175,0,0,0,1.4025,0.11,96.6025,-17.075,23.9
8,2.25,1.8,-30.9,-0.925,-0.096,19.6,72.475,-32.1,0,0,0,1.495,0.11,96.5925,-18.075,23.8
8,2.75,1.175,-29.6,-1.6,-0.084,19.6,73.75,-31.25,0,0,0,1.445,0.11,96.58,-17.7,23.6
8,3.25,1.3,-27,-1.2,-0.072,19.525,73.9,-31.075,0,0,0,1.1975,0.11,96.61,-17.6,23.425
8,3.75,1.4,-25.1,-1.5,-0.06,19.225,74.375,-30.575,0,0,0,1.1675,0.0925,96.6075,-17.375,23.225
8,4.25,1.5,-24.775,-1.025,-0.078,19.1,76.95,-29.9,0,0,0,1.1975,0.1175,96.625,-17.4,23.125
8,4.75,1.35,-24.225,-1.175,-0.06,18.8,78.7,-29.55,0,0,0,1.12,0.1,96.615,-17.075,23.05
8,5.25,1.4,-22.8,-1.3,-0.06,18.8,79.7,-28.725,0,0,0,1.12,0.11,96.615,-16.775,23.025
8,5.75,1.15,-23.225,-0.975,-0.066,18.5,79.8,-22.475,2.6,0.4,5.65,1.1,0.11,96.64,-16.95,22.925
8,6.25,0.95,-18.85,3.05,-0.072,18.7,79.25,-4.75,27.9,5.85,53.525,1.22,0.11,96.6625,-15.475,22.825
8,6.75,-0.3,-9.8,14.5,-0.093,19.7,75.225,32.375,76.875,17.125,126.2,1.445,0.15,96.695,-11.05,22.8
8,7.25,-2.1,2.6,27.2,-0.12,20.6,68.975,67.475,145.375,33.4,244.6,1.92,0.18,96.685,-6.25,22.9
8,7.75,-4.2,15.775,39.2,-0.156,21.4,62.875,136.925,227.9,53,411.625,2.1625,0.22,96.7125,-1.75,22.925
8,8.25,-6,34.1,52.45,-0.18,22.425,59.425,184.775,323.225,72.8,610.95,2.35,0.23,96.7125,3.3,23.025
8,8.75,-7.425,53.65,66.7,-0.216,23.425,55.875,214.65,375.75,81.875,679.725,2.47,0.24,96.69,9.275,23.3
8,9.25,-8.075,66.975,77,-0.21,24.35,52.8,253.725,399.975,82.975,764.5,2.38,0.25,96.695,13.95,23.625
8,9.75,-8.6,76.9,72.425,-0.21,24.7,50.3,306.35,482.625,95.2,918.5,2.44,0.26,96.7025,16.85,23.85
8,10.25,-9.4,89.85,80.9,-0.204,25.325,47.5,363,540.3,109.45,1025.6,2.4,0.25,96.7,21.925,24.225
8,10.75,-9.7,89.25,96.175,-0.189,25.7,44.65,344.525,561.175,111.5,1071.9,2.29,0.24,96.6825,29.7,24.525
8,11.25,-9.95,99.125,106.05,-0.189,26.325,40.5,392.35,652.425,122.9,1207.425,2.25,0.2325,96.6825,31.675,24.75
8,11.75,-10.35,115.1,121.875,-0.204,26.475,38.4,505.925,733.375,141.375,1404.225,2.05,0.24,96.6525,37.675,25.225
8,12.25,-9.8,123,122.6,-0.216,27.65,36.65,480.85,740.1,137.1,1382.5,2.27,0.24,96.6325,41.075,25.475
8,12.75,-9.8,117.7,121.425,-0.216,27.8,35.1,503.325,745.025,139.25,1401.425,2.0775,0.23,96.61,40.825,25.85
8,13.25,-9.85,111.65,119.25,-0.225,28.45,33.325,511.225,787.125,150.375,1522.8,1.9875,0.2125,96.6,40.95,26.2
8,13.75,-10.1,106.075,116.1,-0.216,28.4,32.15,493.375,740.625,141.9,1368.425,2.18,0.24,96.575,38.375,26.525
8,14.25,-9.05,96.4,118.95,-0.225,28.55,31.35,437.125,658.575,127.125,1261.325,2.28,0.23,96.5725,33.2,26.8
8,14.75,-8.625,80.05,105.475,-0.234,28.4,30.8,413.325,604.925,117.15,1169.9,2.29,0.24,96.55,28.425,26.9
8,15.25,-7.8,62.725,88.35,-0.231,28.6,31.1,345.3,527.9,105.5,1029.5,2.2,0.23,96.54,24.2,27
8,15.75,-7.5,45.625,88.95,-0.219,28.875,30.9,341.65,526.45,108.375,1010.175,2.18,0.2275,96.52,17.5,27.1
8,16.25,-6.1,33.5,78.175,-0.207,29,31.2,278.9,438.4,92.825,835.475,2.37,0.23,96.5,12.95,27.025
8,16.75,-4.7,14.85,68.975,-0.228,29.1,31.95,196.3,339.25,71.7,635.15,2.35,0.2275,96.4725,6.575,26.95
8,17.25,-3.5,2.8,50.625,-0.204,29.1,34.225,137.35,259.725,60.05,473.325,2.33,0.2425,96.46,1.05,26.9
8,17.75,-1.8,-16.375,38,-0.168,28.525,35.625,72.025,178.25,43.4,299.275,2.25,0.22,96.46,-4.075,26.8
8,18.25,-0.5,-24.3,23.6,-0.144,27.45,40.4,25.25,89,21.9,147.2,1.9225,0.17,96.45,-7.7,26.6
8,18.75,0.5,-32.15,9.525,-0.12,26.25,45.55,-12.15,34.9,8.85,61.35,1.6175,0.14,96.455,-11.2,26.4
8,19.25,1.025,-36.9,3.35,-0.099,25.15,51.5,-34.65,3.6,0.6,6.8,1.47,0.1075,96.46,-14.45,26.2
8,19.75,1.375,-38.05,2.35,-0.075,24,55.65,-38.2,0,0,0,1.46,0.09,96.485,-17.2,25.9
8,20.25,1.525,-33.7,2.325,-0.084,23.35,58.3,-37.4,0,0,0,1.505,0.095,96.505,-18.45,25.65
8,20.75,1.15,-36.8,1.6,-0.078,22.6,60.1,-36.15,0,0,0,1.625,0.1,96.54,-18,25.45
8,21.25,1.8,-39.325,2.6,-0.096,22.2,59.75,-35.4,0,0,0,1.6775,0.12,96.565,-18.05,25.3
8,21.75,1.875,-38.125,2.45,-0.084,21.85,62.7,-37.05,0,0,0,1.61,0.12,96.58,-17.65,25.1
8,22.25,1.9,-37.35,1.9,-0.084,21.2,65.4,-36.8,0,0,0,1.63,0.13,96.605,-17.25,24.9
8,22.75,1.6,-37.15,1.1,-0.096,21.05,63.55,-35.8,0,0,0,1.54,0.12,96.62,-17.3,24.7
8,23.25,1.925,-35.375,0.05,-0.084,20.7,67.1,-35.5,0,0,0,1.54,0.12,96.635,-18,24.45
8,23.75,1.6,-33.75,0.1,-0.09,20.65,66.9,-35,0,0,0,1.47,0.11,96.64,-17.45,24.3
9,0.25,2,-28.5,1.575,-0.084,15.2,72.3,-47.175,0,0,0,1.48,0.09,96.645,-26.3,20.1
9,0.75,2.2,-29.325,1.7,-0.084,15.525,72.975,-45.75,0,0,0,1.565,0.12,96.64,-25.7,20
9,1.25,1.9,-28.35,0.875,-0.084,15.075,73.875,-45.075,0,0,0,1.435,0.11,96.63,-25.7,19.9
9,1.75,1.8,-28.775,0.5,-0.072,14.675,75.4,-45.35,0,0,0,1.41,0.0925,96.635,-26.275,19.775
9,2.25,2.05,-27.75,0.3,-0.084,14.6,76.425,-44.825,0,0,0,1.495,0.11,96.6175,-25.025,19.675
9,2.75,1.6,-29.85,0.425,-0.084,14.575,76.4,-46.325,0,0,0,1.45,0.11,96.6075,-25.05,19.575
9,3.25,2,-28.65,0.1,-0.096,14.125,77.35,-46.425,0,0,0,1.485,0.0925,96.6,-24.5,19.475
9,3.75,2.1,-28.475,1.175,-0.108,13.975,77.625,-45.875,0,0,0,1.365,0.12,96.5975,-25.2,19.375
9,4.25,2.1,-28.4,0.6,-0.108,13.8,78.25,-44.75,0,0,0,1.385,0.12,96.595,-24.525,19.275
9,4.75,1.9,-27.875,0.1,-0.108,13.5,78.75,-44.55,0,0,0,1.41,0.1,96.6375,-25.125,19.2
9,5.25,1.825,-27.9,-0.1,-0.093,13.375,80.15,-44.25,0,0,0,1.435,0.12,96.65,-24.45,19.175
9,5.75,1.9,-26.85,-0.3,-0.117,13.375,80.55,-44.65,0,0,0,1.42,0.105,96.67,-24.775,19.1
9,6.25,1.625,-25.025,0.875,-0.108,13.375,81.175,-35.55,5.3,0.8,10.325,1.475,0.12,96.6775,-24.45,19.075
9,6.75,0.5,-20.75,8.15,-0.108,13.825,79.275,-5.7,35.8,7.2,63.225,1.49,0.13,96.6825,-23.2,19
9,7.25,-1.3,-6.65,22.775,-0.132,15.05,75.75,34.85,90.325,19.6,149.175,1.805,0.17,96.705,-18.1,19.05
9,7.75,-3.3,9.4,40.8,-0.168,16.7,68.875,76.55,154.3,32.8,269,2.095,0.2,96.7175,-11.25,19.05
9,8.25,-4.925,27.6,56.225,-0.204,17.4,63.05,115.525,225.45,46.6,403.325,2.285,0.23,96.71,-5.45,19.15
9,8.75,-5.4,45.775,71.55,-0.228,18.65,58.35,168.85,322.8,61.7,513.6,2.5125,0.25,96.725,0.95,19.35
9,9.25,-6.15,67.4,88.45,-0.252,19.3,53.625,218.425,454.575,94.4,796.45,2.5575,0.265,96.7325,4.85,19.5
9,9.75,-6.8,88.55,101.1,-0.252,20.05,49.8,265.65,490.5,90.9,855.8,2.54,0.27,96.735,12.9,19.9
9,10.25,-7.225,102.125,115.8,-0.258,20.575,47.2,322.1,593.625,110.5,1061.725,2.4875,0.27,96.7425,20.225,20.275
9,10.75,-7.5,129.025,125.75,-0.264,21.25,44.525,380.65,698.225,131.9,1292.875,2.3875,0.27,96.725,28.3,20.6
9,11.25,-6.95,116.65,133.8,-0.264,21.675,41.9,383.65,679.8,126.35,1225.4,2.3,0.27,96.7,33.475,21.1
9,11.75,-7.325,131.25,146,-0.261,22.275,39.175,410.975,778.95,139.975,1357.8,2.1175,0.26,96.67,36.775,21.4
9,12.25,-6.95,123.75,151.3,-0.261,22.475,38.425,426.475,740.15,134.55,1304.275,2.215,0.2425,96.6375,39.55,21.875
9,12.75,-6.85,126.05,147.2,-0.276,23.05,36.975,405.425,668.4,125.275,1234.3,2.145,0.2375,96.6375,38.85,22.2
9,13.25,-6.6,117.85,146.5,-0.288,23.575,35.8,409.775,656.4,121.9,1207.65,2.215,0.24,96.62,38.5,22.5
9,13.75,-6.5,109.725,141,-0.258,24,35.325,377.7,643.6,119,1185.8,2.1575,0.26,96.58,32.95,22.875
9,14.25,-6,95.725,133.2,-0.252,24.05,34.6,345.3,571.95,113.6,1090.95,2.32,0.26,96.525,30.45,23.05
9,14.75,-5.8,82.225,122.95,-0.276,24.25,34.25,298.25,533.95,100.9,964,2.345,0.25,96.505,23.825,23.2
9,15.25,-4.875,60.675,109.175,-0.24,24.275,34.125,245.85,463.9,94,812.55,2.31,0.25,96.51,16.35,23.275
9,15.75,-4.4,41.85,102.1,-0.255,24.35,34,196.25,375.075,81.6,675.125,2.12,0.24,96.48,10.225,23.2
9,16.25,-3.8,18.075,80.5,-0.228,24,34.575,143.5,286.375,61.3,522.225,2.31,0.25,96.445,4.4,23.2
9,16.75,-2.825,5.5,67.575,-0.204,23.6,34.95,94.95,227.95,54.7,404.425,2.3075,0.24,96.4475,-0.9,23.1
9,17.25,-1.5,-19.075,44.625,-0.168,23.175,36.775,37.325,148.875,40.625,258.95,2.1675,0.2,96.465,-7.275,22.875
9,17.75,-0.1,-30.225,27.4,-0.156,22.25,41.9,-7.85,69.85,19.175,111.6,1.635,0.15,96.475,-12.075,22.7
9,18.25,0.9,-31.45,8.725,-0.132,20.5,47.775,-43.475,12.8,3.425,24.65,1.3225,0.09,96.505,-17.8,22.5
9,18.75,1.3,-35,3.7,-0.108,19.4,53.4,-52.8,0.2,0,0,1.44,0.075,96.51,-22.85,22.375
9,19.25,1.8,-35.8,1.8,-0.108,18.9,57.8,-54.325,0,0,0,1.4275,0.08,96.53,-24.925,21.875
9,19.75,2,-35.9,2.5,-0.099,17.95,60.45,-51.75,0,0,0,1.4275,0.08,96.56,-27.225,21.5
9,20.25,1.9,-38.7,3,-0.108,17.575,62.9,-51.325,0,0,0,1.5625,0.09,96.59,-27.45,21.375
9,20.75,2.05,-36.175,2.8,-0.108,17.1,64.3,-51.35,0,0,0,1.495,0.09,96.605,-27.675,21.175
9,21.25,2.1,-38.125,3.2,-0.108,16.6,65.425,-50.95,0,0,0,1.625,0.1075,96.615,-26.375,21
9,21.75,2,-37.75,2.4,-0.108,16.2,67.65,-49.8,0,0,0,1.53,0.085,96.635,-26.8,20.8
9,22.25,1.875,-38.3,2.75,-0.096,15.95,69.275,-48.875,0,0,0,1.585,0.1025,96.64,-26.65,20.6
9,22.75,2.075,-38.7,2.75,-0.096,15.8,69.925,-49.325,0,0,0,1.7,0.11,96.64,-26.45,20.4
9,23.25,2.05,-35.9,2.5,-0.096,15.7,70.45,-49.125,0,0,0,1.68,0.12,96.64,-26.575,20.275
9,23.75,2.1,-31.525,2,-0.084,15.475,72.275,-47.55,0,0,0,1.63,0.11,96.635,-25.775,20.175
10,0.25,1,-32.65,0.2,-0.096,6.95,69.15,-52.9,0,0,0,1.2875,0.1,96.625,-31,13.65
10,0.75,1,-29.975,0.5,-0.084,6.45,71.05,-52.2,0,0,0,1.3325,0.1,96.605,-29,13.5
10,1.25,1,-27.15,-0.35,-0.096,6.4,72.95,-52.05,0,0,0,1.1325,0.1,96.595,-31.45,13.4
10,1.75,0.8,-26.625,-0.275,-0.102,6.1,73.25,-51.35,0,0,0,1.125,0.09,96.58,-31.3,13.25
10,2.25,0.8,-26.175,-0.3,-0.102,5.85,72.55,-51.35,0,0,0,1.39,0.11,96.59,-31.65,13.15
10,2.75,0.8,-29.125,0,-0.132,5.45,72.8,-50.35,0,0,0,1.295,0.105,96.575,-30.6,13.05
10,3.25,0.425,-25.6,-0.95,-0.129,5.5,73.9,-48.25,0,0,0,1.2825,0.1025,96.56,-30.75,12.95
10,3.75,0.775,-25.7,-0.5,-0.132,5.35,73.55,-50.05,0,0,0,1.3925,0.11,96.55,-29.55,12.9
10,4.25,0.7,-26.05,-1,-0.096,5.3,74.45,-47.95,0,0,0,1.17,0.1,96.595,-28.9,12.75
10,4.75,0.6,-25,-0.9,-0.132,5.2,76.95,-48.25,0,0,0,1.3225,0.09,96.585,-28.85,12.65
10,5.25,0.8,-24.875,-0.8,-0.117,5.15,76.95,-49.5,0,0,0,1.31,0.1,96.595,-30.1,12.6
10,5.75,0.65,-24.7,-0.8,-0.144,5.3,77.35,-49.95,0,0,0,1.2825,0.1,96.595,-29.55,12.6
10,6.25,0.9,-26.3,-0.675,-0.114,5.4,76.25,-48.75,0.05,0,0,1.29,0.1,96.6,-30.55,12.55
10,6.75,0.4,-21.45,0.9,-0.108,5.25,75.85,-36.05,7.7,1.35,11.2,1.2625,0.11,96.61,-29.8,12.5
10,7.25,-0.1,-12.375,9.55,-0.123,5.75,76.1,-2.3,34.1,6.2,51.65,1.1925,0.1375,96.64,-26,12.5
10,7.75,-1.075,1.55,20.9,-0.132,7.45,71.55,30.05,78,13.6,105.9,1.5175,0.16,96.675,-20.55,12.55
10,8.25,-1.725,9.525,36.3,-0.168,8.45,65.45,66.65,112.45,22.35,173.05,1.7325,0.19,96.675,-14.05,12.65
10,8.75,-2.775,27.5,44.85,-0.213,9.65,59.85,104.75,178.85,35.45,276.25,1.95,0.2,96.685,-8.05,12.8
10,9.25,-3,40.2,51.9,-0.252,10.35,54.1,136.3,219.05,40.45,363.05,2.2825,0.23,96.69,-2.75,13
10,9.75,-3.5,57.3,59.625,-0.264,11.15,48.75,167.1,266.9,54.15,389.7,2.4375,0.23,96.7,3.05,13.35
10,10.25,-3.8,65.25,57.1,-0.273,12.15,45.35,198.7,298.4,56.5,528.3,2.59,0.26,96.685,8.2,13.6
10,10.75,-4.4,90,62,-0.282,13,42.35,245.8,365.9,71.05,645.8,2.49,0.24,96.675,12.35,13.65
10,11.25,-3.7,90.875,63.175,-0.267,13.55,39.2,269.5,382.3,68.3,631.45,2.565,0.26,96.65,18,13.85
10,11.75,-3.8,102.475,71.825,-0.267,14.3,37,266.85,427.25,79.85,699.9,2.4225,0.27,96.645,24.5,14.05
10,12.25,-3.9,113.95,67.4,-0.282,15.2,35.15,305.35,442.575,79.225,719.55,2.59,0.2775,96.6025,26,14.45
10,12.75,-3.425,104,67.05,-0.291,15.55,33.35,280.1,405.95,77.7,695.225,2.36,0.2675,96.575,31.075,14.825
10,13.25,-3.225,108.775,69.575,-0.276,16.15,32.525,295.8,453.8,80.825,730.7,2.4625,0.25,96.545,27.325,15.225
10,13.75,-3.35,81.1,65.95,-0.288,16.45,31.325,236.05,359.5,65.825,562.5,2.7225,0.26,96.5325,21.675,15.525
10,14.25,-3.3,90.4,62.1,-0.288,16.5,31.9,239.85,379.5,72.05,557.6,2.73,0.27,96.515,18.9,15.6
10,14.75,-3.2,56.575,49.85,-0.228,16.35,30.65,160.7,268.75,55.7,468.2,2.6025,0.28,96.51,14.25,15.75
10,15.25,-2.5,26.2,48.1,-0.243,16.5,30.3,144.55,235.65,45.25,373.65,2.66,0.28,96.505,8.8,15.8
10,15.75,-2.2,22.475,41.025,-0.24,16.55,30.875,114.575,216.75,44.15,351.775,2.855,0.27,96.515,1.1,15.95
10,16.25,-1.8,4.2,30.9,-0.234,16.3,32.675,52.975,129.575,26.15,183.475,2.7,0.255,96.52,-5.625,15.85
10,16.75,-0.6,-12.625,21.8,-0.204,15.8,34.9,16.075,93.825,22.275,129.6,2.4225,0.2375,96.52,-9.5,15.725
10,17.25,0,-30.2,10.35,-0.168,14.325,37.95,-31.2,36.875,7.9,56.75,1.68,0.15,96.5425,-14.775,15.625
10,17.75,0.6,-29.7,2.8,-0.096,12.7,44.825,-55.075,3.7,0.625,6.35,1.32,0.07,96.55,-19.825,15.525
10,18.25,0.7,-26.3,0.95,-0.084,11.375,52.425,-59.075,0,0,0,1.23,0.0775,96.56,-24.55,15
10,18.75,0.775,-27,0.825,-0.06,10.6,55.325,-59.275,0,0,0,1.49,0.08,96.58,-28.95,14.75
10,19.25,0.65,-29.9,1,-0.081,9.875,58.85,-57.9,0,0,0,1.44,0.0825,96.585,-29.5,14.625
10,19.75,0.8,-25.7,1.1,-0.084,9.525,60.85,-56.825,0,0,0,1.38,0.09,96.5975,-29.525,14.425
10,20.25,1.1,-33.7,0.7,-0.096,9.125,61.3,-57.25,0,0,0,1.48,0.1025,96.625,-29.275,14.325
10,20.75,1.1,-34.9,0.375,-0.12,8.8,63.575,-57.3,0,0,0,1.49,0.1,96.6525,-29.5,14.225
10,21.25,0.8,-32.2,0.1,-0.108,8.55,64.4,-56.95,0,0,0,1.27,0.1,96.66,-29.975,14.025
10,21.75,0.975,-35.3,0.55,-0.108,8.3,64.8,-56.1,0,0,0,1.39,0.11,96.67,-29.3,13.925
10,22.25,1,-33.2,1.1,-0.117,7.875,65.9,-55.85,0,0,0,1.25,0.1125,96.655,-30.175,13.775
10,22.75,0.9,-34.1,0.3,-0.105,7.925,66.575,-56.05,0,0,0,1.18,0.1025,96.655,-29.675,13.575
10,23.25,0.9,-35.5,0.3,-0.12,7.5,65.975,-54.075,0,0,0,1.18,0.1,96.6325,-29.35,13.475
10,23.75,1,-32.4,-0.2,-0.096,7.125,66.7,-53.8,0,0,0,1.17,0.09,96.615,-30.275,13.35
11,0.25,0.25,-28.65,0.05,-0.144,2.825,67.6,-48.15,0,0,0,1.435,0.1275,96.345,-26.375,8.65
11,0.75,0.25,-29.1,-0.05,-0.132,2.625,68.1,-48.775,0,0,0,1.26,0.13,96.34,-26.6,8.625
11,1.25,0.2,-26.175,-0.2,-0.132,2.4,68.45,-49.25,0,0,0,1.235,0.13,96.36,-26.625,8.6
11,1.75,0.2,-27.3,-0.2,-0.147,2.225,68.225,-49.8,0,0,0,1.4025,0.14,96.37,-27.025,8.525
11,2.25,0.2,-26.65,0.1,-0.165,1.975,67.7,-49.175,0,0,0,1.215,0.1225,96.3675,-26.425,8.525
11,2.75,0.2,-26.35,-0.2,-0.144,1.975,67.825,-48.8,0,0,0,1.1825,0.135,96.38,-25.85,8.5
11,3.25,0.3,-25.05,-0.5,-0.147,1.65,68.075,-47.425,0,0,0,1.125,0.1075,96.3275,-25.875,8.5
11,3.75,0.25,-23.7,-0.3,-0.144,1.625,71.9,-47.8,0,0,0,1.215,0.12,96.35,-25.125,8.5
11,4.25,0.2,-23.75,-0.6,-0.156,1.5,68.95,-47.95,0,0,0,1.225,0.1275,96.3075,-23.575,8.4
11,4.75,0.2,-27.275,-0.7,-0.153,1.45,71.35,-48.15,0,0,0,1.285,0.11,96.2775,-23.875,8.4
11,5.25,0.2,-24.6,-0.8,-0.171,1.15,73.65,-47.375,0,0,0,1.16,0.12,96.3025,-24.65,8.325
11,5.75,0.2,-26.6,0.05,-0.168,1.2,73.65,-48.475,0,0,0,1.2575,0.1375,96.3125,-26.725,8.3
11,6.25,0.2,-27.15,-0.5,-0.156,0.975,74.4,-47.425,0,0,0,1.235,0.1,96.3575,-26.275,8.2
11,6.75,0.225,-25.4,-0.6,-0.159,0.625,73.9,-48.25,0.1,0,0,1.455,0.1575,96.395,-25.65,8.2
11,7.25,0.3,-23.55,-0.1,-0.186,0.55,72.225,-34.2,5.325,0.9,9.625,1.235,0.14,96.405,-25.775,8.125
11,7.75,0.125,-12.15,3.6,-0.18,0.875,69.725,-6.125,25.425,4.15,47.175,1.575,0.14,96.4025,-22.025,8.025
11,8.25,-0.1,0.125,11.65,-0.225,1.7,67.425,25.225,48.95,8.625,76.7,1.8225,0.1425,96.3975,-17.5,8.025
11,8.75,-0.1,12.1,15.7,-0.252,3.375,63.325,48.825,84.675,14.65,145.25,2.145,0.22,96.4275,-11.475,8.1
11,9.25,-0.225,22.975,18.275,-0.276,5.2,57.8,72.8,113.8,20.6,200.9,2.4875,0.23,96.45,-7.3,8.2
11,9.75,-0.3,40.275,22.25,-0.324,6.125,53.05,91.05,139.925,24.75,247.325,2.7025,0.25,96.4525,-2.65,8.3
11,10.25,-0.5,56.35,28.075,-0.294,7.025,46.7,125.225,198.8,37.15,353.9,2.7425,0.27,96.4725,2.1,8.4
11,10.75,-0.5,77.675,27.1,-0.276,7.35,45.825,158.6,247.075,46.95,461.7,2.855,0.28,96.4725,5.4,8.525
11,11.25,-0.4,77.6,26.5,-0.3,7.8,42,159.05,255.825,44.775,462.85,2.9375,0.27,96.465,7.525,8.825
11,11.75,-0.4,80,28.8,-0.324,8.4,39.025,171.475,280.575,52.675,468.425,3.1125,0.3,96.415,6.525,9.125
11,12.25,-0.6,83.425,27.85,-0.339,8.6,37.925,166.05,266.75,49.975,496.125,2.905,0.27,96.365,9.125,9.425
11,12.75,-0.4,81.8,27.4,-0.336,8.6,36.975,173.6,279.85,52.15,503.625,2.9,0.2925,96.3325,9,9.525
11,13.25,-0.325,78.675,28.5,-0.315,8.8,35.35,153.5,263.375,49.35,477.925,2.97,0.2875,96.3025,10.85,9.8
11,13.75,-0.3,74.35,25.775,-0.336,9.1,34.725,146.7,248.025,45.275,432.35,3.1125,0.3,96.275,9.1,9.925
11,14.25,-0.2,58.8,25.2,-0.3,9.2,33.425,135.225,216.075,40.15,399.375,3.1325,0.3,96.245,7.7,10.025
11,14.75,-0.2,42.25,20.5,-0.288,9.325,33.15,107.125,199.65,36.8,333.8,3.2625,0.3,96.2375,5.425,10.1
11,15.25,0,33.25,18,-0.303,9.175,33.5,73.575,156.65,28.725,261.025,3.1975,0.32,96.2425,1.75,10.125
11,15.75,0.1,16.075,13,-0.294,9.325,33.8,40.625,96.3,16.425,161.175,3.145,0.33,96.2525,-3.4,10.125
11,16.25,0.1,-8.35,7.9,-0.24,9.125,35.35,5.775,54.225,9.2,77.825,3.02,0.29,96.2875,-8.425,10.1
11,16.75,0.3,-26.35,4.3,-0.168,8.65,38.175,-40.5,24.625,4.325,41.25,2.19,0.2,96.2975,-11.9,10.025
11,17.25,0.2,-31.8,0.225,-0.156,7.9,42.85,-58.05,3.725,0.525,6.5,1.715,0.12,96.3175,-17.075,9.95
11,17.75,0.3,-25.475,-0.025,-0.132,6.85,50.025,-56.625,0,0,0,1.3175,0.1,96.325,-21.975,9.825
11,18.25,0.3,-26.125,-0.2,-0.129,5.925,53.9,-54.075,0,0,0,1.4375,0.1,96.3675,-24.075,9.7
11,18.75,0.3,-30.35,-0.3,-0.12,5.325,54.45,-52.55,0,0,0,1.38,0.1,96.4175,-25.475,9.525
11,19.25,0.3,-31.25,-0.125,-0.129,4.9,55.95,-53.375,0,0,0,1.4775,0.0925,96.4175,-26.875,9.4
11,19.75,0.2,-29.2,-0.15,-0.144,4.575,57.6,-52.875,0,0,0,1.46,0.12,96.4425,-26.175,9.225
11,20.25,0.3,-30.075,0.8,-0.141,4.425,59.075,-53.9,0,0,0,1.3925,0.1325,96.45,-26.975,9.025
11,20.75,0.3,-30.2,-0.025,-0.132,4,60.45,-53.5,0,0,0,1.3525,0.11,96.45,-26.1,8.9
11,21.25,0.3,-31.575,0.1,-0.144,3.825,62.625,-51.275,0,0,0,1.295,0.115,96.455,-26.35,8.825
11,21.75,0.3,-30.975,-0.1,-0.156,3.55,63.525,-51.75,0,0,0,1.5325,0.13,96.46,-27.875,8.8
11,22.25,0.3,-30.325,0.1,-0.135,3.075,65.125,-51.125,0,0,0,1.405,0.135,96.4575,-27.175,8.7
11,22.75,0.3,-32.625,0,-0.132,2.7,67.025,-49.975,0,0,0,1.15,0.11,96.44,-26.8,8.625
11,23.25,0.2,-29.25,-0.425,-0.144,2.85,68.075,-50.15,0,0,0,1.175,0.13,96.405,-26.95,8.5
11,23.75,0.3,-30.3,-0.2,-0.132,2.3,68,-49.25,0,0,0,1.385,0.13,96.375,-26.175,8.4
12,0.25,-0.1,-37.6,-0.6,-0.18,-3.3,64.1,-54.3,0,0,0,1.45,0.15,96.57,-23.4,3.6
12,0.75,-0.1,-35.25,-0.425,-0.174,-3.6,64.8,-54.1,0,0,0,1.52,0.14,96.55,-24,3.5
12,1.25,-0.1,-34.6,-0.7,-0.156,-3.8,64.2,-54.4,0,0,0,1.44,0.1325,96.53,-24.1,3.5
12,1.75,-0.1,-35,-0.3,-0.159,-3.7,66.9,-52.3,0,0,0,1.57,0.1475,96.51,-24,3.4
12,2.25,-0.1,-34.2,-0.55,-0.171,-4,67,-53.5,0,0,0,1.64,0.14,96.54,-24.2,3.4
12,2.75,-0.1,-32.375,-0.4,-0.168,-4,66.2,-52.8,0,0,0,1.42,0.12,96.53,-23.9,3.4
12,3.25,-0.1,-32.525,-0.45,-0.168,-3.9,64.6,-54.2,0,0,0,1.47,0.14,96.54,-23.7,3.4
12,3.75,-0.1,-31.675,-1.3,-0.18,-4,65.2,-53,0,0,0,1.6,0.13,96.54,-24.2,3.4
12,4.25,-0.1,-32.25,-0.7,-0.156,-4.1,66.4,-53.2,0,0,0,1.65,0.14,96.54,-24.5,3.3
12,4.75,-0.1,-32.05,-0.925,-0.147,-4.2,66.8,-53.3,0,0,0,1.55,0.1375,96.55,-22.7,3.3
12,5.25,0,-32,-1.4,-0.147,-4.1,67.9,-55.1,0,0,0,1.5,0.1275,96.54,-23.5,3.3
12,5.75,-0.1,-31.15,-1.35,-0.156,-4.7,68.4,-53.5,0,0,0,1.4,0.14,96.54,-23.4,3.3
12,6.25,-0.1,-32.175,-0.5,-0.156,-4.6,68.3,-53.7,0,0,0,1.36,0.1175,96.54,-24.1,3.2
12,6.75,-0.1,-32.75,-0.8,-0.156,-5,69.4,-53.2,0,0,0,1.42,0.14,96.57,-24.2,3.2
12,7.25,-0.1,-32.95,-0.3,-0.183,-4.7,70.5,-52,0.3,0,0,1.54,0.16,96.57,-23.9,3.2
12,7.75,0,-25.025,-0.3,-0.168,-4.7,70.5,-43,8.6,1.7,16.3,1.36,0.11,96.59,-23.8,3.1
12,8.25,-0.1,-13.65,2.7,-0.192,-3.9,68.9,-13.6,32,6.7,54.3,1.58,0.16,96.6,-22.4,3.1
12,8.75,-0.1,0.95,8.45,-0.228,-2.8,64.2,22.7,63.2,15,108.8,2.11,0.2075,96.62,-18.7,3.1
12,9.25,-0.3,7.65,10.9,-0.252,-1.9,58.8,45.5,101.9,26.5,185.7,2.24,0.2325,96.65,-15.4,3.1
12,9.75,-0.3,20.625,12.45,-0.264,-0.8,54.2,59.5,144.6,36.4,259.1,2.65,0.25,96.67,-12,3.1
12,10.25,-0.3,30.25,16.875,-0.288,0.2,51.6,77.9,173.5,42,329.2,2.82,0.26,96.66,-9.2,3.2
12,10.75,-0.3,42.6,16.2,-0.3,0.7,47.4,99.1,231,50.1,431.9,2.99,0.27,96.65,-7.5,3.3
12,11.25,-0.5,53.475,16.8,-0.315,1.2,43,126.8,259.9,60.2,471.4,3.06,0.2775,96.6,-5.5,3.4
12,11.75,-0.4,55.35,16,-0.336,1.2,38.6,137.2,294,66.1,541.9,2.87,0.29,96.55,-1.2,3.6
12,12.25,-0.4,44,14.875,-0.348,1.5,36.7,133.2,287.4,66.7,546.3,3.08,0.285,96.49,1.7,3.8
12,12.75,-0.475,51.8,16.025,-0.315,1.9,35.4,126.3,287.7,57.7,504.6,2.95,0.29,96.5,4.1,4
12,13.25,-0.4,48.4,14.05,-0.324,2.4,32.9,113.6,296.5,59.5,545.9,3.21,0.29,96.47,4,4.2
12,13.75,-0.3,44.7,15.25,-0.324,3.2,32.2,117.3,282.2,57.2,520.2,3.02,0.29,96.39,4,4.3
12,14.25,-0.4,35,14.5,-0.324,3.4,31.6,93.2,221.1,43.2,386.6,3.02,0.29,96.39,3.6,4.4
12,14.75,-0.3,24.65,12.7,-0.3,3.5,31.1,74.5,187.7,48.2,353.8,3.115,0.28,96.4,1.9,4.5
12,15.25,-0.2,19.4,11.2,-0.3,3.6,31.6,55.3,165.8,48.5,279.1,3.05,0.27,96.44,-0.9,4.5
12,15.75,-0.1,8.825,7.975,-0.252,3.4,31.3,29.7,108.7,23.1,188,2.91,0.26,96.44,-3.7,4.6
12,16.25,-0.1,-13.925,4.9,-0.204,3,32.5,-5.8,70.2,16.1,104.3,2.65,0.21,96.45,-7.2,4.5
12,16.75,-0.1,-27.125,1.4,-0.144,2,36.3,-52.6,25,5.8,42.6,1.87,0.15,96.46,-9.9,4.5
12,17.25,0,-31.8,-0.325,-0.114,0.9,40.6,-59.8,2.9,0.5,4,1.52,0.085,96.48,-17.5,4.3
12,17.75,0,-24.3,-0.4,-0.117,-0.2,43.9,-57.7,0,0,0,1.24,0.07,96.5,-22.7,4.3
12,18.25,0,-26.1,-0.575,-0.126,-0.4,46.2,-54.7,0,0,0,1.15,0.08,96.51,-25.1,4.3
12,18.75,-0.1,-26.6,-0.5,-0.144,-0.3,49.2,-54.4,0,0,0,1.3,0.1,96.53,-23.7,4.1
12,19.25,0,-28.3,-0.6,-0.144,-0.9,50.6,-52.9,0,0,0,1.23,0.075,96.55,-24.5,4.1
12,19.75,-0.1,-29.3,-0.1,-0.162,-1,52.3,-52.1,0,0,0,1.32,0.09,96.56,-24.5,4.1
12,20.25,-0.1,-34.15,-0.275,-0.177,-1.5,55.9,-53.1,0,0,0,1.44,0.12,96.56,-24.8,4
12,20.75,-0.1,-33.7,-0.25,-0.186,-1.6,57.1,-51.2,0,0,0,1.37,0.105,96.56,-24.4,3.9
12,21.25,-0.1,-31.875,-0.2,-0.204,-2,58.9,-51.9,0,0,0,1.3,0.13,96.55,-24.4,3.8
12,21.75,-0.1,-33.6,-0.425,-0.18,-2.2,60.5,-51,0,0,0,1.4,0.11,96.57,-24.1,3.7
12,22.25,-0.2,-34.8,-0.3,-0.192,-2.9,62.3,-51.3,0,0,0,1.16,0.12,96.59,-24.3,3.7
12,22.75,-0.175,-33.425,-0.5,-0.18,-3.3,62.1,-50.9,0,0,0,1.46,0.125,96.59,-23,3.7
12,23.25,-0.1,-36.8,-0.35,-0.168,-3.2,64.1,-50.7,0,0,0,1.6,0.13,96.59,-23.1,3.7
12,23.75,-0.2,-36.875,-0.1,-0.159,-3.3,63.7,-50.8,0,0,0,1.59,0.1275,96.59,-23.7,3.6
